design_id,feature_id,tier,max_activation,E_complex,E_target,E_binder,dE_interaction,n_interface_hbonds,iface_cutoff,n_atoms_minimized
pres_02KvWeOJHDhYGpqTK2ne,233,contact,8.498831748962402,-10791.009954734778,-7977.607607055409,-2624.531106879489,-188.87124079988047,14,5.0,1841
pres_02KvWeOJHDhYGpqTK2ne,1707,contact,0.9103696942329408,-10791.009954734778,-7977.607607055409,-2624.531106879489,-188.87124079988047,14,5.0,1841
pres_02KvWeOJHDhYGpqTK2ne,6073,contact,0.5460267066955566,-10791.009954734778,-7977.607607055409,-2624.531106879489,-188.87124079988047,14,5.0,1841
pres_02KvWeOJHDhYGpqTK2ne,11326,contact,4.730697154998779,-10791.009954734778,-7977.607607055409,-2624.531106879489,-188.87124079988047,14,5.0,1841
pres_02KvWeOJHDhYGpqTK2ne,14247,contact,12.195366859436035,-10791.009954734778,-7977.607607055409,-2624.531106879489,-188.87124079988047,14,5.0,1841
pres_0HQ6a69qw3Yiw3LRMZsu,233,contact,4.481630325317383,-12386.735666611148,-7932.803810799289,-4408.332005707375,-45.599850104484176,4,5.0,1852
pres_0HQ6a69qw3Yiw3LRMZsu,1707,contact,1.897524356842041,-12386.735666611148,-7932.803810799289,-4408.332005707375,-45.599850104484176,4,5.0,1852
pres_0HQ6a69qw3Yiw3LRMZsu,11326,contact,4.332958698272705,-12386.735666611148,-7932.803810799289,-4408.332005707375,-45.599850104484176,4,5.0,1852
pres_0HQ6a69qw3Yiw3LRMZsu,14247,contact,12.078573226928713,-12386.735666611148,-7932.803810799289,-4408.332005707375,-45.599850104484176,4,5.0,1852
pres_0Mt7PneexNNEEa4fs3yk,233,contact,10.967891693115234,-10403.526434083837,-7955.80372496485,-2211.4869564150854,-236.23575270390077,14,5.0,1605
pres_0Mt7PneexNNEEa4fs3yk,1707,contact,1.1893458366394043,-10403.526434083837,-7955.80372496485,-2211.4869564150854,-236.23575270390077,14,5.0,1605
pres_0Mt7PneexNNEEa4fs3yk,10586,shell,0.579391360282898,-10403.526434083837,-7955.80372496485,-2211.4869564150854,-236.23575270390077,14,5.0,1605
pres_0Mt7PneexNNEEa4fs3yk,11326,contact,4.379149913787842,-10403.526434083837,-7955.80372496485,-2211.4869564150854,-236.23575270390077,14,5.0,1605
pres_0Mt7PneexNNEEa4fs3yk,14247,contact,13.608576774597168,-10403.526434083837,-7955.80372496485,-2211.4869564150854,-236.23575270390077,14,5.0,1605
pres_0UxrpTzdQZKuvBSRqJtG,233,contact,7.428853034973144,-10625.519516610526,-7975.437192406435,-2421.2915275044447,-228.79079669964585,12,5.0,1929
pres_0UxrpTzdQZKuvBSRqJtG,1707,contact,1.2774200439453125,-10625.519516610526,-7975.437192406435,-2421.2915275044447,-228.79079669964585,12,5.0,1929
pres_0UxrpTzdQZKuvBSRqJtG,6073,contact,0.4359540939331054,-10625.519516610526,-7975.437192406435,-2421.2915275044447,-228.79079669964585,12,5.0,1929
pres_0UxrpTzdQZKuvBSRqJtG,11326,contact,4.1950201988220215,-10625.519516610526,-7975.437192406435,-2421.2915275044447,-228.79079669964585,12,5.0,1929
pres_0UxrpTzdQZKuvBSRqJtG,14247,contact,12.616296768188477,-10625.519516610526,-7975.437192406435,-2421.2915275044447,-228.79079669964585,12,5.0,1929
pres_0WGAwXsUviC7mwNvtIpO,233,contact,6.316869735717773,-11366.800123804567,-7967.994743466283,-3190.51885221405,-208.28652812423616,10,5.0,2043
pres_0WGAwXsUviC7mwNvtIpO,1707,contact,0.9784449934959412,-11366.800123804567,-7967.994743466283,-3190.51885221405,-208.28652812423616,10,5.0,2043
pres_0WGAwXsUviC7mwNvtIpO,6073,contact,0.6581122875213623,-11366.800123804567,-7967.994743466283,-3190.51885221405,-208.28652812423616,10,5.0,2043
pres_0WGAwXsUviC7mwNvtIpO,11326,contact,5.294653415679932,-11366.800123804567,-7967.994743466283,-3190.51885221405,-208.28652812423616,10,5.0,2043
pres_0WGAwXsUviC7mwNvtIpO,14247,contact,13.509129524230955,-11366.800123804567,-7967.994743466283,-3190.51885221405,-208.28652812423616,10,5.0,2043
pres_0eZZ1X1zZ2gaCx1LtT7N,233,contact,5.070654392242432,-14781.73186092174,-7927.859162191621,-6686.980627172882,-166.8920715572367,13,5.0,2851
pres_0eZZ1X1zZ2gaCx1LtT7N,1707,contact,3.849725008010864,-14781.73186092174,-7927.859162191621,-6686.980627172882,-166.8920715572367,13,5.0,2851
pres_0eZZ1X1zZ2gaCx1LtT7N,11326,contact,5.968795299530029,-14781.73186092174,-7927.859162191621,-6686.980627172882,-166.8920715572367,13,5.0,2851
pres_0eZZ1X1zZ2gaCx1LtT7N,14247,contact,12.26450538635254,-14781.73186092174,-7927.859162191621,-6686.980627172882,-166.8920715572367,13,5.0,2851
pres_0f8UrVoqsDXiRRWPme9j,233,contact,6.407491207122803,-11894.157742750764,-7970.662023609062,-3836.837065322749,-86.65865381895401,10,5.0,1732
pres_0f8UrVoqsDXiRRWPme9j,1707,contact,1.1424956321716309,-11894.157742750764,-7970.662023609062,-3836.837065322749,-86.65865381895401,10,5.0,1732
pres_0f8UrVoqsDXiRRWPme9j,11326,contact,3.5595524311065674,-11894.157742750764,-7970.662023609062,-3836.837065322749,-86.65865381895401,10,5.0,1732
pres_0f8UrVoqsDXiRRWPme9j,12918,shell,0.5209342241287231,-11894.157742750764,-7970.662023609062,-3836.837065322749,-86.65865381895401,10,5.0,1732
pres_0f8UrVoqsDXiRRWPme9j,14247,contact,10.412121772766112,-11894.157742750764,-7970.662023609062,-3836.837065322749,-86.65865381895401,10,5.0,1732
pres_0k5dGJhWkkW8l70Hpt5U,1707,contact,1.1326348781585691,-13823.077099511016,-7971.710337927367,-5578.325129636803,-273.0416319468468,25,5.0,3106
pres_0k5dGJhWkkW8l70Hpt5U,4657,contact,0.6169767379760742,-13823.077099511016,-7971.710337927367,-5578.325129636803,-273.0416319468468,25,5.0,3106
pres_0k5dGJhWkkW8l70Hpt5U,11326,contact,5.524457931518555,-13823.077099511016,-7971.710337927367,-5578.325129636803,-273.0416319468468,25,5.0,3106
pres_0k5dGJhWkkW8l70Hpt5U,14247,contact,8.728293418884277,-13823.077099511016,-7971.710337927367,-5578.325129636803,-273.0416319468468,25,5.0,3106
pres_0kcCs6J7pJ6eH4fGPiA9,233,contact,5.531852722167969,-13670.14599465513,-7987.959827496552,-5577.4941344179215,-104.69203274065605,7,5.0,2482
pres_0kcCs6J7pJ6eH4fGPiA9,1707,contact,1.6241774559020996,-13670.14599465513,-7987.959827496552,-5577.4941344179215,-104.69203274065605,7,5.0,2482
pres_0kcCs6J7pJ6eH4fGPiA9,11326,contact,4.78609561920166,-13670.14599465513,-7987.959827496552,-5577.4941344179215,-104.69203274065605,7,5.0,2482
pres_0kcCs6J7pJ6eH4fGPiA9,14247,contact,13.251230239868164,-13670.14599465513,-7987.959827496552,-5577.4941344179215,-104.69203274065605,7,5.0,2482
pres_0wgHOiGXx6kg81Dl9LmI,233,contact,6.924712657928467,-13038.235026610851,-7961.100868352869,-4947.597953787716,-129.5362044702688,8,5.0,2490
pres_0wgHOiGXx6kg81Dl9LmI,1707,contact,1.1646804809570312,-13038.235026610851,-7961.100868352869,-4947.597953787716,-129.5362044702688,8,5.0,2490
pres_0wgHOiGXx6kg81Dl9LmI,11326,contact,3.223195791244507,-13038.235026610851,-7961.100868352869,-4947.597953787716,-129.5362044702688,8,5.0,2490
pres_0wgHOiGXx6kg81Dl9LmI,14247,contact,13.543999671936035,-13038.235026610851,-7961.100868352869,-4947.597953787716,-129.5362044702688,8,5.0,2490
pres_11ui4HRPJQz5PXxj4MN0,233,contact,8.502605438232422,-11353.40672973538,-7954.140069766936,-3184.220968594388,-215.04569137405724,10,5.0,1935
pres_11ui4HRPJQz5PXxj4MN0,1707,contact,1.1985011100769043,-11353.40672973538,-7954.140069766936,-3184.220968594388,-215.04569137405724,10,5.0,1935
pres_11ui4HRPJQz5PXxj4MN0,11326,contact,3.5596089363098145,-11353.40672973538,-7954.140069766936,-3184.220968594388,-215.04569137405724,10,5.0,1935
pres_11ui4HRPJQz5PXxj4MN0,14247,contact,12.095902442932127,-11353.40672973538,-7954.140069766936,-3184.220968594388,-215.04569137405724,10,5.0,1935
pres_13CL52tAPqUAPvIwyuOX,233,contact,6.178333282470703,-11310.055503920015,-7949.803453895307,-3288.1662874737845,-72.08576255092566,7,5.0,1533
pres_13CL52tAPqUAPvIwyuOX,1707,shell,0.9612095952033995,-11310.055503920015,-7949.803453895307,-3288.1662874737845,-72.08576255092566,7,5.0,1533
pres_13CL52tAPqUAPvIwyuOX,11326,contact,2.8499205112457275,-11310.055503920015,-7949.803453895307,-3288.1662874737845,-72.08576255092566,7,5.0,1533
pres_13CL52tAPqUAPvIwyuOX,14247,contact,12.642500877380373,-11310.055503920015,-7949.803453895307,-3288.1662874737845,-72.08576255092566,7,5.0,1533
pres_13ThPx2eLvXpN6vsbI55,233,contact,8.74290657043457,-11199.75175058296,-7952.51608129948,-3133.7463740820504,-113.48929520142974,5,5.0,1637
pres_13ThPx2eLvXpN6vsbI55,1707,contact,1.525723218917847,-11199.75175058296,-7952.51608129948,-3133.7463740820504,-113.48929520142974,5,5.0,1637
pres_13ThPx2eLvXpN6vsbI55,11326,contact,7.7708420753479,-11199.75175058296,-7952.51608129948,-3133.7463740820504,-113.48929520142974,5,5.0,1637
pres_13ThPx2eLvXpN6vsbI55,12918,shell,0.4607317447662353,-11199.75175058296,-7952.51608129948,-3133.7463740820504,-113.48929520142974,5,5.0,1637
pres_13ThPx2eLvXpN6vsbI55,14247,contact,12.533244132995604,-11199.75175058296,-7952.51608129948,-3133.7463740820504,-113.48929520142974,5,5.0,1637
pres_1HU6ryALpAwdoU5uNOYw,233,contact,6.133611679077148,-12971.677923769506,-7889.200777388938,-4739.804349833327,-342.672796547241,24,5.0,2780
pres_1HU6ryALpAwdoU5uNOYw,1707,contact,0.949009358882904,-12971.677923769506,-7889.200777388938,-4739.804349833327,-342.672796547241,24,5.0,2780
pres_1HU6ryALpAwdoU5uNOYw,11326,contact,4.599189281463623,-12971.677923769506,-7889.200777388938,-4739.804349833327,-342.672796547241,24,5.0,2780
pres_1HU6ryALpAwdoU5uNOYw,14247,contact,13.13886260986328,-12971.677923769506,-7889.200777388938,-4739.804349833327,-342.672796547241,24,5.0,2780
pres_1JOaberJahPvmIuxdxPo,233,contact,7.558089733123779,-12389.829264226722,-7952.537739770159,-4303.864911612316,-133.42661284424776,11,5.0,2092
pres_1JOaberJahPvmIuxdxPo,1707,contact,1.0654666423797607,-12389.829264226722,-7952.537739770159,-4303.864911612316,-133.42661284424776,11,5.0,2092
pres_1JOaberJahPvmIuxdxPo,6869,contact,0.4847186803817749,-12389.829264226722,-7952.537739770159,-4303.864911612316,-133.42661284424776,11,5.0,2092
pres_1JOaberJahPvmIuxdxPo,11326,contact,4.305787086486816,-12389.829264226722,-7952.537739770159,-4303.864911612316,-133.42661284424776,11,5.0,2092
pres_1JOaberJahPvmIuxdxPo,14247,contact,13.86003589630127,-12389.829264226722,-7952.537739770159,-4303.864911612316,-133.42661284424776,11,5.0,2092
pres_1KlaBbhyxIcMM5IzdG1J,233,contact,6.243543148040772,-13368.859083768892,-7978.19671679274,-5335.33347121581,-55.32889576034268,7,5.0,2233
pres_1KlaBbhyxIcMM5IzdG1J,1707,shell,1.4915685653686523,-13368.859083768892,-7978.19671679274,-5335.33347121581,-55.32889576034268,7,5.0,2233
pres_1KlaBbhyxIcMM5IzdG1J,11326,contact,4.223412990570068,-13368.859083768892,-7978.19671679274,-5335.33347121581,-55.32889576034268,7,5.0,2233
pres_1KlaBbhyxIcMM5IzdG1J,14247,contact,11.501420974731444,-13368.859083768892,-7978.19671679274,-5335.33347121581,-55.32889576034268,7,5.0,2233
pres_1PTAXehvwYLIvHTyhwYr,233,contact,6.502717018127441,-10847.854929214418,-8006.130481473773,-2612.588756065136,-229.13569167550892,11,5.0,1831
pres_1PTAXehvwYLIvHTyhwYr,1707,contact,0.8472616076469421,-10847.854929214418,-8006.130481473773,-2612.588756065136,-229.13569167550892,11,5.0,1831
pres_1PTAXehvwYLIvHTyhwYr,11326,contact,7.0158281326293945,-10847.854929214418,-8006.130481473773,-2612.588756065136,-229.13569167550892,11,5.0,1831
pres_1PTAXehvwYLIvHTyhwYr,14247,contact,13.980314254760742,-10847.854929214418,-8006.130481473773,-2612.588756065136,-229.13569167550892,11,5.0,1831
pres_1TvkWq2l5lwjoyxQvk8Q,233,contact,4.667922496795654,-13652.889436813111,-7967.079993386662,-5481.270619095148,-204.5388243313037,11,5.0,3006
pres_1TvkWq2l5lwjoyxQvk8Q,1707,contact,1.0982801914215088,-13652.889436813111,-7967.079993386662,-5481.270619095148,-204.5388243313037,11,5.0,3006
pres_1TvkWq2l5lwjoyxQvk8Q,11326,contact,4.833381175994873,-13652.889436813111,-7967.079993386662,-5481.270619095148,-204.5388243313037,11,5.0,3006
pres_1TvkWq2l5lwjoyxQvk8Q,14247,contact,12.417054176330566,-13652.889436813111,-7967.079993386662,-5481.270619095148,-204.5388243313037,11,5.0,3006
pres_1qZ9xMHSNs89KjFekMCz,233,contact,2.4171254634857178,-13151.421720579558,-7969.042614107129,-5052.878153246954,-129.5009532254744,9,5.0,2456
pres_1qZ9xMHSNs89KjFekMCz,1707,contact,1.135394811630249,-13151.421720579558,-7969.042614107129,-5052.878153246954,-129.5009532254744,9,5.0,2456
pres_1qZ9xMHSNs89KjFekMCz,2214,shell,0.5618554353713989,-13151.421720579558,-7969.042614107129,-5052.878153246954,-129.5009532254744,9,5.0,2456
pres_1qZ9xMHSNs89KjFekMCz,11326,contact,6.256830215454102,-13151.421720579558,-7969.042614107129,-5052.878153246954,-129.5009532254744,9,5.0,2456
pres_1qZ9xMHSNs89KjFekMCz,14247,contact,5.478071212768555,-13151.421720579558,-7969.042614107129,-5052.878153246954,-129.5009532254744,9,5.0,2456
pres_1vObO4SicUY7fE6lnUwd,233,contact,8.006385803222656,-11517.517190783035,-7988.538892698651,-3386.9064715096165,-142.07182657477006,5,5.0,1826
pres_1vObO4SicUY7fE6lnUwd,1707,contact,1.07786226272583,-11517.517190783035,-7988.538892698651,-3386.9064715096165,-142.07182657477006,5,5.0,1826
pres_1vObO4SicUY7fE6lnUwd,10586,shell,0.3707689046859741,-11517.517190783035,-7988.538892698651,-3386.9064715096165,-142.07182657477006,5,5.0,1826
pres_1vObO4SicUY7fE6lnUwd,11326,contact,4.136972427368164,-11517.517190783035,-7988.538892698651,-3386.9064715096165,-142.07182657477006,5,5.0,1826
pres_1vObO4SicUY7fE6lnUwd,14247,contact,14.228690147399902,-11517.517190783035,-7988.538892698651,-3386.9064715096165,-142.07182657477006,5,5.0,1826
pres_1yBlfbLAMFExhFQ6USJN,233,contact,7.656708717346191,-10639.924934989836,-7930.451663851489,-2402.347722770819,-307.1255483675268,21,5.0,2036
pres_1yBlfbLAMFExhFQ6USJN,1707,contact,0.7634873986244202,-10639.924934989836,-7930.451663851489,-2402.347722770819,-307.1255483675268,21,5.0,2036
pres_1yBlfbLAMFExhFQ6USJN,11326,contact,6.023527145385742,-10639.924934989836,-7930.451663851489,-2402.347722770819,-307.1255483675268,21,5.0,2036
pres_1yBlfbLAMFExhFQ6USJN,14247,contact,14.180456161499023,-10639.924934989836,-7930.451663851489,-2402.347722770819,-307.1255483675268,21,5.0,2036
pres_26Z0t0EXzk0pHph47TBe,233,contact,6.54274320602417,-14286.231684899709,-7932.87953742207,-6096.05124377526,-257.3009037023767,14,5.0,3259
pres_26Z0t0EXzk0pHph47TBe,1707,shell,1.0806305408477783,-14286.231684899709,-7932.87953742207,-6096.05124377526,-257.3009037023767,14,5.0,3259
pres_26Z0t0EXzk0pHph47TBe,6869,shell,0.7667490243911743,-14286.231684899709,-7932.87953742207,-6096.05124377526,-257.3009037023767,14,5.0,3259
pres_26Z0t0EXzk0pHph47TBe,11326,contact,6.2622971534729,-14286.231684899709,-7932.87953742207,-6096.05124377526,-257.3009037023767,14,5.0,3259
pres_26Z0t0EXzk0pHph47TBe,14247,contact,11.942903518676758,-14286.231684899709,-7932.87953742207,-6096.05124377526,-257.3009037023767,14,5.0,3259
pres_2IFyNSjo6QDadMxBea3f,233,contact,6.530295848846436,-12554.313208389314,-8001.621809272006,-4387.923225580484,-164.76817353682418,10,5.0,2424
pres_2IFyNSjo6QDadMxBea3f,1707,contact,1.137139081954956,-12554.313208389314,-8001.621809272006,-4387.923225580484,-164.76817353682418,10,5.0,2424
pres_2IFyNSjo6QDadMxBea3f,6073,contact,0.6796696186065674,-12554.313208389314,-8001.621809272006,-4387.923225580484,-164.76817353682418,10,5.0,2424
pres_2IFyNSjo6QDadMxBea3f,11326,contact,5.490262031555176,-12554.313208389314,-8001.621809272006,-4387.923225580484,-164.76817353682418,10,5.0,2424
pres_2IFyNSjo6QDadMxBea3f,14247,contact,12.603607177734377,-12554.313208389314,-8001.621809272006,-4387.923225580484,-164.76817353682418,10,5.0,2424
pres_2hc1OUZy8VWb1F00XtTt,233,contact,6.121317386627197,-14501.850760108266,-7931.282697484517,-6484.2401063884445,-86.32795623530455,13,5.0,2650
pres_2hc1OUZy8VWb1F00XtTt,1707,contact,2.18125057220459,-14501.850760108266,-7931.282697484517,-6484.2401063884445,-86.32795623530455,13,5.0,2650
pres_2hc1OUZy8VWb1F00XtTt,6869,shell,0.8006855249404907,-14501.850760108266,-7931.282697484517,-6484.2401063884445,-86.32795623530455,13,5.0,2650
pres_2hc1OUZy8VWb1F00XtTt,11326,contact,8.666048049926758,-14501.850760108266,-7931.282697484517,-6484.2401063884445,-86.32795623530455,13,5.0,2650
pres_2hc1OUZy8VWb1F00XtTt,14247,contact,10.715266227722168,-14501.850760108266,-7931.282697484517,-6484.2401063884445,-86.32795623530455,13,5.0,2650
pres_3GqFDoW8YxkVxFnMEjlP,233,contact,8.999810218811035,-11040.43684082344,-7927.567628054924,-2840.8454756610936,-272.02373710742086,14,5.0,1874
pres_3GqFDoW8YxkVxFnMEjlP,1707,contact,2.1586031913757324,-11040.43684082344,-7927.567628054924,-2840.8454756610936,-272.02373710742086,14,5.0,1874
pres_3GqFDoW8YxkVxFnMEjlP,11326,contact,5.77650785446167,-11040.43684082344,-7927.567628054924,-2840.8454756610936,-272.02373710742086,14,5.0,1874
pres_3GqFDoW8YxkVxFnMEjlP,14247,contact,13.680242538452148,-11040.43684082344,-7927.567628054924,-2840.8454756610936,-272.02373710742086,14,5.0,1874
pres_3Hzu94decTF4E1dQmqp4,10586,contact,0.9105132818222046,-13336.87014515749,-7964.847560607286,-5148.5291003204375,-223.4934842297671,16,5.0,2773
pres_3Hzu94decTF4E1dQmqp4,11326,contact,3.437701463699341,-13336.87014515749,-7964.847560607286,-5148.5291003204375,-223.4934842297671,16,5.0,2773
pres_3OHwE3aCILnvaUSPR6xt,233,contact,7.694455146789551,-13996.314130077524,-7936.674195043727,-5923.511874094865,-136.12806093893232,10,5.0,2679
pres_3OHwE3aCILnvaUSPR6xt,1707,contact,2.618030309677124,-13996.314130077524,-7936.674195043727,-5923.511874094865,-136.12806093893232,10,5.0,2679
pres_3OHwE3aCILnvaUSPR6xt,4657,contact,0.7340209484100342,-13996.314130077524,-7936.674195043727,-5923.511874094865,-136.12806093893232,10,5.0,2679
pres_3OHwE3aCILnvaUSPR6xt,11326,shell,4.279319286346436,-13996.314130077524,-7936.674195043727,-5923.511874094865,-136.12806093893232,10,5.0,2679
pres_3OHwE3aCILnvaUSPR6xt,14247,contact,8.98831844329834,-13996.314130077524,-7936.674195043727,-5923.511874094865,-136.12806093893232,10,5.0,2679
pres_3QyZfcr6MqnWwWkoK7Zo,233,contact,9.347902297973633,-10224.035344909133,-7966.445701940933,-1964.324638689547,-293.26500427865267,18,5.0,1854
pres_3QyZfcr6MqnWwWkoK7Zo,1707,shell,1.322284460067749,-10224.035344909133,-7966.445701940933,-1964.324638689547,-293.26500427865267,18,5.0,1854
pres_3QyZfcr6MqnWwWkoK7Zo,10586,contact,2.1911721229553223,-10224.035344909133,-7966.445701940933,-1964.324638689547,-293.26500427865267,18,5.0,1854
pres_3QyZfcr6MqnWwWkoK7Zo,11326,contact,4.971351146697998,-10224.035344909133,-7966.445701940933,-1964.324638689547,-293.26500427865267,18,5.0,1854
pres_3QyZfcr6MqnWwWkoK7Zo,14247,contact,11.179729461669922,-10224.035344909133,-7966.445701940933,-1964.324638689547,-293.26500427865267,18,5.0,1854
pres_3Vw87JXE2XdD4GB7uSJ2,233,shell,0.6919363737106323,-13429.577617258848,-7947.542024735287,-5290.946759667273,-191.08883285628872,16,5.0,2762
pres_3Vw87JXE2XdD4GB7uSJ2,1707,contact,1.4974925518035889,-13429.577617258848,-7947.542024735287,-5290.946759667273,-191.08883285628872,16,5.0,2762
pres_3Vw87JXE2XdD4GB7uSJ2,11326,contact,5.015077114105225,-13429.577617258848,-7947.542024735287,-5290.946759667273,-191.08883285628872,16,5.0,2762
pres_3Vw87JXE2XdD4GB7uSJ2,12918,shell,0.5304247140884399,-13429.577617258848,-7947.542024735287,-5290.946759667273,-191.08883285628872,16,5.0,2762
pres_3Vw87JXE2XdD4GB7uSJ2,14247,contact,10.486309051513672,-13429.577617258848,-7947.542024735287,-5290.946759667273,-191.08883285628872,16,5.0,2762
pres_3XEr3X4GuuxhEFLmc6NJ,233,contact,6.044923305511475,-14053.11615916859,-8027.543482875782,-5828.646839480105,-196.9258368127039,19,5.0,2807
pres_3XEr3X4GuuxhEFLmc6NJ,1707,contact,1.3115355968475342,-14053.11615916859,-8027.543482875782,-5828.646839480105,-196.9258368127039,19,5.0,2807
pres_3XEr3X4GuuxhEFLmc6NJ,11326,contact,4.729511260986328,-14053.11615916859,-8027.543482875782,-5828.646839480105,-196.9258368127039,19,5.0,2807
pres_3XEr3X4GuuxhEFLmc6NJ,14247,contact,11.602249145507812,-14053.11615916859,-8027.543482875782,-5828.646839480105,-196.9258368127039,19,5.0,2807
pres_3Zkydhs8W6tgh9C6dauo,233,contact,8.005769729614258,-12488.911726019696,-7948.032640013295,-4373.923237966163,-166.95584804023838,12,5.0,2184
pres_3Zkydhs8W6tgh9C6dauo,1707,contact,0.8410769104957581,-12488.911726019696,-7948.032640013295,-4373.923237966163,-166.95584804023838,12,5.0,2184
pres_3Zkydhs8W6tgh9C6dauo,11326,contact,4.685113430023193,-12488.911726019696,-7948.032640013295,-4373.923237966163,-166.95584804023838,12,5.0,2184
pres_3Zkydhs8W6tgh9C6dauo,12918,contact,0.643731951713562,-12488.911726019696,-7948.032640013295,-4373.923237966163,-166.95584804023838,12,5.0,2184
pres_3Zkydhs8W6tgh9C6dauo,14247,contact,13.236398696899414,-12488.911726019696,-7948.032640013295,-4373.923237966163,-166.95584804023838,12,5.0,2184
pres_3gS4HgkZmcLcKkiKTXkj,233,contact,9.608453750610352,-10917.12749962096,-7935.992945625614,-2732.426427426452,-248.7081265688953,13,5.0,1921
pres_3gS4HgkZmcLcKkiKTXkj,1707,shell,0.8920164704322815,-10917.12749962096,-7935.992945625614,-2732.426427426452,-248.7081265688953,13,5.0,1921
pres_3gS4HgkZmcLcKkiKTXkj,4657,contact,0.618849515914917,-10917.12749962096,-7935.992945625614,-2732.426427426452,-248.7081265688953,13,5.0,1921
pres_3gS4HgkZmcLcKkiKTXkj,11326,contact,5.333176612854004,-10917.12749962096,-7935.992945625614,-2732.426427426452,-248.7081265688953,13,5.0,1921
pres_3gS4HgkZmcLcKkiKTXkj,14247,contact,13.429768562316896,-10917.12749962096,-7935.992945625614,-2732.426427426452,-248.7081265688953,13,5.0,1921
pres_4JkJBIy0kvlMecYaGmkk,233,contact,7.580965995788574,-13406.807662082158,-7967.038475503162,-5240.951881438886,-198.81730514011,13,5.0,3060
pres_4JkJBIy0kvlMecYaGmkk,1707,contact,1.1842641830444336,-13406.807662082158,-7967.038475503162,-5240.951881438886,-198.81730514011,13,5.0,3060
pres_4JkJBIy0kvlMecYaGmkk,11326,contact,8.183942794799805,-13406.807662082158,-7967.038475503162,-5240.951881438886,-198.81730514011,13,5.0,3060
pres_4JkJBIy0kvlMecYaGmkk,14247,contact,12.67202854156494,-13406.807662082158,-7967.038475503162,-5240.951881438886,-198.81730514011,13,5.0,3060
pres_4QbaMXskRiDmlFZaIfV9,233,contact,6.7501540184021,-13114.839087415015,-7952.951592608337,-5048.862075817463,-113.02541898921754,11,5.0,2375
pres_4QbaMXskRiDmlFZaIfV9,1707,contact,1.052581787109375,-13114.839087415015,-7952.951592608337,-5048.862075817463,-113.02541898921754,11,5.0,2375
pres_4QbaMXskRiDmlFZaIfV9,11326,contact,6.564351558685303,-13114.839087415015,-7952.951592608337,-5048.862075817463,-113.02541898921754,11,5.0,2375
pres_4QbaMXskRiDmlFZaIfV9,14247,contact,11.614298820495604,-13114.839087415015,-7952.951592608337,-5048.862075817463,-113.02541898921754,11,5.0,2375
pres_4YiYLCKjiWJp4QSrUArO,233,contact,5.306180953979492,-14517.701635105248,-7942.862493007023,-6430.293496422814,-144.54564567541092,5,5.0,2712
pres_4YiYLCKjiWJp4QSrUArO,1707,contact,1.2652866840362549,-14517.701635105248,-7942.862493007023,-6430.293496422814,-144.54564567541092,5,5.0,2712
pres_4YiYLCKjiWJp4QSrUArO,11326,contact,3.373454570770264,-14517.701635105248,-7942.862493007023,-6430.293496422814,-144.54564567541092,5,5.0,2712
pres_4YiYLCKjiWJp4QSrUArO,14247,contact,13.329049110412598,-14517.701635105248,-7942.862493007023,-6430.293496422814,-144.54564567541092,5,5.0,2712
pres_4pg6pSwGJLPPmpaGBK7q,233,contact,2.92868709564209,-12169.01441121752,-7961.434482778372,-4095.871037034476,-111.70889140467123,7,5.0,2200
pres_4pg6pSwGJLPPmpaGBK7q,1707,shell,1.6328153610229492,-12169.01441121752,-7961.434482778372,-4095.871037034476,-111.70889140467123,7,5.0,2200
pres_4pg6pSwGJLPPmpaGBK7q,10586,shell,3.491820335388184,-12169.01441121752,-7961.434482778372,-4095.871037034476,-111.70889140467123,7,5.0,2200
pres_4pg6pSwGJLPPmpaGBK7q,11326,contact,4.5772199630737305,-12169.01441121752,-7961.434482778372,-4095.871037034476,-111.70889140467123,7,5.0,2200
pres_4pg6pSwGJLPPmpaGBK7q,14247,contact,10.854649543762209,-12169.01441121752,-7961.434482778372,-4095.871037034476,-111.70889140467123,7,5.0,2200
pres_4y81J0C9YJCoGQbm7y7I,233,contact,6.065887928009033,-12938.84920810536,-7945.455597591337,-4881.693542688097,-111.70006782592463,5,5.0,2247
pres_4y81J0C9YJCoGQbm7y7I,1707,contact,0.6848230957984924,-12938.84920810536,-7945.455597591337,-4881.693542688097,-111.70006782592463,5,5.0,2247
pres_4y81J0C9YJCoGQbm7y7I,11326,contact,3.4902167320251465,-12938.84920810536,-7945.455597591337,-4881.693542688097,-111.70006782592463,5,5.0,2247
pres_4y81J0C9YJCoGQbm7y7I,14247,contact,14.468976020812988,-12938.84920810536,-7945.455597591337,-4881.693542688097,-111.70006782592463,5,5.0,2247
pres_5AaXE7XRfeTdIAqtXGKk,233,contact,6.996243953704834,-11173.656489363984,-7926.174129627999,-3039.61104871309,-207.8713110228955,9,5.0,1896
pres_5AaXE7XRfeTdIAqtXGKk,1707,shell,1.014984130859375,-11173.656489363984,-7926.174129627999,-3039.61104871309,-207.8713110228955,9,5.0,1896
pres_5AaXE7XRfeTdIAqtXGKk,6073,shell,1.250197410583496,-11173.656489363984,-7926.174129627999,-3039.61104871309,-207.8713110228955,9,5.0,1896
pres_5AaXE7XRfeTdIAqtXGKk,11326,contact,5.777159214019775,-11173.656489363984,-7926.174129627999,-3039.61104871309,-207.8713110228955,9,5.0,1896
pres_5AaXE7XRfeTdIAqtXGKk,12918,shell,0.572482705116272,-11173.656489363984,-7926.174129627999,-3039.61104871309,-207.8713110228955,9,5.0,1896
pres_5AaXE7XRfeTdIAqtXGKk,14247,contact,11.692975997924805,-11173.656489363984,-7926.174129627999,-3039.61104871309,-207.8713110228955,9,5.0,1896
pres_5M5jjyLAyBFUKpEOJ5iJ,233,contact,7.05706262588501,-12710.013016483748,-7962.739674323464,-4505.125339990449,-242.1480021698353,18,5.0,2522
pres_5M5jjyLAyBFUKpEOJ5iJ,1707,contact,0.8093797564506531,-12710.013016483748,-7962.739674323464,-4505.125339990449,-242.1480021698353,18,5.0,2522
pres_5M5jjyLAyBFUKpEOJ5iJ,11326,contact,5.233786106109619,-12710.013016483748,-7962.739674323464,-4505.125339990449,-242.1480021698353,18,5.0,2522
pres_5M5jjyLAyBFUKpEOJ5iJ,14247,contact,13.335658073425291,-12710.013016483748,-7962.739674323464,-4505.125339990449,-242.1480021698353,18,5.0,2522
pres_5a4SRuE5kRc6gaK2Xgt9,11326,contact,3.5859923362731934,-13093.67202435176,-7943.968438700789,-4908.661750980757,-241.0418346702136,14,5.0,2895
pres_5a4SRuE5kRc6gaK2Xgt9,12918,shell,0.2589186429977417,-13093.67202435176,-7943.968438700789,-4908.661750980757,-241.0418346702136,14,5.0,2895
pres_5k6psMfTk7n4oeGUA5t4,233,contact,6.869904041290283,-10176.585497201317,-7985.861133907086,-1893.2053992468211,-297.51896404740955,14,5.0,1795
pres_5k6psMfTk7n4oeGUA5t4,1707,contact,1.09010910987854,-10176.585497201317,-7985.861133907086,-1893.2053992468211,-297.51896404740955,14,5.0,1795
pres_5k6psMfTk7n4oeGUA5t4,11326,contact,4.442622184753418,-10176.585497201317,-7985.861133907086,-1893.2053992468211,-297.51896404740955,14,5.0,1795
pres_5k6psMfTk7n4oeGUA5t4,12918,contact,0.9625271558761596,-10176.585497201317,-7985.861133907086,-1893.2053992468211,-297.51896404740955,14,5.0,1795
pres_5k6psMfTk7n4oeGUA5t4,14247,contact,8.246297836303711,-10176.585497201317,-7985.861133907086,-1893.2053992468211,-297.51896404740955,14,5.0,1795
pres_65ViAyiOuPD73HNGVwG6,233,contact,8.652199745178223,-10546.87307303284,-7967.635880835806,-2300.3725848262006,-278.8646073708337,11,5.0,1848
pres_65ViAyiOuPD73HNGVwG6,1707,contact,0.9179545044898988,-10546.87307303284,-7967.635880835806,-2300.3725848262006,-278.8646073708337,11,5.0,1848
pres_65ViAyiOuPD73HNGVwG6,6073,contact,0.5462257862091064,-10546.87307303284,-7967.635880835806,-2300.3725848262006,-278.8646073708337,11,5.0,1848
pres_65ViAyiOuPD73HNGVwG6,11326,contact,4.204840660095215,-10546.87307303284,-7967.635880835806,-2300.3725848262006,-278.8646073708337,11,5.0,1848
pres_65ViAyiOuPD73HNGVwG6,14247,contact,13.785324096679688,-10546.87307303284,-7967.635880835806,-2300.3725848262006,-278.8646073708337,11,5.0,1848
pres_6MXIyBW2ZugSY39jIocH,233,contact,5.077951908111572,-11245.5926599892,-7956.398395424863,-3238.9579569259345,-50.23630763840311,10,5.0,1610
pres_6MXIyBW2ZugSY39jIocH,1707,contact,1.161806583404541,-11245.5926599892,-7956.398395424863,-3238.9579569259345,-50.23630763840311,10,5.0,1610
pres_6MXIyBW2ZugSY39jIocH,11326,contact,3.589308261871338,-11245.5926599892,-7956.398395424863,-3238.9579569259345,-50.23630763840311,10,5.0,1610
pres_6MXIyBW2ZugSY39jIocH,14247,contact,11.175580024719238,-11245.5926599892,-7956.398395424863,-3238.9579569259345,-50.23630763840311,10,5.0,1610
pres_6uXVpF2R8Cv04YhDmBAE,233,contact,8.162544250488281,-14137.001662526884,-7887.0388950118495,-6144.761126091556,-105.20164142347858,8,5.0,2525
pres_6uXVpF2R8Cv04YhDmBAE,1707,contact,1.359086990356445,-14137.001662526884,-7887.0388950118495,-6144.761126091556,-105.20164142347858,8,5.0,2525
pres_6uXVpF2R8Cv04YhDmBAE,11326,contact,4.374533176422119,-14137.001662526884,-7887.0388950118495,-6144.761126091556,-105.20164142347858,8,5.0,2525
pres_6uXVpF2R8Cv04YhDmBAE,14247,contact,14.676140785217283,-14137.001662526884,-7887.0388950118495,-6144.761126091556,-105.20164142347858,8,5.0,2525
pres_77zv7WyZ6ZxJSGHm5UNk,233,contact,6.724785327911377,-10415.506414952424,-7979.479282294255,-2224.5934264894763,-211.4337061686924,10,5.0,1662
pres_77zv7WyZ6ZxJSGHm5UNk,1707,shell,0.5211630463600159,-10415.506414952424,-7979.479282294255,-2224.5934264894763,-211.4337061686924,10,5.0,1662
pres_77zv7WyZ6ZxJSGHm5UNk,6073,contact,1.5530719757080078,-10415.506414952424,-7979.479282294255,-2224.5934264894763,-211.4337061686924,10,5.0,1662
pres_77zv7WyZ6ZxJSGHm5UNk,11326,shell,5.17441987991333,-10415.506414952424,-7979.479282294255,-2224.5934264894763,-211.4337061686924,10,5.0,1662
pres_77zv7WyZ6ZxJSGHm5UNk,12918,shell,0.7733336687088013,-10415.506414952424,-7979.479282294255,-2224.5934264894763,-211.4337061686924,10,5.0,1662
pres_77zv7WyZ6ZxJSGHm5UNk,14247,contact,10.775233268737791,-10415.506414952424,-7979.479282294255,-2224.5934264894763,-211.4337061686924,10,5.0,1662
pres_7939yRWxqMabhv5zoRTV,233,contact,5.94230318069458,-13535.241293246818,-7966.017721717008,-5465.717557513201,-103.5060140166088,10,5.0,2291
pres_7939yRWxqMabhv5zoRTV,1707,shell,1.3495748043060305,-13535.241293246818,-7966.017721717008,-5465.717557513201,-103.5060140166088,10,5.0,2291
pres_7939yRWxqMabhv5zoRTV,2214,shell,0.4783657789230346,-13535.241293246818,-7966.017721717008,-5465.717557513201,-103.5060140166088,10,5.0,2291
pres_7939yRWxqMabhv5zoRTV,11326,contact,2.7664263248443604,-13535.241293246818,-7966.017721717008,-5465.717557513201,-103.5060140166088,10,5.0,2291
pres_7939yRWxqMabhv5zoRTV,14247,contact,11.346280097961426,-13535.241293246818,-7966.017721717008,-5465.717557513201,-103.5060140166088,10,5.0,2291
pres_7FZPeGoV7JpiYSf5719p,233,contact,4.223934173583984,-13396.929813788343,-7932.340180589974,-5386.982555708821,-77.60707748955065,5,5.0,2363
pres_7FZPeGoV7JpiYSf5719p,1707,contact,1.0830419063568115,-13396.929813788343,-7932.340180589974,-5386.982555708821,-77.60707748955065,5,5.0,2363
pres_7FZPeGoV7JpiYSf5719p,6869,shell,0.4089452028274536,-13396.929813788343,-7932.340180589974,-5386.982555708821,-77.60707748955065,5,5.0,2363
pres_7FZPeGoV7JpiYSf5719p,11326,contact,5.187998294830322,-13396.929813788343,-7932.340180589974,-5386.982555708821,-77.60707748955065,5,5.0,2363
pres_7FZPeGoV7JpiYSf5719p,14247,contact,13.676010131835938,-13396.929813788343,-7932.340180589974,-5386.982555708821,-77.60707748955065,5,5.0,2363
pres_7J2Nz0uKV8gVbL7xHah5,233,contact,4.962386608123779,-11443.02526289439,-7922.0135754829,-3375.2919479606167,-145.7197394508744,7,5.0,1882
pres_7J2Nz0uKV8gVbL7xHah5,1707,contact,1.3197948932647705,-11443.02526289439,-7922.0135754829,-3375.2919479606167,-145.7197394508744,7,5.0,1882
pres_7J2Nz0uKV8gVbL7xHah5,6073,contact,1.0829331874847412,-11443.02526289439,-7922.0135754829,-3375.2919479606167,-145.7197394508744,7,5.0,1882
pres_7J2Nz0uKV8gVbL7xHah5,11326,contact,6.3483195304870605,-11443.02526289439,-7922.0135754829,-3375.2919479606167,-145.7197394508744,7,5.0,1882
pres_7J2Nz0uKV8gVbL7xHah5,14247,contact,12.565903663635254,-11443.02526289439,-7922.0135754829,-3375.2919479606167,-145.7197394508744,7,5.0,1882
pres_7Utq0DTWF0uqiQqEjHAD,233,contact,7.249953269958496,-12687.325501781535,-7968.865933894561,-4490.110996511066,-228.34857137590825,12,5.0,2344
pres_7Utq0DTWF0uqiQqEjHAD,1707,contact,0.8730350136756897,-12687.325501781535,-7968.865933894561,-4490.110996511066,-228.34857137590825,12,5.0,2344
pres_7Utq0DTWF0uqiQqEjHAD,11326,contact,7.303796768188477,-12687.325501781535,-7968.865933894561,-4490.110996511066,-228.34857137590825,12,5.0,2344
pres_7Utq0DTWF0uqiQqEjHAD,14247,contact,13.305155754089355,-12687.325501781535,-7968.865933894561,-4490.110996511066,-228.34857137590825,12,5.0,2344
pres_7abyVBUfQYRwCt9DATJW,233,contact,7.255449295043945,-11283.191284281602,-7935.727148730158,-3183.287210416281,-164.17692513516295,11,5.0,1959
pres_7abyVBUfQYRwCt9DATJW,1707,contact,0.9509674906730652,-11283.191284281602,-7935.727148730158,-3183.287210416281,-164.17692513516295,11,5.0,1959
pres_7abyVBUfQYRwCt9DATJW,11326,contact,4.115206241607666,-11283.191284281602,-7935.727148730158,-3183.287210416281,-164.17692513516295,11,5.0,1959
pres_7abyVBUfQYRwCt9DATJW,12918,contact,0.5635570287704468,-11283.191284281602,-7935.727148730158,-3183.287210416281,-164.17692513516295,11,5.0,1959
pres_7abyVBUfQYRwCt9DATJW,14247,contact,12.136388778686523,-11283.191284281602,-7935.727148730158,-3183.287210416281,-164.17692513516295,11,5.0,1959
pres_7kegluEtScpBmXSJtk5K,233,contact,7.733314037322998,-11391.624099303128,-7918.758112977532,-3230.1041842393765,-242.76180208621963,16,5.0,2205
pres_7kegluEtScpBmXSJtk5K,1707,contact,0.8888296484947205,-11391.624099303128,-7918.758112977532,-3230.1041842393765,-242.76180208621963,16,5.0,2205
pres_7kegluEtScpBmXSJtk5K,11326,contact,4.809291362762451,-11391.624099303128,-7918.758112977532,-3230.1041842393765,-242.76180208621963,16,5.0,2205
pres_7kegluEtScpBmXSJtk5K,14247,contact,12.930896759033203,-11391.624099303128,-7918.758112977532,-3230.1041842393765,-242.76180208621963,16,5.0,2205
pres_8AmyFULlSXftHiTAGdpa,233,contact,6.468071460723877,-13548.93835403153,-8033.615227865264,-5372.686417253703,-142.63670891256243,5,5.0,2579
pres_8AmyFULlSXftHiTAGdpa,1707,contact,2.1716794967651367,-13548.93835403153,-8033.615227865264,-5372.686417253703,-142.63670891256243,5,5.0,2579
pres_8AmyFULlSXftHiTAGdpa,10586,contact,0.4593318700790405,-13548.93835403153,-8033.615227865264,-5372.686417253703,-142.63670891256243,5,5.0,2579
pres_8AmyFULlSXftHiTAGdpa,11326,contact,4.591123104095459,-13548.93835403153,-8033.615227865264,-5372.686417253703,-142.63670891256243,5,5.0,2579
pres_8AmyFULlSXftHiTAGdpa,14247,contact,13.84653377532959,-13548.93835403153,-8033.615227865264,-5372.686417253703,-142.63670891256243,5,5.0,2579
pres_8F1K9EgsmQD8lWYkIyqk,233,contact,7.172553539276123,-13884.071890118768,-7986.159092301481,-5771.334578214556,-126.5782196027294,8,5.0,2730
pres_8F1K9EgsmQD8lWYkIyqk,1707,contact,1.9587244987487795,-13884.071890118768,-7986.159092301481,-5771.334578214556,-126.5782196027294,8,5.0,2730
pres_8F1K9EgsmQD8lWYkIyqk,11326,contact,3.001146078109741,-13884.071890118768,-7986.159092301481,-5771.334578214556,-126.5782196027294,8,5.0,2730
pres_8F1K9EgsmQD8lWYkIyqk,14247,contact,11.379425048828123,-13884.071890118768,-7986.159092301481,-5771.334578214556,-126.5782196027294,8,5.0,2730
pres_8JL1ydHVVjQLV4aCtDLC,233,contact,6.809413909912109,-10643.141110508526,-7928.205313974828,-2427.6502699965968,-287.28552653710176,15,5.0,2079
pres_8JL1ydHVVjQLV4aCtDLC,1707,contact,2.0629079341888428,-10643.141110508526,-7928.205313974828,-2427.6502699965968,-287.28552653710176,15,5.0,2079
pres_8JL1ydHVVjQLV4aCtDLC,10586,shell,0.7165957689285278,-10643.141110508526,-7928.205313974828,-2427.6502699965968,-287.28552653710176,15,5.0,2079
pres_8JL1ydHVVjQLV4aCtDLC,11326,contact,7.620890140533447,-10643.141110508526,-7928.205313974828,-2427.6502699965968,-287.28552653710176,15,5.0,2079
pres_8JL1ydHVVjQLV4aCtDLC,14247,contact,13.844045639038086,-10643.141110508526,-7928.205313974828,-2427.6502699965968,-287.28552653710176,15,5.0,2079
pres_8JMv2JXDnGLZvS4ZdzxZ,233,contact,5.40877628326416,-13251.309481006208,-8044.8089896856445,-5104.40315701109,-102.0973343094738,10,5.0,2537
pres_8JMv2JXDnGLZvS4ZdzxZ,1707,contact,0.9562686085700988,-13251.309481006208,-8044.8089896856445,-5104.40315701109,-102.0973343094738,10,5.0,2537
pres_8JMv2JXDnGLZvS4ZdzxZ,11326,contact,3.88590145111084,-13251.309481006208,-8044.8089896856445,-5104.40315701109,-102.0973343094738,10,5.0,2537
pres_8JMv2JXDnGLZvS4ZdzxZ,14247,contact,12.878211975097656,-13251.309481006208,-8044.8089896856445,-5104.40315701109,-102.0973343094738,10,5.0,2537
pres_8OwWoDZheZc2hTRARKuQ,233,contact,6.389378547668457,-11099.690785294104,-8004.317957387061,-2903.598317687692,-191.7745102193508,16,5.0,1857
pres_8OwWoDZheZc2hTRARKuQ,1707,shell,1.113616943359375,-11099.690785294104,-8004.317957387061,-2903.598317687692,-191.7745102193508,16,5.0,1857
pres_8OwWoDZheZc2hTRARKuQ,11326,contact,4.369011402130127,-11099.690785294104,-8004.317957387061,-2903.598317687692,-191.7745102193508,16,5.0,1857
pres_8OwWoDZheZc2hTRARKuQ,12918,shell,0.7705169916152954,-11099.690785294104,-8004.317957387061,-2903.598317687692,-191.7745102193508,16,5.0,1857
pres_8OwWoDZheZc2hTRARKuQ,14247,contact,11.27627658843994,-11099.690785294104,-8004.317957387061,-2903.598317687692,-191.7745102193508,16,5.0,1857
pres_8TRPOerGXOlmQvw2iZvU,233,contact,8.697953224182129,-10690.84626563969,-8001.515128156148,-2443.56624991751,-245.76488756603112,14,5.0,2059
pres_8TRPOerGXOlmQvw2iZvU,1707,contact,1.0947532653808594,-10690.84626563969,-8001.515128156148,-2443.56624991751,-245.76488756603112,14,5.0,2059
pres_8TRPOerGXOlmQvw2iZvU,4657,contact,3.8982725143432617,-10690.84626563969,-8001.515128156148,-2443.56624991751,-245.76488756603112,14,5.0,2059
pres_8TRPOerGXOlmQvw2iZvU,11326,contact,5.498554706573486,-10690.84626563969,-8001.515128156148,-2443.56624991751,-245.76488756603112,14,5.0,2059
pres_8TRPOerGXOlmQvw2iZvU,14247,contact,13.632089614868164,-10690.84626563969,-8001.515128156148,-2443.56624991751,-245.76488756603112,14,5.0,2059
pres_8erxj1GWWw2giiBt4Znt,233,contact,9.387505531311035,-10662.823417408854,-7967.698280122077,-2488.710691562062,-206.4144457247144,10,5.0,1915
pres_8erxj1GWWw2giiBt4Znt,1707,contact,2.6280226707458496,-10662.823417408854,-7967.698280122077,-2488.710691562062,-206.4144457247144,10,5.0,1915
pres_8erxj1GWWw2giiBt4Znt,4657,contact,0.6651365756988525,-10662.823417408854,-7967.698280122077,-2488.710691562062,-206.4144457247144,10,5.0,1915
pres_8erxj1GWWw2giiBt4Znt,11326,contact,4.867774963378906,-10662.823417408854,-7967.698280122077,-2488.710691562062,-206.4144457247144,10,5.0,1915
pres_8erxj1GWWw2giiBt4Znt,14247,contact,12.980887413024902,-10662.823417408854,-7967.698280122077,-2488.710691562062,-206.4144457247144,10,5.0,1915
pres_8hZ4BEGjtT1u53s7uXgn,233,contact,10.342093467712402,-10890.026073051598,-8013.483498767443,-2597.290378972133,-279.2521953120222,20,5.0,2028
pres_8hZ4BEGjtT1u53s7uXgn,1707,contact,2.634275436401367,-10890.026073051598,-8013.483498767443,-2597.290378972133,-279.2521953120222,20,5.0,2028
pres_8hZ4BEGjtT1u53s7uXgn,4657,contact,0.7344088554382324,-10890.026073051598,-8013.483498767443,-2597.290378972133,-279.2521953120222,20,5.0,2028
pres_8hZ4BEGjtT1u53s7uXgn,11326,contact,3.568044900894165,-10890.026073051598,-8013.483498767443,-2597.290378972133,-279.2521953120222,20,5.0,2028
pres_8hZ4BEGjtT1u53s7uXgn,14247,contact,12.82399082183838,-10890.026073051598,-8013.483498767443,-2597.290378972133,-279.2521953120222,20,5.0,2028
pres_8uAEt9HlJssYGbZwOkT9,233,contact,7.577917098999023,-13311.879062963126,-7920.32401786078,-4971.303059393598,-420.25198570874727,30,5.0,3026
pres_8uAEt9HlJssYGbZwOkT9,1707,contact,1.358992576599121,-13311.879062963126,-7920.32401786078,-4971.303059393598,-420.25198570874727,30,5.0,3026
pres_8uAEt9HlJssYGbZwOkT9,4657,contact,0.3072184324264526,-13311.879062963126,-7920.32401786078,-4971.303059393598,-420.25198570874727,30,5.0,3026
pres_8uAEt9HlJssYGbZwOkT9,11326,contact,10.288649559020996,-13311.879062963126,-7920.32401786078,-4971.303059393598,-420.25198570874727,30,5.0,3026
pres_8uAEt9HlJssYGbZwOkT9,14247,contact,13.052490234375,-13311.879062963126,-7920.32401786078,-4971.303059393598,-420.25198570874727,30,5.0,3026
pres_8xXO9sSVxqCUiuRfubC2,233,contact,7.854163646697998,-11372.121882997008,-7981.971429567791,-3245.401920950951,-144.74853247826513,12,5.0,1923
pres_8xXO9sSVxqCUiuRfubC2,1707,contact,3.22650408744812,-11372.121882997008,-7981.971429567791,-3245.401920950951,-144.74853247826513,12,5.0,1923
pres_8xXO9sSVxqCUiuRfubC2,11326,contact,2.278585433959961,-11372.121882997008,-7981.971429567791,-3245.401920950951,-144.74853247826513,12,5.0,1923
pres_8xXO9sSVxqCUiuRfubC2,12918,shell,0.7745934724807739,-11372.121882997008,-7981.971429567791,-3245.401920950951,-144.74853247826513,12,5.0,1923
pres_8xXO9sSVxqCUiuRfubC2,14247,contact,13.005684852600098,-11372.121882997008,-7981.971429567791,-3245.401920950951,-144.74853247826513,12,5.0,1923
pres_9G5wUl6vDyHHSQCrxYSF,233,contact,6.383679866790772,-13973.605336843228,-7977.852262038788,-5917.505626230735,-78.24744857370479,8,5.0,2466
pres_9G5wUl6vDyHHSQCrxYSF,1707,contact,1.2601368427276611,-13973.605336843228,-7977.852262038788,-5917.505626230735,-78.24744857370479,8,5.0,2466
pres_9G5wUl6vDyHHSQCrxYSF,11326,shell,4.433160305023193,-13973.605336843228,-7977.852262038788,-5917.505626230735,-78.24744857370479,8,5.0,2466
pres_9G5wUl6vDyHHSQCrxYSF,14247,contact,11.298471450805664,-13973.605336843228,-7977.852262038788,-5917.505626230735,-78.24744857370479,8,5.0,2466
pres_9HrZ6sq01SmYaP2lneGk,233,contact,6.138307571411133,-11747.329188982349,-7956.7799355944835,-3641.294621669986,-149.25463171787896,5,5.0,1968
pres_9HrZ6sq01SmYaP2lneGk,6869,shell,1.1707428693771362,-11747.329188982349,-7956.7799355944835,-3641.294621669986,-149.25463171787896,5,5.0,1968
pres_9HrZ6sq01SmYaP2lneGk,11326,shell,4.0712571144104,-11747.329188982349,-7956.7799355944835,-3641.294621669986,-149.25463171787896,5,5.0,1968
pres_9HrZ6sq01SmYaP2lneGk,14247,contact,9.534819602966309,-11747.329188982349,-7956.7799355944835,-3641.294621669986,-149.25463171787896,5,5.0,1968
pres_9MpV8U8DpQLPuvfifUYT,233,shell,1.4828259944915771,-13954.233601328298,-7959.470689096777,-5874.3665285462175,-120.3963836853036,16,5.0,2931
pres_9MpV8U8DpQLPuvfifUYT,1707,contact,0.9584652781486512,-13954.233601328298,-7959.470689096777,-5874.3665285462175,-120.3963836853036,16,5.0,2931
pres_9MpV8U8DpQLPuvfifUYT,6073,contact,0.414696455001831,-13954.233601328298,-7959.470689096777,-5874.3665285462175,-120.3963836853036,16,5.0,2931
pres_9MpV8U8DpQLPuvfifUYT,11326,shell,7.442883014678955,-13954.233601328298,-7959.470689096777,-5874.3665285462175,-120.3963836853036,16,5.0,2931
pres_9MpV8U8DpQLPuvfifUYT,14247,contact,11.547982215881348,-13954.233601328298,-7959.470689096777,-5874.3665285462175,-120.3963836853036,16,5.0,2931
pres_9coJV0waU6GAbk4ejrVt,233,contact,5.004086971282959,-13279.63374157976,-7949.261373620736,-5099.655568961339,-230.71679899768424,14,5.0,2720
pres_9coJV0waU6GAbk4ejrVt,1707,contact,1.6796841621398926,-13279.63374157976,-7949.261373620736,-5099.655568961339,-230.71679899768424,14,5.0,2720
pres_9coJV0waU6GAbk4ejrVt,6073,contact,0.4382007122039795,-13279.63374157976,-7949.261373620736,-5099.655568961339,-230.71679899768424,14,5.0,2720
pres_9coJV0waU6GAbk4ejrVt,11326,contact,1.7970588207244873,-13279.63374157976,-7949.261373620736,-5099.655568961339,-230.71679899768424,14,5.0,2720
pres_9coJV0waU6GAbk4ejrVt,14247,contact,13.062382698059082,-13279.63374157976,-7949.261373620736,-5099.655568961339,-230.71679899768424,14,5.0,2720
pres_9dYuiUUVF1qjPeczBdOL,233,contact,6.097051620483398,-13377.51635963667,-7936.072257258799,-5356.343327768612,-85.10077460925822,10,5.0,2171
pres_9dYuiUUVF1qjPeczBdOL,1707,contact,1.1013774871826172,-13377.51635963667,-7936.072257258799,-5356.343327768612,-85.10077460925822,10,5.0,2171
pres_9dYuiUUVF1qjPeczBdOL,11326,contact,6.111814498901367,-13377.51635963667,-7936.072257258799,-5356.343327768612,-85.10077460925822,10,5.0,2171
pres_9dYuiUUVF1qjPeczBdOL,14247,contact,12.56608772277832,-13377.51635963667,-7936.072257258799,-5356.343327768612,-85.10077460925822,10,5.0,2171
pres_9hFx4PpFOOAPxfYldVAh,233,contact,5.907483100891113,-11002.085092460884,-7994.854121428065,-2823.491774857076,-183.73919617574347,15,5.0,1737
pres_9hFx4PpFOOAPxfYldVAh,6073,contact,1.8856842517852783,-11002.085092460884,-7994.854121428065,-2823.491774857076,-183.73919617574347,15,5.0,1737
pres_9hFx4PpFOOAPxfYldVAh,11326,contact,6.866352558135986,-11002.085092460884,-7994.854121428065,-2823.491774857076,-183.73919617574347,15,5.0,1737
pres_9hFx4PpFOOAPxfYldVAh,14247,contact,9.65888500213623,-11002.085092460884,-7994.854121428065,-2823.491774857076,-183.73919617574347,15,5.0,1737
pres_9hJ3UhESBsjxiJ0PT0Ek,233,shell,7.245314121246338,-14210.865917356536,-7976.681420787185,-6193.76705952567,-40.417437043680366,7,5.0,2665
pres_9hJ3UhESBsjxiJ0PT0Ek,1707,contact,1.8233776092529297,-14210.865917356536,-7976.681420787185,-6193.76705952567,-40.417437043680366,7,5.0,2665
pres_9hJ3UhESBsjxiJ0PT0Ek,6869,shell,19.66409492492676,-14210.865917356536,-7976.681420787185,-6193.76705952567,-40.417437043680366,7,5.0,2665
pres_9hJ3UhESBsjxiJ0PT0Ek,11326,contact,6.125227451324463,-14210.865917356536,-7976.681420787185,-6193.76705952567,-40.417437043680366,7,5.0,2665
pres_9hJ3UhESBsjxiJ0PT0Ek,14247,contact,10.553141593933104,-14210.865917356536,-7976.681420787185,-6193.76705952567,-40.417437043680366,7,5.0,2665
pres_9m1cCvmkoKTmfwg5LDeo,233,contact,5.298172950744629,-13376.617076881628,-7968.03244358945,-5207.67510259511,-200.90953069706848,18,5.0,2598
pres_9m1cCvmkoKTmfwg5LDeo,1707,contact,1.001195192337036,-13376.617076881628,-7968.03244358945,-5207.67510259511,-200.90953069706848,18,5.0,2598
pres_9m1cCvmkoKTmfwg5LDeo,6869,shell,1.389412760734558,-13376.617076881628,-7968.03244358945,-5207.67510259511,-200.90953069706848,18,5.0,2598
pres_9m1cCvmkoKTmfwg5LDeo,11326,contact,14.00464916229248,-13376.617076881628,-7968.03244358945,-5207.67510259511,-200.90953069706848,18,5.0,2598
pres_9m1cCvmkoKTmfwg5LDeo,14247,contact,11.933309555053713,-13376.617076881628,-7968.03244358945,-5207.67510259511,-200.90953069706848,18,5.0,2598
pres_9p6FbWm79Bra2wGOzh6k,233,contact,7.269144535064697,-13056.540899967293,-8002.530834715741,-4889.095941466394,-164.91412378515815,15,5.0,2612
pres_9p6FbWm79Bra2wGOzh6k,1707,contact,2.706780910491944,-13056.540899967293,-8002.530834715741,-4889.095941466394,-164.91412378515815,15,5.0,2612
pres_9p6FbWm79Bra2wGOzh6k,4657,contact,0.7969048023223877,-13056.540899967293,-8002.530834715741,-4889.095941466394,-164.91412378515815,15,5.0,2612
pres_9p6FbWm79Bra2wGOzh6k,11326,contact,4.439265727996826,-13056.540899967293,-8002.530834715741,-4889.095941466394,-164.91412378515815,15,5.0,2612
pres_9p6FbWm79Bra2wGOzh6k,14247,contact,6.743222713470459,-13056.540899967293,-8002.530834715741,-4889.095941466394,-164.91412378515815,15,5.0,2612
pres_9yAYnO1iSbFa0QAUjJ02,11326,contact,3.4651741981506348,-12998.232943613535,-7941.378199174786,-4802.285295919681,-254.56944851906883,9,5.0,2760
pres_AAXbaLjJ3f9lgSOm6ZR1,233,contact,5.587701797485352,-12523.080288763307,-7924.043764413373,-4388.365964949197,-210.67055940073897,8,5.0,2496
pres_AAXbaLjJ3f9lgSOm6ZR1,1707,contact,0.9647453427314758,-12523.080288763307,-7924.043764413373,-4388.365964949197,-210.67055940073897,8,5.0,2496
pres_AAXbaLjJ3f9lgSOm6ZR1,6869,shell,0.4516175985336303,-12523.080288763307,-7924.043764413373,-4388.365964949197,-210.67055940073897,8,5.0,2496
pres_AAXbaLjJ3f9lgSOm6ZR1,11326,contact,4.168315887451172,-12523.080288763307,-7924.043764413373,-4388.365964949197,-210.67055940073897,8,5.0,2496
pres_AAXbaLjJ3f9lgSOm6ZR1,14247,contact,13.14779281616211,-12523.080288763307,-7924.043764413373,-4388.365964949197,-210.67055940073897,8,5.0,2496
pres_ADuzngG7YTUY8xA2xO4g,233,contact,7.878663539886475,-13110.96915864179,-7948.811248420991,-5039.528612811742,-122.62929740905656,9,5.0,2425
pres_ADuzngG7YTUY8xA2xO4g,1707,contact,0.7962252497673035,-13110.96915864179,-7948.811248420991,-5039.528612811742,-122.62929740905656,9,5.0,2425
pres_ADuzngG7YTUY8xA2xO4g,6869,shell,1.01478111743927,-13110.96915864179,-7948.811248420991,-5039.528612811742,-122.62929740905656,9,5.0,2425
pres_ADuzngG7YTUY8xA2xO4g,11326,contact,5.035167217254639,-13110.96915864179,-7948.811248420991,-5039.528612811742,-122.62929740905656,9,5.0,2425
pres_ADuzngG7YTUY8xA2xO4g,14247,contact,12.530767440795898,-13110.96915864179,-7948.811248420991,-5039.528612811742,-122.62929740905656,9,5.0,2425
pres_AH74O1lVAYU0XD50kImE,233,contact,7.240455627441406,-12460.12863490138,-7910.471648343762,-4383.99614237089,-165.66084418672835,12,5.0,2348
pres_AH74O1lVAYU0XD50kImE,1707,contact,0.9888593554496764,-12460.12863490138,-7910.471648343762,-4383.99614237089,-165.66084418672835,12,5.0,2348
pres_AH74O1lVAYU0XD50kImE,11326,shell,4.289889812469482,-12460.12863490138,-7910.471648343762,-4383.99614237089,-165.66084418672835,12,5.0,2348
pres_AH74O1lVAYU0XD50kImE,14247,contact,13.748266220092772,-12460.12863490138,-7910.471648343762,-4383.99614237089,-165.66084418672835,12,5.0,2348
pres_AJ4hcx4EJw1KdVg8UEku,233,contact,7.662014961242676,-12734.935421147387,-7996.138864998758,-4594.871867412061,-143.924688736568,7,5.0,2515
pres_AJ4hcx4EJw1KdVg8UEku,1707,contact,0.867155134677887,-12734.935421147387,-7996.138864998758,-4594.871867412061,-143.924688736568,7,5.0,2515
pres_AJ4hcx4EJw1KdVg8UEku,11326,contact,5.314377784729004,-12734.935421147387,-7996.138864998758,-4594.871867412061,-143.924688736568,7,5.0,2515
pres_AJ4hcx4EJw1KdVg8UEku,14247,contact,13.492793083190918,-12734.935421147387,-7996.138864998758,-4594.871867412061,-143.924688736568,7,5.0,2515
pres_AJmdcmw59uC1HeDMRz2C,233,contact,10.251132011413574,-10410.572317866809,-7899.765623787481,-2314.8391652849286,-195.9675287943992,9,5.0,1920
pres_AJmdcmw59uC1HeDMRz2C,1707,contact,1.2167961597442627,-10410.572317866809,-7899.765623787481,-2314.8391652849286,-195.9675287943992,9,5.0,1920
pres_AJmdcmw59uC1HeDMRz2C,11326,contact,2.2596821784973145,-10410.572317866809,-7899.765623787481,-2314.8391652849286,-195.9675287943992,9,5.0,1920
pres_AJmdcmw59uC1HeDMRz2C,14247,contact,12.747146606445312,-10410.572317866809,-7899.765623787481,-2314.8391652849286,-195.9675287943992,9,5.0,1920
pres_ALMqOPsYeJKxJ649io0n,233,contact,7.423020839691162,-14093.64194817292,-7964.118540960823,-6003.736131512878,-125.7872756992192,9,5.0,2940
pres_ALMqOPsYeJKxJ649io0n,1707,contact,1.0482711791992188,-14093.64194817292,-7964.118540960823,-6003.736131512878,-125.7872756992192,9,5.0,2940
pres_ALMqOPsYeJKxJ649io0n,6869,shell,11.14068603515625,-14093.64194817292,-7964.118540960823,-6003.736131512878,-125.7872756992192,9,5.0,2940
pres_ALMqOPsYeJKxJ649io0n,11326,contact,7.145476818084717,-14093.64194817292,-7964.118540960823,-6003.736131512878,-125.7872756992192,9,5.0,2940
pres_ALMqOPsYeJKxJ649io0n,14247,contact,11.153913497924805,-14093.64194817292,-7964.118540960823,-6003.736131512878,-125.7872756992192,9,5.0,2940
pres_APxS9g3FqnKZavAXtyoU,233,contact,7.076205730438232,-12640.89138835374,-8007.949344252815,-4582.590785420713,-50.351258680210776,7,5.0,2104
pres_APxS9g3FqnKZavAXtyoU,1707,shell,0.4298854470252991,-12640.89138835374,-8007.949344252815,-4582.590785420713,-50.351258680210776,7,5.0,2104
pres_APxS9g3FqnKZavAXtyoU,11326,contact,5.020987510681152,-12640.89138835374,-8007.949344252815,-4582.590785420713,-50.351258680210776,7,5.0,2104
pres_APxS9g3FqnKZavAXtyoU,14247,contact,13.128567695617676,-12640.89138835374,-8007.949344252815,-4582.590785420713,-50.351258680210776,7,5.0,2104
pres_AT7v7bKRzwWnYdHGBmZ3,2214,shell,0.2775763273239136,-13074.297525588154,-7928.13841380429,-5007.353209777061,-138.80590200680217,17,5.0,2221
pres_AT7v7bKRzwWnYdHGBmZ3,11326,shell,2.7236087322235107,-13074.297525588154,-7928.13841380429,-5007.353209777061,-138.80590200680217,17,5.0,2221
pres_AZODSwbRyJNedMGtPvaS,233,contact,6.666366100311279,-12385.131974228549,-7933.981648156611,-4352.191345980921,-98.9589800910162,19,5.0,2288
pres_AZODSwbRyJNedMGtPvaS,1707,contact,1.218099594116211,-12385.131974228549,-7933.981648156611,-4352.191345980921,-98.9589800910162,19,5.0,2288
pres_AZODSwbRyJNedMGtPvaS,11326,contact,6.54276180267334,-12385.131974228549,-7933.981648156611,-4352.191345980921,-98.9589800910162,19,5.0,2288
pres_AZODSwbRyJNedMGtPvaS,12588,shell,0.8307672739028931,-12385.131974228549,-7933.981648156611,-4352.191345980921,-98.9589800910162,19,5.0,2288
pres_AZODSwbRyJNedMGtPvaS,14247,contact,11.482084274291992,-12385.131974228549,-7933.981648156611,-4352.191345980921,-98.9589800910162,19,5.0,2288
pres_AZjxZKIvsX2KccDQwTT6,1707,contact,0.3588957786560058,-13545.986295857909,-7974.641120501052,-5423.187849288039,-148.15732606881647,10,5.0,2544
pres_AZjxZKIvsX2KccDQwTT6,11326,contact,3.5150511264801025,-13545.986295857909,-7974.641120501052,-5423.187849288039,-148.15732606881647,10,5.0,2544
pres_AZjxZKIvsX2KccDQwTT6,12918,shell,0.104245901107788,-13545.986295857909,-7974.641120501052,-5423.187849288039,-148.15732606881647,10,5.0,2544
pres_AqEWuj8atA751LuuGiV2,233,shell,1.5772905349731443,-12641.909476870467,-7946.585537013684,-4594.593306569994,-100.73063328679108,12,5.0,2296
pres_AqEWuj8atA751LuuGiV2,1707,contact,1.7824552059173584,-12641.909476870467,-7946.585537013684,-4594.593306569994,-100.73063328679108,12,5.0,2296
pres_AqEWuj8atA751LuuGiV2,10586,shell,0.6639963388442993,-12641.909476870467,-7946.585537013684,-4594.593306569994,-100.73063328679108,12,5.0,2296
pres_AqEWuj8atA751LuuGiV2,11326,contact,6.771276950836182,-12641.909476870467,-7946.585537013684,-4594.593306569994,-100.73063328679108,12,5.0,2296
pres_AqEWuj8atA751LuuGiV2,14247,contact,9.501516342163086,-12641.909476870467,-7946.585537013684,-4594.593306569994,-100.73063328679108,12,5.0,2296
pres_B2bCStD9JRAdz2sjigGK,233,contact,7.624996662139893,-10277.27733968488,-7999.672431042579,-2002.961763264676,-274.64314537762584,18,5.0,1979
pres_B2bCStD9JRAdz2sjigGK,1707,contact,1.6210651397705078,-10277.27733968488,-7999.672431042579,-2002.961763264676,-274.64314537762584,18,5.0,1979
pres_B2bCStD9JRAdz2sjigGK,4657,contact,5.145632743835449,-10277.27733968488,-7999.672431042579,-2002.961763264676,-274.64314537762584,18,5.0,1979
pres_B2bCStD9JRAdz2sjigGK,11326,contact,4.58609676361084,-10277.27733968488,-7999.672431042579,-2002.961763264676,-274.64314537762584,18,5.0,1979
pres_B2bCStD9JRAdz2sjigGK,14247,contact,13.290763854980469,-10277.27733968488,-7999.672431042579,-2002.961763264676,-274.64314537762584,18,5.0,1979
pres_B818fQOeURFSMtIgAwtz,233,contact,4.861117839813232,-12356.222833305786,-7942.878540452903,-4357.810715493933,-55.53357735895133,5,5.0,2058
pres_B818fQOeURFSMtIgAwtz,1707,contact,1.7736732959747314,-12356.222833305786,-7942.878540452903,-4357.810715493933,-55.53357735895133,5,5.0,2058
pres_B818fQOeURFSMtIgAwtz,11326,contact,6.252065658569336,-12356.222833305786,-7942.878540452903,-4357.810715493933,-55.53357735895133,5,5.0,2058
pres_B818fQOeURFSMtIgAwtz,14247,contact,12.93298053741455,-12356.222833305786,-7942.878540452903,-4357.810715493933,-55.53357735895133,5,5.0,2058
pres_BFxJQheeKaxw8BHSsbE7,233,contact,7.162800312042236,-13946.738633415493,-7955.522552321028,-5898.554393227536,-92.66168786692832,5,5.0,2757
pres_BFxJQheeKaxw8BHSsbE7,1707,contact,2.653683662414551,-13946.738633415493,-7955.522552321028,-5898.554393227536,-92.66168786692832,5,5.0,2757
pres_BFxJQheeKaxw8BHSsbE7,6869,shell,0.4934781789779663,-13946.738633415493,-7955.522552321028,-5898.554393227536,-92.66168786692832,5,5.0,2757
pres_BFxJQheeKaxw8BHSsbE7,11326,contact,2.9275825023651123,-13946.738633415493,-7955.522552321028,-5898.554393227536,-92.66168786692832,5,5.0,2757
pres_BFxJQheeKaxw8BHSsbE7,14247,contact,14.067608833312988,-13946.738633415493,-7955.522552321028,-5898.554393227536,-92.66168786692832,5,5.0,2757
pres_BGib2gW6xtshQyj5afEU,233,contact,2.840080499649048,-13051.515982837807,-7968.723263836876,-5025.874609754925,-56.91810924600668,10,5.0,2142
pres_BGib2gW6xtshQyj5afEU,1707,shell,1.5331780910491943,-13051.515982837807,-7968.723263836876,-5025.874609754925,-56.91810924600668,10,5.0,2142
pres_BGib2gW6xtshQyj5afEU,11326,contact,4.109851837158203,-13051.515982837807,-7968.723263836876,-5025.874609754925,-56.91810924600668,10,5.0,2142
pres_BGib2gW6xtshQyj5afEU,14247,contact,13.861242294311523,-13051.515982837807,-7968.723263836876,-5025.874609754925,-56.91810924600668,10,5.0,2142
pres_BV2SnT7L3Wo4DtbhNOv2,233,contact,6.143044471740723,-12449.566013818008,-7937.892649932316,-4277.882822255012,-233.7905416306803,12,5.0,2509
pres_BV2SnT7L3Wo4DtbhNOv2,1707,contact,2.563678026199341,-12449.566013818008,-7937.892649932316,-4277.882822255012,-233.7905416306803,12,5.0,2509
pres_BV2SnT7L3Wo4DtbhNOv2,2214,contact,0.564602255821228,-12449.566013818008,-7937.892649932316,-4277.882822255012,-233.7905416306803,12,5.0,2509
pres_BV2SnT7L3Wo4DtbhNOv2,11326,contact,8.31983470916748,-12449.566013818008,-7937.892649932316,-4277.882822255012,-233.7905416306803,12,5.0,2509
pres_BV2SnT7L3Wo4DtbhNOv2,14247,contact,12.77346134185791,-12449.566013818008,-7937.892649932316,-4277.882822255012,-233.7905416306803,12,5.0,2509
pres_BXshMwhAxVnynjrXKpjm,233,contact,7.280206680297852,-13255.9521391235,-7956.203948159515,-5049.379744359259,-250.36844660472707,19,5.0,2762
pres_BXshMwhAxVnynjrXKpjm,1707,contact,2.296990394592285,-13255.9521391235,-7956.203948159515,-5049.379744359259,-250.36844660472707,19,5.0,2762
pres_BXshMwhAxVnynjrXKpjm,11326,contact,2.9822065830230717,-13255.9521391235,-7956.203948159515,-5049.379744359259,-250.36844660472707,19,5.0,2762
pres_BXshMwhAxVnynjrXKpjm,14247,contact,13.038822174072266,-13255.9521391235,-7956.203948159515,-5049.379744359259,-250.36844660472707,19,5.0,2762
pres_BaOciPb0KILOPgR9sroy,233,contact,8.235640525817871,-11025.16810712061,-7975.148993546702,-2893.139598413573,-156.8795151603349,9,5.0,1609
pres_BaOciPb0KILOPgR9sroy,1707,contact,0.7994301915168762,-11025.16810712061,-7975.148993546702,-2893.139598413573,-156.8795151603349,9,5.0,1609
pres_BaOciPb0KILOPgR9sroy,10586,shell,0.4404088258743286,-11025.16810712061,-7975.148993546702,-2893.139598413573,-156.8795151603349,9,5.0,1609
pres_BaOciPb0KILOPgR9sroy,11326,shell,4.444168567657471,-11025.16810712061,-7975.148993546702,-2893.139598413573,-156.8795151603349,9,5.0,1609
pres_BaOciPb0KILOPgR9sroy,14247,contact,11.689739227294922,-11025.16810712061,-7975.148993546702,-2893.139598413573,-156.8795151603349,9,5.0,1609
pres_Bii2d1T9ljvSzceiWzQr,233,contact,4.960259437561035,-14247.924498733286,-7960.328978990222,-6180.996491350546,-106.59902839251754,4,5.0,2847
pres_Bii2d1T9ljvSzceiWzQr,1707,contact,0.7199237942695618,-14247.924498733286,-7960.328978990222,-6180.996491350546,-106.59902839251754,4,5.0,2847
pres_Bii2d1T9ljvSzceiWzQr,11326,contact,7.581369400024414,-14247.924498733286,-7960.328978990222,-6180.996491350546,-106.59902839251754,4,5.0,2847
pres_Bii2d1T9ljvSzceiWzQr,14247,contact,11.121424674987791,-14247.924498733286,-7960.328978990222,-6180.996491350546,-106.59902839251754,4,5.0,2847
pres_BslV0lYoosUAImu3sokD,11326,contact,2.639980792999268,-13380.922178081582,-7973.042228198194,-5138.18525362267,-269.69469626071896,15,5.0,2953
pres_Buv3HyBikyOccVKbV9LE,233,contact,5.839780807495117,-12742.197429658052,-7898.948714865531,-4693.671151091837,-149.57756370068455,10,5.0,2307
pres_Buv3HyBikyOccVKbV9LE,1707,contact,1.7186522483825684,-12742.197429658052,-7898.948714865531,-4693.671151091837,-149.57756370068455,10,5.0,2307
pres_Buv3HyBikyOccVKbV9LE,11326,contact,4.156212329864502,-12742.197429658052,-7898.948714865531,-4693.671151091837,-149.57756370068455,10,5.0,2307
pres_Buv3HyBikyOccVKbV9LE,12918,contact,1.7251094579696655,-12742.197429658052,-7898.948714865531,-4693.671151091837,-149.57756370068455,10,5.0,2307
pres_Buv3HyBikyOccVKbV9LE,14247,contact,12.4938325881958,-12742.197429658052,-7898.948714865531,-4693.671151091837,-149.57756370068455,10,5.0,2307
pres_CFVx9OTrUgPp1nNDPyNi,233,contact,7.186270713806152,-13168.094855394367,-7929.901405686714,-5008.061636555633,-230.1318131520202,15,5.0,2701
pres_CFVx9OTrUgPp1nNDPyNi,1707,contact,0.8376229405403137,-13168.094855394367,-7929.901405686714,-5008.061636555633,-230.1318131520202,15,5.0,2701
pres_CFVx9OTrUgPp1nNDPyNi,10586,shell,0.4342421293258667,-13168.094855394367,-7929.901405686714,-5008.061636555633,-230.1318131520202,15,5.0,2701
pres_CFVx9OTrUgPp1nNDPyNi,11326,contact,4.556241512298584,-13168.094855394367,-7929.901405686714,-5008.061636555633,-230.1318131520202,15,5.0,2701
pres_CFVx9OTrUgPp1nNDPyNi,14247,contact,13.592750549316406,-13168.094855394367,-7929.901405686714,-5008.061636555633,-230.1318131520202,15,5.0,2701
pres_CKDQwAdatO1WsS2KPZzj,233,contact,7.256130695343018,-12612.865234618876,-7900.284059380644,-4394.831310504692,-317.7498647335415,12,5.0,3040
pres_CKDQwAdatO1WsS2KPZzj,1707,contact,0.9981561303138732,-12612.865234618876,-7900.284059380644,-4394.831310504692,-317.7498647335415,12,5.0,3040
pres_CKDQwAdatO1WsS2KPZzj,6073,contact,0.8667848110198975,-12612.865234618876,-7900.284059380644,-4394.831310504692,-317.7498647335415,12,5.0,3040
pres_CKDQwAdatO1WsS2KPZzj,11326,contact,5.791561603546143,-12612.865234618876,-7900.284059380644,-4394.831310504692,-317.7498647335415,12,5.0,3040
pres_CKDQwAdatO1WsS2KPZzj,14247,contact,13.175172805786133,-12612.865234618876,-7900.284059380644,-4394.831310504692,-317.7498647335415,12,5.0,3040
pres_CLq8NXQxYHrYvq9yz4Nu,233,contact,7.9562554359436035,-10938.856529074734,-7960.030807994441,-2765.620256274977,-213.20546480531584,15,5.0,1681
pres_CLq8NXQxYHrYvq9yz4Nu,1707,contact,1.1420347690582275,-10938.856529074734,-7960.030807994441,-2765.620256274977,-213.20546480531584,15,5.0,1681
pres_CLq8NXQxYHrYvq9yz4Nu,4657,contact,0.4626832008361816,-10938.856529074734,-7960.030807994441,-2765.620256274977,-213.20546480531584,15,5.0,1681
pres_CLq8NXQxYHrYvq9yz4Nu,11326,contact,4.0212225914001465,-10938.856529074734,-7960.030807994441,-2765.620256274977,-213.20546480531584,15,5.0,1681
pres_CLq8NXQxYHrYvq9yz4Nu,14247,contact,13.9705171585083,-10938.856529074734,-7960.030807994441,-2765.620256274977,-213.20546480531584,15,5.0,1681
pres_CNaVXRRLVYa3lhuuB7rd,233,contact,9.078055381774902,-11308.61075387042,-7967.021867670062,-3137.863622851322,-203.72526334903569,13,5.0,1847
pres_CNaVXRRLVYa3lhuuB7rd,1707,contact,1.6279964447021484,-11308.61075387042,-7967.021867670062,-3137.863622851322,-203.72526334903569,13,5.0,1847
pres_CNaVXRRLVYa3lhuuB7rd,11326,contact,5.55209493637085,-11308.61075387042,-7967.021867670062,-3137.863622851322,-203.72526334903569,13,5.0,1847
pres_CNaVXRRLVYa3lhuuB7rd,12918,shell,0.5974451303482056,-11308.61075387042,-7967.021867670062,-3137.863622851322,-203.72526334903569,13,5.0,1847
pres_CNaVXRRLVYa3lhuuB7rd,14247,contact,13.56430721282959,-11308.61075387042,-7967.021867670062,-3137.863622851322,-203.72526334903569,13,5.0,1847
pres_CVG4vkJwG3pxAudTrnxQ,2214,shell,0.1724185943603515,-12969.171641274985,-8001.942922989384,-4876.476745503976,-90.7519727816234,8,5.0,2209
pres_CVG4vkJwG3pxAudTrnxQ,11326,contact,1.8837984800338743,-12969.171641274985,-8001.942922989384,-4876.476745503976,-90.7519727816234,8,5.0,2209
pres_Cfc6irdUO9C6w412Xvj2,233,contact,7.399755954742432,-11167.664121039268,-7973.641070786787,-3008.84362406646,-185.17942618602137,10,5.0,2225
pres_Cfc6irdUO9C6w412Xvj2,1707,contact,1.2191026210784912,-11167.664121039268,-7973.641070786787,-3008.84362406646,-185.17942618602137,10,5.0,2225
pres_Cfc6irdUO9C6w412Xvj2,11326,contact,7.241347789764404,-11167.664121039268,-7973.641070786787,-3008.84362406646,-185.17942618602137,10,5.0,2225
pres_Cfc6irdUO9C6w412Xvj2,12588,contact,1.0920206308364868,-11167.664121039268,-7973.641070786787,-3008.84362406646,-185.17942618602137,10,5.0,2225
pres_Cfc6irdUO9C6w412Xvj2,14247,contact,13.327383995056152,-11167.664121039268,-7973.641070786787,-3008.84362406646,-185.17942618602137,10,5.0,2225
pres_Cm8HXQPVygQRjiKSqRTo,233,contact,2.2670609951019287,-12445.272806626232,-7974.246284399414,-4284.8492762458845,-186.17724598093264,21,5.0,2443
pres_Cm8HXQPVygQRjiKSqRTo,1707,contact,0.9378370642662048,-12445.272806626232,-7974.246284399414,-4284.8492762458845,-186.17724598093264,21,5.0,2443
pres_Cm8HXQPVygQRjiKSqRTo,11326,contact,4.271064281463623,-12445.272806626232,-7974.246284399414,-4284.8492762458845,-186.17724598093264,21,5.0,2443
pres_Cm8HXQPVygQRjiKSqRTo,14247,contact,13.075723648071287,-12445.272806626232,-7974.246284399414,-4284.8492762458845,-186.17724598093264,21,5.0,2443
pres_CqdcgMfYywgy5OSSWWPE,233,contact,8.958802223205566,-10563.93498657889,-7984.263753849164,-2296.099817021312,-283.5714157084144,20,5.0,2152
pres_CqdcgMfYywgy5OSSWWPE,1707,contact,1.1603717803955078,-10563.93498657889,-7984.263753849164,-2296.099817021312,-283.5714157084144,20,5.0,2152
pres_CqdcgMfYywgy5OSSWWPE,6073,contact,0.8266587257385254,-10563.93498657889,-7984.263753849164,-2296.099817021312,-283.5714157084144,20,5.0,2152
pres_CqdcgMfYywgy5OSSWWPE,11326,contact,5.330271244049072,-10563.93498657889,-7984.263753849164,-2296.099817021312,-283.5714157084144,20,5.0,2152
pres_CqdcgMfYywgy5OSSWWPE,14247,contact,15.493486404418944,-10563.93498657889,-7984.263753849164,-2296.099817021312,-283.5714157084144,20,5.0,2152
pres_Cx668vUaGCE3hINII1sQ,233,contact,7.004878520965576,-13850.606156935735,-7944.1956955254045,-5772.609876171166,-133.80058523916432,12,5.0,2822
pres_Cx668vUaGCE3hINII1sQ,1707,shell,0.6795687079429626,-13850.606156935735,-7944.1956955254045,-5772.609876171166,-133.80058523916432,12,5.0,2822
pres_Cx668vUaGCE3hINII1sQ,6869,shell,21.147260665893555,-13850.606156935735,-7944.1956955254045,-5772.609876171166,-133.80058523916432,12,5.0,2822
pres_Cx668vUaGCE3hINII1sQ,11326,contact,7.02958869934082,-13850.606156935735,-7944.1956955254045,-5772.609876171166,-133.80058523916432,12,5.0,2822
pres_Cx668vUaGCE3hINII1sQ,14247,contact,10.930342674255373,-13850.606156935735,-7944.1956955254045,-5772.609876171166,-133.80058523916432,12,5.0,2822
pres_D3wM52kJTwXlMS9OxBiO,233,contact,9.759078979492188,-12658.5814887263,-7995.028178233725,-4388.51520438469,-275.03810610788514,14,5.0,2709
pres_D3wM52kJTwXlMS9OxBiO,1707,contact,0.9541382193565368,-12658.5814887263,-7995.028178233725,-4388.51520438469,-275.03810610788514,14,5.0,2709
pres_D3wM52kJTwXlMS9OxBiO,4657,contact,0.5400311946868896,-12658.5814887263,-7995.028178233725,-4388.51520438469,-275.03810610788514,14,5.0,2709
pres_D3wM52kJTwXlMS9OxBiO,11326,contact,7.031057357788086,-12658.5814887263,-7995.028178233725,-4388.51520438469,-275.03810610788514,14,5.0,2709
pres_D3wM52kJTwXlMS9OxBiO,14247,contact,14.301827430725098,-12658.5814887263,-7995.028178233725,-4388.51520438469,-275.03810610788514,14,5.0,2709
pres_D76WmTW4LQzvETNIkKcB,233,contact,5.435624599456787,-12586.668162656104,-7958.3696143174,-4508.491342748255,-119.80720559044858,6,5.0,2173
pres_D76WmTW4LQzvETNIkKcB,1707,contact,1.956939697265625,-12586.668162656104,-7958.3696143174,-4508.491342748255,-119.80720559044858,6,5.0,2173
pres_D76WmTW4LQzvETNIkKcB,11326,contact,2.3570594787597656,-12586.668162656104,-7958.3696143174,-4508.491342748255,-119.80720559044858,6,5.0,2173
pres_D76WmTW4LQzvETNIkKcB,14247,contact,12.399449348449709,-12586.668162656104,-7958.3696143174,-4508.491342748255,-119.80720559044858,6,5.0,2173
pres_D9KuAu3pldSi5bLe1AzE,233,contact,6.5528483390808105,-13996.025548573252,-7927.608175701544,-5954.970498335365,-113.44687453634378,11,5.0,2624
pres_D9KuAu3pldSi5bLe1AzE,1707,contact,1.0985043048858645,-13996.025548573252,-7927.608175701544,-5954.970498335365,-113.44687453634378,11,5.0,2624
pres_D9KuAu3pldSi5bLe1AzE,11326,contact,5.96702241897583,-13996.025548573252,-7927.608175701544,-5954.970498335365,-113.44687453634378,11,5.0,2624
pres_D9KuAu3pldSi5bLe1AzE,14247,contact,12.188885688781738,-13996.025548573252,-7927.608175701544,-5954.970498335365,-113.44687453634378,11,5.0,2624
pres_DCejnLSXPCWQVAo5Ri6n,233,contact,8.571929931640625,-10786.279830861497,-7933.409222706521,-2716.905471201324,-135.96513695364956,10,5.0,1531
pres_DCejnLSXPCWQVAo5Ri6n,1707,shell,0.82113116979599,-10786.279830861497,-7933.409222706521,-2716.905471201324,-135.96513695364956,10,5.0,1531
pres_DCejnLSXPCWQVAo5Ri6n,11326,contact,4.7361578941345215,-10786.279830861497,-7933.409222706521,-2716.905471201324,-135.96513695364956,10,5.0,1531
pres_DCejnLSXPCWQVAo5Ri6n,14247,contact,11.462039947509766,-10786.279830861497,-7933.409222706521,-2716.905471201324,-135.96513695364956,10,5.0,1531
pres_DFIygN4neAyPB8ooLYcY,233,contact,8.060992240905762,-11382.140579248438,-7936.437377737128,-3254.269561936036,-191.4336395752744,11,5.0,1973
pres_DFIygN4neAyPB8ooLYcY,1707,contact,1.260331392288208,-11382.140579248438,-7936.437377737128,-3254.269561936036,-191.4336395752744,11,5.0,1973
pres_DFIygN4neAyPB8ooLYcY,11326,contact,4.406891822814941,-11382.140579248438,-7936.437377737128,-3254.269561936036,-191.4336395752744,11,5.0,1973
pres_DFIygN4neAyPB8ooLYcY,14247,contact,12.264954566955566,-11382.140579248438,-7936.437377737128,-3254.269561936036,-191.4336395752744,11,5.0,1973
pres_DNfFXzfQr5GyVC3l7976,233,contact,10.397720336914062,-10639.60365407339,-7951.659107067348,-2406.9994823917277,-280.94506461431456,12,5.0,1870
pres_DNfFXzfQr5GyVC3l7976,1707,contact,1.8131978511810305,-10639.60365407339,-7951.659107067348,-2406.9994823917277,-280.94506461431456,12,5.0,1870
pres_DNfFXzfQr5GyVC3l7976,10586,shell,0.5714839696884155,-10639.60365407339,-7951.659107067348,-2406.9994823917277,-280.94506461431456,12,5.0,1870
pres_DNfFXzfQr5GyVC3l7976,11326,contact,4.487720966339111,-10639.60365407339,-7951.659107067348,-2406.9994823917277,-280.94506461431456,12,5.0,1870
pres_DNfFXzfQr5GyVC3l7976,14247,contact,13.251545906066896,-10639.60365407339,-7951.659107067348,-2406.9994823917277,-280.94506461431456,12,5.0,1870
pres_DZ7dLrrkaCgjlZTW0Cz5,233,shell,1.253720760345459,-12298.03614146992,-7950.584616190343,-4259.909812249014,-87.54171303056319,12,5.0,2304
pres_DZ7dLrrkaCgjlZTW0Cz5,1707,contact,1.801910400390625,-12298.03614146992,-7950.584616190343,-4259.909812249014,-87.54171303056319,12,5.0,2304
pres_DZ7dLrrkaCgjlZTW0Cz5,11326,contact,4.852120876312256,-12298.03614146992,-7950.584616190343,-4259.909812249014,-87.54171303056319,12,5.0,2304
pres_DZ7dLrrkaCgjlZTW0Cz5,14247,contact,12.432168006896973,-12298.03614146992,-7950.584616190343,-4259.909812249014,-87.54171303056319,12,5.0,2304
pres_DaLG2ypsJyTHRco9ho4p,233,contact,6.599430084228516,-13946.47959145728,-7915.23623451444,-5878.139071267362,-153.1042856754766,7,5.0,2868
pres_DaLG2ypsJyTHRco9ho4p,1707,contact,1.7787442207336426,-13946.47959145728,-7915.23623451444,-5878.139071267362,-153.1042856754766,7,5.0,2868
pres_DaLG2ypsJyTHRco9ho4p,11326,contact,6.202033519744873,-13946.47959145728,-7915.23623451444,-5878.139071267362,-153.1042856754766,7,5.0,2868
pres_DaLG2ypsJyTHRco9ho4p,14247,contact,11.038474082946776,-13946.47959145728,-7915.23623451444,-5878.139071267362,-153.1042856754766,7,5.0,2868
pres_DekRsJ1YTpwT1DHM0SXw,233,contact,7.493890285491943,-11524.986286258363,-7971.925699176591,-3367.9007885892865,-185.15979849248515,14,5.0,1940
pres_DekRsJ1YTpwT1DHM0SXw,1707,contact,2.134567975997925,-11524.986286258363,-7971.925699176591,-3367.9007885892865,-185.15979849248515,14,5.0,1940
pres_DekRsJ1YTpwT1DHM0SXw,11326,contact,4.470402240753174,-11524.986286258363,-7971.925699176591,-3367.9007885892865,-185.15979849248515,14,5.0,1940
pres_DekRsJ1YTpwT1DHM0SXw,14247,contact,12.610333442687988,-11524.986286258363,-7971.925699176591,-3367.9007885892865,-185.15979849248515,14,5.0,1940
pres_DkGK9aBZib70a2jPEhYW,233,contact,8.899702072143555,-12843.713920374646,-8014.471197199866,-4545.456037312522,-283.7866858622583,17,5.0,2778
pres_DkGK9aBZib70a2jPEhYW,1707,contact,1.6222162246704102,-12843.713920374646,-8014.471197199866,-4545.456037312522,-283.7866858622583,17,5.0,2778
pres_DkGK9aBZib70a2jPEhYW,6869,contact,0.4955819845199585,-12843.713920374646,-8014.471197199866,-4545.456037312522,-283.7866858622583,17,5.0,2778
pres_DkGK9aBZib70a2jPEhYW,11326,contact,13.23602294921875,-12843.713920374646,-8014.471197199866,-4545.456037312522,-283.7866858622583,17,5.0,2778
pres_DkGK9aBZib70a2jPEhYW,14247,contact,14.235217094421388,-12843.713920374646,-8014.471197199866,-4545.456037312522,-283.7866858622583,17,5.0,2778
pres_DvPEguQgygdFRiRfxOVp,233,contact,8.61886978149414,-11475.340057430703,-7934.574901541171,-3424.3724397823125,-116.39271610722152,10,5.0,1761
pres_DvPEguQgygdFRiRfxOVp,1707,contact,1.409864902496338,-11475.340057430703,-7934.574901541171,-3424.3724397823125,-116.39271610722152,10,5.0,1761
pres_DvPEguQgygdFRiRfxOVp,11326,contact,4.230701923370361,-11475.340057430703,-7934.574901541171,-3424.3724397823125,-116.39271610722152,10,5.0,1761
pres_DvPEguQgygdFRiRfxOVp,14247,contact,11.992334365844728,-11475.340057430703,-7934.574901541171,-3424.3724397823125,-116.39271610722152,10,5.0,1761
pres_E3aIz1QiCyyjTB0raak3,233,contact,8.753405570983887,-13693.243664026337,-7980.544678438386,-5570.006640435266,-142.69234515268545,18,5.0,2602
pres_E3aIz1QiCyyjTB0raak3,1707,contact,1.5652878284454346,-13693.243664026337,-7980.544678438386,-5570.006640435266,-142.69234515268545,18,5.0,2602
pres_E3aIz1QiCyyjTB0raak3,11326,contact,5.941487789154053,-13693.243664026337,-7980.544678438386,-5570.006640435266,-142.69234515268545,18,5.0,2602
pres_E3aIz1QiCyyjTB0raak3,14247,contact,13.92945957183838,-13693.243664026337,-7980.544678438386,-5570.006640435266,-142.69234515268545,18,5.0,2602
pres_E77fCff37wlYNWOXHvE0,233,contact,5.610804080963135,-11036.893994239645,-7965.845227683476,-2922.432711775659,-148.61605478050797,7,5.0,1831
pres_E77fCff37wlYNWOXHvE0,1707,contact,0.8990914225578308,-11036.893994239645,-7965.845227683476,-2922.432711775659,-148.61605478050797,7,5.0,1831
pres_E77fCff37wlYNWOXHvE0,10586,contact,0.6491521596908569,-11036.893994239645,-7965.845227683476,-2922.432711775659,-148.61605478050797,7,5.0,1831
pres_E77fCff37wlYNWOXHvE0,11326,contact,3.9770760536193848,-11036.893994239645,-7965.845227683476,-2922.432711775659,-148.61605478050797,7,5.0,1831
pres_E77fCff37wlYNWOXHvE0,14247,contact,13.103941917419434,-11036.893994239645,-7965.845227683476,-2922.432711775659,-148.61605478050797,7,5.0,1831
pres_E9lviX6xXj3sg6Vw9IjQ,233,contact,11.92360496520996,-10236.337266135411,-7958.558759486171,-1903.0428251605624,-374.735681488678,15,5.0,1930
pres_E9lviX6xXj3sg6Vw9IjQ,1707,contact,1.4508717060089111,-10236.337266135411,-7958.558759486171,-1903.0428251605624,-374.735681488678,15,5.0,1930
pres_E9lviX6xXj3sg6Vw9IjQ,11326,contact,5.848499298095703,-10236.337266135411,-7958.558759486171,-1903.0428251605624,-374.735681488678,15,5.0,1930
pres_E9lviX6xXj3sg6Vw9IjQ,12588,contact,2.068408489227295,-10236.337266135411,-7958.558759486171,-1903.0428251605624,-374.735681488678,15,5.0,1930
pres_E9lviX6xXj3sg6Vw9IjQ,14247,contact,13.075006484985352,-10236.337266135411,-7958.558759486171,-1903.0428251605624,-374.735681488678,15,5.0,1930
pres_ERWWR2JTIOOahKe0CRJA,233,contact,7.843593120574951,-12722.883449802985,-7949.118036765307,-4615.132307671071,-158.6331053666072,19,5.0,2322
pres_ERWWR2JTIOOahKe0CRJA,1707,contact,1.1555118560791016,-12722.883449802985,-7949.118036765307,-4615.132307671071,-158.6331053666072,19,5.0,2322
pres_ERWWR2JTIOOahKe0CRJA,6073,shell,0.6112713813781738,-12722.883449802985,-7949.118036765307,-4615.132307671071,-158.6331053666072,19,5.0,2322
pres_ERWWR2JTIOOahKe0CRJA,11326,contact,8.437889099121094,-12722.883449802985,-7949.118036765307,-4615.132307671071,-158.6331053666072,19,5.0,2322
pres_ERWWR2JTIOOahKe0CRJA,14247,contact,12.358778953552246,-12722.883449802985,-7949.118036765307,-4615.132307671071,-158.6331053666072,19,5.0,2322
pres_EUew7OR91fXSvrmYPbop,233,contact,7.129682540893555,-11462.897840382708,-7962.377152319896,-3274.6013886111614,-225.91929945165063,12,5.0,2112
pres_EUew7OR91fXSvrmYPbop,1707,contact,1.239649534225464,-11462.897840382708,-7962.377152319896,-3274.6013886111614,-225.91929945165063,12,5.0,2112
pres_EUew7OR91fXSvrmYPbop,11326,contact,3.595320701599121,-11462.897840382708,-7962.377152319896,-3274.6013886111614,-225.91929945165063,12,5.0,2112
pres_EUew7OR91fXSvrmYPbop,14247,contact,12.433012962341309,-11462.897840382708,-7962.377152319896,-3274.6013886111614,-225.91929945165063,12,5.0,2112
pres_EiaAIlDbMPMfAdHae50g,233,contact,5.448706150054932,-13034.51580839804,-7982.924765403991,-4878.660794498442,-172.93024849560788,17,5.0,2298
pres_EiaAIlDbMPMfAdHae50g,1707,contact,0.8112403750419617,-13034.51580839804,-7982.924765403991,-4878.660794498442,-172.93024849560788,17,5.0,2298
pres_EiaAIlDbMPMfAdHae50g,11326,contact,5.754619121551514,-13034.51580839804,-7982.924765403991,-4878.660794498442,-172.93024849560788,17,5.0,2298
pres_EiaAIlDbMPMfAdHae50g,12918,shell,0.6918188333511353,-13034.51580839804,-7982.924765403991,-4878.660794498442,-172.93024849560788,17,5.0,2298
pres_EiaAIlDbMPMfAdHae50g,14247,contact,13.080323219299316,-13034.51580839804,-7982.924765403991,-4878.660794498442,-172.93024849560788,17,5.0,2298
pres_EntXTYt6vVD6Ii19ZT1j,233,contact,10.19897747039795,-10452.1230561773,-7932.963895184005,-2300.969118461278,-218.1900425320177,11,5.0,1749
pres_EntXTYt6vVD6Ii19ZT1j,1707,contact,1.8396143913269043,-10452.1230561773,-7932.963895184005,-2300.969118461278,-218.1900425320177,11,5.0,1749
pres_EntXTYt6vVD6Ii19ZT1j,11326,contact,4.699682235717773,-10452.1230561773,-7932.963895184005,-2300.969118461278,-218.1900425320177,11,5.0,1749
pres_EntXTYt6vVD6Ii19ZT1j,14247,contact,11.832043647766112,-10452.1230561773,-7932.963895184005,-2300.969118461278,-218.1900425320177,11,5.0,1749
pres_Ep1tbI6YkOLgTyzHBPoV,233,contact,2.665487289428711,-12505.031916374212,-7974.861752240007,-4411.489115509515,-118.68104862469136,7,5.0,2253
pres_Ep1tbI6YkOLgTyzHBPoV,1707,contact,1.0186638832092283,-12505.031916374212,-7974.861752240007,-4411.489115509515,-118.68104862469136,7,5.0,2253
pres_Ep1tbI6YkOLgTyzHBPoV,10586,shell,0.4628900289535522,-12505.031916374212,-7974.861752240007,-4411.489115509515,-118.68104862469136,7,5.0,2253
pres_Ep1tbI6YkOLgTyzHBPoV,11326,contact,3.477293968200684,-12505.031916374212,-7974.861752240007,-4411.489115509515,-118.68104862469136,7,5.0,2253
pres_Ep1tbI6YkOLgTyzHBPoV,14247,contact,12.589394569396973,-12505.031916374212,-7974.861752240007,-4411.489115509515,-118.68104862469136,7,5.0,2253
pres_EuJbSZ5IhXHXpu7aSwOa,233,contact,11.43360996246338,-10258.031056410153,-7914.402203622722,-2039.575242283401,-304.0536105040276,13,5.0,1863
pres_EuJbSZ5IhXHXpu7aSwOa,1707,contact,1.2970802783966064,-10258.031056410153,-7914.402203622722,-2039.575242283401,-304.0536105040276,13,5.0,1863
pres_EuJbSZ5IhXHXpu7aSwOa,10586,shell,0.4066144227981567,-10258.031056410153,-7914.402203622722,-2039.575242283401,-304.0536105040276,13,5.0,1863
pres_EuJbSZ5IhXHXpu7aSwOa,11326,contact,6.600862979888916,-10258.031056410153,-7914.402203622722,-2039.575242283401,-304.0536105040276,13,5.0,1863
pres_EuJbSZ5IhXHXpu7aSwOa,14247,contact,14.597211837768556,-10258.031056410153,-7914.402203622722,-2039.575242283401,-304.0536105040276,13,5.0,1863
pres_F1HNu2zGWOHgivEvDBpI,11326,contact,2.58700966835022,-12975.316188799909,-7997.885863073102,-4813.752976117209,-163.6773496095957,17,5.0,2516
pres_F6WQWvj0gUU93EGsmCD1,11326,contact,2.777014970779419,-13485.021779704262,-7987.862536462768,-5329.254760593774,-167.90448264772022,9,5.0,2925
pres_FMKF76tNkfFuiISUriy7,233,contact,7.49072790145874,-11455.431586101586,-7911.258670587641,-3439.364340997017,-104.80857451692782,9,5.0,1627
pres_FMKF76tNkfFuiISUriy7,1707,contact,1.0076189041137695,-11455.431586101586,-7911.258670587641,-3439.364340997017,-104.80857451692782,9,5.0,1627
pres_FMKF76tNkfFuiISUriy7,11326,shell,5.3481764793396,-11455.431586101586,-7911.258670587641,-3439.364340997017,-104.80857451692782,9,5.0,1627
pres_FMKF76tNkfFuiISUriy7,14247,contact,11.33833122253418,-11455.431586101586,-7911.258670587641,-3439.364340997017,-104.80857451692782,9,5.0,1627
pres_FPEme1UHfcj7BRyetpJL,233,contact,6.809943199157715,-12829.536625328232,-7937.702039487519,-4680.251784454093,-211.5828013866203,17,5.0,2629
pres_FPEme1UHfcj7BRyetpJL,1707,contact,1.4548518657684326,-12829.536625328232,-7937.702039487519,-4680.251784454093,-211.5828013866203,17,5.0,2629
pres_FPEme1UHfcj7BRyetpJL,4657,contact,1.0024569034576416,-12829.536625328232,-7937.702039487519,-4680.251784454093,-211.5828013866203,17,5.0,2629
pres_FPEme1UHfcj7BRyetpJL,11326,contact,3.524110794067383,-12829.536625328232,-7937.702039487519,-4680.251784454093,-211.5828013866203,17,5.0,2629
pres_FPEme1UHfcj7BRyetpJL,14247,contact,12.609594345092772,-12829.536625328232,-7937.702039487519,-4680.251784454093,-211.5828013866203,17,5.0,2629
pres_FWRrFG9wudV3t0IAVdgw,233,contact,5.967780590057373,-14160.072371985818,-7946.231119420434,-6085.553842592783,-128.28740997260138,6,5.0,2678
pres_FWRrFG9wudV3t0IAVdgw,1707,contact,1.0134174823760986,-14160.072371985818,-7946.231119420434,-6085.553842592783,-128.28740997260138,6,5.0,2678
pres_FWRrFG9wudV3t0IAVdgw,11326,contact,2.146634817123413,-14160.072371985818,-7946.231119420434,-6085.553842592783,-128.28740997260138,6,5.0,2678
pres_FWRrFG9wudV3t0IAVdgw,14247,contact,11.438806533813477,-14160.072371985818,-7946.231119420434,-6085.553842592783,-128.28740997260138,6,5.0,2678
pres_FXhEDm8DerPQ51JlzwB4,233,contact,6.8000922203063965,-11623.995906826607,-7978.827834514129,-3496.032236935515,-149.13583537696513,10,5.0,1905
pres_FXhEDm8DerPQ51JlzwB4,1707,contact,0.8589619994163513,-11623.995906826607,-7978.827834514129,-3496.032236935515,-149.13583537696513,10,5.0,1905
pres_FXhEDm8DerPQ51JlzwB4,10586,shell,0.5232411623001099,-11623.995906826607,-7978.827834514129,-3496.032236935515,-149.13583537696513,10,5.0,1905
pres_FXhEDm8DerPQ51JlzwB4,11326,contact,5.415140628814697,-11623.995906826607,-7978.827834514129,-3496.032236935515,-149.13583537696513,10,5.0,1905
pres_FXhEDm8DerPQ51JlzwB4,14247,contact,10.512572288513184,-11623.995906826607,-7978.827834514129,-3496.032236935515,-149.13583537696513,10,5.0,1905
pres_FcjKklY4w61FFcOu9Y6f,233,contact,8.779400825500488,-10500.408247229583,-7927.130545474285,-2427.699012267873,-145.5786894874268,13,5.0,1578
pres_FcjKklY4w61FFcOu9Y6f,1707,contact,1.1258225440979004,-10500.408247229583,-7927.130545474285,-2427.699012267873,-145.5786894874268,13,5.0,1578
pres_FcjKklY4w61FFcOu9Y6f,4657,contact,1.107118844985962,-10500.408247229583,-7927.130545474285,-2427.699012267873,-145.5786894874268,13,5.0,1578
pres_FcjKklY4w61FFcOu9Y6f,11326,contact,5.407823085784912,-10500.408247229583,-7927.130545474285,-2427.699012267873,-145.5786894874268,13,5.0,1578
pres_FcjKklY4w61FFcOu9Y6f,14247,contact,12.777727127075195,-10500.408247229583,-7927.130545474285,-2427.699012267873,-145.5786894874268,13,5.0,1578
pres_G2dHCK8sTxD7IZLPBI4k,233,contact,6.068044185638428,-14576.671886087448,-7908.49781818808,-6600.205616928613,-67.96845097075493,8,5.0,2684
pres_G2dHCK8sTxD7IZLPBI4k,1707,contact,1.30143404006958,-14576.671886087448,-7908.49781818808,-6600.205616928613,-67.96845097075493,8,5.0,2684
pres_G2dHCK8sTxD7IZLPBI4k,11326,contact,4.391708850860596,-14576.671886087448,-7908.49781818808,-6600.205616928613,-67.96845097075493,8,5.0,2684
pres_G2dHCK8sTxD7IZLPBI4k,14247,contact,13.675004959106444,-14576.671886087448,-7908.49781818808,-6600.205616928613,-67.96845097075493,8,5.0,2684
pres_G8VwLoOJbwjmfQVCWHWg,2214,shell,0.2806907892227173,-12704.067738387505,-7876.887880228094,-4714.419058374981,-112.76079978442704,8,5.0,2096
pres_G8VwLoOJbwjmfQVCWHWg,11326,shell,3.3699657917022705,-12704.067738387505,-7876.887880228094,-4714.419058374981,-112.76079978442704,8,5.0,2096
pres_GA81mVuMB7BqIzA3fFn6,233,contact,11.584845542907717,-10590.864094257471,-7967.518743815961,-2413.047764153695,-210.2975862878152,14,5.0,1904
pres_GA81mVuMB7BqIzA3fFn6,1707,contact,0.9520396590232848,-10590.864094257471,-7967.518743815961,-2413.047764153695,-210.2975862878152,14,5.0,1904
pres_GA81mVuMB7BqIzA3fFn6,4657,contact,0.5589385032653809,-10590.864094257471,-7967.518743815961,-2413.047764153695,-210.2975862878152,14,5.0,1904
pres_GA81mVuMB7BqIzA3fFn6,11326,contact,4.397232532501221,-10590.864094257471,-7967.518743815961,-2413.047764153695,-210.2975862878152,14,5.0,1904
pres_GA81mVuMB7BqIzA3fFn6,14247,contact,14.259389877319336,-10590.864094257471,-7967.518743815961,-2413.047764153695,-210.2975862878152,14,5.0,1904
pres_GAEN3C0C3i2CcHBCIlMn,233,contact,8.682760238647461,-12689.061400689136,-7929.3355734700335,-4605.87238763471,-153.85343958439353,12,5.0,2438
pres_GAEN3C0C3i2CcHBCIlMn,1707,contact,1.0421700477600098,-12689.061400689136,-7929.3355734700335,-4605.87238763471,-153.85343958439353,12,5.0,2438
pres_GAEN3C0C3i2CcHBCIlMn,11326,contact,7.243896961212158,-12689.061400689136,-7929.3355734700335,-4605.87238763471,-153.85343958439353,12,5.0,2438
pres_GAEN3C0C3i2CcHBCIlMn,12918,shell,0.6610788106918335,-12689.061400689136,-7929.3355734700335,-4605.87238763471,-153.85343958439353,12,5.0,2438
pres_GAEN3C0C3i2CcHBCIlMn,14247,contact,11.816848754882812,-12689.061400689136,-7929.3355734700335,-4605.87238763471,-153.85343958439353,12,5.0,2438
pres_GBvCxZVhPmpcyy4sBvRD,233,contact,6.098423480987549,-11096.22248527325,-7999.087355076148,-2907.049250870424,-190.08587932667888,11,5.0,2099
pres_GBvCxZVhPmpcyy4sBvRD,1707,contact,1.1464228630065918,-11096.22248527325,-7999.087355076148,-2907.049250870424,-190.08587932667888,11,5.0,2099
pres_GBvCxZVhPmpcyy4sBvRD,11326,contact,6.523813247680664,-11096.22248527325,-7999.087355076148,-2907.049250870424,-190.08587932667888,11,5.0,2099
pres_GBvCxZVhPmpcyy4sBvRD,14247,contact,13.726428031921388,-11096.22248527325,-7999.087355076148,-2907.049250870424,-190.08587932667888,11,5.0,2099
pres_GCvbomVlnRAkFcDydBZR,1707,shell,0.9479841589927672,-13514.113564492853,-7945.722878128755,-5427.337781818175,-141.0529045459225,12,5.0,2659
pres_GCvbomVlnRAkFcDydBZR,6869,contact,0.8480907678604126,-13514.113564492853,-7945.722878128755,-5427.337781818175,-141.0529045459225,12,5.0,2659
pres_GCvbomVlnRAkFcDydBZR,11326,contact,5.027836799621582,-13514.113564492853,-7945.722878128755,-5427.337781818175,-141.0529045459225,12,5.0,2659
pres_GCvbomVlnRAkFcDydBZR,14247,shell,3.140629768371582,-13514.113564492853,-7945.722878128755,-5427.337781818175,-141.0529045459225,12,5.0,2659
pres_GKxb8exl3OfEcHT6Atbo,233,contact,6.994943141937256,-13116.772341969028,-7981.158177896311,-4936.404300892299,-199.20986318041832,12,5.0,2883
pres_GKxb8exl3OfEcHT6Atbo,1707,contact,1.0443522930145264,-13116.772341969028,-7981.158177896311,-4936.404300892299,-199.20986318041832,12,5.0,2883
pres_GKxb8exl3OfEcHT6Atbo,11326,contact,4.7889790534973145,-13116.772341969028,-7981.158177896311,-4936.404300892299,-199.20986318041832,12,5.0,2883
pres_GKxb8exl3OfEcHT6Atbo,12918,contact,0.3999267816543579,-13116.772341969028,-7981.158177896311,-4936.404300892299,-199.20986318041832,12,5.0,2883
pres_GKxb8exl3OfEcHT6Atbo,14247,contact,13.563812255859377,-13116.772341969028,-7981.158177896311,-4936.404300892299,-199.20986318041832,12,5.0,2883
pres_GZUF3PJcXbMAHVtPbFWu,233,contact,7.876646518707275,-10368.927517963995,-7964.77820609624,-2199.2133779822675,-204.93593388548788,13,5.0,1765
pres_GZUF3PJcXbMAHVtPbFWu,1707,contact,0.7396884560585022,-10368.927517963995,-7964.77820609624,-2199.2133779822675,-204.93593388548788,13,5.0,1765
pres_GZUF3PJcXbMAHVtPbFWu,11326,contact,5.20058536529541,-10368.927517963995,-7964.77820609624,-2199.2133779822675,-204.93593388548788,13,5.0,1765
pres_GZUF3PJcXbMAHVtPbFWu,14247,contact,12.386021614074709,-10368.927517963995,-7964.77820609624,-2199.2133779822675,-204.93593388548788,13,5.0,1765
pres_GcBfkFuuPAlpzcfSP3Gt,233,contact,5.736738204956055,-13024.014539735606,-7945.564906820584,-4920.763418141927,-157.68621477309534,12,5.0,2385
pres_GcBfkFuuPAlpzcfSP3Gt,1707,contact,0.9869129061698914,-13024.014539735606,-7945.564906820584,-4920.763418141927,-157.68621477309534,12,5.0,2385
pres_GcBfkFuuPAlpzcfSP3Gt,11326,contact,5.418049812316895,-13024.014539735606,-7945.564906820584,-4920.763418141927,-157.68621477309534,12,5.0,2385
pres_GcBfkFuuPAlpzcfSP3Gt,14247,contact,13.876335144042969,-13024.014539735606,-7945.564906820584,-4920.763418141927,-157.68621477309534,12,5.0,2385
pres_GfNY08VBsQlFbbVDuigU,233,contact,7.283908843994141,-12759.376128545086,-7944.884705532053,-4665.965636811647,-148.52578620138593,11,5.0,2296
pres_GfNY08VBsQlFbbVDuigU,1707,contact,0.708256185054779,-12759.376128545086,-7944.884705532053,-4665.965636811647,-148.52578620138593,11,5.0,2296
pres_GfNY08VBsQlFbbVDuigU,11326,contact,2.8306827545166016,-12759.376128545086,-7944.884705532053,-4665.965636811647,-148.52578620138593,11,5.0,2296
pres_GfNY08VBsQlFbbVDuigU,14247,contact,14.155266761779783,-12759.376128545086,-7944.884705532053,-4665.965636811647,-148.52578620138593,11,5.0,2296
pres_GjnwKFWj2zppuQvKfTM1,233,contact,5.699203014373779,-11802.163617428454,-7988.810835525539,-3631.29118945067,-182.0615924522449,9,5.0,2280
pres_GjnwKFWj2zppuQvKfTM1,1707,contact,1.5107247829437256,-11802.163617428454,-7988.810835525539,-3631.29118945067,-182.0615924522449,9,5.0,2280
pres_GjnwKFWj2zppuQvKfTM1,6073,contact,0.7892827987670898,-11802.163617428454,-7988.810835525539,-3631.29118945067,-182.0615924522449,9,5.0,2280
pres_GjnwKFWj2zppuQvKfTM1,11326,contact,4.6330180168151855,-11802.163617428454,-7988.810835525539,-3631.29118945067,-182.0615924522449,9,5.0,2280
pres_GjnwKFWj2zppuQvKfTM1,14247,contact,12.174033164978027,-11802.163617428454,-7988.810835525539,-3631.29118945067,-182.0615924522449,9,5.0,2280
pres_Gl8c0CCnbbli09xTD8Vp,233,contact,8.478944778442383,-10521.360570488863,-7988.872489397849,-2255.617984836815,-276.87009625420114,21,5.0,1979
pres_Gl8c0CCnbbli09xTD8Vp,1707,contact,1.0630290508270264,-10521.360570488863,-7988.872489397849,-2255.617984836815,-276.87009625420114,21,5.0,1979
pres_Gl8c0CCnbbli09xTD8Vp,4657,contact,0.8029317855834961,-10521.360570488863,-7988.872489397849,-2255.617984836815,-276.87009625420114,21,5.0,1979
pres_Gl8c0CCnbbli09xTD8Vp,11326,contact,5.396420478820801,-10521.360570488863,-7988.872489397849,-2255.617984836815,-276.87009625420114,21,5.0,1979
pres_Gl8c0CCnbbli09xTD8Vp,14247,contact,12.919560432434082,-10521.360570488863,-7988.872489397849,-2255.617984836815,-276.87009625420114,21,5.0,1979
pres_GuG9ImxwwaxLuKHP8kSN,233,contact,6.337389945983887,-14354.945938809307,-7917.922940017092,-6338.923211987226,-98.09978680498898,8,5.0,2596
pres_GuG9ImxwwaxLuKHP8kSN,1707,contact,1.2486560344696045,-14354.945938809307,-7917.922940017092,-6338.923211987226,-98.09978680498898,8,5.0,2596
pres_GuG9ImxwwaxLuKHP8kSN,11326,contact,4.709272384643555,-14354.945938809307,-7917.922940017092,-6338.923211987226,-98.09978680498898,8,5.0,2596
pres_GuG9ImxwwaxLuKHP8kSN,14247,contact,13.404595375061035,-14354.945938809307,-7917.922940017092,-6338.923211987226,-98.09978680498898,8,5.0,2596
pres_H9IgOsWOaCwOix7XiFTj,233,shell,1.704554557800293,-12321.67438369443,-7984.044451471579,-4232.973013661563,-104.65691856128797,7,5.0,2291
pres_H9IgOsWOaCwOix7XiFTj,1707,shell,1.37111234664917,-12321.67438369443,-7984.044451471579,-4232.973013661563,-104.65691856128797,7,5.0,2291
pres_H9IgOsWOaCwOix7XiFTj,11326,contact,3.0796942710876465,-12321.67438369443,-7984.044451471579,-4232.973013661563,-104.65691856128797,7,5.0,2291
pres_H9IgOsWOaCwOix7XiFTj,14247,contact,11.263297080993652,-12321.67438369443,-7984.044451471579,-4232.973013661563,-104.65691856128797,7,5.0,2291
pres_HDdhOlHlHohQpVO4JKcc,4657,contact,1.0848331451416016,-13311.939530237663,-7988.241815946151,-5168.579896166374,-155.11781812513982,9,5.0,2558
pres_HDdhOlHlHohQpVO4JKcc,11326,shell,3.156435012817383,-13311.939530237663,-7988.241815946151,-5168.579896166374,-155.11781812513982,9,5.0,2558
pres_HUNfzp9p6pMfmu12zrUP,233,contact,13.739557266235352,-11350.979386974655,-7939.370837942351,-3158.2311292404656,-253.3774197918383,25,5.0,2065
pres_HUNfzp9p6pMfmu12zrUP,1707,contact,1.248142957687378,-11350.979386974655,-7939.370837942351,-3158.2311292404656,-253.3774197918383,25,5.0,2065
pres_HUNfzp9p6pMfmu12zrUP,11326,contact,4.755918502807617,-11350.979386974655,-7939.370837942351,-3158.2311292404656,-253.3774197918383,25,5.0,2065
pres_HUNfzp9p6pMfmu12zrUP,14247,contact,13.010814666748049,-11350.979386974655,-7939.370837942351,-3158.2311292404656,-253.3774197918383,25,5.0,2065
pres_HWLXgQhHUabFy3BJQLmZ,233,contact,5.4695305824279785,-12577.334074358092,-7968.075778263182,-4399.651074127128,-209.6072219677826,11,5.0,2402
pres_HWLXgQhHUabFy3BJQLmZ,11326,contact,4.552232265472412,-12577.334074358092,-7968.075778263182,-4399.651074127128,-209.6072219677826,11,5.0,2402
pres_HWLXgQhHUabFy3BJQLmZ,14247,contact,11.694342613220217,-12577.334074358092,-7968.075778263182,-4399.651074127128,-209.6072219677826,11,5.0,2402
pres_Haf031wHs8gIFhFT2Uwa,233,contact,8.67161750793457,-14029.657822868285,-7955.765863247777,-5889.480076159573,-184.4118834609326,12,5.0,2790
pres_Haf031wHs8gIFhFT2Uwa,1707,contact,1.4367859363555908,-14029.657822868285,-7955.765863247777,-5889.480076159573,-184.4118834609326,12,5.0,2790
pres_Haf031wHs8gIFhFT2Uwa,6869,shell,5.460555076599121,-14029.657822868285,-7955.765863247777,-5889.480076159573,-184.4118834609326,12,5.0,2790
pres_Haf031wHs8gIFhFT2Uwa,11326,contact,6.604421615600586,-14029.657822868285,-7955.765863247777,-5889.480076159573,-184.4118834609326,12,5.0,2790
pres_Haf031wHs8gIFhFT2Uwa,14247,contact,12.646933555603027,-14029.657822868285,-7955.765863247777,-5889.480076159573,-184.4118834609326,12,5.0,2790
pres_HuqENrp7a8FEFfKtUzlC,233,contact,3.3508994579315186,-13785.93494145746,-7961.83981874418,-5689.251004105494,-134.8441186077871,10,5.0,2766
pres_HuqENrp7a8FEFfKtUzlC,1707,contact,1.931123971939087,-13785.93494145746,-7961.83981874418,-5689.251004105494,-134.8441186077871,10,5.0,2766
pres_HuqENrp7a8FEFfKtUzlC,11326,contact,5.60042142868042,-13785.93494145746,-7961.83981874418,-5689.251004105494,-134.8441186077871,10,5.0,2766
pres_HuqENrp7a8FEFfKtUzlC,12918,contact,0.4587925672531128,-13785.93494145746,-7961.83981874418,-5689.251004105494,-134.8441186077871,10,5.0,2766
pres_HuqENrp7a8FEFfKtUzlC,14247,contact,13.716818809509276,-13785.93494145746,-7961.83981874418,-5689.251004105494,-134.8441186077871,10,5.0,2766
pres_IIQKAmqBgYw6hhQcIUmu,233,contact,9.43523120880127,-10461.044294649051,-8026.304166130909,-2203.796907512503,-230.94322100564116,7,5.0,2025
pres_IIQKAmqBgYw6hhQcIUmu,1707,contact,1.4333720207214355,-10461.044294649051,-8026.304166130909,-2203.796907512503,-230.94322100564116,7,5.0,2025
pres_IIQKAmqBgYw6hhQcIUmu,4657,contact,0.7206854820251465,-10461.044294649051,-8026.304166130909,-2203.796907512503,-230.94322100564116,7,5.0,2025
pres_IIQKAmqBgYw6hhQcIUmu,11326,contact,6.557220458984375,-10461.044294649051,-8026.304166130909,-2203.796907512503,-230.94322100564116,7,5.0,2025
pres_IIQKAmqBgYw6hhQcIUmu,14247,contact,13.657119750976562,-10461.044294649051,-8026.304166130909,-2203.796907512503,-230.94322100564116,7,5.0,2025
pres_IIv7kdHQu1WMYaiZlTkq,233,contact,6.935812473297119,-13084.91644735463,-7921.244464947959,-4941.53410140831,-222.13788099836077,26,5.0,2521
pres_IIv7kdHQu1WMYaiZlTkq,1707,contact,1.1143338680267334,-13084.91644735463,-7921.244464947959,-4941.53410140831,-222.13788099836077,26,5.0,2521
pres_IIv7kdHQu1WMYaiZlTkq,10586,shell,0.9064561128616332,-13084.91644735463,-7921.244464947959,-4941.53410140831,-222.13788099836077,26,5.0,2521
pres_IIv7kdHQu1WMYaiZlTkq,11326,contact,4.060798645019531,-13084.91644735463,-7921.244464947959,-4941.53410140831,-222.13788099836077,26,5.0,2521
pres_IIv7kdHQu1WMYaiZlTkq,14247,contact,12.4121732711792,-13084.91644735463,-7921.244464947959,-4941.53410140831,-222.13788099836077,26,5.0,2521
pres_IKVefzpDovXAJZ1c74CF,233,contact,5.883824348449707,-12950.875920935114,-7952.445262240843,-4915.638595980367,-82.79206271390376,5,5.0,2167
pres_IKVefzpDovXAJZ1c74CF,1707,contact,0.8715367913246155,-12950.875920935114,-7952.445262240843,-4915.638595980367,-82.79206271390376,5,5.0,2167
pres_IKVefzpDovXAJZ1c74CF,11326,contact,5.370529174804688,-12950.875920935114,-7952.445262240843,-4915.638595980367,-82.79206271390376,5,5.0,2167
pres_IKVefzpDovXAJZ1c74CF,14247,contact,13.91423511505127,-12950.875920935114,-7952.445262240843,-4915.638595980367,-82.79206271390376,5,5.0,2167
pres_IKZFmWQd8RyUiX6iq97a,233,contact,6.224503040313721,-11620.712337881288,-7969.790893389482,-3534.1781964789816,-116.74324801282272,10,5.0,1723
pres_IKZFmWQd8RyUiX6iq97a,1707,contact,1.2384591102600098,-11620.712337881288,-7969.790893389482,-3534.1781964789816,-116.74324801282272,10,5.0,1723
pres_IKZFmWQd8RyUiX6iq97a,11326,contact,1.865268349647522,-11620.712337881288,-7969.790893389482,-3534.1781964789816,-116.74324801282272,10,5.0,1723
pres_IKZFmWQd8RyUiX6iq97a,12918,shell,0.5146993398666382,-11620.712337881288,-7969.790893389482,-3534.1781964789816,-116.74324801282272,10,5.0,1723
pres_IKZFmWQd8RyUiX6iq97a,14247,contact,14.470900535583496,-11620.712337881288,-7969.790893389482,-3534.1781964789816,-116.74324801282272,10,5.0,1723
pres_INZnInvNuVeHtcSIk5fu,233,contact,10.17722988128662,-10477.852852501595,-8011.759430919437,-2271.7310010301303,-194.3624205520296,10,5.0,1607
pres_INZnInvNuVeHtcSIk5fu,1707,contact,0.7976638674736023,-10477.852852501595,-8011.759430919437,-2271.7310010301303,-194.3624205520296,10,5.0,1607
pres_INZnInvNuVeHtcSIk5fu,6073,contact,1.4861478805541992,-10477.852852501595,-8011.759430919437,-2271.7310010301303,-194.3624205520296,10,5.0,1607
pres_INZnInvNuVeHtcSIk5fu,11326,contact,5.661159515380859,-10477.852852501595,-8011.759430919437,-2271.7310010301303,-194.3624205520296,10,5.0,1607
pres_INZnInvNuVeHtcSIk5fu,14247,contact,11.167168617248535,-10477.852852501595,-8011.759430919437,-2271.7310010301303,-194.3624205520296,10,5.0,1607
pres_IWIYFqvSLsTKeYe9ushr,233,contact,6.1761345863342285,-12321.252073875565,-7959.230044279692,-4161.628045949744,-200.39398364612865,9,5.0,2350
pres_IWIYFqvSLsTKeYe9ushr,1707,contact,1.3155970573425293,-12321.252073875565,-7959.230044279692,-4161.628045949744,-200.39398364612865,9,5.0,2350
pres_IWIYFqvSLsTKeYe9ushr,11326,contact,6.295174598693848,-12321.252073875565,-7959.230044279692,-4161.628045949744,-200.39398364612865,9,5.0,2350
pres_IWIYFqvSLsTKeYe9ushr,12918,shell,0.5169707536697388,-12321.252073875565,-7959.230044279692,-4161.628045949744,-200.39398364612865,9,5.0,2350
pres_IWIYFqvSLsTKeYe9ushr,14247,contact,12.812692642211914,-12321.252073875565,-7959.230044279692,-4161.628045949744,-200.39398364612865,9,5.0,2350
pres_IXlExSLBHgb1YaZfx6L0,233,contact,5.6257171630859375,-12752.569438830596,-7993.525013513936,-4514.046694009348,-244.99773130731228,16,5.0,2869
pres_IXlExSLBHgb1YaZfx6L0,1707,contact,2.018182277679444,-12752.569438830596,-7993.525013513936,-4514.046694009348,-244.99773130731228,16,5.0,2869
pres_IXlExSLBHgb1YaZfx6L0,4657,contact,0.6566469669342041,-12752.569438830596,-7993.525013513936,-4514.046694009348,-244.99773130731228,16,5.0,2869
pres_IXlExSLBHgb1YaZfx6L0,11326,contact,3.5779428482055664,-12752.569438830596,-7993.525013513936,-4514.046694009348,-244.99773130731228,16,5.0,2869
pres_IXlExSLBHgb1YaZfx6L0,14247,contact,12.722015380859377,-12752.569438830596,-7993.525013513936,-4514.046694009348,-244.99773130731228,16,5.0,2869
pres_IdCvISaarLmeRL4maRAQ,233,contact,6.188309669494629,-14250.829850645045,-7930.735473495924,-6142.493581656256,-177.60079549286274,8,5.0,2806
pres_IdCvISaarLmeRL4maRAQ,1707,contact,1.4317948818206787,-14250.829850645045,-7930.735473495924,-6142.493581656256,-177.60079549286274,8,5.0,2806
pres_IdCvISaarLmeRL4maRAQ,11326,contact,6.497189044952393,-14250.829850645045,-7930.735473495924,-6142.493581656256,-177.60079549286274,8,5.0,2806
pres_IdCvISaarLmeRL4maRAQ,14247,contact,12.700701713562012,-14250.829850645045,-7930.735473495924,-6142.493581656256,-177.60079549286274,8,5.0,2806
pres_IeA6ZILxa6dskHbYXU39,233,contact,9.837486267089844,-13632.883112785086,-8012.926326650092,-5439.207025825217,-180.74976030977723,11,5.0,2917
pres_IeA6ZILxa6dskHbYXU39,1707,contact,0.7247328162193298,-13632.883112785086,-8012.926326650092,-5439.207025825217,-180.74976030977723,11,5.0,2917
pres_IeA6ZILxa6dskHbYXU39,11326,contact,3.5974926948547363,-13632.883112785086,-8012.926326650092,-5439.207025825217,-180.74976030977723,11,5.0,2917
pres_IeA6ZILxa6dskHbYXU39,12918,shell,0.7294527292251587,-13632.883112785086,-8012.926326650092,-5439.207025825217,-180.74976030977723,11,5.0,2917
pres_IeA6ZILxa6dskHbYXU39,14247,contact,12.587306022644045,-13632.883112785086,-8012.926326650092,-5439.207025825217,-180.74976030977723,11,5.0,2917
pres_Igvwx9D5uNdTaMnU2TJV,233,contact,6.873056411743164,-13084.8310361495,-7973.117358446211,-4983.911456938431,-127.80222076485644,9,5.0,2391
pres_Igvwx9D5uNdTaMnU2TJV,1707,contact,1.0955421924591064,-13084.8310361495,-7973.117358446211,-4983.911456938431,-127.80222076485644,9,5.0,2391
pres_Igvwx9D5uNdTaMnU2TJV,11326,contact,5.356738090515137,-13084.8310361495,-7973.117358446211,-4983.911456938431,-127.80222076485644,9,5.0,2391
pres_Igvwx9D5uNdTaMnU2TJV,14247,contact,12.714320182800291,-13084.8310361495,-7973.117358446211,-4983.911456938431,-127.80222076485644,9,5.0,2391
pres_Ii41pBQivRainvzVoDLr,233,contact,8.323455810546875,-10518.15928686357,-7955.749591934542,-2408.899468011353,-153.51022691767594,11,5.0,1537
pres_Ii41pBQivRainvzVoDLr,1707,contact,1.1241869926452637,-10518.15928686357,-7955.749591934542,-2408.899468011353,-153.51022691767594,11,5.0,1537
pres_Ii41pBQivRainvzVoDLr,11326,contact,4.211194038391113,-10518.15928686357,-7955.749591934542,-2408.899468011353,-153.51022691767594,11,5.0,1537
pres_Ii41pBQivRainvzVoDLr,14247,contact,13.070162773132324,-10518.15928686357,-7955.749591934542,-2408.899468011353,-153.51022691767594,11,5.0,1537
pres_Iq7bbYVZZk6Y8FxTkdR5,233,contact,6.963850975036621,-10438.356886298228,-7919.180840709148,-2297.0492614651,-222.12678412397872,11,5.0,1781
pres_Iq7bbYVZZk6Y8FxTkdR5,1707,contact,2.2657601833343506,-10438.356886298228,-7919.180840709148,-2297.0492614651,-222.12678412397872,11,5.0,1781
pres_Iq7bbYVZZk6Y8FxTkdR5,10586,shell,1.4076281785964966,-10438.356886298228,-7919.180840709148,-2297.0492614651,-222.12678412397872,11,5.0,1781
pres_Iq7bbYVZZk6Y8FxTkdR5,11326,contact,3.33718490600586,-10438.356886298228,-7919.180840709148,-2297.0492614651,-222.12678412397872,11,5.0,1781
pres_Iq7bbYVZZk6Y8FxTkdR5,14247,contact,16.500707626342773,-10438.356886298228,-7919.180840709148,-2297.0492614651,-222.12678412397872,11,5.0,1781
pres_Iz6rK9JJ1tlLTsi6RbfI,233,contact,6.755971908569336,-10922.98634124863,-8005.093106973089,-2690.72216473709,-227.1710695384513,10,5.0,1792
pres_Iz6rK9JJ1tlLTsi6RbfI,1707,contact,1.464303493499756,-10922.98634124863,-8005.093106973089,-2690.72216473709,-227.1710695384513,10,5.0,1792
pres_Iz6rK9JJ1tlLTsi6RbfI,6073,contact,0.9551653861999512,-10922.98634124863,-8005.093106973089,-2690.72216473709,-227.1710695384513,10,5.0,1792
pres_Iz6rK9JJ1tlLTsi6RbfI,11326,contact,3.519287109375,-10922.98634124863,-8005.093106973089,-2690.72216473709,-227.1710695384513,10,5.0,1792
pres_Iz6rK9JJ1tlLTsi6RbfI,14247,contact,12.624032974243164,-10922.98634124863,-8005.093106973089,-2690.72216473709,-227.1710695384513,10,5.0,1792
pres_JB86g24Li1k4vq0RhZmX,233,contact,8.54384708404541,-11264.050713178804,-7927.231883458202,-3127.6421683541416,-209.17666136646176,13,5.0,2043
pres_JB86g24Li1k4vq0RhZmX,1707,contact,0.9713816046714784,-11264.050713178804,-7927.231883458202,-3127.6421683541416,-209.17666136646176,13,5.0,2043
pres_JB86g24Li1k4vq0RhZmX,11326,contact,4.643743991851807,-11264.050713178804,-7927.231883458202,-3127.6421683541416,-209.17666136646176,13,5.0,2043
pres_JB86g24Li1k4vq0RhZmX,14247,contact,12.741534233093262,-11264.050713178804,-7927.231883458202,-3127.6421683541416,-209.17666136646176,13,5.0,2043
pres_JCq2r1vQnbShPdqTkAjm,233,contact,4.997966766357422,-13171.85153256215,-7956.301880320888,-5051.817702143144,-163.73195009811843,13,5.0,2652
pres_JCq2r1vQnbShPdqTkAjm,1707,shell,0.7650761008262634,-13171.85153256215,-7956.301880320888,-5051.817702143144,-163.73195009811843,13,5.0,2652
pres_JCq2r1vQnbShPdqTkAjm,11326,contact,5.271223545074463,-13171.85153256215,-7956.301880320888,-5051.817702143144,-163.73195009811843,13,5.0,2652
pres_JCq2r1vQnbShPdqTkAjm,14247,contact,13.698534965515137,-13171.85153256215,-7956.301880320888,-5051.817702143144,-163.73195009811843,13,5.0,2652
pres_JKSAKvueW00GY46F1714,1707,contact,1.540234088897705,-13385.552066941143,-7943.81791130196,-5208.364538787748,-233.36961685143612,12,5.0,2861
pres_JKSAKvueW00GY46F1714,2214,shell,0.3927932977676391,-13385.552066941143,-7943.81791130196,-5208.364538787748,-233.36961685143612,12,5.0,2861
pres_JKSAKvueW00GY46F1714,11326,contact,6.152995586395264,-13385.552066941143,-7943.81791130196,-5208.364538787748,-233.36961685143612,12,5.0,2861
pres_JKSAKvueW00GY46F1714,14247,contact,11.136900901794434,-13385.552066941143,-7943.81791130196,-5208.364538787748,-233.36961685143612,12,5.0,2861
pres_JUzdNMpPqhMwb5Zz0R2Z,233,contact,8.052167892456055,-10616.849749152663,-7954.896851242439,-2430.904438224016,-231.0484596862102,19,5.0,1734
pres_JUzdNMpPqhMwb5Zz0R2Z,1707,contact,1.0161843299865725,-10616.849749152663,-7954.896851242439,-2430.904438224016,-231.0484596862102,19,5.0,1734
pres_JUzdNMpPqhMwb5Zz0R2Z,4657,contact,0.6099910736083984,-10616.849749152663,-7954.896851242439,-2430.904438224016,-231.0484596862102,19,5.0,1734
pres_JUzdNMpPqhMwb5Zz0R2Z,11326,contact,3.649180412292481,-10616.849749152663,-7954.896851242439,-2430.904438224016,-231.0484596862102,19,5.0,1734
pres_JUzdNMpPqhMwb5Zz0R2Z,14247,contact,13.59530258178711,-10616.849749152663,-7954.896851242439,-2430.904438224016,-231.0484596862102,19,5.0,1734
pres_JYniqYT9hXXkKO5kkBtl,233,contact,5.9366455078125,-11385.810206801953,-7929.000731725135,-3282.6114463442877,-174.19802873253047,6,5.0,1884
pres_JYniqYT9hXXkKO5kkBtl,1707,contact,0.9091052412986756,-11385.810206801953,-7929.000731725135,-3282.6114463442877,-174.19802873253047,6,5.0,1884
pres_JYniqYT9hXXkKO5kkBtl,11326,contact,3.1019911766052246,-11385.810206801953,-7929.000731725135,-3282.6114463442877,-174.19802873253047,6,5.0,1884
pres_JYniqYT9hXXkKO5kkBtl,14247,contact,14.61587619781494,-11385.810206801953,-7929.000731725135,-3282.6114463442877,-174.19802873253047,6,5.0,1884
pres_Jb2bJwPHPZFAnTbwGxEA,233,contact,6.865654945373535,-12701.384822085554,-7946.281348423776,-4579.099796925343,-176.0036767364354,7,5.0,2400
pres_Jb2bJwPHPZFAnTbwGxEA,1707,contact,0.6411702036857605,-12701.384822085554,-7946.281348423776,-4579.099796925343,-176.0036767364354,7,5.0,2400
pres_Jb2bJwPHPZFAnTbwGxEA,6073,contact,0.3534469604492187,-12701.384822085554,-7946.281348423776,-4579.099796925343,-176.0036767364354,7,5.0,2400
pres_Jb2bJwPHPZFAnTbwGxEA,11326,contact,3.2395055294036865,-12701.384822085554,-7946.281348423776,-4579.099796925343,-176.0036767364354,7,5.0,2400
pres_Jb2bJwPHPZFAnTbwGxEA,14247,contact,14.000150680541992,-12701.384822085554,-7946.281348423776,-4579.099796925343,-176.0036767364354,7,5.0,2400
pres_JdfgBHdi1darw16ANEqZ,233,contact,4.888277530670166,-12648.377329768751,-7968.446547354434,-4649.089833257929,-30.84094915638798,7,5.0,1877
pres_JdfgBHdi1darw16ANEqZ,1707,contact,1.7641077041625977,-12648.377329768751,-7968.446547354434,-4649.089833257929,-30.84094915638798,7,5.0,1877
pres_JdfgBHdi1darw16ANEqZ,11326,contact,4.54303503036499,-12648.377329768751,-7968.446547354434,-4649.089833257929,-30.84094915638798,7,5.0,1877
pres_JdfgBHdi1darw16ANEqZ,14247,contact,10.921116828918455,-12648.377329768751,-7968.446547354434,-4649.089833257929,-30.84094915638798,7,5.0,1877
pres_Jlk2OXlUVnKfrH5GB6N6,233,contact,4.9280195236206055,-10827.27544468441,-7958.40369102253,-2727.235619708507,-141.6361339533728,12,5.0,1610
pres_Jlk2OXlUVnKfrH5GB6N6,1707,contact,0.7629755139350891,-10827.27544468441,-7958.40369102253,-2727.235619708507,-141.6361339533728,12,5.0,1610
pres_Jlk2OXlUVnKfrH5GB6N6,11326,contact,4.217500686645508,-10827.27544468441,-7958.40369102253,-2727.235619708507,-141.6361339533728,12,5.0,1610
pres_Jlk2OXlUVnKfrH5GB6N6,14247,contact,13.31001091003418,-10827.27544468441,-7958.40369102253,-2727.235619708507,-141.6361339533728,12,5.0,1610
pres_JoXoHEo5mGrt9pMLqRxF,233,contact,6.158790588378906,-12492.325557193077,-7936.5143243062,-4332.308527707305,-223.50270517957145,10,5.0,2409
pres_JoXoHEo5mGrt9pMLqRxF,1707,contact,0.9132006764411926,-12492.325557193077,-7936.5143243062,-4332.308527707305,-223.50270517957145,10,5.0,2409
pres_JoXoHEo5mGrt9pMLqRxF,11326,contact,5.959531784057617,-12492.325557193077,-7936.5143243062,-4332.308527707305,-223.50270517957145,10,5.0,2409
pres_JoXoHEo5mGrt9pMLqRxF,14247,contact,13.523683547973633,-12492.325557193077,-7936.5143243062,-4332.308527707305,-223.50270517957145,10,5.0,2409
pres_JrspHSQMW1wn87BjTLhC,233,contact,5.693640232086182,-14534.897974795496,-8004.558776049472,-6350.665239082874,-179.6739596631487,11,5.0,2963
pres_JrspHSQMW1wn87BjTLhC,1707,contact,6.0478620529174805,-14534.897974795496,-8004.558776049472,-6350.665239082874,-179.6739596631487,11,5.0,2963
pres_JrspHSQMW1wn87BjTLhC,11326,contact,4.249639987945557,-14534.897974795496,-8004.558776049472,-6350.665239082874,-179.6739596631487,11,5.0,2963
pres_JrspHSQMW1wn87BjTLhC,14247,contact,8.990764617919922,-14534.897974795496,-8004.558776049472,-6350.665239082874,-179.6739596631487,11,5.0,2963
pres_JucP3BEzKayJLs4X63Pj,10586,contact,0.8489776849746704,-13560.891541747767,-7944.345003979877,-5390.234805171329,-226.3117325965613,11,5.0,3256
pres_JucP3BEzKayJLs4X63Pj,11326,contact,4.142164707183838,-13560.891541747767,-7944.345003979877,-5390.234805171329,-226.3117325965613,11,5.0,3256
pres_JyYcw0vRdweyhH4FKdHl,233,contact,8.015924453735352,-11365.570641964054,-8018.700697358114,-3209.496848174677,-137.3730964312631,12,5.0,1808
pres_JyYcw0vRdweyhH4FKdHl,1707,contact,1.0337774753570557,-11365.570641964054,-8018.700697358114,-3209.496848174677,-137.3730964312631,12,5.0,1808
pres_JyYcw0vRdweyhH4FKdHl,11326,contact,6.052509784698486,-11365.570641964054,-8018.700697358114,-3209.496848174677,-137.3730964312631,12,5.0,1808
pres_JyYcw0vRdweyhH4FKdHl,14247,contact,12.499321937561035,-11365.570641964054,-8018.700697358114,-3209.496848174677,-137.3730964312631,12,5.0,1808
pres_K0ugTam7DtL9VujwiHJ4,233,shell,5.798951625823975,-13826.098351686967,-8027.298538106564,-5710.785508901857,-88.01430467854698,11,5.0,2549
pres_K0ugTam7DtL9VujwiHJ4,1707,contact,0.7508131861686707,-13826.098351686967,-8027.298538106564,-5710.785508901857,-88.01430467854698,11,5.0,2549
pres_K0ugTam7DtL9VujwiHJ4,6869,shell,0.804294228553772,-13826.098351686967,-8027.298538106564,-5710.785508901857,-88.01430467854698,11,5.0,2549
pres_K0ugTam7DtL9VujwiHJ4,11326,shell,5.551705837249756,-13826.098351686967,-8027.298538106564,-5710.785508901857,-88.01430467854698,11,5.0,2549
pres_K0ugTam7DtL9VujwiHJ4,14247,contact,12.10396671295166,-13826.098351686967,-8027.298538106564,-5710.785508901857,-88.01430467854698,11,5.0,2549
pres_K3lNA2stkWQVuehI3Nh4,233,contact,8.777775764465332,-10483.04864584235,-7976.197765639255,-2282.6961621612286,-224.1547180418652,12,5.0,1615
pres_K3lNA2stkWQVuehI3Nh4,1707,shell,0.7654326558113098,-10483.04864584235,-7976.197765639255,-2282.6961621612286,-224.1547180418652,12,5.0,1615
pres_K3lNA2stkWQVuehI3Nh4,11326,shell,3.564926862716675,-10483.04864584235,-7976.197765639255,-2282.6961621612286,-224.1547180418652,12,5.0,1615
pres_K3lNA2stkWQVuehI3Nh4,14247,contact,12.240727424621582,-10483.04864584235,-7976.197765639255,-2282.6961621612286,-224.1547180418652,12,5.0,1615
pres_KBN0pKaaddsRqPtkpPJv,233,contact,7.197020053863525,-10752.51870422546,-7963.006758147205,-2643.6820828064333,-145.82986327182198,8,5.0,1523
pres_KBN0pKaaddsRqPtkpPJv,1707,shell,0.6370072960853577,-10752.51870422546,-7963.006758147205,-2643.6820828064333,-145.82986327182198,8,5.0,1523
pres_KBN0pKaaddsRqPtkpPJv,6073,contact,0.6805739402770996,-10752.51870422546,-7963.006758147205,-2643.6820828064333,-145.82986327182198,8,5.0,1523
pres_KBN0pKaaddsRqPtkpPJv,11326,contact,5.304910659790039,-10752.51870422546,-7963.006758147205,-2643.6820828064333,-145.82986327182198,8,5.0,1523
pres_KBN0pKaaddsRqPtkpPJv,14247,contact,11.377707481384276,-10752.51870422546,-7963.006758147205,-2643.6820828064333,-145.82986327182198,8,5.0,1523
pres_KFfgpH8T9MGqEYNbj738,1707,contact,0.9965793490409852,-13622.115705448665,-7852.767006649436,-5497.536128324263,-271.8125704749664,20,5.0,2909
pres_KFfgpH8T9MGqEYNbj738,10586,shell,0.4587739706039428,-13622.115705448665,-7852.767006649436,-5497.536128324263,-271.8125704749664,20,5.0,2909
pres_KFfgpH8T9MGqEYNbj738,11326,contact,3.140077590942383,-13622.115705448665,-7852.767006649436,-5497.536128324263,-271.8125704749664,20,5.0,2909
pres_KFfgpH8T9MGqEYNbj738,14247,contact,2.669809341430664,-13622.115705448665,-7852.767006649436,-5497.536128324263,-271.8125704749664,20,5.0,2909
pres_KHc2UH4aWf7L2hisQqg3,233,contact,7.295056343078613,-10802.665772612309,-7954.286740648437,-2543.720918902151,-304.6581130617201,19,5.0,1990
pres_KHc2UH4aWf7L2hisQqg3,1707,contact,0.5804868340492249,-10802.665772612309,-7954.286740648437,-2543.720918902151,-304.6581130617201,19,5.0,1990
pres_KHc2UH4aWf7L2hisQqg3,11326,contact,6.646413803100586,-10802.665772612309,-7954.286740648437,-2543.720918902151,-304.6581130617201,19,5.0,1990
pres_KHc2UH4aWf7L2hisQqg3,12918,contact,0.3953720331192016,-10802.665772612309,-7954.286740648437,-2543.720918902151,-304.6581130617201,19,5.0,1990
pres_KHc2UH4aWf7L2hisQqg3,14247,contact,13.223196983337402,-10802.665772612309,-7954.286740648437,-2543.720918902151,-304.6581130617201,19,5.0,1990
pres_KT5bc6uiHqPvguPJ5jZo,233,contact,10.924934387207031,-11007.370237269784,-7946.745518766396,-2683.4874329885183,-377.13728551486975,24,5.0,2218
pres_KT5bc6uiHqPvguPJ5jZo,1707,contact,1.7285635471343994,-11007.370237269784,-7946.745518766396,-2683.4874329885183,-377.13728551486975,24,5.0,2218
pres_KT5bc6uiHqPvguPJ5jZo,4657,contact,0.9328913688659668,-11007.370237269784,-7946.745518766396,-2683.4874329885183,-377.13728551486975,24,5.0,2218
pres_KT5bc6uiHqPvguPJ5jZo,11326,contact,4.1560959815979,-11007.370237269784,-7946.745518766396,-2683.4874329885183,-377.13728551486975,24,5.0,2218
pres_KT5bc6uiHqPvguPJ5jZo,14247,contact,12.6741304397583,-11007.370237269784,-7946.745518766396,-2683.4874329885183,-377.13728551486975,24,5.0,2218
pres_KX3QGr45HlUGWkfZB1ee,233,contact,4.564615726470947,-14406.248254575565,-7980.569326584306,-6175.720514242733,-249.95841374852623,15,5.0,3086
pres_KX3QGr45HlUGWkfZB1ee,1707,contact,1.4539759159088137,-14406.248254575565,-7980.569326584306,-6175.720514242733,-249.95841374852623,15,5.0,3086
pres_KX3QGr45HlUGWkfZB1ee,11326,contact,5.842955589294434,-14406.248254575565,-7980.569326584306,-6175.720514242733,-249.95841374852623,15,5.0,3086
pres_KX3QGr45HlUGWkfZB1ee,14247,contact,14.339253425598145,-14406.248254575565,-7980.569326584306,-6175.720514242733,-249.95841374852623,15,5.0,3086
pres_KXV1mjUdVqdG5kcZm2FD,233,contact,7.756033420562744,-11183.55945948326,-7887.646957596954,-3188.7423829492327,-107.17011893707333,5,5.0,1609
pres_KXV1mjUdVqdG5kcZm2FD,1707,shell,1.405890941619873,-11183.55945948326,-7887.646957596954,-3188.7423829492327,-107.17011893707333,5,5.0,1609
pres_KXV1mjUdVqdG5kcZm2FD,11326,contact,4.221557140350342,-11183.55945948326,-7887.646957596954,-3188.7423829492327,-107.17011893707333,5,5.0,1609
pres_KXV1mjUdVqdG5kcZm2FD,14247,contact,11.85729694366455,-11183.55945948326,-7887.646957596954,-3188.7423829492327,-107.17011893707333,5,5.0,1609
pres_KbFSZ0VDNXjcR5DXlV4a,233,contact,5.213165760040283,-11198.159254335154,-7952.024367704004,-3019.965961311767,-226.1689253193831,18,5.0,2108
pres_KbFSZ0VDNXjcR5DXlV4a,1707,shell,0.9653058648109436,-11198.159254335154,-7952.024367704004,-3019.965961311767,-226.1689253193831,18,5.0,2108
pres_KbFSZ0VDNXjcR5DXlV4a,6073,contact,1.5705411434173584,-11198.159254335154,-7952.024367704004,-3019.965961311767,-226.1689253193831,18,5.0,2108
pres_KbFSZ0VDNXjcR5DXlV4a,11326,contact,4.841427326202393,-11198.159254335154,-7952.024367704004,-3019.965961311767,-226.1689253193831,18,5.0,2108
pres_KbFSZ0VDNXjcR5DXlV4a,14247,contact,7.821960926055908,-11198.159254335154,-7952.024367704004,-3019.965961311767,-226.1689253193831,18,5.0,2108
pres_KdPlAa3eiWkoJ7CxrQB1,233,contact,1.1769005060195925,-13802.747411685928,-7902.296601958215,-5648.331548515358,-252.119261212355,18,5.0,3115
pres_KdPlAa3eiWkoJ7CxrQB1,1707,contact,0.912908136844635,-13802.747411685928,-7902.296601958215,-5648.331548515358,-252.119261212355,18,5.0,3115
pres_KdPlAa3eiWkoJ7CxrQB1,11326,contact,6.757333278656006,-13802.747411685928,-7902.296601958215,-5648.331548515358,-252.119261212355,18,5.0,3115
pres_KdPlAa3eiWkoJ7CxrQB1,12918,shell,0.8395243883132935,-13802.747411685928,-7902.296601958215,-5648.331548515358,-252.119261212355,18,5.0,3115
pres_KdPlAa3eiWkoJ7CxrQB1,14247,contact,12.112669944763184,-13802.747411685928,-7902.296601958215,-5648.331548515358,-252.119261212355,18,5.0,3115
pres_KeevG2RHZXeKALTEjOYf,233,contact,6.792232990264893,-12860.82476151836,-7907.013604786753,-4891.396099915557,-62.4150568160494,6,5.0,2097
pres_KeevG2RHZXeKALTEjOYf,1707,shell,0.7912397980690002,-12860.82476151836,-7907.013604786753,-4891.396099915557,-62.4150568160494,6,5.0,2097
pres_KeevG2RHZXeKALTEjOYf,6073,shell,1.6175448894500732,-12860.82476151836,-7907.013604786753,-4891.396099915557,-62.4150568160494,6,5.0,2097
pres_KeevG2RHZXeKALTEjOYf,6869,shell,2.1431193351745605,-12860.82476151836,-7907.013604786753,-4891.396099915557,-62.4150568160494,6,5.0,2097
pres_KeevG2RHZXeKALTEjOYf,11326,contact,5.176052570343018,-12860.82476151836,-7907.013604786753,-4891.396099915557,-62.4150568160494,6,5.0,2097
pres_KeevG2RHZXeKALTEjOYf,14247,contact,8.546518325805664,-12860.82476151836,-7907.013604786753,-4891.396099915557,-62.4150568160494,6,5.0,2097
pres_KgxPChs9Mc4etjZSxEUy,233,contact,8.915902137756348,-10367.233948791529,-7966.015779497773,-2128.663158581771,-272.55501071198296,17,5.0,1903
pres_KgxPChs9Mc4etjZSxEUy,1707,contact,0.8808116316795349,-10367.233948791529,-7966.015779497773,-2128.663158581771,-272.55501071198296,17,5.0,1903
pres_KgxPChs9Mc4etjZSxEUy,6073,contact,0.767038106918335,-10367.233948791529,-7966.015779497773,-2128.663158581771,-272.55501071198296,17,5.0,1903
pres_KgxPChs9Mc4etjZSxEUy,11326,contact,4.664914131164551,-10367.233948791529,-7966.015779497773,-2128.663158581771,-272.55501071198296,17,5.0,1903
pres_KgxPChs9Mc4etjZSxEUy,14247,contact,12.530516624450684,-10367.233948791529,-7966.015779497773,-2128.663158581771,-272.55501071198296,17,5.0,1903
pres_KpzKxoiYfw3J3dfLUA12,233,shell,2.250386953353882,-12373.478859953628,-7955.233818055485,-4304.1676554669375,-114.077386431205,8,5.0,2162
pres_KpzKxoiYfw3J3dfLUA12,1707,contact,1.3094618320465088,-12373.478859953628,-7955.233818055485,-4304.1676554669375,-114.077386431205,8,5.0,2162
pres_KpzKxoiYfw3J3dfLUA12,11326,contact,5.885423183441162,-12373.478859953628,-7955.233818055485,-4304.1676554669375,-114.077386431205,8,5.0,2162
pres_KpzKxoiYfw3J3dfLUA12,14247,contact,9.681549072265623,-12373.478859953628,-7955.233818055485,-4304.1676554669375,-114.077386431205,8,5.0,2162
pres_L8hPhSAVoTHCHwkh1Z5I,233,contact,13.397430419921877,-10769.52149532766,-7885.757537506939,-2514.3252258944526,-369.43873192626734,21,5.0,1974
pres_L8hPhSAVoTHCHwkh1Z5I,1707,shell,0.543631374835968,-10769.52149532766,-7885.757537506939,-2514.3252258944526,-369.43873192626734,21,5.0,1974
pres_L8hPhSAVoTHCHwkh1Z5I,11326,contact,6.901824951171875,-10769.52149532766,-7885.757537506939,-2514.3252258944526,-369.43873192626734,21,5.0,1974
pres_L8hPhSAVoTHCHwkh1Z5I,12918,contact,0.8124216794967651,-10769.52149532766,-7885.757537506939,-2514.3252258944526,-369.43873192626734,21,5.0,1974
pres_L8hPhSAVoTHCHwkh1Z5I,14247,contact,11.485074996948242,-10769.52149532766,-7885.757537506939,-2514.3252258944526,-369.43873192626734,21,5.0,1974
pres_Lbxnhdf0TbGvGogOZZoW,233,contact,9.1161527633667,-10731.920443064277,-7934.917874543342,-2504.753078214628,-292.2494903063048,18,5.0,2069
pres_Lbxnhdf0TbGvGogOZZoW,1707,contact,1.8864259719848635,-10731.920443064277,-7934.917874543342,-2504.753078214628,-292.2494903063048,18,5.0,2069
pres_Lbxnhdf0TbGvGogOZZoW,4657,contact,2.008462190628052,-10731.920443064277,-7934.917874543342,-2504.753078214628,-292.2494903063048,18,5.0,2069
pres_Lbxnhdf0TbGvGogOZZoW,11326,contact,6.246018886566162,-10731.920443064277,-7934.917874543342,-2504.753078214628,-292.2494903063048,18,5.0,2069
pres_Lbxnhdf0TbGvGogOZZoW,14247,contact,14.413344383239746,-10731.920443064277,-7934.917874543342,-2504.753078214628,-292.2494903063048,18,5.0,2069
pres_LdMXWPoA8cHQwpDKuvQB,233,contact,8.441415786743164,-13908.974940104586,-7976.688876767054,-5698.360632684351,-233.92543065318117,6,5.0,2834
pres_LdMXWPoA8cHQwpDKuvQB,1707,contact,0.9774996638298036,-13908.974940104586,-7976.688876767054,-5698.360632684351,-233.92543065318117,6,5.0,2834
pres_LdMXWPoA8cHQwpDKuvQB,6073,shell,0.7999863624572754,-13908.974940104586,-7976.688876767054,-5698.360632684351,-233.92543065318117,6,5.0,2834
pres_LdMXWPoA8cHQwpDKuvQB,11326,contact,5.862799167633057,-13908.974940104586,-7976.688876767054,-5698.360632684351,-233.92543065318117,6,5.0,2834
pres_LdMXWPoA8cHQwpDKuvQB,14247,contact,13.93891429901123,-13908.974940104586,-7976.688876767054,-5698.360632684351,-233.92543065318117,6,5.0,2834
pres_LpPqnjCzkJ86QCbI2anX,233,shell,2.586204767227173,-14585.009944403424,-7948.489842211584,-6582.308460882308,-54.21164130953184,6,5.0,2813
pres_LpPqnjCzkJ86QCbI2anX,1707,contact,0.6390586495399475,-14585.009944403424,-7948.489842211584,-6582.308460882308,-54.21164130953184,6,5.0,2813
pres_LpPqnjCzkJ86QCbI2anX,6869,shell,1.0919753313064575,-14585.009944403424,-7948.489842211584,-6582.308460882308,-54.21164130953184,6,5.0,2813
pres_LpPqnjCzkJ86QCbI2anX,11326,contact,7.916306972503662,-14585.009944403424,-7948.489842211584,-6582.308460882308,-54.21164130953184,6,5.0,2813
pres_LpPqnjCzkJ86QCbI2anX,14247,contact,10.740246772766112,-14585.009944403424,-7948.489842211584,-6582.308460882308,-54.21164130953184,6,5.0,2813
pres_LsquAdx2JuF3yHdAVKsJ,233,contact,1.6999932527542114,-12203.7406141763,-7929.631583406275,-4070.042411860413,-204.06661890961092,15,5.0,2440
pres_LsquAdx2JuF3yHdAVKsJ,1707,contact,0.989069163799286,-12203.7406141763,-7929.631583406275,-4070.042411860413,-204.06661890961092,15,5.0,2440
pres_LsquAdx2JuF3yHdAVKsJ,11326,contact,8.428547859191895,-12203.7406141763,-7929.631583406275,-4070.042411860413,-204.06661890961092,15,5.0,2440
pres_LsquAdx2JuF3yHdAVKsJ,14247,contact,11.861838340759276,-12203.7406141763,-7929.631583406275,-4070.042411860413,-204.06661890961092,15,5.0,2440
pres_Lv3HXrg0p9s5SNdt0mGb,233,contact,8.972555160522461,-10930.287191903628,-7927.340719107002,-2812.472182900437,-190.47428989618905,11,5.0,1821
pres_Lv3HXrg0p9s5SNdt0mGb,1707,contact,0.862954318523407,-10930.287191903628,-7927.340719107002,-2812.472182900437,-190.47428989618905,11,5.0,1821
pres_Lv3HXrg0p9s5SNdt0mGb,11326,contact,4.986825942993164,-10930.287191903628,-7927.340719107002,-2812.472182900437,-190.47428989618905,11,5.0,1821
pres_Lv3HXrg0p9s5SNdt0mGb,14247,contact,13.612605094909668,-10930.287191903628,-7927.340719107002,-2812.472182900437,-190.47428989618905,11,5.0,1821
pres_M085ty1pPDq89w3Jmztz,233,contact,6.23457145690918,-14564.183970511882,-7942.387939443637,-6374.695904254427,-247.10012681381795,17,5.0,3081
pres_M085ty1pPDq89w3Jmztz,1707,contact,2.6820647716522217,-14564.183970511882,-7942.387939443637,-6374.695904254427,-247.10012681381795,17,5.0,3081
pres_M085ty1pPDq89w3Jmztz,11326,contact,5.671816349029541,-14564.183970511882,-7942.387939443637,-6374.695904254427,-247.10012681381795,17,5.0,3081
pres_M085ty1pPDq89w3Jmztz,14247,contact,12.293532371520996,-14564.183970511882,-7942.387939443637,-6374.695904254427,-247.10012681381795,17,5.0,3081
pres_M75txbbpSPZ77HJEwpud,233,contact,5.873183727264404,-11269.275818551983,-7993.385087364837,-3118.315600079211,-157.57513110793525,13,5.0,1753
pres_M75txbbpSPZ77HJEwpud,1707,contact,0.6785137057304382,-11269.275818551983,-7993.385087364837,-3118.315600079211,-157.57513110793525,13,5.0,1753
pres_M75txbbpSPZ77HJEwpud,11326,contact,3.7595481872558594,-11269.275818551983,-7993.385087364837,-3118.315600079211,-157.57513110793525,13,5.0,1753
pres_M75txbbpSPZ77HJEwpud,14247,contact,12.79333782196045,-11269.275818551983,-7993.385087364837,-3118.315600079211,-157.57513110793525,13,5.0,1753
pres_MCj4yS9eE242zosTfGSU,233,contact,6.774797439575195,-10708.320694864426,-7998.56683960278,-2432.3710749962224,-277.38278026542275,19,5.0,1978
pres_MCj4yS9eE242zosTfGSU,1707,contact,1.440338373184204,-10708.320694864426,-7998.56683960278,-2432.3710749962224,-277.38278026542275,19,5.0,1978
pres_MCj4yS9eE242zosTfGSU,6073,contact,2.4636123180389404,-10708.320694864426,-7998.56683960278,-2432.3710749962224,-277.38278026542275,19,5.0,1978
pres_MCj4yS9eE242zosTfGSU,11326,contact,6.652988910675049,-10708.320694864426,-7998.56683960278,-2432.3710749962224,-277.38278026542275,19,5.0,1978
pres_MCj4yS9eE242zosTfGSU,14247,contact,9.093199729919434,-10708.320694864426,-7998.56683960278,-2432.3710749962224,-277.38278026542275,19,5.0,1978
pres_MJTOgAJuO6qICrO8BpLD,233,contact,2.0533125400543213,-11367.71791966279,-7928.7416192662995,-3181.639089098251,-257.3372112982388,19,5.0,2300
pres_MJTOgAJuO6qICrO8BpLD,1707,contact,1.8667166233062744,-11367.71791966279,-7928.7416192662995,-3181.639089098251,-257.3372112982388,19,5.0,2300
pres_MJTOgAJuO6qICrO8BpLD,11326,contact,4.470878601074219,-11367.71791966279,-7928.7416192662995,-3181.639089098251,-257.3372112982388,19,5.0,2300
pres_MJTOgAJuO6qICrO8BpLD,14247,contact,6.598491191864014,-11367.71791966279,-7928.7416192662995,-3181.639089098251,-257.3372112982388,19,5.0,2300
pres_McA3eyEhhDVkwNlqE3Bw,233,contact,8.889020919799805,-10614.815937000483,-7984.75242371956,-2447.235938061462,-182.8275752194627,6,5.0,1844
pres_McA3eyEhhDVkwNlqE3Bw,1707,contact,1.1604416370391846,-10614.815937000483,-7984.75242371956,-2447.235938061462,-182.8275752194627,6,5.0,1844
pres_McA3eyEhhDVkwNlqE3Bw,11326,contact,5.491622924804688,-10614.815937000483,-7984.75242371956,-2447.235938061462,-182.8275752194627,6,5.0,1844
pres_McA3eyEhhDVkwNlqE3Bw,14247,contact,12.565044403076172,-10614.815937000483,-7984.75242371956,-2447.235938061462,-182.8275752194627,6,5.0,1844
pres_MomXdVIvJFgm3DfrPWID,233,contact,7.720264911651611,-12570.925521285058,-7937.07329221996,-4382.711502562377,-251.140726502721,20,5.0,2636
pres_MomXdVIvJFgm3DfrPWID,1707,contact,0.9647602438926696,-12570.925521285058,-7937.07329221996,-4382.711502562377,-251.140726502721,20,5.0,2636
pres_MomXdVIvJFgm3DfrPWID,6869,contact,1.519925236701965,-12570.925521285058,-7937.07329221996,-4382.711502562377,-251.140726502721,20,5.0,2636
pres_MomXdVIvJFgm3DfrPWID,11326,contact,5.036323547363281,-12570.925521285058,-7937.07329221996,-4382.711502562377,-251.140726502721,20,5.0,2636
pres_MomXdVIvJFgm3DfrPWID,14247,contact,12.722458839416504,-12570.925521285058,-7937.07329221996,-4382.711502562377,-251.140726502721,20,5.0,2636
pres_MuX86gFE1ONvIzIYRfsH,233,contact,6.868442535400391,-10578.401211274282,-8002.922472687391,-2362.0447753667,-213.43396322019132,14,5.0,1892
pres_MuX86gFE1ONvIzIYRfsH,1707,shell,2.055088758468628,-10578.401211274282,-8002.922472687391,-2362.0447753667,-213.43396322019132,14,5.0,1892
pres_MuX86gFE1ONvIzIYRfsH,11326,contact,6.167112350463867,-10578.401211274282,-8002.922472687391,-2362.0447753667,-213.43396322019132,14,5.0,1892
pres_MuX86gFE1ONvIzIYRfsH,12588,shell,1.918479084968567,-10578.401211274282,-8002.922472687391,-2362.0447753667,-213.43396322019132,14,5.0,1892
pres_MuX86gFE1ONvIzIYRfsH,14247,contact,9.595331192016602,-10578.401211274282,-8002.922472687391,-2362.0447753667,-213.43396322019132,14,5.0,1892
pres_NDFIQbyUyzjtBlPss55g,233,contact,8.42329216003418,-14595.67812502274,-7941.152773881186,-6413.196816657574,-241.32853448398143,15,5.0,3144
pres_NDFIQbyUyzjtBlPss55g,1707,contact,1.09663987159729,-14595.67812502274,-7941.152773881186,-6413.196816657574,-241.32853448398143,15,5.0,3144
pres_NDFIQbyUyzjtBlPss55g,6869,contact,0.6349908113479614,-14595.67812502274,-7941.152773881186,-6413.196816657574,-241.32853448398143,15,5.0,3144
pres_NDFIQbyUyzjtBlPss55g,11326,contact,6.370635032653809,-14595.67812502274,-7941.152773881186,-6413.196816657574,-241.32853448398143,15,5.0,3144
pres_NDFIQbyUyzjtBlPss55g,14247,contact,12.345295906066896,-14595.67812502274,-7941.152773881186,-6413.196816657574,-241.32853448398143,15,5.0,3144
pres_NLRBXuywovtV7nPo4oVJ,1707,shell,0.4539534449577331,-13026.181604076148,-7943.980793130469,-4887.758645305626,-194.44216564005364,12,5.0,2831
pres_NLRBXuywovtV7nPo4oVJ,11326,contact,3.709709405899048,-13026.181604076148,-7943.980793130469,-4887.758645305626,-194.44216564005364,12,5.0,2831
pres_NfelItDepXvmc3YxMMjj,233,contact,5.408427238464356,-11084.26219045472,-7937.578516276666,-2953.3342158971477,-193.34945828090625,18,5.0,1807
pres_NfelItDepXvmc3YxMMjj,1707,contact,1.1384031772613523,-11084.26219045472,-7937.578516276666,-2953.3342158971477,-193.34945828090625,18,5.0,1807
pres_NfelItDepXvmc3YxMMjj,11326,contact,7.035737991333008,-11084.26219045472,-7937.578516276666,-2953.3342158971477,-193.34945828090625,18,5.0,1807
pres_NfelItDepXvmc3YxMMjj,12918,contact,1.1983290910720823,-11084.26219045472,-7937.578516276666,-2953.3342158971477,-193.34945828090625,18,5.0,1807
pres_NfelItDepXvmc3YxMMjj,14247,contact,9.737526893615724,-11084.26219045472,-7937.578516276666,-2953.3342158971477,-193.34945828090625,18,5.0,1807
pres_NnwYERULNVXzN8LMnFx2,233,contact,8.292014122009277,-11449.180789046097,-7961.573949558519,-3264.676537697815,-222.93030178976232,9,5.0,2168
pres_NnwYERULNVXzN8LMnFx2,1707,contact,3.064308881759644,-11449.180789046097,-7961.573949558519,-3264.676537697815,-222.93030178976232,9,5.0,2168
pres_NnwYERULNVXzN8LMnFx2,11326,contact,3.658111095428467,-11449.180789046097,-7961.573949558519,-3264.676537697815,-222.93030178976232,9,5.0,2168
pres_NnwYERULNVXzN8LMnFx2,14247,contact,12.52936840057373,-11449.180789046097,-7961.573949558519,-3264.676537697815,-222.93030178976232,9,5.0,2168
pres_O4AXhVia6SWXTmF2M615,233,contact,8.612717628479004,-10353.657703112263,-8019.858396863086,-2094.843511351404,-238.9557948977736,12,5.0,1895
pres_O4AXhVia6SWXTmF2M615,1707,contact,2.894632339477539,-10353.657703112263,-8019.858396863086,-2094.843511351404,-238.9557948977736,12,5.0,1895
pres_O4AXhVia6SWXTmF2M615,11326,contact,4.763436317443848,-10353.657703112263,-8019.858396863086,-2094.843511351404,-238.9557948977736,12,5.0,1895
pres_O4AXhVia6SWXTmF2M615,12918,contact,0.7337981462478638,-10353.657703112263,-8019.858396863086,-2094.843511351404,-238.9557948977736,12,5.0,1895
pres_O4AXhVia6SWXTmF2M615,14247,contact,12.549574851989746,-10353.657703112263,-8019.858396863086,-2094.843511351404,-238.9557948977736,12,5.0,1895
pres_OMqvkgE7Gi7stqvoMNlQ,233,contact,7.847259998321533,-11160.925755828805,-7907.571753777781,-3174.3383119605783,-79.01569009044351,8,5.0,1613
pres_OMqvkgE7Gi7stqvoMNlQ,1707,contact,1.93106746673584,-11160.925755828805,-7907.571753777781,-3174.3383119605783,-79.01569009044351,8,5.0,1613
pres_OMqvkgE7Gi7stqvoMNlQ,6869,shell,0.8194252252578735,-11160.925755828805,-7907.571753777781,-3174.3383119605783,-79.01569009044351,8,5.0,1613
pres_OMqvkgE7Gi7stqvoMNlQ,11326,contact,3.518706798553467,-11160.925755828805,-7907.571753777781,-3174.3383119605783,-79.01569009044351,8,5.0,1613
pres_OMqvkgE7Gi7stqvoMNlQ,14247,contact,12.131957054138184,-11160.925755828805,-7907.571753777781,-3174.3383119605783,-79.01569009044351,8,5.0,1613
pres_OQqfK5Rip2eq8d3IVA8W,233,contact,6.389166355133057,-10900.864299243332,-7956.204857387396,-2720.2988415783725,-224.3606002775637,9,5.0,1732
pres_OQqfK5Rip2eq8d3IVA8W,1707,contact,0.9620034098625184,-10900.864299243332,-7956.204857387396,-2720.2988415783725,-224.3606002775637,9,5.0,1732
pres_OQqfK5Rip2eq8d3IVA8W,11326,contact,8.146627426147461,-10900.864299243332,-7956.204857387396,-2720.2988415783725,-224.3606002775637,9,5.0,1732
pres_OQqfK5Rip2eq8d3IVA8W,14247,contact,10.893292427062988,-10900.864299243332,-7956.204857387396,-2720.2988415783725,-224.3606002775637,9,5.0,1732
pres_OR74au8oPLvH8os6Abfh,233,contact,9.5114107131958,-10777.536708572688,-7951.284554962006,-2591.9758701397973,-234.27628347088512,13,5.0,1692
pres_OR74au8oPLvH8os6Abfh,1707,shell,1.125908374786377,-10777.536708572688,-7951.284554962006,-2591.9758701397973,-234.27628347088512,13,5.0,1692
pres_OR74au8oPLvH8os6Abfh,2214,contact,0.3841692209243774,-10777.536708572688,-7951.284554962006,-2591.9758701397973,-234.27628347088512,13,5.0,1692
pres_OR74au8oPLvH8os6Abfh,11326,contact,4.753035545349121,-10777.536708572688,-7951.284554962006,-2591.9758701397973,-234.27628347088512,13,5.0,1692
pres_OR74au8oPLvH8os6Abfh,14247,contact,13.7485990524292,-10777.536708572688,-7951.284554962006,-2591.9758701397973,-234.27628347088512,13,5.0,1692
pres_OdwH8YBpXYS1nkCfCSvY,233,contact,6.639614105224609,-10412.095177765588,-7959.280567956759,-2319.2375791599275,-133.57703064890163,10,5.0,1489
pres_OdwH8YBpXYS1nkCfCSvY,1707,contact,1.0330076217651367,-10412.095177765588,-7959.280567956759,-2319.2375791599275,-133.57703064890163,10,5.0,1489
pres_OdwH8YBpXYS1nkCfCSvY,4657,shell,3.612258911132813,-10412.095177765588,-7959.280567956759,-2319.2375791599275,-133.57703064890163,10,5.0,1489
pres_OdwH8YBpXYS1nkCfCSvY,10586,shell,0.5018836259841919,-10412.095177765588,-7959.280567956759,-2319.2375791599275,-133.57703064890163,10,5.0,1489
pres_OdwH8YBpXYS1nkCfCSvY,11326,contact,5.769007205963135,-10412.095177765588,-7959.280567956759,-2319.2375791599275,-133.57703064890163,10,5.0,1489
pres_OdwH8YBpXYS1nkCfCSvY,14247,contact,11.930727005004885,-10412.095177765588,-7959.280567956759,-2319.2375791599275,-133.57703064890163,10,5.0,1489
pres_OkLTZMf14dav9xFt5udZ,233,contact,5.097153186798096,-12300.174130189596,-7931.366143584796,-4272.614918536846,-96.1930680679543,7,5.0,1989
pres_OkLTZMf14dav9xFt5udZ,1707,shell,0.7512689232826233,-12300.174130189596,-7931.366143584796,-4272.614918536846,-96.1930680679543,7,5.0,1989
pres_OkLTZMf14dav9xFt5udZ,11326,contact,4.971617698669434,-12300.174130189596,-7931.366143584796,-4272.614918536846,-96.1930680679543,7,5.0,1989
pres_OkLTZMf14dav9xFt5udZ,12918,contact,0.4339146614074707,-12300.174130189596,-7931.366143584796,-4272.614918536846,-96.1930680679543,7,5.0,1989
pres_OkLTZMf14dav9xFt5udZ,14247,contact,11.377765655517578,-12300.174130189596,-7931.366143584796,-4272.614918536846,-96.1930680679543,7,5.0,1989
pres_OoxHO5KwXLWPd53K3DRT,233,contact,9.400657653808594,-10897.634217255703,-7987.699394511435,-2649.003540408423,-260.9312823358477,9,5.0,2117
pres_OoxHO5KwXLWPd53K3DRT,1707,contact,0.6809274554252625,-10897.634217255703,-7987.699394511435,-2649.003540408423,-260.9312823358477,9,5.0,2117
pres_OoxHO5KwXLWPd53K3DRT,11326,contact,5.353788375854492,-10897.634217255703,-7987.699394511435,-2649.003540408423,-260.9312823358477,9,5.0,2117
pres_OoxHO5KwXLWPd53K3DRT,14247,contact,13.341506958007812,-10897.634217255703,-7987.699394511435,-2649.003540408423,-260.9312823358477,9,5.0,2117
pres_OwYghGttBPkMpLOZ3zed,233,contact,4.83091926574707,-13113.174684160698,-7939.430568798137,-5140.015257877736,-33.72885748482531,3,5.0,2209
pres_OwYghGttBPkMpLOZ3zed,1707,contact,0.8028227686882019,-13113.174684160698,-7939.430568798137,-5140.015257877736,-33.72885748482531,3,5.0,2209
pres_OwYghGttBPkMpLOZ3zed,11326,shell,2.69503116607666,-13113.174684160698,-7939.430568798137,-5140.015257877736,-33.72885748482531,3,5.0,2209
pres_OwYghGttBPkMpLOZ3zed,14247,contact,12.016504287719728,-13113.174684160698,-7939.430568798137,-5140.015257877736,-33.72885748482531,3,5.0,2209
pres_Oytkyy3ZUO1T2U3w8MUj,233,contact,11.026681900024414,-10406.042440976767,-7936.874050668965,-2276.845313326866,-192.3230769809361,11,5.0,1682
pres_Oytkyy3ZUO1T2U3w8MUj,1707,contact,1.1549949645996094,-10406.042440976767,-7936.874050668965,-2276.845313326866,-192.3230769809361,11,5.0,1682
pres_Oytkyy3ZUO1T2U3w8MUj,4657,contact,0.5545833110809326,-10406.042440976767,-7936.874050668965,-2276.845313326866,-192.3230769809361,11,5.0,1682
pres_Oytkyy3ZUO1T2U3w8MUj,11326,contact,6.561837196350098,-10406.042440976767,-7936.874050668965,-2276.845313326866,-192.3230769809361,11,5.0,1682
pres_Oytkyy3ZUO1T2U3w8MUj,14247,contact,13.664474487304688,-10406.042440976767,-7936.874050668965,-2276.845313326866,-192.3230769809361,11,5.0,1682
pres_PbDUCXVkwy1CtgOPBOFl,233,contact,7.555417537689209,-10858.857691449635,-7931.232389234139,-2692.383849775369,-235.2414524401288,10,5.0,1898
pres_PbDUCXVkwy1CtgOPBOFl,1707,contact,2.2085039615631104,-10858.857691449635,-7931.232389234139,-2692.383849775369,-235.2414524401288,10,5.0,1898
pres_PbDUCXVkwy1CtgOPBOFl,11326,contact,4.51984453201294,-10858.857691449635,-7931.232389234139,-2692.383849775369,-235.2414524401288,10,5.0,1898
pres_PbDUCXVkwy1CtgOPBOFl,12588,shell,0.5391913652420044,-10858.857691449635,-7931.232389234139,-2692.383849775369,-235.2414524401288,10,5.0,1898
pres_PbDUCXVkwy1CtgOPBOFl,14247,contact,13.220949172973633,-10858.857691449635,-7931.232389234139,-2692.383849775369,-235.2414524401288,10,5.0,1898
pres_PdZQvNl5nCbziUNW8noS,233,contact,6.323646545410156,-12483.234736334638,-7990.592450882391,-4271.297140868536,-221.3451445837109,9,5.0,2396
pres_PdZQvNl5nCbziUNW8noS,1707,shell,0.8794332146644592,-12483.234736334638,-7990.592450882391,-4271.297140868536,-221.3451445837109,9,5.0,2396
pres_PdZQvNl5nCbziUNW8noS,2214,shell,0.4796622991561889,-12483.234736334638,-7990.592450882391,-4271.297140868536,-221.3451445837109,9,5.0,2396
pres_PdZQvNl5nCbziUNW8noS,11326,contact,3.385375738143921,-12483.234736334638,-7990.592450882391,-4271.297140868536,-221.3451445837109,9,5.0,2396
pres_PdZQvNl5nCbziUNW8noS,14247,contact,14.154803276062012,-12483.234736334638,-7990.592450882391,-4271.297140868536,-221.3451445837109,9,5.0,2396
pres_PfHp4YPeupLpk07HfmKW,233,contact,8.052166938781738,-10539.411718650024,-7945.434396822192,-2468.2434951370105,-125.73382669082002,7,5.0,1540
pres_PfHp4YPeupLpk07HfmKW,1707,contact,1.177542209625244,-10539.411718650024,-7945.434396822192,-2468.2434951370105,-125.73382669082002,7,5.0,1540
pres_PfHp4YPeupLpk07HfmKW,11326,contact,4.061233997344971,-10539.411718650024,-7945.434396822192,-2468.2434951370105,-125.73382669082002,7,5.0,1540
pres_PfHp4YPeupLpk07HfmKW,14247,contact,12.231908798217772,-10539.411718650024,-7945.434396822192,-2468.2434951370105,-125.73382669082002,7,5.0,1540
pres_PmNUHKNtC9b79cw7ME2J,233,contact,3.8442862033844,-13671.84649514156,-7966.143818268124,-5506.286088540297,-199.41658833313977,17,5.0,3024
pres_PmNUHKNtC9b79cw7ME2J,1707,shell,0.870461642742157,-13671.84649514156,-7966.143818268124,-5506.286088540297,-199.41658833313977,17,5.0,3024
pres_PmNUHKNtC9b79cw7ME2J,10586,contact,3.617187023162842,-13671.84649514156,-7966.143818268124,-5506.286088540297,-199.41658833313977,17,5.0,3024
pres_PmNUHKNtC9b79cw7ME2J,11326,contact,6.926858901977539,-13671.84649514156,-7966.143818268124,-5506.286088540297,-199.41658833313977,17,5.0,3024
pres_PmNUHKNtC9b79cw7ME2J,14247,contact,14.014113426208496,-13671.84649514156,-7966.143818268124,-5506.286088540297,-199.41658833313977,17,5.0,3024
pres_PrF7K5PnO9yiMmzBmlo3,233,contact,8.331409454345703,-10524.53516137976,-7963.709134635461,-2277.991225864552,-282.83480087974795,13,5.0,1985
pres_PrF7K5PnO9yiMmzBmlo3,1707,contact,1.3149456977844238,-10524.53516137976,-7963.709134635461,-2277.991225864552,-282.83480087974795,13,5.0,1985
pres_PrF7K5PnO9yiMmzBmlo3,11326,contact,4.678532123565674,-10524.53516137976,-7963.709134635461,-2277.991225864552,-282.83480087974795,13,5.0,1985
pres_PrF7K5PnO9yiMmzBmlo3,12588,shell,0.6141301393508911,-10524.53516137976,-7963.709134635461,-2277.991225864552,-282.83480087974795,13,5.0,1985
pres_PrF7K5PnO9yiMmzBmlo3,14247,contact,13.198084831237791,-10524.53516137976,-7963.709134635461,-2277.991225864552,-282.83480087974795,13,5.0,1985
pres_PtTiBHvfqcsyRVsIfwJD,233,contact,1.655793070793152,-12578.6159870846,-7941.181632687223,-4519.2180176530455,-118.21633674433178,9,5.0,2342
pres_PtTiBHvfqcsyRVsIfwJD,1707,contact,0.7251753211021423,-12578.6159870846,-7941.181632687223,-4519.2180176530455,-118.21633674433178,9,5.0,2342
pres_PtTiBHvfqcsyRVsIfwJD,11326,contact,5.425632953643799,-12578.6159870846,-7941.181632687223,-4519.2180176530455,-118.21633674433178,9,5.0,2342
pres_PtTiBHvfqcsyRVsIfwJD,12918,shell,0.4565604925155639,-12578.6159870846,-7941.181632687223,-4519.2180176530455,-118.21633674433178,9,5.0,2342
pres_PtTiBHvfqcsyRVsIfwJD,14247,contact,10.6122465133667,-12578.6159870846,-7941.181632687223,-4519.2180176530455,-118.21633674433178,9,5.0,2342
pres_Px5OJ072ayroLrKFJM9F,233,contact,6.9589715003967285,-10875.895992222217,-7913.4356288004865,-2729.670399056424,-232.78996436530636,9,5.0,2172
pres_Px5OJ072ayroLrKFJM9F,1707,shell,0.6746920943260193,-10875.895992222217,-7913.4356288004865,-2729.670399056424,-232.78996436530636,9,5.0,2172
pres_Px5OJ072ayroLrKFJM9F,6073,contact,0.8629086017608643,-10875.895992222217,-7913.4356288004865,-2729.670399056424,-232.78996436530636,9,5.0,2172
pres_Px5OJ072ayroLrKFJM9F,11326,contact,4.357532501220703,-10875.895992222217,-7913.4356288004865,-2729.670399056424,-232.78996436530636,9,5.0,2172
pres_Px5OJ072ayroLrKFJM9F,14247,contact,10.978835105895996,-10875.895992222217,-7913.4356288004865,-2729.670399056424,-232.78996436530636,9,5.0,2172
pres_QBT5SKWa91bbmjqRqjJs,233,contact,7.407114028930664,-12571.727245363723,-7959.577149998018,-4486.822810237807,-125.3272851278998,12,5.0,2062
pres_QBT5SKWa91bbmjqRqjJs,1707,contact,1.2686104774475098,-12571.727245363723,-7959.577149998018,-4486.822810237807,-125.3272851278998,12,5.0,2062
pres_QBT5SKWa91bbmjqRqjJs,11326,contact,3.3103039264678955,-12571.727245363723,-7959.577149998018,-4486.822810237807,-125.3272851278998,12,5.0,2062
pres_QBT5SKWa91bbmjqRqjJs,14247,contact,12.557185173034668,-12571.727245363723,-7959.577149998018,-4486.822810237807,-125.3272851278998,12,5.0,2062
pres_QY8UwpHGutD4YKtocyhq,233,shell,4.446877956390381,-13007.63540456364,-7934.44388896112,-5011.812654400836,-61.37886120168423,7,5.0,2142
pres_QY8UwpHGutD4YKtocyhq,1707,shell,1.988410472869873,-13007.63540456364,-7934.44388896112,-5011.812654400836,-61.37886120168423,7,5.0,2142
pres_QY8UwpHGutD4YKtocyhq,11326,contact,3.852867364883423,-13007.63540456364,-7934.44388896112,-5011.812654400836,-61.37886120168423,7,5.0,2142
pres_QY8UwpHGutD4YKtocyhq,12918,shell,0.415636658668518,-13007.63540456364,-7934.44388896112,-5011.812654400836,-61.37886120168423,7,5.0,2142
pres_QY8UwpHGutD4YKtocyhq,14247,contact,12.73548698425293,-13007.63540456364,-7934.44388896112,-5011.812654400836,-61.37886120168423,7,5.0,2142
pres_QbxZUtBNgHGYX6UgrmFb,11326,contact,3.162724256515503,-12656.014538898477,-7971.52480122842,-4574.986854875089,-109.50288279496726,9,5.0,2195
pres_R6FAl5i288YJkvuluUkZ,233,contact,7.009088039398193,-11423.550369187267,-7961.232244819468,-3214.718618676535,-247.5995056912643,17,5.0,2183
pres_R6FAl5i288YJkvuluUkZ,1707,contact,1.0102746486663818,-11423.550369187267,-7961.232244819468,-3214.718618676535,-247.5995056912643,17,5.0,2183
pres_R6FAl5i288YJkvuluUkZ,11326,contact,4.466038703918457,-11423.550369187267,-7961.232244819468,-3214.718618676535,-247.5995056912643,17,5.0,2183
pres_R6FAl5i288YJkvuluUkZ,14247,contact,12.82017421722412,-11423.550369187267,-7961.232244819468,-3214.718618676535,-247.5995056912643,17,5.0,2183
pres_R7XMY9P8URY3qP40zTg8,233,contact,6.647027969360352,-13248.175045843209,-7969.84684852672,-5116.746584548492,-161.58161276799456,8,5.0,2626
pres_R7XMY9P8URY3qP40zTg8,1707,contact,0.6311571002006531,-13248.175045843209,-7969.84684852672,-5116.746584548492,-161.58161276799456,8,5.0,2626
pres_R7XMY9P8URY3qP40zTg8,11326,contact,4.336882591247559,-13248.175045843209,-7969.84684852672,-5116.746584548492,-161.58161276799456,8,5.0,2626
pres_R7XMY9P8URY3qP40zTg8,14247,contact,13.057082176208496,-13248.175045843209,-7969.84684852672,-5116.746584548492,-161.58161276799456,8,5.0,2626
pres_RAaFNl3ChDWHQVYOydag,233,contact,8.329283714294434,-10410.325163269175,-7929.726432767499,-2208.7977606105,-271.8009698911783,16,5.0,1810
pres_RAaFNl3ChDWHQVYOydag,1707,contact,1.4583561420440674,-10410.325163269175,-7929.726432767499,-2208.7977606105,-271.8009698911783,16,5.0,1810
pres_RAaFNl3ChDWHQVYOydag,10586,shell,0.411685585975647,-10410.325163269175,-7929.726432767499,-2208.7977606105,-271.8009698911783,16,5.0,1810
pres_RAaFNl3ChDWHQVYOydag,11326,contact,4.614894390106201,-10410.325163269175,-7929.726432767499,-2208.7977606105,-271.8009698911783,16,5.0,1810
pres_RAaFNl3ChDWHQVYOydag,14247,contact,12.448383331298828,-10410.325163269175,-7929.726432767499,-2208.7977606105,-271.8009698911783,16,5.0,1810
pres_RKLvOkoWvi1hF9mxDYVX,233,shell,1.127573013305664,-13319.460250306298,-7911.749130584385,-5379.933128928128,-27.77799079378474,4,5.0,2382
pres_RKLvOkoWvi1hF9mxDYVX,1707,shell,1.0030384063720703,-13319.460250306298,-7911.749130584385,-5379.933128928128,-27.77799079378474,4,5.0,2382
pres_RKLvOkoWvi1hF9mxDYVX,4657,shell,0.5743005275726318,-13319.460250306298,-7911.749130584385,-5379.933128928128,-27.77799079378474,4,5.0,2382
pres_RKLvOkoWvi1hF9mxDYVX,11326,contact,3.622929573059082,-13319.460250306298,-7911.749130584385,-5379.933128928128,-27.77799079378474,4,5.0,2382
pres_RKLvOkoWvi1hF9mxDYVX,14247,contact,9.252610206604004,-13319.460250306298,-7911.749130584385,-5379.933128928128,-27.77799079378474,4,5.0,2382
pres_RPyb8Zf6tUW4iGWjzjBZ,233,contact,8.056243896484375,-10971.949595875098,-7914.296844388071,-2787.3969093815867,-270.25584210544,10,5.0,2263
pres_RPyb8Zf6tUW4iGWjzjBZ,1707,contact,1.363813400268555,-10971.949595875098,-7914.296844388071,-2787.3969093815867,-270.25584210544,10,5.0,2263
pres_RPyb8Zf6tUW4iGWjzjBZ,6073,shell,1.952559232711792,-10971.949595875098,-7914.296844388071,-2787.3969093815867,-270.25584210544,10,5.0,2263
pres_RPyb8Zf6tUW4iGWjzjBZ,11326,contact,6.626744747161865,-10971.949595875098,-7914.296844388071,-2787.3969093815867,-270.25584210544,10,5.0,2263
pres_RPyb8Zf6tUW4iGWjzjBZ,14247,contact,12.578980445861816,-10971.949595875098,-7914.296844388071,-2787.3969093815867,-270.25584210544,10,5.0,2263
pres_RZj1g55rZlaS9tiVgV3w,233,contact,6.2833662033081055,-12634.295420989449,-7961.049814298518,-4541.778455615985,-131.46715107494583,10,5.0,2249
pres_RZj1g55rZlaS9tiVgV3w,1707,shell,1.320164680480957,-12634.295420989449,-7961.049814298518,-4541.778455615985,-131.46715107494583,10,5.0,2249
pres_RZj1g55rZlaS9tiVgV3w,11326,contact,4.993288040161133,-12634.295420989449,-7961.049814298518,-4541.778455615985,-131.46715107494583,10,5.0,2249
pres_RZj1g55rZlaS9tiVgV3w,14247,contact,12.822847366333008,-12634.295420989449,-7961.049814298518,-4541.778455615985,-131.46715107494583,10,5.0,2249
pres_RaLVvQZtAudDAmbJPryU,233,contact,6.875610828399658,-11279.310377487136,-7902.400241054909,-3136.52101663165,-240.38911980057676,14,5.0,2124
pres_RaLVvQZtAudDAmbJPryU,1707,contact,1.4063291549682615,-11279.310377487136,-7902.400241054909,-3136.52101663165,-240.38911980057676,14,5.0,2124
pres_RaLVvQZtAudDAmbJPryU,6073,contact,0.9032373428344728,-11279.310377487136,-7902.400241054909,-3136.52101663165,-240.38911980057676,14,5.0,2124
pres_RaLVvQZtAudDAmbJPryU,11326,contact,8.416889190673828,-11279.310377487136,-7902.400241054909,-3136.52101663165,-240.38911980057676,14,5.0,2124
pres_RaLVvQZtAudDAmbJPryU,14247,contact,13.62421703338623,-11279.310377487136,-7902.400241054909,-3136.52101663165,-240.38911980057676,14,5.0,2124
pres_Re0258CjHKKtX1mUrToZ,233,contact,7.45875072479248,-11441.01254375766,-7936.716128334761,-3105.293392678908,-399.0030227439916,28,5.0,2623
pres_Re0258CjHKKtX1mUrToZ,1707,contact,0.7295064330101013,-11441.01254375766,-7936.716128334761,-3105.293392678908,-399.0030227439916,28,5.0,2623
pres_Re0258CjHKKtX1mUrToZ,6073,contact,0.8846495151519775,-11441.01254375766,-7936.716128334761,-3105.293392678908,-399.0030227439916,28,5.0,2623
pres_Re0258CjHKKtX1mUrToZ,11326,contact,4.594404697418213,-11441.01254375766,-7936.716128334761,-3105.293392678908,-399.0030227439916,28,5.0,2623
pres_Re0258CjHKKtX1mUrToZ,14247,contact,12.428203582763672,-11441.01254375766,-7936.716128334761,-3105.293392678908,-399.0030227439916,28,5.0,2623
pres_RrvnyPifhsGT6ZIAehrG,233,contact,8.714292526245117,-11301.062052103622,-7931.480335800717,-3233.636565455597,-135.9451508473071,2,5.0,1781
pres_RrvnyPifhsGT6ZIAehrG,1707,contact,3.62032151222229,-11301.062052103622,-7931.480335800717,-3233.636565455597,-135.9451508473071,2,5.0,1781
pres_RrvnyPifhsGT6ZIAehrG,11326,contact,1.9551979303359983,-11301.062052103622,-7931.480335800717,-3233.636565455597,-135.9451508473071,2,5.0,1781
pres_RrvnyPifhsGT6ZIAehrG,14247,contact,12.42320442199707,-11301.062052103622,-7931.480335800717,-3233.636565455597,-135.9451508473071,2,5.0,1781
pres_RsYMNtPyliKK5qtyv9Ox,233,contact,9.336169242858888,-11443.487148551983,-7996.680115179105,-3262.081384547085,-184.72564882579357,13,5.0,1933
pres_RsYMNtPyliKK5qtyv9Ox,1707,shell,0.7199042439460754,-11443.487148551983,-7996.680115179105,-3262.081384547085,-184.72564882579357,13,5.0,1933
pres_RsYMNtPyliKK5qtyv9Ox,10586,shell,0.7028487920761108,-11443.487148551983,-7996.680115179105,-3262.081384547085,-184.72564882579357,13,5.0,1933
pres_RsYMNtPyliKK5qtyv9Ox,11326,contact,4.07676887512207,-11443.487148551983,-7996.680115179105,-3262.081384547085,-184.72564882579357,13,5.0,1933
pres_RsYMNtPyliKK5qtyv9Ox,14247,contact,11.685481071472168,-11443.487148551983,-7996.680115179105,-3262.081384547085,-184.72564882579357,13,5.0,1933
pres_RyZC5108BfaVpzy7mEfV,233,shell,4.426541805267334,-13318.797133873171,-7953.501465714606,-5208.989865186887,-156.30580297168035,14,5.0,2976
pres_RyZC5108BfaVpzy7mEfV,1707,contact,1.1985254287719729,-13318.797133873171,-7953.501465714606,-5208.989865186887,-156.30580297168035,14,5.0,2976
pres_RyZC5108BfaVpzy7mEfV,11326,contact,13.046067237854004,-13318.797133873171,-7953.501465714606,-5208.989865186887,-156.30580297168035,14,5.0,2976
pres_RyZC5108BfaVpzy7mEfV,12918,contact,0.8625532388687134,-13318.797133873171,-7953.501465714606,-5208.989865186887,-156.30580297168035,14,5.0,2976
pres_RyZC5108BfaVpzy7mEfV,14247,contact,11.630377769470217,-13318.797133873171,-7953.501465714606,-5208.989865186887,-156.30580297168035,14,5.0,2976
pres_SBLaOH9O02YuecruEZj6,233,contact,6.06070613861084,-13066.218419920026,-7911.004563171249,-5029.670898962756,-125.54295778602044,16,5.0,2276
pres_SBLaOH9O02YuecruEZj6,1707,contact,0.8436568379402161,-13066.218419920026,-7911.004563171249,-5029.670898962756,-125.54295778602044,16,5.0,2276
pres_SBLaOH9O02YuecruEZj6,6869,shell,0.4592396020889282,-13066.218419920026,-7911.004563171249,-5029.670898962756,-125.54295778602044,16,5.0,2276
pres_SBLaOH9O02YuecruEZj6,11326,contact,6.902685642242432,-13066.218419920026,-7911.004563171249,-5029.670898962756,-125.54295778602044,16,5.0,2276
pres_SBLaOH9O02YuecruEZj6,14247,contact,11.209528923034668,-13066.218419920026,-7911.004563171249,-5029.670898962756,-125.54295778602044,16,5.0,2276
pres_SC3vcsNWBrzSNtGCM7IY,233,contact,2.9555108547210693,-13781.557701022855,-7910.536378363494,-5569.232089951569,-301.7892327077925,18,5.0,3352
pres_SC3vcsNWBrzSNtGCM7IY,1707,contact,1.418876886367798,-13781.557701022855,-7910.536378363494,-5569.232089951569,-301.7892327077925,18,5.0,3352
pres_SC3vcsNWBrzSNtGCM7IY,10586,shell,0.5410951375961304,-13781.557701022855,-7910.536378363494,-5569.232089951569,-301.7892327077925,18,5.0,3352
pres_SC3vcsNWBrzSNtGCM7IY,11326,contact,7.8426337242126465,-13781.557701022855,-7910.536378363494,-5569.232089951569,-301.7892327077925,18,5.0,3352
pres_SC3vcsNWBrzSNtGCM7IY,14247,contact,13.75259017944336,-13781.557701022855,-7910.536378363494,-5569.232089951569,-301.7892327077925,18,5.0,3352
pres_Sazr6avHAAvapG4arPiS,233,contact,6.814480304718018,-15231.993722271034,-7996.198246454542,-7081.855268719288,-153.94020709720462,12,5.0,3199
pres_Sazr6avHAAvapG4arPiS,1707,contact,0.9796026349067688,-15231.993722271034,-7996.198246454542,-7081.855268719288,-153.94020709720462,12,5.0,3199
pres_Sazr6avHAAvapG4arPiS,11326,contact,5.112172603607178,-15231.993722271034,-7996.198246454542,-7081.855268719288,-153.94020709720462,12,5.0,3199
pres_Sazr6avHAAvapG4arPiS,14247,contact,13.01511573791504,-15231.993722271034,-7996.198246454542,-7081.855268719288,-153.94020709720462,12,5.0,3199
pres_SfB49FcwBuyQbvrYrNt0,233,contact,6.956847667694092,-12854.882937654937,-7944.704181021725,-4801.822228591166,-108.35652804204346,12,5.0,2277
pres_SfB49FcwBuyQbvrYrNt0,1707,contact,1.7493362426757812,-12854.882937654937,-7944.704181021725,-4801.822228591166,-108.35652804204346,12,5.0,2277
pres_SfB49FcwBuyQbvrYrNt0,11326,contact,6.408737182617188,-12854.882937654937,-7944.704181021725,-4801.822228591166,-108.35652804204346,12,5.0,2277
pres_SfB49FcwBuyQbvrYrNt0,14247,contact,10.977139472961426,-12854.882937654937,-7944.704181021725,-4801.822228591166,-108.35652804204346,12,5.0,2277
pres_SfPfKmUbNb1R66RO0S0m,233,contact,7.346900463104248,-11217.917438455088,-7923.2500704212625,-3042.380525527465,-252.28684250636024,14,5.0,2060
pres_SfPfKmUbNb1R66RO0S0m,1707,contact,0.8773478865623474,-11217.917438455088,-7923.2500704212625,-3042.380525527465,-252.28684250636024,14,5.0,2060
pres_SfPfKmUbNb1R66RO0S0m,11326,contact,7.088498115539551,-11217.917438455088,-7923.2500704212625,-3042.380525527465,-252.28684250636024,14,5.0,2060
pres_SfPfKmUbNb1R66RO0S0m,12588,shell,0.5369495153427124,-11217.917438455088,-7923.2500704212625,-3042.380525527465,-252.28684250636024,14,5.0,2060
pres_SfPfKmUbNb1R66RO0S0m,14247,contact,12.991527557373049,-11217.917438455088,-7923.2500704212625,-3042.380525527465,-252.28684250636024,14,5.0,2060
pres_SnlNOrvjxxDTs4misM8I,233,contact,7.650155544281006,-10884.038792338486,-7967.575938720519,-2712.2602964152065,-204.20255720276052,15,5.0,1659
pres_SnlNOrvjxxDTs4misM8I,1707,contact,0.6463069319725037,-10884.038792338486,-7967.575938720519,-2712.2602964152065,-204.20255720276052,15,5.0,1659
pres_SnlNOrvjxxDTs4misM8I,11326,contact,6.9369001388549805,-10884.038792338486,-7967.575938720519,-2712.2602964152065,-204.20255720276052,15,5.0,1659
pres_SnlNOrvjxxDTs4misM8I,14247,contact,12.511427879333496,-10884.038792338486,-7967.575938720519,-2712.2602964152065,-204.20255720276052,15,5.0,1659
pres_SwyM3KFN71mAoCNnsxii,233,contact,7.667357921600342,-11721.841207936352,-8002.676495125859,-3602.292387768036,-116.8723250424564,9,5.0,1846
pres_SwyM3KFN71mAoCNnsxii,1707,contact,1.078775405883789,-11721.841207936352,-8002.676495125859,-3602.292387768036,-116.8723250424564,9,5.0,1846
pres_SwyM3KFN71mAoCNnsxii,11326,contact,4.796597003936768,-11721.841207936352,-8002.676495125859,-3602.292387768036,-116.8723250424564,9,5.0,1846
pres_SwyM3KFN71mAoCNnsxii,14247,contact,12.549514770507812,-11721.841207936352,-8002.676495125859,-3602.292387768036,-116.8723250424564,9,5.0,1846
pres_SyC8cEDnvGBCh5tH6Xvf,233,contact,7.58525800704956,-11439.713924522232,-7979.092865534047,-3325.458443735601,-135.1626152525855,8,5.0,1781
pres_SyC8cEDnvGBCh5tH6Xvf,1707,shell,0.9166075587272644,-11439.713924522232,-7979.092865534047,-3325.458443735601,-135.1626152525855,8,5.0,1781
pres_SyC8cEDnvGBCh5tH6Xvf,6073,shell,1.6415557861328125,-11439.713924522232,-7979.092865534047,-3325.458443735601,-135.1626152525855,8,5.0,1781
pres_SyC8cEDnvGBCh5tH6Xvf,11326,contact,4.833115100860596,-11439.713924522232,-7979.092865534047,-3325.458443735601,-135.1626152525855,8,5.0,1781
pres_SyC8cEDnvGBCh5tH6Xvf,12918,shell,0.7236582040786743,-11439.713924522232,-7979.092865534047,-3325.458443735601,-135.1626152525855,8,5.0,1781
pres_SyC8cEDnvGBCh5tH6Xvf,14247,contact,11.476950645446776,-11439.713924522232,-7979.092865534047,-3325.458443735601,-135.1626152525855,8,5.0,1781
pres_T9I7DRpZyBxdblS7hKQk,233,contact,9.1204195022583,-12611.352929549768,-7870.408031909317,-4266.241649622279,-474.7032480181724,23,5.0,3006
pres_T9I7DRpZyBxdblS7hKQk,1707,contact,0.703715980052948,-12611.352929549768,-7870.408031909317,-4266.241649622279,-474.7032480181724,23,5.0,3006
pres_T9I7DRpZyBxdblS7hKQk,11326,contact,3.932765007019043,-12611.352929549768,-7870.408031909317,-4266.241649622279,-474.7032480181724,23,5.0,3006
pres_T9I7DRpZyBxdblS7hKQk,12588,shell,0.4262899160385132,-12611.352929549768,-7870.408031909317,-4266.241649622279,-474.7032480181724,23,5.0,3006
pres_T9I7DRpZyBxdblS7hKQk,14247,contact,13.878116607666016,-12611.352929549768,-7870.408031909317,-4266.241649622279,-474.7032480181724,23,5.0,3006
pres_TCFaeYfj00okmrbardy0,233,contact,6.70921802520752,-12633.865422237326,-7916.6325391855635,-4648.837026242535,-68.39585680922755,9,5.0,2021
pres_TCFaeYfj00okmrbardy0,1707,shell,0.7069459557533264,-12633.865422237326,-7916.6325391855635,-4648.837026242535,-68.39585680922755,9,5.0,2021
pres_TCFaeYfj00okmrbardy0,11326,contact,6.094654083251953,-12633.865422237326,-7916.6325391855635,-4648.837026242535,-68.39585680922755,9,5.0,2021
pres_TCFaeYfj00okmrbardy0,14247,contact,10.945664405822754,-12633.865422237326,-7916.6325391855635,-4648.837026242535,-68.39585680922755,9,5.0,2021
pres_TWLRdKyNExkxbGxOdHXe,233,contact,6.430628299713135,-11311.387021823024,-7944.075669629349,-3156.5168619487645,-210.79449024491032,13,5.0,1980
pres_TWLRdKyNExkxbGxOdHXe,1707,shell,1.1124496459960938,-11311.387021823024,-7944.075669629349,-3156.5168619487645,-210.79449024491032,13,5.0,1980
pres_TWLRdKyNExkxbGxOdHXe,6869,contact,2.4721689224243164,-11311.387021823024,-7944.075669629349,-3156.5168619487645,-210.79449024491032,13,5.0,1980
pres_TWLRdKyNExkxbGxOdHXe,11326,contact,6.722167491912842,-11311.387021823024,-7944.075669629349,-3156.5168619487645,-210.79449024491032,13,5.0,1980
pres_TWLRdKyNExkxbGxOdHXe,14247,contact,7.042003154754639,-11311.387021823024,-7944.075669629349,-3156.5168619487645,-210.79449024491032,13,5.0,1980
pres_TWSgmX7pgo9bgJrS4g0Z,233,contact,8.556349754333496,-11264.57765781897,-7967.955104022104,-3100.096170137607,-196.52638365925984,9,5.0,1941
pres_TWSgmX7pgo9bgJrS4g0Z,1707,contact,1.032850742340088,-11264.57765781897,-7967.955104022104,-3100.096170137607,-196.52638365925984,9,5.0,1941
pres_TWSgmX7pgo9bgJrS4g0Z,11326,contact,4.762533664703369,-11264.57765781897,-7967.955104022104,-3100.096170137607,-196.52638365925984,9,5.0,1941
pres_TWSgmX7pgo9bgJrS4g0Z,12918,shell,0.6540125608444214,-11264.57765781897,-7967.955104022104,-3100.096170137607,-196.52638365925984,9,5.0,1941
pres_TWSgmX7pgo9bgJrS4g0Z,14247,contact,13.91303539276123,-11264.57765781897,-7967.955104022104,-3100.096170137607,-196.52638365925984,9,5.0,1941
pres_TjY6qu5BzXw6KSbRSwuf,233,shell,6.407266616821289,-14223.994729357011,-7927.970961540876,-6229.378104480822,-66.64566333531366,5,5.0,2547
pres_TjY6qu5BzXw6KSbRSwuf,1707,contact,0.8448559641838074,-14223.994729357011,-7927.970961540876,-6229.378104480822,-66.64566333531366,5,5.0,2547
pres_TjY6qu5BzXw6KSbRSwuf,11326,contact,5.287211418151856,-14223.994729357011,-7927.970961540876,-6229.378104480822,-66.64566333531366,5,5.0,2547
pres_TjY6qu5BzXw6KSbRSwuf,14247,contact,13.751898765563965,-14223.994729357011,-7927.970961540876,-6229.378104480822,-66.64566333531366,5,5.0,2547
pres_TlGMvoTdgu8ikekyEWyl,233,contact,5.905192852020264,-14004.879482811966,-7983.453745696707,-5920.007910926259,-101.41782618900017,10,5.0,2835
pres_TlGMvoTdgu8ikekyEWyl,1707,contact,0.5052779316902161,-14004.879482811966,-7983.453745696707,-5920.007910926259,-101.41782618900017,10,5.0,2835
pres_TlGMvoTdgu8ikekyEWyl,6869,shell,0.4199584722518921,-14004.879482811966,-7983.453745696707,-5920.007910926259,-101.41782618900017,10,5.0,2835
pres_TlGMvoTdgu8ikekyEWyl,11326,contact,8.20744514465332,-14004.879482811966,-7983.453745696707,-5920.007910926259,-101.41782618900017,10,5.0,2835
pres_TlGMvoTdgu8ikekyEWyl,14247,contact,13.112878799438477,-14004.879482811966,-7983.453745696707,-5920.007910926259,-101.41782618900017,10,5.0,2835
pres_TnDKwg05yHtIjMvyxAcj,233,contact,5.34274959564209,-13916.273509540948,-7972.866917057803,-5717.25363056579,-226.15296191735436,14,5.0,3219
pres_TnDKwg05yHtIjMvyxAcj,1707,shell,0.5033337473869324,-13916.273509540948,-7972.866917057803,-5717.25363056579,-226.15296191735436,14,5.0,3219
pres_TnDKwg05yHtIjMvyxAcj,6869,shell,2.0423989295959477,-13916.273509540948,-7972.866917057803,-5717.25363056579,-226.15296191735436,14,5.0,3219
pres_TnDKwg05yHtIjMvyxAcj,11326,contact,4.107898235321045,-13916.273509540948,-7972.866917057803,-5717.25363056579,-226.15296191735436,14,5.0,3219
pres_TnDKwg05yHtIjMvyxAcj,14247,contact,12.206310272216797,-13916.273509540948,-7972.866917057803,-5717.25363056579,-226.15296191735436,14,5.0,3219
pres_TnzfIpxaArmXgAGTuM8k,233,contact,7.822871685028076,-11700.921838649405,-7997.366431629586,-3490.983963290373,-212.5714437294455,13,5.0,2148
pres_TnzfIpxaArmXgAGTuM8k,1707,contact,0.7250241637229919,-11700.921838649405,-7997.366431629586,-3490.983963290373,-212.5714437294455,13,5.0,2148
pres_TnzfIpxaArmXgAGTuM8k,11326,contact,6.410806179046631,-11700.921838649405,-7997.366431629586,-3490.983963290373,-212.5714437294455,13,5.0,2148
pres_TnzfIpxaArmXgAGTuM8k,14247,contact,12.42927360534668,-11700.921838649405,-7997.366431629586,-3490.983963290373,-212.5714437294455,13,5.0,2148
pres_TweCXoZOPAb2VNS1RYAT,233,contact,5.8704986572265625,-14599.143526532462,-7969.482624171085,-6546.676377782914,-82.9845245784627,8,5.0,2743
pres_TweCXoZOPAb2VNS1RYAT,1707,shell,1.1482198238372805,-14599.143526532462,-7969.482624171085,-6546.676377782914,-82.9845245784627,8,5.0,2743
pres_TweCXoZOPAb2VNS1RYAT,11326,contact,3.2392613887786865,-14599.143526532462,-7969.482624171085,-6546.676377782914,-82.9845245784627,8,5.0,2743
pres_TweCXoZOPAb2VNS1RYAT,14247,contact,12.56922435760498,-14599.143526532462,-7969.482624171085,-6546.676377782914,-82.9845245784627,8,5.0,2743
pres_UC5nWStSpHrt68AN0MtK,233,contact,8.268192291259766,-10774.932905509331,-7954.373709828921,-2557.4334765264007,-263.1257191540094,19,5.0,1887
pres_UC5nWStSpHrt68AN0MtK,1707,contact,1.043271780014038,-10774.932905509331,-7954.373709828921,-2557.4334765264007,-263.1257191540094,19,5.0,1887
pres_UC5nWStSpHrt68AN0MtK,10586,contact,0.7632492780685425,-10774.932905509331,-7954.373709828921,-2557.4334765264007,-263.1257191540094,19,5.0,1887
pres_UC5nWStSpHrt68AN0MtK,11326,contact,6.414267063140869,-10774.932905509331,-7954.373709828921,-2557.4334765264007,-263.1257191540094,19,5.0,1887
pres_UC5nWStSpHrt68AN0MtK,14247,contact,10.32193088531494,-10774.932905509331,-7954.373709828921,-2557.4334765264007,-263.1257191540094,19,5.0,1887
pres_UHB0lyD6dNLiri8CGdvS,233,contact,5.978752136230469,-12551.437116989193,-7936.823470779631,-4537.839551174442,-76.7740950351199,7,5.0,1981
pres_UHB0lyD6dNLiri8CGdvS,1707,contact,0.7543371319770813,-12551.437116989193,-7936.823470779631,-4537.839551174442,-76.7740950351199,7,5.0,1981
pres_UHB0lyD6dNLiri8CGdvS,11326,contact,8.211984634399414,-12551.437116989193,-7936.823470779631,-4537.839551174442,-76.7740950351199,7,5.0,1981
pres_UHB0lyD6dNLiri8CGdvS,14247,contact,12.812782287597656,-12551.437116989193,-7936.823470779631,-4537.839551174442,-76.7740950351199,7,5.0,1981
pres_UMIXQFkcYoQBoCYQfevl,233,contact,6.668899059295654,-13180.294979309936,-7954.441368832062,-5145.053835192947,-80.79977528492691,7,5.0,2330
pres_UMIXQFkcYoQBoCYQfevl,1707,contact,1.9326066970825195,-13180.294979309936,-7954.441368832062,-5145.053835192947,-80.79977528492691,7,5.0,2330
pres_UMIXQFkcYoQBoCYQfevl,11326,contact,3.3540196418762207,-13180.294979309936,-7954.441368832062,-5145.053835192947,-80.79977528492691,7,5.0,2330
pres_UMIXQFkcYoQBoCYQfevl,14247,contact,11.189201354980469,-13180.294979309936,-7954.441368832062,-5145.053835192947,-80.79977528492691,7,5.0,2330
pres_Ufi8H1xvjSDVAmLXgOp2,233,contact,1.813707947731018,-12677.919028137332,-7958.580929761536,-4591.929371067904,-127.40872730789216,11,5.0,2244
pres_Ufi8H1xvjSDVAmLXgOp2,1707,contact,0.9328234791755676,-12677.919028137332,-7958.580929761536,-4591.929371067904,-127.40872730789216,11,5.0,2244
pres_Ufi8H1xvjSDVAmLXgOp2,11326,contact,5.751897811889648,-12677.919028137332,-7958.580929761536,-4591.929371067904,-127.40872730789216,11,5.0,2244
pres_Ufi8H1xvjSDVAmLXgOp2,14247,contact,6.786539554595947,-12677.919028137332,-7958.580929761536,-4591.929371067904,-127.40872730789216,11,5.0,2244
pres_Un5ErxMeEWpvD9Z1TgR0,233,contact,9.956851959228516,-10672.720524407663,-7989.543648426826,-2510.4392284286087,-172.73764755222874,16,5.0,1659
pres_Un5ErxMeEWpvD9Z1TgR0,1707,contact,1.862760066986084,-10672.720524407663,-7989.543648426826,-2510.4392284286087,-172.73764755222874,16,5.0,1659
pres_Un5ErxMeEWpvD9Z1TgR0,10586,shell,0.3671075105667114,-10672.720524407663,-7989.543648426826,-2510.4392284286087,-172.73764755222874,16,5.0,1659
pres_Un5ErxMeEWpvD9Z1TgR0,11326,contact,3.2446229457855225,-10672.720524407663,-7989.543648426826,-2510.4392284286087,-172.73764755222874,16,5.0,1659
pres_Un5ErxMeEWpvD9Z1TgR0,14247,contact,13.016575813293455,-10672.720524407663,-7989.543648426826,-2510.4392284286087,-172.73764755222874,16,5.0,1659
pres_UnseezT5qssx23uuOfWD,233,contact,6.092540740966797,-10961.467834645984,-7961.382439934235,-2792.999526094438,-207.08586861731143,12,5.0,1915
pres_UnseezT5qssx23uuOfWD,1707,contact,0.6567736268043518,-10961.467834645984,-7961.382439934235,-2792.999526094438,-207.08586861731143,12,5.0,1915
pres_UnseezT5qssx23uuOfWD,11326,contact,4.383463382720947,-10961.467834645984,-7961.382439934235,-2792.999526094438,-207.08586861731143,12,5.0,1915
pres_UnseezT5qssx23uuOfWD,12918,shell,0.7194236516952515,-10961.467834645984,-7961.382439934235,-2792.999526094438,-207.08586861731143,12,5.0,1915
pres_UnseezT5qssx23uuOfWD,14247,contact,13.497910499572754,-10961.467834645984,-7961.382439934235,-2792.999526094438,-207.08586861731143,12,5.0,1915
pres_UrUV2UhvFABssY64UTRi,233,contact,6.343019962310791,-12468.583239573394,-7996.7237359316,-4302.861489033049,-168.9980146087446,7,5.0,2325
pres_UrUV2UhvFABssY64UTRi,1707,contact,1.2477879524230957,-12468.583239573394,-7996.7237359316,-4302.861489033049,-168.9980146087446,7,5.0,2325
pres_UrUV2UhvFABssY64UTRi,6073,contact,0.4933323860168457,-12468.583239573394,-7996.7237359316,-4302.861489033049,-168.9980146087446,7,5.0,2325
pres_UrUV2UhvFABssY64UTRi,11326,contact,5.046139240264893,-12468.583239573394,-7996.7237359316,-4302.861489033049,-168.9980146087446,7,5.0,2325
pres_UrUV2UhvFABssY64UTRi,14247,contact,12.90797996520996,-12468.583239573394,-7996.7237359316,-4302.861489033049,-168.9980146087446,7,5.0,2325
pres_V4zkmuYYSQx8Wil6AehT,233,contact,6.159104824066162,-10778.342302820362,-7962.974048313495,-2613.854784878171,-201.51346962869596,10,5.0,1907
pres_V4zkmuYYSQx8Wil6AehT,1707,contact,1.5155940055847168,-10778.342302820362,-7962.974048313495,-2613.854784878171,-201.51346962869596,10,5.0,1907
pres_V4zkmuYYSQx8Wil6AehT,6073,contact,9.644124031066896,-10778.342302820362,-7962.974048313495,-2613.854784878171,-201.51346962869596,10,5.0,1907
pres_V4zkmuYYSQx8Wil6AehT,11326,contact,6.172337532043457,-10778.342302820362,-7962.974048313495,-2613.854784878171,-201.51346962869596,10,5.0,1907
pres_V4zkmuYYSQx8Wil6AehT,14247,contact,9.434296607971191,-10778.342302820362,-7962.974048313495,-2613.854784878171,-201.51346962869596,10,5.0,1907
pres_V5bZ9ifbf0dBysLREDsT,233,contact,4.123249053955078,-14831.054662682893,-7941.241173511227,-6811.222771798417,-78.59071737324666,10,5.0,2959
pres_V5bZ9ifbf0dBysLREDsT,1707,contact,1.1782536506652832,-14831.054662682893,-7941.241173511227,-6811.222771798417,-78.59071737324666,10,5.0,2959
pres_V5bZ9ifbf0dBysLREDsT,6073,shell,0.8122072219848633,-14831.054662682893,-7941.241173511227,-6811.222771798417,-78.59071737324666,10,5.0,2959
pres_V5bZ9ifbf0dBysLREDsT,11326,contact,6.594823360443115,-14831.054662682893,-7941.241173511227,-6811.222771798417,-78.59071737324666,10,5.0,2959
pres_V5bZ9ifbf0dBysLREDsT,12918,contact,1.0799556970596311,-14831.054662682893,-7941.241173511227,-6811.222771798417,-78.59071737324666,10,5.0,2959
pres_V5bZ9ifbf0dBysLREDsT,14247,contact,8.964478492736816,-14831.054662682893,-7941.241173511227,-6811.222771798417,-78.59071737324666,10,5.0,2959
pres_V91VcVlNnSaVhYXSG7rY,233,contact,6.925590991973877,-13134.10089453546,-7965.636399203615,-5019.486840021626,-148.97765531021923,11,5.0,2359
pres_V91VcVlNnSaVhYXSG7rY,1707,contact,0.972777545452118,-13134.10089453546,-7965.636399203615,-5019.486840021626,-148.97765531021923,11,5.0,2359
pres_V91VcVlNnSaVhYXSG7rY,11326,contact,4.067983627319336,-13134.10089453546,-7965.636399203615,-5019.486840021626,-148.97765531021923,11,5.0,2359
pres_V91VcVlNnSaVhYXSG7rY,14247,contact,12.477109909057615,-13134.10089453546,-7965.636399203615,-5019.486840021626,-148.97765531021923,11,5.0,2359
pres_VIO6c6ItL6TvAyssZs8N,4657,shell,0.8638010025024414,-12973.242564949463,-7925.621597453556,-4865.576088267408,-182.0448792285015,21,5.0,2572
pres_VIO6c6ItL6TvAyssZs8N,11326,contact,4.081167697906494,-12973.242564949463,-7925.621597453556,-4865.576088267408,-182.0448792285015,21,5.0,2572
pres_VIO6c6ItL6TvAyssZs8N,12588,shell,0.1990277767181396,-12973.242564949463,-7925.621597453556,-4865.576088267408,-182.0448792285015,21,5.0,2572
pres_VIxT80d7xmmRJpgY7BF1,233,contact,8.567086219787598,-14174.695619813789,-7861.658545515866,-6109.506982658546,-203.53009163937716,19,5.0,3157
pres_VIxT80d7xmmRJpgY7BF1,1707,contact,0.8883790373802185,-14174.695619813789,-7861.658545515866,-6109.506982658546,-203.53009163937716,19,5.0,3157
pres_VIxT80d7xmmRJpgY7BF1,6869,shell,11.314413070678713,-14174.695619813789,-7861.658545515866,-6109.506982658546,-203.53009163937716,19,5.0,3157
pres_VIxT80d7xmmRJpgY7BF1,11326,contact,6.864945888519287,-14174.695619813789,-7861.658545515866,-6109.506982658546,-203.53009163937716,19,5.0,3157
pres_VIxT80d7xmmRJpgY7BF1,14247,contact,9.360156059265137,-14174.695619813789,-7861.658545515866,-6109.506982658546,-203.53009163937716,19,5.0,3157
pres_VLpzlnWslCv8QAOL8UkQ,233,contact,6.715239524841309,-12929.04149855792,-7936.249323558183,-4812.48828469547,-180.30389030426613,20,5.0,2608
pres_VLpzlnWslCv8QAOL8UkQ,1707,contact,1.033926248550415,-12929.04149855792,-7936.249323558183,-4812.48828469547,-180.30389030426613,20,5.0,2608
pres_VLpzlnWslCv8QAOL8UkQ,4657,contact,0.6031630039215088,-12929.04149855792,-7936.249323558183,-4812.48828469547,-180.30389030426613,20,5.0,2608
pres_VLpzlnWslCv8QAOL8UkQ,11326,contact,6.8173508644104,-12929.04149855792,-7936.249323558183,-4812.48828469547,-180.30389030426613,20,5.0,2608
pres_VLpzlnWslCv8QAOL8UkQ,14247,contact,12.50231647491455,-12929.04149855792,-7936.249323558183,-4812.48828469547,-180.30389030426613,20,5.0,2608
pres_VN6iXNucmnxdpNWqCIoN,233,contact,7.371664524078369,-12461.05391147126,-7920.63512005837,-4328.559889592973,-211.85890181991545,16,5.0,2503
pres_VN6iXNucmnxdpNWqCIoN,1707,contact,2.7548012733459477,-12461.05391147126,-7920.63512005837,-4328.559889592973,-211.85890181991545,16,5.0,2503
pres_VN6iXNucmnxdpNWqCIoN,11326,contact,4.2867350578308105,-12461.05391147126,-7920.63512005837,-4328.559889592973,-211.85890181991545,16,5.0,2503
pres_VN6iXNucmnxdpNWqCIoN,14247,contact,13.22209930419922,-12461.05391147126,-7920.63512005837,-4328.559889592973,-211.85890181991545,16,5.0,2503
pres_VXa9O933syIqQ6fhihR7,233,contact,7.8234782218933105,-12787.658911382692,-7948.645300493524,-4768.067954389476,-70.94565649969263,4,5.0,2024
pres_VXa9O933syIqQ6fhihR7,1707,contact,1.6046857833862305,-12787.658911382692,-7948.645300493524,-4768.067954389476,-70.94565649969263,4,5.0,2024
pres_VXa9O933syIqQ6fhihR7,11326,contact,4.200642108917236,-12787.658911382692,-7948.645300493524,-4768.067954389476,-70.94565649969263,4,5.0,2024
pres_VXa9O933syIqQ6fhihR7,12918,shell,0.4852670431137085,-12787.658911382692,-7948.645300493524,-4768.067954389476,-70.94565649969263,4,5.0,2024
pres_VXa9O933syIqQ6fhihR7,14247,contact,11.495097160339355,-12787.658911382692,-7948.645300493524,-4768.067954389476,-70.94565649969263,4,5.0,2024
pres_VjIGiOhqJxmVgyckksf0,233,contact,2.370776891708374,-13037.690219495702,-7920.225344924332,-5036.582796661128,-80.88207791024251,11,5.0,2223
pres_VjIGiOhqJxmVgyckksf0,1707,shell,1.0583784580230713,-13037.690219495702,-7920.225344924332,-5036.582796661128,-80.88207791024251,11,5.0,2223
pres_VjIGiOhqJxmVgyckksf0,11326,contact,6.779378890991211,-13037.690219495702,-7920.225344924332,-5036.582796661128,-80.88207791024251,11,5.0,2223
pres_VjIGiOhqJxmVgyckksf0,14247,contact,10.408085823059082,-13037.690219495702,-7920.225344924332,-5036.582796661128,-80.88207791024251,11,5.0,2223
pres_Vo9KIODPHdogh66W3Sjq,233,contact,8.632630348205566,-12809.146478735827,-7976.640163991179,-4705.959170550543,-126.5471441941054,11,5.0,2383
pres_Vo9KIODPHdogh66W3Sjq,1707,contact,0.684939444065094,-12809.146478735827,-7976.640163991179,-4705.959170550543,-126.5471441941054,11,5.0,2383
pres_Vo9KIODPHdogh66W3Sjq,11326,contact,4.75197696685791,-12809.146478735827,-7976.640163991179,-4705.959170550543,-126.5471441941054,11,5.0,2383
pres_Vo9KIODPHdogh66W3Sjq,14247,contact,12.776206016540527,-12809.146478735827,-7976.640163991179,-4705.959170550543,-126.5471441941054,11,5.0,2383
pres_Vp0RX9lCUMsTskfOZzfD,233,contact,6.824475288391113,-14404.61637002941,-7988.630434392872,-6303.282948787679,-112.70298684885802,11,5.0,2731
pres_Vp0RX9lCUMsTskfOZzfD,1707,contact,1.679868221282959,-14404.61637002941,-7988.630434392872,-6303.282948787679,-112.70298684885802,11,5.0,2731
pres_Vp0RX9lCUMsTskfOZzfD,11326,contact,5.535674095153809,-14404.61637002941,-7988.630434392872,-6303.282948787679,-112.70298684885802,11,5.0,2731
pres_Vp0RX9lCUMsTskfOZzfD,14247,contact,12.968904495239258,-14404.61637002941,-7988.630434392872,-6303.282948787679,-112.70298684885802,11,5.0,2731
pres_VzjYHr0xrOt59REvNTrM,233,contact,5.110747814178467,-12667.642815362107,-7981.869456744538,-4588.711534028653,-97.06182458891637,11,5.0,2108
pres_VzjYHr0xrOt59REvNTrM,1707,contact,1.3158037662506104,-12667.642815362107,-7981.869456744538,-4588.711534028653,-97.06182458891637,11,5.0,2108
pres_VzjYHr0xrOt59REvNTrM,11326,contact,5.407857894897461,-12667.642815362107,-7981.869456744538,-4588.711534028653,-97.06182458891637,11,5.0,2108
pres_VzjYHr0xrOt59REvNTrM,14247,contact,12.947012901306152,-12667.642815362107,-7981.869456744538,-4588.711534028653,-97.06182458891637,11,5.0,2108
pres_W2lgP5QK9ANWWeGBzBTz,233,contact,6.527718544006348,-13228.369290326857,-7972.350503324969,-5127.653303593,-128.36548340888748,6,5.0,2510
pres_W2lgP5QK9ANWWeGBzBTz,1707,contact,0.656460702419281,-13228.369290326857,-7972.350503324969,-5127.653303593,-128.36548340888748,6,5.0,2510
pres_W2lgP5QK9ANWWeGBzBTz,2214,shell,0.4610947370529175,-13228.369290326857,-7972.350503324969,-5127.653303593,-128.36548340888748,6,5.0,2510
pres_W2lgP5QK9ANWWeGBzBTz,11326,contact,4.33055305480957,-13228.369290326857,-7972.350503324969,-5127.653303593,-128.36548340888748,6,5.0,2510
pres_W2lgP5QK9ANWWeGBzBTz,14247,contact,12.195852279663086,-13228.369290326857,-7972.350503324969,-5127.653303593,-128.36548340888748,6,5.0,2510
pres_W85MmY9USrhZ6MWEZoP8,233,contact,8.746713638305664,-10644.91536090674,-8011.395709054042,-2415.019222525054,-218.50042932764427,18,5.0,1577
pres_W85MmY9USrhZ6MWEZoP8,1707,contact,2.2631313800811768,-10644.91536090674,-8011.395709054042,-2415.019222525054,-218.50042932764427,18,5.0,1577
pres_W85MmY9USrhZ6MWEZoP8,10586,shell,0.3107718229293823,-10644.91536090674,-8011.395709054042,-2415.019222525054,-218.50042932764427,18,5.0,1577
pres_W85MmY9USrhZ6MWEZoP8,11326,contact,6.26175594329834,-10644.91536090674,-8011.395709054042,-2415.019222525054,-218.50042932764427,18,5.0,1577
pres_W85MmY9USrhZ6MWEZoP8,14247,contact,12.6692476272583,-10644.91536090674,-8011.395709054042,-2415.019222525054,-218.50042932764427,18,5.0,1577
pres_W88Z50cogP4Jw0eXfK9B,233,contact,5.910171985626221,-14867.5491984107,-7939.227807356272,-6819.077590459326,-109.24380059510167,11,5.0,2875
pres_W88Z50cogP4Jw0eXfK9B,1707,contact,0.6522329449653625,-14867.5491984107,-7939.227807356272,-6819.077590459326,-109.24380059510167,11,5.0,2875
pres_W88Z50cogP4Jw0eXfK9B,11326,contact,4.50347900390625,-14867.5491984107,-7939.227807356272,-6819.077590459326,-109.24380059510167,11,5.0,2875
pres_W88Z50cogP4Jw0eXfK9B,14247,contact,12.982563972473145,-14867.5491984107,-7939.227807356272,-6819.077590459326,-109.24380059510167,11,5.0,2875
pres_WAGE4PrdeosOHN8NpVpH,233,contact,8.01247501373291,-12331.535601099096,-7935.200855525255,-4219.051844434163,-177.28290113967796,15,5.0,2238
pres_WAGE4PrdeosOHN8NpVpH,1707,contact,1.2406728267669678,-12331.535601099096,-7935.200855525255,-4219.051844434163,-177.28290113967796,15,5.0,2238
pres_WAGE4PrdeosOHN8NpVpH,6869,shell,0.768987774848938,-12331.535601099096,-7935.200855525255,-4219.051844434163,-177.28290113967796,15,5.0,2238
pres_WAGE4PrdeosOHN8NpVpH,11326,contact,6.380596160888672,-12331.535601099096,-7935.200855525255,-4219.051844434163,-177.28290113967796,15,5.0,2238
pres_WAGE4PrdeosOHN8NpVpH,14247,contact,10.664031982421877,-12331.535601099096,-7935.200855525255,-4219.051844434163,-177.28290113967796,15,5.0,2238
pres_WJ3oY0eHRf768DZr1S7m,233,contact,6.06732702255249,-10816.822124196451,-7987.396073855668,-2602.539579843058,-226.8864704977268,12,5.0,1938
pres_WJ3oY0eHRf768DZr1S7m,1707,contact,1.8861501216888428,-10816.822124196451,-7987.396073855668,-2602.539579843058,-226.8864704977268,12,5.0,1938
pres_WJ3oY0eHRf768DZr1S7m,4657,contact,1.0576534271240234,-10816.822124196451,-7987.396073855668,-2602.539579843058,-226.8864704977268,12,5.0,1938
pres_WJ3oY0eHRf768DZr1S7m,11326,contact,6.789875507354736,-10816.822124196451,-7987.396073855668,-2602.539579843058,-226.8864704977268,12,5.0,1938
pres_WJ3oY0eHRf768DZr1S7m,14247,contact,12.664240837097168,-10816.822124196451,-7987.396073855668,-2602.539579843058,-226.8864704977268,12,5.0,1938
pres_WR8rOkDR7EZL9YlE0qy2,233,contact,8.677952766418457,-10762.734687929404,-7986.506330442378,-2482.7133418342883,-293.51501565273884,17,5.0,1963
pres_WR8rOkDR7EZL9YlE0qy2,1707,contact,2.91430926322937,-10762.734687929404,-7986.506330442378,-2482.7133418342883,-293.51501565273884,17,5.0,1963
pres_WR8rOkDR7EZL9YlE0qy2,6869,shell,0.7958930730819702,-10762.734687929404,-7986.506330442378,-2482.7133418342883,-293.51501565273884,17,5.0,1963
pres_WR8rOkDR7EZL9YlE0qy2,11326,contact,3.5877363681793213,-10762.734687929404,-7986.506330442378,-2482.7133418342883,-293.51501565273884,17,5.0,1963
pres_WR8rOkDR7EZL9YlE0qy2,14247,contact,12.318473815917969,-10762.734687929404,-7986.506330442378,-2482.7133418342883,-293.51501565273884,17,5.0,1963
pres_WfX2IsfohzKQ6rcSVIQH,233,contact,6.880484580993652,-12273.38345346198,-7898.710109287866,-4238.703431048128,-135.96991312598584,16,5.0,2086
pres_WfX2IsfohzKQ6rcSVIQH,1707,contact,0.5230531096458435,-12273.38345346198,-7898.710109287866,-4238.703431048128,-135.96991312598584,16,5.0,2086
pres_WfX2IsfohzKQ6rcSVIQH,11326,contact,5.731147289276123,-12273.38345346198,-7898.710109287866,-4238.703431048128,-135.96991312598584,16,5.0,2086
pres_WfX2IsfohzKQ6rcSVIQH,14247,contact,12.243120193481444,-12273.38345346198,-7898.710109287866,-4238.703431048128,-135.96991312598584,16,5.0,2086
pres_Wh76U16qXCjWMyGEAY3P,233,contact,7.092286586761475,-13049.551254501022,-8003.230281123829,-4855.996469924049,-190.32450345314464,16,5.0,2391
pres_Wh76U16qXCjWMyGEAY3P,1707,contact,2.160322427749634,-13049.551254501022,-8003.230281123829,-4855.996469924049,-190.32450345314464,16,5.0,2391
pres_Wh76U16qXCjWMyGEAY3P,10586,shell,0.4000312089920044,-13049.551254501022,-8003.230281123829,-4855.996469924049,-190.32450345314464,16,5.0,2391
pres_Wh76U16qXCjWMyGEAY3P,11326,contact,4.933651447296143,-13049.551254501022,-8003.230281123829,-4855.996469924049,-190.32450345314464,16,5.0,2391
pres_Wh76U16qXCjWMyGEAY3P,14247,contact,14.45486545562744,-13049.551254501022,-8003.230281123829,-4855.996469924049,-190.32450345314464,16,5.0,2391
pres_WiP96gfMganaLJNRaquB,233,contact,7.554782867431641,-12653.760823434694,-7903.609986443385,-4623.355948035125,-126.79488895618306,7,5.0,2122
pres_WiP96gfMganaLJNRaquB,1707,contact,2.18644118309021,-12653.760823434694,-7903.609986443385,-4623.355948035125,-126.79488895618306,7,5.0,2122
pres_WiP96gfMganaLJNRaquB,11326,shell,3.9283447265625,-12653.760823434694,-7903.609986443385,-4623.355948035125,-126.79488895618306,7,5.0,2122
pres_WiP96gfMganaLJNRaquB,14247,contact,12.934873580932615,-12653.760823434694,-7903.609986443385,-4623.355948035125,-126.79488895618306,7,5.0,2122
pres_WtBG65Y2mSkUAhf51S1T,233,contact,6.516585350036621,-12603.669755683535,-7967.960959660858,-4375.943301929525,-259.7654940931525,18,5.0,2953
pres_WtBG65Y2mSkUAhf51S1T,1707,contact,1.8224241733551023,-12603.669755683535,-7967.960959660858,-4375.943301929525,-259.7654940931525,18,5.0,2953
pres_WtBG65Y2mSkUAhf51S1T,11326,contact,3.49633526802063,-12603.669755683535,-7967.960959660858,-4375.943301929525,-259.7654940931525,18,5.0,2953
pres_WtBG65Y2mSkUAhf51S1T,14247,contact,11.737659454345703,-12603.669755683535,-7967.960959660858,-4375.943301929525,-259.7654940931525,18,5.0,2953
pres_WymTSNvxVxM1MTj6Bxgc,11326,contact,2.808069229125977,-12905.311060809723,-7887.830516890702,-4815.383665997854,-202.0968779211671,12,5.0,2432
pres_XBxXAa6jEdz9dYtso47f,233,contact,7.203266620635986,-13585.397128357385,-7978.899194228663,-5454.707807926425,-151.79012620229696,12,5.0,2423
pres_XBxXAa6jEdz9dYtso47f,1707,contact,1.7493455410003662,-13585.397128357385,-7978.899194228663,-5454.707807926425,-151.79012620229696,12,5.0,2423
pres_XBxXAa6jEdz9dYtso47f,10586,shell,0.5537303686141968,-13585.397128357385,-7978.899194228663,-5454.707807926425,-151.79012620229696,12,5.0,2423
pres_XBxXAa6jEdz9dYtso47f,11326,shell,4.190958023071289,-13585.397128357385,-7978.899194228663,-5454.707807926425,-151.79012620229696,12,5.0,2423
pres_XBxXAa6jEdz9dYtso47f,14247,contact,13.59111499786377,-13585.397128357385,-7978.899194228663,-5454.707807926425,-151.79012620229696,12,5.0,2423
pres_XRCbzLvLmjdlsn31A4kD,233,contact,6.879124164581299,-13677.441706771671,-7920.442325727031,-5641.079378836112,-115.9200022085288,11,5.0,2641
pres_XRCbzLvLmjdlsn31A4kD,1707,contact,0.7171900868415833,-13677.441706771671,-7920.442325727031,-5641.079378836112,-115.9200022085288,11,5.0,2641
pres_XRCbzLvLmjdlsn31A4kD,6869,shell,0.5399743318557739,-13677.441706771671,-7920.442325727031,-5641.079378836112,-115.9200022085288,11,5.0,2641
pres_XRCbzLvLmjdlsn31A4kD,11326,contact,4.462835788726807,-13677.441706771671,-7920.442325727031,-5641.079378836112,-115.9200022085288,11,5.0,2641
pres_XRCbzLvLmjdlsn31A4kD,14247,contact,11.49955940246582,-13677.441706771671,-7920.442325727031,-5641.079378836112,-115.9200022085288,11,5.0,2641
pres_XlHzKY4Ja4lnxRirix0s,233,contact,7.810722827911377,-13121.250001374883,-7949.281322726947,-5095.6186772221245,-76.35000142581157,5,5.0,2290
pres_XlHzKY4Ja4lnxRirix0s,1707,shell,0.8766220211982727,-13121.250001374883,-7949.281322726947,-5095.6186772221245,-76.35000142581157,5,5.0,2290
pres_XlHzKY4Ja4lnxRirix0s,11326,contact,5.9731974601745605,-13121.250001374883,-7949.281322726947,-5095.6186772221245,-76.35000142581157,5,5.0,2290
pres_XlHzKY4Ja4lnxRirix0s,14247,contact,12.338367462158203,-13121.250001374883,-7949.281322726947,-5095.6186772221245,-76.35000142581157,5,5.0,2290
pres_Xmv4abh2jpWmlhyenATZ,233,shell,1.4756286144256592,-11940.179747050315,-7946.173083003467,-3824.5667058987374,-169.43995814811296,15,5.0,2008
pres_Xmv4abh2jpWmlhyenATZ,1707,contact,1.3302404880523682,-11940.179747050315,-7946.173083003467,-3824.5667058987374,-169.43995814811296,15,5.0,2008
pres_Xmv4abh2jpWmlhyenATZ,6869,shell,0.3472281694412231,-11940.179747050315,-7946.173083003467,-3824.5667058987374,-169.43995814811296,15,5.0,2008
pres_Xmv4abh2jpWmlhyenATZ,11326,contact,4.278020858764648,-11940.179747050315,-7946.173083003467,-3824.5667058987374,-169.43995814811296,15,5.0,2008
pres_Xmv4abh2jpWmlhyenATZ,14247,contact,9.78959846496582,-11940.179747050315,-7946.173083003467,-3824.5667058987374,-169.43995814811296,15,5.0,2008
pres_XrdT8aAr6yB9mWXUt5Ay,233,contact,8.621337890625,-12931.081828302942,-7983.562333638166,-4888.1700714934,-59.34942317137575,3,5.0,2112
pres_XrdT8aAr6yB9mWXUt5Ay,1707,contact,1.7963883876800537,-12931.081828302942,-7983.562333638166,-4888.1700714934,-59.34942317137575,3,5.0,2112
pres_XrdT8aAr6yB9mWXUt5Ay,11326,contact,3.212448835372925,-12931.081828302942,-7983.562333638166,-4888.1700714934,-59.34942317137575,3,5.0,2112
pres_XrdT8aAr6yB9mWXUt5Ay,14247,contact,12.312013626098633,-12931.081828302942,-7983.562333638166,-4888.1700714934,-59.34942317137575,3,5.0,2112
pres_Y2G9Jjq7EzdNHox2GMYl,233,contact,9.422967910766602,-11112.580222364604,-7977.918672543241,-2913.820614297045,-220.8409355243184,10,5.0,1885
pres_Y2G9Jjq7EzdNHox2GMYl,1707,shell,1.2451233863830566,-11112.580222364604,-7977.918672543241,-2913.820614297045,-220.8409355243184,10,5.0,1885
pres_Y2G9Jjq7EzdNHox2GMYl,11326,contact,6.343558311462402,-11112.580222364604,-7977.918672543241,-2913.820614297045,-220.8409355243184,10,5.0,1885
pres_Y2G9Jjq7EzdNHox2GMYl,14247,contact,12.4463472366333,-11112.580222364604,-7977.918672543241,-2913.820614297045,-220.8409355243184,10,5.0,1885
pres_YDbORPcoi9BMFBKgfM1I,11326,contact,2.5939583778381348,-13041.60835158043,-7970.637149540132,-4805.669227987176,-265.30197405312174,14,5.0,2774
pres_YSUD2jVDSc2mRRd2Zb9e,233,contact,5.662457942962647,-12618.46556563252,-7943.229013128175,-4635.532814292926,-39.70373821141857,11,5.0,1863
pres_YSUD2jVDSc2mRRd2Zb9e,1707,shell,4.170300960540772,-12618.46556563252,-7943.229013128175,-4635.532814292926,-39.70373821141857,11,5.0,1863
pres_YSUD2jVDSc2mRRd2Zb9e,10586,shell,0.5979870557785034,-12618.46556563252,-7943.229013128175,-4635.532814292926,-39.70373821141857,11,5.0,1863
pres_YSUD2jVDSc2mRRd2Zb9e,11326,shell,2.387476921081543,-12618.46556563252,-7943.229013128175,-4635.532814292926,-39.70373821141857,11,5.0,1863
pres_YSUD2jVDSc2mRRd2Zb9e,14247,contact,11.81671142578125,-12618.46556563252,-7943.229013128175,-4635.532814292926,-39.70373821141857,11,5.0,1863
pres_YVRmmeVrd5TfusnxXTCA,233,contact,4.134458541870117,-12353.885143292318,-7955.639709552758,-4257.926895220303,-140.31853851925734,15,5.0,2411
pres_YVRmmeVrd5TfusnxXTCA,1707,contact,1.41100811958313,-12353.885143292318,-7955.639709552758,-4257.926895220303,-140.31853851925734,15,5.0,2411
pres_YVRmmeVrd5TfusnxXTCA,11326,contact,4.974865436553955,-12353.885143292318,-7955.639709552758,-4257.926895220303,-140.31853851925734,15,5.0,2411
pres_YVRmmeVrd5TfusnxXTCA,12918,contact,1.5270131826400757,-12353.885143292318,-7955.639709552758,-4257.926895220303,-140.31853851925734,15,5.0,2411
pres_YVRmmeVrd5TfusnxXTCA,14247,contact,8.273856163024902,-12353.885143292318,-7955.639709552758,-4257.926895220303,-140.31853851925734,15,5.0,2411
pres_YhP2OdL8xiF2zXTQWuhS,233,contact,5.556318283081055,-13030.317281819083,-8023.161299951297,-4872.676015330085,-134.47996653770133,7,5.0,2432
pres_YhP2OdL8xiF2zXTQWuhS,1707,contact,1.2459685802459717,-13030.317281819083,-8023.161299951297,-4872.676015330085,-134.47996653770133,7,5.0,2432
pres_YhP2OdL8xiF2zXTQWuhS,11326,contact,5.965874671936035,-13030.317281819083,-8023.161299951297,-4872.676015330085,-134.47996653770133,7,5.0,2432
pres_YhP2OdL8xiF2zXTQWuhS,12588,shell,0.6379736661911011,-13030.317281819083,-8023.161299951297,-4872.676015330085,-134.47996653770133,7,5.0,2432
pres_YhP2OdL8xiF2zXTQWuhS,14247,contact,10.884259223937988,-13030.317281819083,-8023.161299951297,-4872.676015330085,-134.47996653770133,7,5.0,2432
pres_Za0g9DHjO9Nj4Ap7uo8J,233,contact,8.852523803710938,-11163.883233485903,-7970.083107754302,-2950.9003643763094,-242.8997613552924,21,5.0,2107
pres_Za0g9DHjO9Nj4Ap7uo8J,1707,contact,0.7162889838218689,-11163.883233485903,-7970.083107754302,-2950.9003643763094,-242.8997613552924,21,5.0,2107
pres_Za0g9DHjO9Nj4Ap7uo8J,4657,contact,1.4976108074188232,-11163.883233485903,-7970.083107754302,-2950.9003643763094,-242.8997613552924,21,5.0,2107
pres_Za0g9DHjO9Nj4Ap7uo8J,11326,contact,5.457664966583252,-11163.883233485903,-7970.083107754302,-2950.9003643763094,-242.8997613552924,21,5.0,2107
pres_Za0g9DHjO9Nj4Ap7uo8J,14247,contact,14.218894958496094,-11163.883233485903,-7970.083107754302,-2950.9003643763094,-242.8997613552924,21,5.0,2107
pres_ZdNo4PruuMJrJbnjwPh1,233,contact,6.408143043518066,-13007.858132896536,-7925.816809042941,-4815.536559803124,-266.50476405047266,8,5.0,2694
pres_ZdNo4PruuMJrJbnjwPh1,1707,contact,0.9246647953987122,-13007.858132896536,-7925.816809042941,-4815.536559803124,-266.50476405047266,8,5.0,2694
pres_ZdNo4PruuMJrJbnjwPh1,6073,contact,1.3279826641082764,-13007.858132896536,-7925.816809042941,-4815.536559803124,-266.50476405047266,8,5.0,2694
pres_ZdNo4PruuMJrJbnjwPh1,11326,contact,5.888435363769531,-13007.858132896536,-7925.816809042941,-4815.536559803124,-266.50476405047266,8,5.0,2694
pres_ZdNo4PruuMJrJbnjwPh1,14247,contact,13.298972129821776,-13007.858132896536,-7925.816809042941,-4815.536559803124,-266.50476405047266,8,5.0,2694
pres_ZhfsYPnmbzEu6aK1JZAF,233,contact,6.379256248474121,-10938.865541815829,-7915.033397050598,-2815.1725599001466,-208.65958486508225,13,5.0,1834
pres_ZhfsYPnmbzEu6aK1JZAF,1707,contact,1.6803250312805176,-10938.865541815829,-7915.033397050598,-2815.1725599001466,-208.65958486508225,13,5.0,1834
pres_ZhfsYPnmbzEu6aK1JZAF,6073,shell,3.3830783367156982,-10938.865541815829,-7915.033397050598,-2815.1725599001466,-208.65958486508225,13,5.0,1834
pres_ZhfsYPnmbzEu6aK1JZAF,11326,contact,5.132517337799072,-10938.865541815829,-7915.033397050598,-2815.1725599001466,-208.65958486508225,13,5.0,1834
pres_ZhfsYPnmbzEu6aK1JZAF,14247,contact,11.433012962341309,-10938.865541815829,-7915.033397050598,-2815.1725599001466,-208.65958486508225,13,5.0,1834
pres_ZnVO2dDVS3CXwfDfZrtf,233,contact,6.5520429611206055,-13048.01497268905,-8024.238880478418,-4873.000657094062,-150.7754351165704,11,5.0,2661
pres_ZnVO2dDVS3CXwfDfZrtf,1707,contact,1.1609125137329102,-13048.01497268905,-8024.238880478418,-4873.000657094062,-150.7754351165704,11,5.0,2661
pres_ZnVO2dDVS3CXwfDfZrtf,4657,contact,1.300417423248291,-13048.01497268905,-8024.238880478418,-4873.000657094062,-150.7754351165704,11,5.0,2661
pres_ZnVO2dDVS3CXwfDfZrtf,11326,contact,7.042444229125977,-13048.01497268905,-8024.238880478418,-4873.000657094062,-150.7754351165704,11,5.0,2661
pres_ZnVO2dDVS3CXwfDfZrtf,14247,contact,13.279590606689451,-13048.01497268905,-8024.238880478418,-4873.000657094062,-150.7754351165704,11,5.0,2661
pres_Zshh72WnMHgowUeRtLIz,233,contact,8.743124008178711,-11182.508953211163,-7927.164924602496,-3043.3298038126068,-212.01422479606023,13,5.0,2030
pres_Zshh72WnMHgowUeRtLIz,1707,contact,0.96785968542099,-11182.508953211163,-7927.164924602496,-3043.3298038126068,-212.01422479606023,13,5.0,2030
pres_Zshh72WnMHgowUeRtLIz,11326,contact,5.275293827056885,-11182.508953211163,-7927.164924602496,-3043.3298038126068,-212.01422479606023,13,5.0,2030
pres_Zshh72WnMHgowUeRtLIz,14247,contact,12.966696739196776,-11182.508953211163,-7927.164924602496,-3043.3298038126068,-212.01422479606023,13,5.0,2030
pres_a2d0lJwdXNaFTgSq6ysx,233,contact,7.616252422332764,-10754.822366261193,-7987.551973564883,-2505.627524400947,-261.6428682953624,20,5.0,2125
pres_a2d0lJwdXNaFTgSq6ysx,1707,contact,0.8118720650672913,-10754.822366261193,-7987.551973564883,-2505.627524400947,-261.6428682953624,20,5.0,2125
pres_a2d0lJwdXNaFTgSq6ysx,11326,contact,5.379122734069824,-10754.822366261193,-7987.551973564883,-2505.627524400947,-261.6428682953624,20,5.0,2125
pres_a2d0lJwdXNaFTgSq6ysx,14247,contact,13.46764850616455,-10754.822366261193,-7987.551973564883,-2505.627524400947,-261.6428682953624,20,5.0,2125
pres_aALyAGtiWJu7AY4oaQN1,233,contact,7.733556270599365,-10220.368397995158,-7968.280974149588,-1987.3147182083003,-264.7727056372703,12,5.0,1842
pres_aALyAGtiWJu7AY4oaQN1,1707,contact,1.1762511730194092,-10220.368397995158,-7968.280974149588,-1987.3147182083003,-264.7727056372703,12,5.0,1842
pres_aALyAGtiWJu7AY4oaQN1,6073,contact,0.4933192729949951,-10220.368397995158,-7968.280974149588,-1987.3147182083003,-264.7727056372703,12,5.0,1842
pres_aALyAGtiWJu7AY4oaQN1,11326,contact,3.532350778579712,-10220.368397995158,-7968.280974149588,-1987.3147182083003,-264.7727056372703,12,5.0,1842
pres_aALyAGtiWJu7AY4oaQN1,14247,contact,13.8553466796875,-10220.368397995158,-7968.280974149588,-1987.3147182083003,-264.7727056372703,12,5.0,1842
pres_aFiB2uv5upTGPJdCFUpB,233,contact,6.769442081451416,-13258.356584624242,-7955.166106796266,-5128.562792984379,-174.6276848435973,17,5.0,2587
pres_aFiB2uv5upTGPJdCFUpB,1707,contact,0.9648321270942688,-13258.356584624242,-7955.166106796266,-5128.562792984379,-174.6276848435973,17,5.0,2587
pres_aFiB2uv5upTGPJdCFUpB,11326,contact,4.8084797859191895,-13258.356584624242,-7955.166106796266,-5128.562792984379,-174.6276848435973,17,5.0,2587
pres_aFiB2uv5upTGPJdCFUpB,14247,contact,13.345528602600098,-13258.356584624242,-7955.166106796266,-5128.562792984379,-174.6276848435973,17,5.0,2587
pres_aMNIl4xcO4w0R5985DLj,233,contact,5.782746315002441,-11327.2304824608,-7932.509939217488,-3167.9746634147377,-226.7458798285743,7,5.0,2023
pres_aMNIl4xcO4w0R5985DLj,1707,contact,1.2650961875915527,-11327.2304824608,-7932.509939217488,-3167.9746634147377,-226.7458798285743,7,5.0,2023
pres_aMNIl4xcO4w0R5985DLj,11326,contact,5.957640171051025,-11327.2304824608,-7932.509939217488,-3167.9746634147377,-226.7458798285743,7,5.0,2023
pres_aMNIl4xcO4w0R5985DLj,14247,contact,8.565435409545898,-11327.2304824608,-7932.509939217488,-3167.9746634147377,-226.7458798285743,7,5.0,2023
pres_aQgIfVjPLLuykRJhOqB6,233,contact,7.41421365737915,-11141.636469940691,-7904.187696375514,-2989.7155038421315,-247.73326972304767,17,5.0,1855
pres_aQgIfVjPLLuykRJhOqB6,1707,contact,0.7377336621284485,-11141.636469940691,-7904.187696375514,-2989.7155038421315,-247.73326972304767,17,5.0,1855
pres_aQgIfVjPLLuykRJhOqB6,11326,contact,5.31674337387085,-11141.636469940691,-7904.187696375514,-2989.7155038421315,-247.73326972304767,17,5.0,1855
pres_aQgIfVjPLLuykRJhOqB6,14247,contact,12.899872779846191,-11141.636469940691,-7904.187696375514,-2989.7155038421315,-247.73326972304767,17,5.0,1855
pres_aTCWGB7W4qf8iBgBT0Gm,233,contact,1.9695223569869995,-13842.19418778162,-7957.34497842076,-5690.923881579434,-193.92532778142595,10,5.0,3020
pres_aTCWGB7W4qf8iBgBT0Gm,1707,contact,0.9950825572013856,-13842.19418778162,-7957.34497842076,-5690.923881579434,-193.92532778142595,10,5.0,3020
pres_aTCWGB7W4qf8iBgBT0Gm,11326,contact,5.441067695617676,-13842.19418778162,-7957.34497842076,-5690.923881579434,-193.92532778142595,10,5.0,3020
pres_aTCWGB7W4qf8iBgBT0Gm,14247,contact,13.683382987976074,-13842.19418778162,-7957.34497842076,-5690.923881579434,-193.92532778142595,10,5.0,3020
pres_ae06UonFDiAaazsz5fI2,233,contact,7.367316722869873,-10602.952262291676,-8000.706826638104,-2402.7269224561364,-199.5185131974372,8,5.0,1740
pres_ae06UonFDiAaazsz5fI2,6073,contact,1.9024858474731443,-10602.952262291676,-8000.706826638104,-2402.7269224561364,-199.5185131974372,8,5.0,1740
pres_ae06UonFDiAaazsz5fI2,11326,contact,4.53408145904541,-10602.952262291676,-8000.706826638104,-2402.7269224561364,-199.5185131974372,8,5.0,1740
pres_ae06UonFDiAaazsz5fI2,14247,contact,11.836329460144045,-10602.952262291676,-8000.706826638104,-2402.7269224561364,-199.5185131974372,8,5.0,1740
pres_ahRuAT56nOBc35Yu8eu1,233,contact,7.222249507904053,-14189.762943179892,-7965.216693869703,-6085.54376047053,-139.00248883965924,13,5.0,2971
pres_ahRuAT56nOBc35Yu8eu1,1707,contact,1.6405718326568604,-14189.762943179892,-7965.216693869703,-6085.54376047053,-139.00248883965924,13,5.0,2971
pres_ahRuAT56nOBc35Yu8eu1,11326,contact,5.62962532043457,-14189.762943179892,-7965.216693869703,-6085.54376047053,-139.00248883965924,13,5.0,2971
pres_ahRuAT56nOBc35Yu8eu1,14247,contact,13.410618782043455,-14189.762943179892,-7965.216693869703,-6085.54376047053,-139.00248883965924,13,5.0,2971
pres_am1obQwza49iLn147QDJ,233,contact,8.587926864624023,-11818.088808017776,-7978.178307558125,-3670.4191302718978,-169.49137018775446,9,5.0,1917
pres_am1obQwza49iLn147QDJ,1707,contact,1.7341980934143066,-11818.088808017776,-7978.178307558125,-3670.4191302718978,-169.49137018775446,9,5.0,1917
pres_am1obQwza49iLn147QDJ,11326,shell,4.5660834312438965,-11818.088808017776,-7978.178307558125,-3670.4191302718978,-169.49137018775446,9,5.0,1917
pres_am1obQwza49iLn147QDJ,14247,contact,11.848219871520996,-11818.088808017776,-7978.178307558125,-3670.4191302718978,-169.49137018775446,9,5.0,1917
pres_arjAhGnyJAYxsV2rH27H,233,contact,7.508958339691162,-11117.709827305049,-7952.056635485714,-2954.2479656449527,-211.40522617438228,9,5.0,1831
pres_arjAhGnyJAYxsV2rH27H,1707,contact,1.1041874885559082,-11117.709827305049,-7952.056635485714,-2954.2479656449527,-211.40522617438228,9,5.0,1831
pres_arjAhGnyJAYxsV2rH27H,11326,contact,4.49751615524292,-11117.709827305049,-7952.056635485714,-2954.2479656449527,-211.40522617438228,9,5.0,1831
pres_arjAhGnyJAYxsV2rH27H,12918,shell,0.751672625541687,-11117.709827305049,-7952.056635485714,-2954.2479656449527,-211.40522617438228,9,5.0,1831
pres_arjAhGnyJAYxsV2rH27H,14247,contact,13.253472328186035,-11117.709827305049,-7952.056635485714,-2954.2479656449527,-211.40522617438228,9,5.0,1831
pres_b375trPJ3TeycTwN5maz,233,contact,10.552131652832031,-10492.205633698188,-7959.511413630602,-2329.558219718824,-203.13600034876208,13,5.0,1558
pres_b375trPJ3TeycTwN5maz,1707,contact,2.1382858753204346,-10492.205633698188,-7959.511413630602,-2329.558219718824,-203.13600034876208,13,5.0,1558
pres_b375trPJ3TeycTwN5maz,11326,contact,4.124186038970947,-10492.205633698188,-7959.511413630602,-2329.558219718824,-203.13600034876208,13,5.0,1558
pres_b375trPJ3TeycTwN5maz,14247,contact,14.16183376312256,-10492.205633698188,-7959.511413630602,-2329.558219718824,-203.13600034876208,13,5.0,1558
pres_b3bKT0SIarfaw9GVHBkX,233,contact,8.673635482788086,-10958.265593538688,-7982.610966351137,-2674.165542617869,-301.48908456968,25,5.0,2081
pres_b3bKT0SIarfaw9GVHBkX,1707,contact,1.150841236114502,-10958.265593538688,-7982.610966351137,-2674.165542617869,-301.48908456968,25,5.0,2081
pres_b3bKT0SIarfaw9GVHBkX,11326,contact,5.801085948944092,-10958.265593538688,-7982.610966351137,-2674.165542617869,-301.48908456968,25,5.0,2081
pres_b3bKT0SIarfaw9GVHBkX,12918,contact,1.293209433555603,-10958.265593538688,-7982.610966351137,-2674.165542617869,-301.48908456968,25,5.0,2081
pres_b3bKT0SIarfaw9GVHBkX,14247,contact,12.598172187805176,-10958.265593538688,-7982.610966351137,-2674.165542617869,-301.48908456968,25,5.0,2081
pres_bBhxHFxtqOrBKcR1i00A,233,contact,5.911557674407959,-11394.484663962045,-7949.369858931312,-3312.236679946705,-132.87812508402794,16,5.0,1735
pres_bBhxHFxtqOrBKcR1i00A,1707,contact,1.4179277420043943,-11394.484663962045,-7949.369858931312,-3312.236679946705,-132.87812508402794,16,5.0,1735
pres_bBhxHFxtqOrBKcR1i00A,10586,shell,0.3749066591262817,-11394.484663962045,-7949.369858931312,-3312.236679946705,-132.87812508402794,16,5.0,1735
pres_bBhxHFxtqOrBKcR1i00A,11326,contact,5.8047709465026855,-11394.484663962045,-7949.369858931312,-3312.236679946705,-132.87812508402794,16,5.0,1735
pres_bBhxHFxtqOrBKcR1i00A,14247,contact,11.80683422088623,-11394.484663962045,-7949.369858931312,-3312.236679946705,-132.87812508402794,16,5.0,1735
pres_bNY3rUyTHxkSrAdRQdZl,233,contact,6.6608967781066895,-14393.718059747618,-7972.9719083298305,-6281.474677856833,-139.2714735609543,10,5.0,2813
pres_bNY3rUyTHxkSrAdRQdZl,1707,contact,0.984507977962494,-14393.718059747618,-7972.9719083298305,-6281.474677856833,-139.2714735609543,10,5.0,2813
pres_bNY3rUyTHxkSrAdRQdZl,11326,contact,6.161805152893066,-14393.718059747618,-7972.9719083298305,-6281.474677856833,-139.2714735609543,10,5.0,2813
pres_bNY3rUyTHxkSrAdRQdZl,14247,contact,13.467570304870604,-14393.718059747618,-7972.9719083298305,-6281.474677856833,-139.2714735609543,10,5.0,2813
pres_bW6D63opCzmcJ0PevNKX,233,contact,6.9904656410217285,-14486.896885031763,-7893.495278247488,-6444.198350228646,-149.203256555631,15,5.0,2992
pres_bW6D63opCzmcJ0PevNKX,1707,shell,0.6126412749290466,-14486.896885031763,-7893.495278247488,-6444.198350228646,-149.203256555631,15,5.0,2992
pres_bW6D63opCzmcJ0PevNKX,2214,contact,0.450180172920227,-14486.896885031763,-7893.495278247488,-6444.198350228646,-149.203256555631,15,5.0,2992
pres_bW6D63opCzmcJ0PevNKX,11326,contact,7.081541061401367,-14486.896885031763,-7893.495278247488,-6444.198350228646,-149.203256555631,15,5.0,2992
pres_bW6D63opCzmcJ0PevNKX,14247,contact,12.839564323425291,-14486.896885031763,-7893.495278247488,-6444.198350228646,-149.203256555631,15,5.0,2992
pres_bbcrYF0JRASrZe7ZsY8B,233,contact,5.738749504089356,-12438.612058365354,-7916.791584478489,-4292.656259435987,-229.1642144508778,17,5.0,2586
pres_bbcrYF0JRASrZe7ZsY8B,1707,contact,1.365772724151611,-12438.612058365354,-7916.791584478489,-4292.656259435987,-229.1642144508778,17,5.0,2586
pres_bbcrYF0JRASrZe7ZsY8B,6073,contact,1.5046255588531494,-12438.612058365354,-7916.791584478489,-4292.656259435987,-229.1642144508778,17,5.0,2586
pres_bbcrYF0JRASrZe7ZsY8B,11326,contact,3.379227638244629,-12438.612058365354,-7916.791584478489,-4292.656259435987,-229.1642144508778,17,5.0,2586
pres_bbcrYF0JRASrZe7ZsY8B,14247,contact,12.843290328979492,-12438.612058365354,-7916.791584478489,-4292.656259435987,-229.1642144508778,17,5.0,2586
pres_bjBq4m2cufzKyGMaXquC,233,contact,8.039373397827148,-13980.687593800323,-7973.324464580805,-5753.316752933349,-254.0463762861691,20,5.0,3210
pres_bjBq4m2cufzKyGMaXquC,1707,contact,0.9168581366539,-13980.687593800323,-7973.324464580805,-5753.316752933349,-254.0463762861691,20,5.0,3210
pres_bjBq4m2cufzKyGMaXquC,11326,contact,5.851786613464356,-13980.687593800323,-7973.324464580805,-5753.316752933349,-254.0463762861691,20,5.0,3210
pres_bjBq4m2cufzKyGMaXquC,14247,contact,12.363974571228027,-13980.687593800323,-7973.324464580805,-5753.316752933349,-254.0463762861691,20,5.0,3210
pres_bqgukyB8JvWyIjYDpAbx,233,contact,5.927731513977051,-14146.052786546248,-7948.374297670054,-5908.508580262342,-289.1699086138524,16,5.0,3191
pres_bqgukyB8JvWyIjYDpAbx,1707,contact,0.9131606221199036,-14146.052786546248,-7948.374297670054,-5908.508580262342,-289.1699086138524,16,5.0,3191
pres_bqgukyB8JvWyIjYDpAbx,11326,contact,4.330493450164795,-14146.052786546248,-7948.374297670054,-5908.508580262342,-289.1699086138524,16,5.0,3191
pres_bqgukyB8JvWyIjYDpAbx,14247,contact,12.975787162780762,-14146.052786546248,-7948.374297670054,-5908.508580262342,-289.1699086138524,16,5.0,3191
pres_bu9xTTWtyrOlIpsnc6qE,233,contact,7.027027130126953,-13878.790915071571,-7929.848286277172,-5846.899016896558,-102.0436118978414,6,5.0,2621
pres_bu9xTTWtyrOlIpsnc6qE,1707,shell,1.1884899139404297,-13878.790915071571,-7929.848286277172,-5846.899016896558,-102.0436118978414,6,5.0,2621
pres_bu9xTTWtyrOlIpsnc6qE,6869,contact,3.208350658416748,-13878.790915071571,-7929.848286277172,-5846.899016896558,-102.0436118978414,6,5.0,2621
pres_bu9xTTWtyrOlIpsnc6qE,11326,contact,5.922532558441162,-13878.790915071571,-7929.848286277172,-5846.899016896558,-102.0436118978414,6,5.0,2621
pres_bu9xTTWtyrOlIpsnc6qE,14247,contact,11.909831047058104,-13878.790915071571,-7929.848286277172,-5846.899016896558,-102.0436118978414,6,5.0,2621
pres_c8iMcFyLSK9ue63JvoeF,233,contact,7.511340141296387,-13343.769458237251,-7962.814839800955,-5208.389049028613,-172.56556940768496,10,5.0,2552
pres_c8iMcFyLSK9ue63JvoeF,1707,contact,3.5096547603607178,-13343.769458237251,-7962.814839800955,-5208.389049028613,-172.56556940768496,10,5.0,2552
pres_c8iMcFyLSK9ue63JvoeF,11326,contact,4.3373799324035645,-13343.769458237251,-7962.814839800955,-5208.389049028613,-172.56556940768496,10,5.0,2552
pres_c8iMcFyLSK9ue63JvoeF,14247,contact,12.499064445495604,-13343.769458237251,-7962.814839800955,-5208.389049028613,-172.56556940768496,10,5.0,2552
pres_cFaA7RoDzGWzPH2FMjy0,233,contact,3.1380884647369385,-14223.655626011248,-8008.730304094547,-5949.749706266528,-265.1756156501733,17,5.0,3396
pres_cFaA7RoDzGWzPH2FMjy0,6869,contact,1.7890607118606567,-14223.655626011248,-8008.730304094547,-5949.749706266528,-265.1756156501733,17,5.0,3396
pres_cFaA7RoDzGWzPH2FMjy0,11326,contact,3.8491246700286874,-14223.655626011248,-8008.730304094547,-5949.749706266528,-265.1756156501733,17,5.0,3396
pres_cFaA7RoDzGWzPH2FMjy0,14247,contact,3.616693019866944,-14223.655626011248,-8008.730304094547,-5949.749706266528,-265.1756156501733,17,5.0,3396
pres_cQN8X24gKFL2mAAcIfKc,233,contact,6.000093460083008,-13358.44998366975,-7947.86825242496,-5355.996204853219,-54.58552639157188,9,5.0,2091
pres_cQN8X24gKFL2mAAcIfKc,1707,contact,0.9106099009513856,-13358.44998366975,-7947.86825242496,-5355.996204853219,-54.58552639157188,9,5.0,2091
pres_cQN8X24gKFL2mAAcIfKc,11326,contact,4.756281852722168,-13358.44998366975,-7947.86825242496,-5355.996204853219,-54.58552639157188,9,5.0,2091
pres_cQN8X24gKFL2mAAcIfKc,14247,contact,10.170144081115724,-13358.44998366975,-7947.86825242496,-5355.996204853219,-54.58552639157188,9,5.0,2091
pres_cWHhfglivdliegLaILSr,233,contact,11.298803329467772,-10679.94673243916,-8023.946238517158,-2331.04252017843,-324.95797374357244,20,5.0,2137
pres_cWHhfglivdliegLaILSr,1707,contact,1.1110780239105225,-10679.94673243916,-8023.946238517158,-2331.04252017843,-324.95797374357244,20,5.0,2137
pres_cWHhfglivdliegLaILSr,4657,contact,0.6813259124755859,-10679.94673243916,-8023.946238517158,-2331.04252017843,-324.95797374357244,20,5.0,2137
pres_cWHhfglivdliegLaILSr,11326,contact,5.191421985626221,-10679.94673243916,-8023.946238517158,-2331.04252017843,-324.95797374357244,20,5.0,2137
pres_cWHhfglivdliegLaILSr,14247,contact,13.870579719543455,-10679.94673243916,-8023.946238517158,-2331.04252017843,-324.95797374357244,20,5.0,2137
pres_cbuY0AuHUTeS8pydXXun,233,contact,5.60992431640625,-10840.956428828922,-7973.754481894445,-2708.389676408576,-158.81227052590066,13,5.0,1782
pres_cbuY0AuHUTeS8pydXXun,1707,shell,1.029900312423706,-10840.956428828922,-7973.754481894445,-2708.389676408576,-158.81227052590066,13,5.0,1782
pres_cbuY0AuHUTeS8pydXXun,11326,contact,7.32835054397583,-10840.956428828922,-7973.754481894445,-2708.389676408576,-158.81227052590066,13,5.0,1782
pres_cbuY0AuHUTeS8pydXXun,12918,contact,0.9066437482833862,-10840.956428828922,-7973.754481894445,-2708.389676408576,-158.81227052590066,13,5.0,1782
pres_cbuY0AuHUTeS8pydXXun,14247,contact,11.699180603027344,-10840.956428828922,-7973.754481894445,-2708.389676408576,-158.81227052590066,13,5.0,1782
pres_cnmBr7jGwfui1Z525VYi,233,contact,7.444631576538086,-13889.78355122302,-7972.897033013574,-5706.140387006595,-210.74613120284997,14,5.0,3104
pres_cnmBr7jGwfui1Z525VYi,1707,contact,1.2461466789245603,-13889.78355122302,-7972.897033013574,-5706.140387006595,-210.74613120284997,14,5.0,3104
pres_cnmBr7jGwfui1Z525VYi,6869,contact,30.843305587768555,-13889.78355122302,-7972.897033013574,-5706.140387006595,-210.74613120284997,14,5.0,3104
pres_cnmBr7jGwfui1Z525VYi,11326,contact,6.354626178741455,-13889.78355122302,-7972.897033013574,-5706.140387006595,-210.74613120284997,14,5.0,3104
pres_cnmBr7jGwfui1Z525VYi,14247,contact,12.871268272399902,-13889.78355122302,-7972.897033013574,-5706.140387006595,-210.74613120284997,14,5.0,3104
pres_cxuSOzEUshYVuIvBvv6c,233,contact,6.508670806884766,-14746.487069006484,-7924.722696459471,-6685.598313990631,-136.16605855638318,13,5.0,2937
pres_cxuSOzEUshYVuIvBvv6c,1707,shell,0.8704044222831726,-14746.487069006484,-7924.722696459471,-6685.598313990631,-136.16605855638318,13,5.0,2937
pres_cxuSOzEUshYVuIvBvv6c,11326,contact,4.058626174926758,-14746.487069006484,-7924.722696459471,-6685.598313990631,-136.16605855638318,13,5.0,2937
pres_cxuSOzEUshYVuIvBvv6c,14247,contact,13.73666763305664,-14746.487069006484,-7924.722696459471,-6685.598313990631,-136.16605855638318,13,5.0,2937
pres_d1op1qt8XHsboyEQe8j9,233,contact,7.461699962615967,-12397.110293988777,-7906.470951012982,-4201.357647144678,-289.28169583111503,19,5.0,2661
pres_d1op1qt8XHsboyEQe8j9,1707,contact,0.9984366297721864,-12397.110293988777,-7906.470951012982,-4201.357647144678,-289.28169583111503,19,5.0,2661
pres_d1op1qt8XHsboyEQe8j9,4657,contact,0.6132693290710449,-12397.110293988777,-7906.470951012982,-4201.357647144678,-289.28169583111503,19,5.0,2661
pres_d1op1qt8XHsboyEQe8j9,11326,contact,4.222818851470947,-12397.110293988777,-7906.470951012982,-4201.357647144678,-289.28169583111503,19,5.0,2661
pres_d1op1qt8XHsboyEQe8j9,14247,contact,12.618770599365234,-12397.110293988777,-7906.470951012982,-4201.357647144678,-289.28169583111503,19,5.0,2661
pres_dBZumwGkRCvDfNw9YQLu,233,contact,7.425405502319336,-12811.151769954393,-7967.231181019988,-4662.270234626296,-181.65035430810892,9,5.0,2773
pres_dBZumwGkRCvDfNw9YQLu,1707,contact,0.7414451241493225,-12811.151769954393,-7967.231181019988,-4662.270234626296,-181.65035430810892,9,5.0,2773
pres_dBZumwGkRCvDfNw9YQLu,6869,shell,1.009656548500061,-12811.151769954393,-7967.231181019988,-4662.270234626296,-181.65035430810892,9,5.0,2773
pres_dBZumwGkRCvDfNw9YQLu,11326,contact,7.746055603027344,-12811.151769954393,-7967.231181019988,-4662.270234626296,-181.65035430810892,9,5.0,2773
pres_dBZumwGkRCvDfNw9YQLu,14247,contact,13.879927635192873,-12811.151769954393,-7967.231181019988,-4662.270234626296,-181.65035430810892,9,5.0,2773
pres_ddhQ9tnPh2ZIiKR7Fub7,233,shell,5.97935152053833,-11012.582121245774,-7988.469260958722,-2971.209922457968,-52.90293782908429,5,5.0,1497
pres_ddhQ9tnPh2ZIiKR7Fub7,6869,contact,2.011709690093994,-11012.582121245774,-7988.469260958722,-2971.209922457968,-52.90293782908429,5,5.0,1497
pres_ddhQ9tnPh2ZIiKR7Fub7,11326,contact,4.484498500823975,-11012.582121245774,-7988.469260958722,-2971.209922457968,-52.90293782908429,5,5.0,1497
pres_ddhQ9tnPh2ZIiKR7Fub7,14247,contact,5.557023048400879,-11012.582121245774,-7988.469260958722,-2971.209922457968,-52.90293782908429,5,5.0,1497
pres_ddry3PcrMNC6jIyOnRyj,233,contact,5.823518753051758,-11362.965434729958,-7994.427653810195,-3189.152908522692,-179.38487239707183,12,5.0,2021
pres_ddry3PcrMNC6jIyOnRyj,1707,contact,0.7227359414100647,-11362.965434729958,-7994.427653810195,-3189.152908522692,-179.38487239707183,12,5.0,2021
pres_ddry3PcrMNC6jIyOnRyj,11326,contact,5.448556900024414,-11362.965434729958,-7994.427653810195,-3189.152908522692,-179.38487239707183,12,5.0,2021
pres_ddry3PcrMNC6jIyOnRyj,14247,contact,12.718750953674316,-11362.965434729958,-7994.427653810195,-3189.152908522692,-179.38487239707183,12,5.0,2021
pres_dpjifHV7DXYSnILsF2Kc,233,contact,8.969595909118652,-14334.269803727277,-7986.31028175953,-6167.630924464099,-180.32859750364605,10,5.0,3105
pres_dpjifHV7DXYSnILsF2Kc,1707,contact,0.5297475457191467,-14334.269803727277,-7986.31028175953,-6167.630924464099,-180.32859750364605,10,5.0,3105
pres_dpjifHV7DXYSnILsF2Kc,11326,contact,5.235221862792969,-14334.269803727277,-7986.31028175953,-6167.630924464099,-180.32859750364605,10,5.0,3105
pres_dpjifHV7DXYSnILsF2Kc,14247,contact,11.994437217712402,-14334.269803727277,-7986.31028175953,-6167.630924464099,-180.32859750364605,10,5.0,3105
pres_dv2tpE6rkcIe0oS1L1fJ,233,contact,7.578320980072021,-10632.11190981781,-7999.921910345005,-2404.7127382401395,-227.47726123266511,19,5.0,1717
pres_dv2tpE6rkcIe0oS1L1fJ,1707,contact,0.9677340388298036,-10632.11190981781,-7999.921910345005,-2404.7127382401395,-227.47726123266511,19,5.0,1717
pres_dv2tpE6rkcIe0oS1L1fJ,6073,contact,0.5220389366149902,-10632.11190981781,-7999.921910345005,-2404.7127382401395,-227.47726123266511,19,5.0,1717
pres_dv2tpE6rkcIe0oS1L1fJ,11326,contact,3.41098952293396,-10632.11190981781,-7999.921910345005,-2404.7127382401395,-227.47726123266511,19,5.0,1717
pres_dv2tpE6rkcIe0oS1L1fJ,14247,contact,10.335906982421877,-10632.11190981781,-7999.921910345005,-2404.7127382401395,-227.47726123266511,19,5.0,1717
pres_e1liZtNONcn6movpCClc,233,contact,5.310924530029297,-12942.595997584993,-7948.854845913066,-4792.475694197143,-201.26545747478397,18,5.0,2444
pres_e1liZtNONcn6movpCClc,1707,contact,1.9042401313781736,-12942.595997584993,-7948.854845913066,-4792.475694197143,-201.26545747478397,18,5.0,2444
pres_e1liZtNONcn6movpCClc,4657,contact,1.5829241275787354,-12942.595997584993,-7948.854845913066,-4792.475694197143,-201.26545747478397,18,5.0,2444
pres_e1liZtNONcn6movpCClc,11326,contact,3.8142805099487305,-12942.595997584993,-7948.854845913066,-4792.475694197143,-201.26545747478397,18,5.0,2444
pres_e1liZtNONcn6movpCClc,14247,contact,12.726847648620604,-12942.595997584993,-7948.854845913066,-4792.475694197143,-201.26545747478397,18,5.0,2444
pres_e8TjoKTpAZGZ7SGXGNOJ,233,contact,7.7938551902771,-14563.48041637716,-8001.223610343288,-6285.814700991802,-276.4421050420706,16,5.0,3232
pres_e8TjoKTpAZGZ7SGXGNOJ,1707,contact,2.658585786819458,-14563.48041637716,-8001.223610343288,-6285.814700991802,-276.4421050420706,16,5.0,3232
pres_e8TjoKTpAZGZ7SGXGNOJ,11326,contact,4.932806015014648,-14563.48041637716,-8001.223610343288,-6285.814700991802,-276.4421050420706,16,5.0,3232
pres_e8TjoKTpAZGZ7SGXGNOJ,14247,contact,13.654757499694824,-14563.48041637716,-8001.223610343288,-6285.814700991802,-276.4421050420706,16,5.0,3232
pres_eNPXHK6uTJDBA9hHbNrm,233,contact,8.00349235534668,-14093.028592417451,-7946.741096244555,-5864.606670687235,-281.68082548566326,19,5.0,2942
pres_eNPXHK6uTJDBA9hHbNrm,1707,contact,0.8302506804466248,-14093.028592417451,-7946.741096244555,-5864.606670687235,-281.68082548566326,19,5.0,2942
pres_eNPXHK6uTJDBA9hHbNrm,10586,contact,1.2958797216415403,-14093.028592417451,-7946.741096244555,-5864.606670687235,-281.68082548566326,19,5.0,2942
pres_eNPXHK6uTJDBA9hHbNrm,11326,contact,5.811550140380859,-14093.028592417451,-7946.741096244555,-5864.606670687235,-281.68082548566326,19,5.0,2942
pres_eNPXHK6uTJDBA9hHbNrm,14247,contact,13.375962257385254,-14093.028592417451,-7946.741096244555,-5864.606670687235,-281.68082548566326,19,5.0,2942
pres_exuNedwJPlpnOu1vsWOo,233,contact,6.261380672454834,-12652.60267236559,-7972.611422745647,-4348.653282228882,-331.3379673910613,17,5.0,2778
pres_exuNedwJPlpnOu1vsWOo,1707,contact,2.280147075653076,-12652.60267236559,-7972.611422745647,-4348.653282228882,-331.3379673910613,17,5.0,2778
pres_exuNedwJPlpnOu1vsWOo,6869,shell,0.5434387922286987,-12652.60267236559,-7972.611422745647,-4348.653282228882,-331.3379673910613,17,5.0,2778
pres_exuNedwJPlpnOu1vsWOo,11326,contact,4.462066650390625,-12652.60267236559,-7972.611422745647,-4348.653282228882,-331.3379673910613,17,5.0,2778
pres_exuNedwJPlpnOu1vsWOo,14247,contact,13.885998725891112,-12652.60267236559,-7972.611422745647,-4348.653282228882,-331.3379673910613,17,5.0,2778
pres_f5hVS0Rvz7TcsjtQpNlI,233,contact,5.523719310760498,-11118.265008159631,-7884.899142800765,-2975.7461683710026,-257.6196969878656,13,5.0,2187
pres_f5hVS0Rvz7TcsjtQpNlI,1707,contact,0.6374494433403015,-11118.265008159631,-7884.899142800765,-2975.7461683710026,-257.6196969878656,13,5.0,2187
pres_f5hVS0Rvz7TcsjtQpNlI,6073,contact,1.7899954319000244,-11118.265008159631,-7884.899142800765,-2975.7461683710026,-257.6196969878656,13,5.0,2187
pres_f5hVS0Rvz7TcsjtQpNlI,11326,contact,2.9174976348876958,-11118.265008159631,-7884.899142800765,-2975.7461683710026,-257.6196969878656,13,5.0,2187
pres_f5hVS0Rvz7TcsjtQpNlI,14247,contact,9.134800910949709,-11118.265008159631,-7884.899142800765,-2975.7461683710026,-257.6196969878656,13,5.0,2187
pres_fCLHgbr3kNdEilF40zhT,233,contact,8.939155578613281,-11206.405591852455,-7965.353299596305,-3012.141359201737,-228.91093305441336,15,5.0,2160
pres_fCLHgbr3kNdEilF40zhT,1707,contact,2.535430669784546,-11206.405591852455,-7965.353299596305,-3012.141359201737,-228.91093305441336,15,5.0,2160
pres_fCLHgbr3kNdEilF40zhT,11326,contact,2.649644374847412,-11206.405591852455,-7965.353299596305,-3012.141359201737,-228.91093305441336,15,5.0,2160
pres_fCLHgbr3kNdEilF40zhT,14247,contact,13.287585258483888,-11206.405591852455,-7965.353299596305,-3012.141359201737,-228.91093305441336,15,5.0,2160
pres_fCOYkkmf1fVGEgcBQD86,233,contact,8.143988609313965,-11290.046556801672,-7974.910826403424,-3132.682491831048,-182.45323856720188,11,5.0,1828
pres_fCOYkkmf1fVGEgcBQD86,1707,contact,0.9412681460380554,-11290.046556801672,-7974.910826403424,-3132.682491831048,-182.45323856720188,11,5.0,1828
pres_fCOYkkmf1fVGEgcBQD86,11326,contact,6.344439029693604,-11290.046556801672,-7974.910826403424,-3132.682491831048,-182.45323856720188,11,5.0,1828
pres_fCOYkkmf1fVGEgcBQD86,14247,contact,13.9519624710083,-11290.046556801672,-7974.910826403424,-3132.682491831048,-182.45323856720188,11,5.0,1828
pres_fNlbdWf41MN6YeKkefOp,233,contact,8.258687973022461,-11398.240208662522,-7977.220680045557,-3194.855270092405,-226.1642585245604,9,5.0,2005
pres_fNlbdWf41MN6YeKkefOp,1707,contact,0.9296035170555116,-11398.240208662522,-7977.220680045557,-3194.855270092405,-226.1642585245604,9,5.0,2005
pres_fNlbdWf41MN6YeKkefOp,11326,contact,5.344874382019043,-11398.240208662522,-7977.220680045557,-3194.855270092405,-226.1642585245604,9,5.0,2005
pres_fNlbdWf41MN6YeKkefOp,14247,contact,13.094416618347168,-11398.240208662522,-7977.220680045557,-3194.855270092405,-226.1642585245604,9,5.0,2005
pres_fTraKgavm8Udtdvvxs4G,233,contact,6.736159801483154,-12697.323322514469,-7939.796528237588,-4640.851498309389,-116.67529596748956,8,5.0,2205
pres_fTraKgavm8Udtdvvxs4G,1707,contact,1.2007410526275637,-12697.323322514469,-7939.796528237588,-4640.851498309389,-116.67529596748956,8,5.0,2205
pres_fTraKgavm8Udtdvvxs4G,11326,contact,4.639774799346924,-12697.323322514469,-7939.796528237588,-4640.851498309389,-116.67529596748956,8,5.0,2205
pres_fTraKgavm8Udtdvvxs4G,14247,contact,13.951311111450195,-12697.323322514469,-7939.796528237588,-4640.851498309389,-116.67529596748956,8,5.0,2205
pres_fXnjUfXn9NEWWPpM6Jk3,233,contact,9.99195384979248,-11289.173560929714,-7995.468611334942,-3069.2198099951456,-224.48513959962656,11,5.0,2126
pres_fXnjUfXn9NEWWPpM6Jk3,1707,contact,0.7901497483253479,-11289.173560929714,-7995.468611334942,-3069.2198099951456,-224.48513959962656,11,5.0,2126
pres_fXnjUfXn9NEWWPpM6Jk3,6073,contact,0.3177125453948974,-11289.173560929714,-7995.468611334942,-3069.2198099951456,-224.48513959962656,11,5.0,2126
pres_fXnjUfXn9NEWWPpM6Jk3,11326,contact,4.8676371574401855,-11289.173560929714,-7995.468611334942,-3069.2198099951456,-224.48513959962656,11,5.0,2126
pres_fXnjUfXn9NEWWPpM6Jk3,14247,contact,12.951700210571287,-11289.173560929714,-7995.468611334942,-3069.2198099951456,-224.48513959962656,11,5.0,2126
pres_fYPiPOOE4OdfSh5bdvNT,233,shell,3.229871988296509,-13437.600434047226,-7961.00665712222,-5409.507291216205,-67.08648570880177,10,5.0,2556
pres_fYPiPOOE4OdfSh5bdvNT,1707,contact,3.614989042282105,-13437.600434047226,-7961.00665712222,-5409.507291216205,-67.08648570880177,10,5.0,2556
pres_fYPiPOOE4OdfSh5bdvNT,11326,contact,4.563817977905273,-13437.600434047226,-7961.00665712222,-5409.507291216205,-67.08648570880177,10,5.0,2556
pres_fYPiPOOE4OdfSh5bdvNT,12588,shell,1.4379976987838743,-13437.600434047226,-7961.00665712222,-5409.507291216205,-67.08648570880177,10,5.0,2556
pres_fYPiPOOE4OdfSh5bdvNT,14247,contact,11.743765830993652,-13437.600434047226,-7961.00665712222,-5409.507291216205,-67.08648570880177,10,5.0,2556
pres_fdaRcFMUvPaCqgkB8Gsg,233,contact,7.1494317054748535,-12958.745207670025,-7973.471121927155,-4876.411631606942,-108.86245413592589,12,5.0,2229
pres_fdaRcFMUvPaCqgkB8Gsg,1707,contact,1.3228847980499268,-12958.745207670025,-7973.471121927155,-4876.411631606942,-108.86245413592589,12,5.0,2229
pres_fdaRcFMUvPaCqgkB8Gsg,2214,shell,0.528791069984436,-12958.745207670025,-7973.471121927155,-4876.411631606942,-108.86245413592589,12,5.0,2229
pres_fdaRcFMUvPaCqgkB8Gsg,11326,contact,5.636408805847168,-12958.745207670025,-7973.471121927155,-4876.411631606942,-108.86245413592589,12,5.0,2229
pres_fdaRcFMUvPaCqgkB8Gsg,14247,contact,14.159723281860352,-12958.745207670025,-7973.471121927155,-4876.411631606942,-108.86245413592589,12,5.0,2229
pres_fzb2BOgZR8Yr9UlMKGUQ,233,contact,6.846794128417969,-11388.520328785764,-7942.074424324449,-3274.4390585275787,-172.00684593373626,10,5.0,1897
pres_fzb2BOgZR8Yr9UlMKGUQ,1707,contact,2.253190755844116,-11388.520328785764,-7942.074424324449,-3274.4390585275787,-172.00684593373626,10,5.0,1897
pres_fzb2BOgZR8Yr9UlMKGUQ,11326,contact,5.467989444732666,-11388.520328785764,-7942.074424324449,-3274.4390585275787,-172.00684593373626,10,5.0,1897
pres_fzb2BOgZR8Yr9UlMKGUQ,14247,contact,13.138575553894045,-11388.520328785764,-7942.074424324449,-3274.4390585275787,-172.00684593373626,10,5.0,1897
pres_g3QE6yoRX6UKGtnjr4EC,233,contact,7.848303318023682,-14012.816860979265,-7897.595736805127,-5668.655148963937,-446.565975210201,23,5.0,3365
pres_g3QE6yoRX6UKGtnjr4EC,1707,contact,0.8324804902076721,-14012.816860979265,-7897.595736805127,-5668.655148963937,-446.565975210201,23,5.0,3365
pres_g3QE6yoRX6UKGtnjr4EC,11326,contact,4.45534610748291,-14012.816860979265,-7897.595736805127,-5668.655148963937,-446.565975210201,23,5.0,3365
pres_g3QE6yoRX6UKGtnjr4EC,14247,contact,13.60251522064209,-14012.816860979265,-7897.595736805127,-5668.655148963937,-446.565975210201,23,5.0,3365
pres_g4Ea7q0taE5V9DQLGjJ2,233,contact,6.761178016662598,-12984.872562577277,-7922.341234588165,-4932.288778070964,-130.2425499181454,10,5.0,2398
pres_g4Ea7q0taE5V9DQLGjJ2,1707,contact,1.5376381874084473,-12984.872562577277,-7922.341234588165,-4932.288778070964,-130.2425499181454,10,5.0,2398
pres_g4Ea7q0taE5V9DQLGjJ2,11326,contact,3.895749568939209,-12984.872562577277,-7922.341234588165,-4932.288778070964,-130.2425499181454,10,5.0,2398
pres_g4Ea7q0taE5V9DQLGjJ2,14247,contact,11.530680656433104,-12984.872562577277,-7922.341234588165,-4932.288778070964,-130.2425499181454,10,5.0,2398
pres_g4F6U6cKLzOYUr08Yw4U,233,contact,7.020816802978516,-11128.559427225253,-7971.258017080786,-2893.712596741473,-263.58881340299195,15,5.0,2001
pres_g4F6U6cKLzOYUr08Yw4U,1707,contact,1.4013707637786863,-11128.559427225253,-7971.258017080786,-2893.712596741473,-263.58881340299195,15,5.0,2001
pres_g4F6U6cKLzOYUr08Yw4U,4657,contact,0.7947537899017334,-11128.559427225253,-7971.258017080786,-2893.712596741473,-263.58881340299195,15,5.0,2001
pres_g4F6U6cKLzOYUr08Yw4U,11326,contact,5.928923606872559,-11128.559427225253,-7971.258017080786,-2893.712596741473,-263.58881340299195,15,5.0,2001
pres_g4F6U6cKLzOYUr08Yw4U,14247,contact,12.94526195526123,-11128.559427225253,-7971.258017080786,-2893.712596741473,-263.58881340299195,15,5.0,2001
pres_gG0IhGduQakLuqPY6Iub,233,contact,7.831221103668213,-12521.738042645327,-7960.798181163883,-4442.528756099588,-118.41110538185694,12,5.0,2155
pres_gG0IhGduQakLuqPY6Iub,1707,contact,1.017672777175903,-12521.738042645327,-7960.798181163883,-4442.528756099588,-118.41110538185694,12,5.0,2155
pres_gG0IhGduQakLuqPY6Iub,6073,shell,0.4297711849212646,-12521.738042645327,-7960.798181163883,-4442.528756099588,-118.41110538185694,12,5.0,2155
pres_gG0IhGduQakLuqPY6Iub,11326,contact,5.025919437408447,-12521.738042645327,-7960.798181163883,-4442.528756099588,-118.41110538185694,12,5.0,2155
pres_gG0IhGduQakLuqPY6Iub,14247,contact,12.506481170654297,-12521.738042645327,-7960.798181163883,-4442.528756099588,-118.41110538185694,12,5.0,2155
pres_gKtxwV17wIquVMhTMlmX,233,contact,8.82333755493164,-10039.802749027682,-7908.057013836208,-1949.077546836812,-182.66818835466145,16,5.0,1647
pres_gKtxwV17wIquVMhTMlmX,1707,contact,1.4006540775299072,-10039.802749027682,-7908.057013836208,-1949.077546836812,-182.66818835466145,16,5.0,1647
pres_gKtxwV17wIquVMhTMlmX,4657,contact,0.4309871196746826,-10039.802749027682,-7908.057013836208,-1949.077546836812,-182.66818835466145,16,5.0,1647
pres_gKtxwV17wIquVMhTMlmX,11326,contact,5.555237770080566,-10039.802749027682,-7908.057013836208,-1949.077546836812,-182.66818835466145,16,5.0,1647
pres_gKtxwV17wIquVMhTMlmX,14247,contact,12.904011726379396,-10039.802749027682,-7908.057013836208,-1949.077546836812,-182.66818835466145,16,5.0,1647
pres_gU65sr8cs7BUdyZa7AJm,11326,contact,1.941651701927185,-13108.562371880324,-7906.664076289459,-5083.927710183937,-117.97058540692888,5,5.0,2285
pres_gcemTIXh7OsSXwTRxCgE,233,shell,2.1697258949279785,-13709.37069670229,-7926.454339539309,-5595.081907782358,-187.83444938062257,12,5.0,2695
pres_gcemTIXh7OsSXwTRxCgE,1707,contact,1.396151065826416,-13709.37069670229,-7926.454339539309,-5595.081907782358,-187.83444938062257,12,5.0,2695
pres_gcemTIXh7OsSXwTRxCgE,11326,contact,5.22872257232666,-13709.37069670229,-7926.454339539309,-5595.081907782358,-187.83444938062257,12,5.0,2695
pres_gcemTIXh7OsSXwTRxCgE,14247,contact,11.085787773132324,-13709.37069670229,-7926.454339539309,-5595.081907782358,-187.83444938062257,12,5.0,2695
pres_gdQDMJxqKaiBRoAdu4NZ,233,contact,6.89548397064209,-12604.3407307065,-7947.598478974312,-4545.733148590468,-111.00910314172144,7,5.0,2152
pres_gdQDMJxqKaiBRoAdu4NZ,1707,contact,1.0352449417114258,-12604.3407307065,-7947.598478974312,-4545.733148590468,-111.00910314172144,7,5.0,2152
pres_gdQDMJxqKaiBRoAdu4NZ,6073,contact,0.5160684585571289,-12604.3407307065,-7947.598478974312,-4545.733148590468,-111.00910314172144,7,5.0,2152
pres_gdQDMJxqKaiBRoAdu4NZ,11326,contact,3.9262423515319824,-12604.3407307065,-7947.598478974312,-4545.733148590468,-111.00910314172144,7,5.0,2152
pres_gdQDMJxqKaiBRoAdu4NZ,14247,contact,12.795161247253418,-12604.3407307065,-7947.598478974312,-4545.733148590468,-111.00910314172144,7,5.0,2152
pres_gh8nnZP7xNR9P012kqPs,233,contact,5.653831005096436,-13987.606004157473,-7952.705518139015,-5838.548986325331,-196.35149969312715,20,5.0,2866
pres_gh8nnZP7xNR9P012kqPs,1707,contact,1.8299236297607424,-13987.606004157473,-7952.705518139015,-5838.548986325331,-196.35149969312715,20,5.0,2866
pres_gh8nnZP7xNR9P012kqPs,6869,contact,0.6618407964706421,-13987.606004157473,-7952.705518139015,-5838.548986325331,-196.35149969312715,20,5.0,2866
pres_gh8nnZP7xNR9P012kqPs,11326,contact,5.940347194671631,-13987.606004157473,-7952.705518139015,-5838.548986325331,-196.35149969312715,20,5.0,2866
pres_gh8nnZP7xNR9P012kqPs,14247,contact,11.1113862991333,-13987.606004157473,-7952.705518139015,-5838.548986325331,-196.35149969312715,20,5.0,2866
pres_gjq2jBxHPIHT5CKyrDsl,233,contact,6.038027286529541,-14709.808046317134,-7983.242106635364,-6609.445078373057,-117.12086130871285,12,5.0,2902
pres_gjq2jBxHPIHT5CKyrDsl,1707,contact,2.2311899662017822,-14709.808046317134,-7983.242106635364,-6609.445078373057,-117.12086130871285,12,5.0,2902
pres_gjq2jBxHPIHT5CKyrDsl,6073,shell,1.8967082500457764,-14709.808046317134,-7983.242106635364,-6609.445078373057,-117.12086130871285,12,5.0,2902
pres_gjq2jBxHPIHT5CKyrDsl,10586,contact,1.2458640336990356,-14709.808046317134,-7983.242106635364,-6609.445078373057,-117.12086130871285,12,5.0,2902
pres_gjq2jBxHPIHT5CKyrDsl,11326,contact,7.096794128417969,-14709.808046317134,-7983.242106635364,-6609.445078373057,-117.12086130871285,12,5.0,2902
pres_gjq2jBxHPIHT5CKyrDsl,14247,contact,8.245113372802734,-14709.808046317134,-7983.242106635364,-6609.445078373057,-117.12086130871285,12,5.0,2902
pres_hIiI9EswhUG9XQjsKqcl,233,contact,6.1589436531066895,-12867.42302503049,-7939.804880680737,-4737.289464999183,-190.32867935056947,11,5.0,2557
pres_hIiI9EswhUG9XQjsKqcl,1707,contact,2.1541895866394043,-12867.42302503049,-7939.804880680737,-4737.289464999183,-190.32867935056947,11,5.0,2557
pres_hIiI9EswhUG9XQjsKqcl,6073,contact,0.6148004531860352,-12867.42302503049,-7939.804880680737,-4737.289464999183,-190.32867935056947,11,5.0,2557
pres_hIiI9EswhUG9XQjsKqcl,11326,shell,2.501539468765259,-12867.42302503049,-7939.804880680737,-4737.289464999183,-190.32867935056947,11,5.0,2557
pres_hIiI9EswhUG9XQjsKqcl,14247,contact,11.15761661529541,-12867.42302503049,-7939.804880680737,-4737.289464999183,-190.32867935056947,11,5.0,2557
pres_hXELjbW7P1ZcMyBzgK34,233,contact,8.530606269836426,-10550.305699726356,-7968.895848484168,-2328.0530051763903,-253.35684606579932,9,5.0,1828
pres_hXELjbW7P1ZcMyBzgK34,1707,shell,0.7973253130912781,-10550.305699726356,-7968.895848484168,-2328.0530051763903,-253.35684606579932,9,5.0,1828
pres_hXELjbW7P1ZcMyBzgK34,6869,contact,0.3756223917007446,-10550.305699726356,-7968.895848484168,-2328.0530051763903,-253.35684606579932,9,5.0,1828
pres_hXELjbW7P1ZcMyBzgK34,11326,contact,4.987011432647705,-10550.305699726356,-7968.895848484168,-2328.0530051763903,-253.35684606579932,9,5.0,1828
pres_hXELjbW7P1ZcMyBzgK34,14247,contact,14.413793563842772,-10550.305699726356,-7968.895848484168,-2328.0530051763903,-253.35684606579932,9,5.0,1828
pres_hd14m4UzZ2WhCpK3pVT0,233,contact,6.62213134765625,-13246.368744137377,-7958.015114576484,-4938.767565434951,-349.5860641259424,13,5.0,3212
pres_hd14m4UzZ2WhCpK3pVT0,1707,contact,1.8664567470550537,-13246.368744137377,-7958.015114576484,-4938.767565434951,-349.5860641259424,13,5.0,3212
pres_hd14m4UzZ2WhCpK3pVT0,11326,contact,4.393022537231445,-13246.368744137377,-7958.015114576484,-4938.767565434951,-349.5860641259424,13,5.0,3212
pres_hd14m4UzZ2WhCpK3pVT0,14247,contact,13.196505546569824,-13246.368744137377,-7958.015114576484,-4938.767565434951,-349.5860641259424,13,5.0,3212
pres_hfFGYhrkheog1R8youvE,233,contact,5.927753448486328,-14147.725987236254,-7896.459892054117,-6087.208535118262,-164.057560063874,13,5.0,2501
pres_hfFGYhrkheog1R8youvE,1707,contact,1.7863175868988037,-14147.725987236254,-7896.459892054117,-6087.208535118262,-164.057560063874,13,5.0,2501
pres_hfFGYhrkheog1R8youvE,11326,contact,2.8639020919799805,-14147.725987236254,-7896.459892054117,-6087.208535118262,-164.057560063874,13,5.0,2501
pres_hfFGYhrkheog1R8youvE,14247,contact,13.140708923339844,-14147.725987236254,-7896.459892054117,-6087.208535118262,-164.057560063874,13,5.0,2501
pres_hilbKLyNbvHCVel2AKxz,233,contact,8.27945327758789,-10711.527334406444,-7978.010135041627,-2512.783226060229,-220.73397330458693,16,5.0,1764
pres_hilbKLyNbvHCVel2AKxz,1707,contact,1.0809111595153809,-10711.527334406444,-7978.010135041627,-2512.783226060229,-220.73397330458693,16,5.0,1764
pres_hilbKLyNbvHCVel2AKxz,2214,shell,1.2785743474960327,-10711.527334406444,-7978.010135041627,-2512.783226060229,-220.73397330458693,16,5.0,1764
pres_hilbKLyNbvHCVel2AKxz,11326,contact,5.131612300872803,-10711.527334406444,-7978.010135041627,-2512.783226060229,-220.73397330458693,16,5.0,1764
pres_hilbKLyNbvHCVel2AKxz,14247,contact,10.362591743469238,-10711.527334406444,-7978.010135041627,-2512.783226060229,-220.73397330458693,16,5.0,1764
pres_i3Hi57oFpN7B0aHwV6e9,233,shell,0.4413687884807586,-13322.906529275617,-7927.990152814903,-5249.057979064328,-145.8583973963841,13,5.0,2465
pres_i3Hi57oFpN7B0aHwV6e9,1707,contact,2.096393823623657,-13322.906529275617,-7927.990152814903,-5249.057979064328,-145.8583973963841,13,5.0,2465
pres_i3Hi57oFpN7B0aHwV6e9,4657,contact,0.9421391487121582,-13322.906529275617,-7927.990152814903,-5249.057979064328,-145.8583973963841,13,5.0,2465
pres_i3Hi57oFpN7B0aHwV6e9,11326,contact,3.120034694671631,-13322.906529275617,-7927.990152814903,-5249.057979064328,-145.8583973963841,13,5.0,2465
pres_i3Hi57oFpN7B0aHwV6e9,14247,contact,9.399614334106444,-13322.906529275617,-7927.990152814903,-5249.057979064328,-145.8583973963841,13,5.0,2465
pres_i3tiJvU3h1WEF8Il5a8v,233,contact,8.683362007141113,-13213.924019515684,-7979.510243071902,-5061.133558154716,-173.28021828906822,9,5.0,2547
pres_i3tiJvU3h1WEF8Il5a8v,1707,contact,1.6356775760650637,-13213.924019515684,-7979.510243071902,-5061.133558154716,-173.28021828906822,9,5.0,2547
pres_i3tiJvU3h1WEF8Il5a8v,11326,contact,7.470995903015137,-13213.924019515684,-7979.510243071902,-5061.133558154716,-173.28021828906822,9,5.0,2547
pres_i3tiJvU3h1WEF8Il5a8v,12918,contact,0.4885619878768921,-13213.924019515684,-7979.510243071902,-5061.133558154716,-173.28021828906822,9,5.0,2547
pres_i3tiJvU3h1WEF8Il5a8v,14247,contact,12.993186950683594,-13213.924019515684,-7979.510243071902,-5061.133558154716,-173.28021828906822,9,5.0,2547
pres_i8dHQmeHqUi10Cq1pM34,233,contact,9.60672378540039,-11027.847896658026,-7936.291825031562,-2851.4985029901827,-240.05756863628085,18,5.0,1952
pres_i8dHQmeHqUi10Cq1pM34,1707,contact,1.473099708557129,-11027.847896658026,-7936.291825031562,-2851.4985029901827,-240.05756863628085,18,5.0,1952
pres_i8dHQmeHqUi10Cq1pM34,4657,contact,0.549891471862793,-11027.847896658026,-7936.291825031562,-2851.4985029901827,-240.05756863628085,18,5.0,1952
pres_i8dHQmeHqUi10Cq1pM34,11326,contact,3.444354772567749,-11027.847896658026,-7936.291825031562,-2851.4985029901827,-240.05756863628085,18,5.0,1952
pres_i8dHQmeHqUi10Cq1pM34,14247,contact,12.800785064697266,-11027.847896658026,-7936.291825031562,-2851.4985029901827,-240.05756863628085,18,5.0,1952
pres_iQ2YD4ZUNHpdsDSPv36r,233,contact,8.180105209350586,-11144.997377679769,-7955.135296160808,-2922.2035197128703,-267.65856180609035,15,5.0,1947
pres_iQ2YD4ZUNHpdsDSPv36r,1707,contact,0.99335116147995,-11144.997377679769,-7955.135296160808,-2922.2035197128703,-267.65856180609035,15,5.0,1947
pres_iQ2YD4ZUNHpdsDSPv36r,4657,contact,6.508484840393066,-11144.997377679769,-7955.135296160808,-2922.2035197128703,-267.65856180609035,15,5.0,1947
pres_iQ2YD4ZUNHpdsDSPv36r,11326,contact,5.848494529724121,-11144.997377679769,-7955.135296160808,-2922.2035197128703,-267.65856180609035,15,5.0,1947
pres_iQ2YD4ZUNHpdsDSPv36r,14247,contact,13.00969409942627,-11144.997377679769,-7955.135296160808,-2922.2035197128703,-267.65856180609035,15,5.0,1947
pres_ilTMPi5ZYlpNO21vdR5y,233,contact,8.087870597839355,-10890.89019571124,-7939.757241259429,-2718.259788556633,-232.87316589517923,12,5.0,1711
pres_ilTMPi5ZYlpNO21vdR5y,1707,shell,0.5215891003608704,-10890.89019571124,-7939.757241259429,-2718.259788556633,-232.87316589517923,12,5.0,1711
pres_ilTMPi5ZYlpNO21vdR5y,11326,contact,5.773377418518066,-10890.89019571124,-7939.757241259429,-2718.259788556633,-232.87316589517923,12,5.0,1711
pres_ilTMPi5ZYlpNO21vdR5y,14247,contact,13.397040367126465,-10890.89019571124,-7939.757241259429,-2718.259788556633,-232.87316589517923,12,5.0,1711
pres_ip962EkGwqT3P3v966fM,233,contact,1.1360496282577517,-13864.148074153576,-7987.728292117688,-5762.004231918698,-114.41555011718992,6,5.0,2680
pres_ip962EkGwqT3P3v966fM,1707,shell,1.0434107780456543,-13864.148074153576,-7987.728292117688,-5762.004231918698,-114.41555011718992,6,5.0,2680
pres_ip962EkGwqT3P3v966fM,4657,contact,0.6169023513793945,-13864.148074153576,-7987.728292117688,-5762.004231918698,-114.41555011718992,6,5.0,2680
pres_ip962EkGwqT3P3v966fM,11326,contact,7.557471752166748,-13864.148074153576,-7987.728292117688,-5762.004231918698,-114.41555011718992,6,5.0,2680
pres_ip962EkGwqT3P3v966fM,12588,shell,1.1692696809768677,-13864.148074153576,-7987.728292117688,-5762.004231918698,-114.41555011718992,6,5.0,2680
pres_ip962EkGwqT3P3v966fM,14247,contact,9.142536163330078,-13864.148074153576,-7987.728292117688,-5762.004231918698,-114.41555011718992,6,5.0,2680
pres_itlRV2NdHA3JdZGf9pna,233,contact,8.459022521972656,-13926.528740576478,-7894.934553887167,-5774.424613121906,-257.1695735674048,14,5.0,3260
pres_itlRV2NdHA3JdZGf9pna,1707,contact,1.5003383159637451,-13926.528740576478,-7894.934553887167,-5774.424613121906,-257.1695735674048,14,5.0,3260
pres_itlRV2NdHA3JdZGf9pna,6073,contact,4.359862327575684,-13926.528740576478,-7894.934553887167,-5774.424613121906,-257.1695735674048,14,5.0,3260
pres_itlRV2NdHA3JdZGf9pna,10586,shell,1.182348608970642,-13926.528740576478,-7894.934553887167,-5774.424613121906,-257.1695735674048,14,5.0,3260
pres_itlRV2NdHA3JdZGf9pna,11326,contact,8.389140129089355,-13926.528740576478,-7894.934553887167,-5774.424613121906,-257.1695735674048,14,5.0,3260
pres_itlRV2NdHA3JdZGf9pna,14247,contact,9.256957054138184,-13926.528740576478,-7894.934553887167,-5774.424613121906,-257.1695735674048,14,5.0,3260
pres_ivOrt1HmuWb3MlCpwMDE,233,contact,6.8811116218566895,-12827.430999819167,-7928.310853391753,-4799.153421072019,-99.96672535539528,7,5.0,2252
pres_ivOrt1HmuWb3MlCpwMDE,1707,shell,0.930581271648407,-12827.430999819167,-7928.310853391753,-4799.153421072019,-99.96672535539528,7,5.0,2252
pres_ivOrt1HmuWb3MlCpwMDE,11326,contact,5.042811870574951,-12827.430999819167,-7928.310853391753,-4799.153421072019,-99.96672535539528,7,5.0,2252
pres_ivOrt1HmuWb3MlCpwMDE,14247,contact,12.62867259979248,-12827.430999819167,-7928.310853391753,-4799.153421072019,-99.96672535539528,7,5.0,2252
pres_jT6BOE7tZMYPvCD0ltsR,233,contact,7.363061428070068,-11667.2130771893,-8007.743857146912,-3501.063444408757,-158.40577563363013,10,5.0,1973
pres_jT6BOE7tZMYPvCD0ltsR,1707,contact,2.8285815715789795,-11667.2130771893,-8007.743857146912,-3501.063444408757,-158.40577563363013,10,5.0,1973
pres_jT6BOE7tZMYPvCD0ltsR,6073,contact,0.5997474193572998,-11667.2130771893,-8007.743857146912,-3501.063444408757,-158.40577563363013,10,5.0,1973
pres_jT6BOE7tZMYPvCD0ltsR,11326,contact,4.438599586486816,-11667.2130771893,-8007.743857146912,-3501.063444408757,-158.40577563363013,10,5.0,1973
pres_jT6BOE7tZMYPvCD0ltsR,12918,shell,1.1801620721817017,-11667.2130771893,-8007.743857146912,-3501.063444408757,-158.40577563363013,10,5.0,1973
pres_jT6BOE7tZMYPvCD0ltsR,14247,contact,11.834904670715332,-11667.2130771893,-8007.743857146912,-3501.063444408757,-158.40577563363013,10,5.0,1973
pres_jVjMvWGhUhjUhT2H65Yh,11326,contact,2.832502841949463,-13633.250257168182,-8056.386963547259,-5225.989343936247,-350.8739496846756,27,5.0,3587
pres_jVjMvWGhUhjUhT2H65Yh,12588,shell,0.5088526010513306,-13633.250257168182,-8056.386963547259,-5225.989343936247,-350.8739496846756,27,5.0,3587
pres_jVjMvWGhUhjUhT2H65Yh,14247,contact,2.720515012741089,-13633.250257168182,-8056.386963547259,-5225.989343936247,-350.8739496846756,27,5.0,3587
pres_jZxLMisUg7HOUvKAOPvk,233,shell,2.430682182312012,-12585.604022691836,-8014.241440683337,-4536.760146674565,-34.60243533393441,6,5.0,1984
pres_jZxLMisUg7HOUvKAOPvk,1707,contact,1.0485544204711914,-12585.604022691836,-8014.241440683337,-4536.760146674565,-34.60243533393441,6,5.0,1984
pres_jZxLMisUg7HOUvKAOPvk,2214,shell,3.5418004989624023,-12585.604022691836,-8014.241440683337,-4536.760146674565,-34.60243533393441,6,5.0,1984
pres_jZxLMisUg7HOUvKAOPvk,11326,contact,3.947661876678467,-12585.604022691836,-8014.241440683337,-4536.760146674565,-34.60243533393441,6,5.0,1984
pres_jZxLMisUg7HOUvKAOPvk,14247,contact,9.918564796447754,-12585.604022691836,-8014.241440683337,-4536.760146674565,-34.60243533393441,6,5.0,1984
pres_jqLvDpQhlQsYLeWbtUcf,233,contact,7.250392436981201,-14569.680823248083,-7964.074287186381,-6441.935747222817,-163.67078883888553,13,5.0,3006
pres_jqLvDpQhlQsYLeWbtUcf,1707,contact,1.4456465244293213,-14569.680823248083,-7964.074287186381,-6441.935747222817,-163.67078883888553,13,5.0,3006
pres_jqLvDpQhlQsYLeWbtUcf,2214,shell,0.8578168153762817,-14569.680823248083,-7964.074287186381,-6441.935747222817,-163.67078883888553,13,5.0,3006
pres_jqLvDpQhlQsYLeWbtUcf,11326,contact,5.691563606262207,-14569.680823248083,-7964.074287186381,-6441.935747222817,-163.67078883888553,13,5.0,3006
pres_jqLvDpQhlQsYLeWbtUcf,14247,contact,11.937602043151855,-14569.680823248083,-7964.074287186381,-6441.935747222817,-163.67078883888553,13,5.0,3006
pres_k6smzLpPOpoh2Cvtpjn5,233,contact,6.449873924255371,-13479.670047354284,-7922.782151208062,-5370.131528226195,-186.75636792002751,15,5.0,2633
pres_k6smzLpPOpoh2Cvtpjn5,1707,contact,0.9087175726890564,-13479.670047354284,-7922.782151208062,-5370.131528226195,-186.75636792002751,15,5.0,2633
pres_k6smzLpPOpoh2Cvtpjn5,11326,contact,5.39341926574707,-13479.670047354284,-7922.782151208062,-5370.131528226195,-186.75636792002751,15,5.0,2633
pres_k6smzLpPOpoh2Cvtpjn5,14247,contact,11.577444076538086,-13479.670047354284,-7922.782151208062,-5370.131528226195,-186.75636792002751,15,5.0,2633
pres_kBRKSrC16wiCya1LoRzR,233,contact,5.344430923461914,-12914.184571281105,-7935.36279539222,-4679.200367834662,-299.62140805422314,18,5.0,2860
pres_kBRKSrC16wiCya1LoRzR,1707,contact,0.9455377459526062,-12914.184571281105,-7935.36279539222,-4679.200367834662,-299.62140805422314,18,5.0,2860
pres_kBRKSrC16wiCya1LoRzR,11326,contact,7.199431419372559,-12914.184571281105,-7935.36279539222,-4679.200367834662,-299.62140805422314,18,5.0,2860
pres_kBRKSrC16wiCya1LoRzR,14247,contact,11.94976043701172,-12914.184571281105,-7935.36279539222,-4679.200367834662,-299.62140805422314,18,5.0,2860
pres_kFPcZ3GUCEId3YZ6A9rF,233,contact,5.809703826904297,-14401.732786478273,-7952.733558893921,-6282.913518304185,-166.08570928016434,13,5.0,2836
pres_kFPcZ3GUCEId3YZ6A9rF,1707,contact,1.392505168914795,-14401.732786478273,-7952.733558893921,-6282.913518304185,-166.08570928016434,13,5.0,2836
pres_kFPcZ3GUCEId3YZ6A9rF,6869,shell,0.4826050996780395,-14401.732786478273,-7952.733558893921,-6282.913518304185,-166.08570928016434,13,5.0,2836
pres_kFPcZ3GUCEId3YZ6A9rF,11326,contact,7.114236831665039,-14401.732786478273,-7952.733558893921,-6282.913518304185,-166.08570928016434,13,5.0,2836
pres_kFPcZ3GUCEId3YZ6A9rF,14247,contact,13.5737943649292,-14401.732786478273,-7952.733558893921,-6282.913518304185,-166.08570928016434,13,5.0,2836
pres_kJlpTtPTc9MHZtv3wEUx,233,contact,7.587581634521484,-11353.193806846952,-7953.038508000967,-3252.022369317985,-148.1329295279993,11,5.0,1674
pres_kJlpTtPTc9MHZtv3wEUx,1707,contact,0.8370307087898254,-11353.193806846952,-7953.038508000967,-3252.022369317985,-148.1329295279993,11,5.0,1674
pres_kJlpTtPTc9MHZtv3wEUx,11326,contact,4.174398422241211,-11353.193806846952,-7953.038508000967,-3252.022369317985,-148.1329295279993,11,5.0,1674
pres_kJlpTtPTc9MHZtv3wEUx,14247,contact,13.06735897064209,-11353.193806846952,-7953.038508000967,-3252.022369317985,-148.1329295279993,11,5.0,1674
pres_kLBzou6VFFBK8yenRkKJ,233,contact,6.93995475769043,-12823.990308893492,-7934.002846159039,-4749.149285625404,-140.83817710904896,11,5.0,2318
pres_kLBzou6VFFBK8yenRkKJ,1707,contact,1.369504451751709,-12823.990308893492,-7934.002846159039,-4749.149285625404,-140.83817710904896,11,5.0,2318
pres_kLBzou6VFFBK8yenRkKJ,11326,contact,3.161731004714966,-12823.990308893492,-7934.002846159039,-4749.149285625404,-140.83817710904896,11,5.0,2318
pres_kLBzou6VFFBK8yenRkKJ,14247,contact,14.931732177734377,-12823.990308893492,-7934.002846159039,-4749.149285625404,-140.83817710904896,11,5.0,2318
pres_kTAe0SKw9pYVJGhm4Mqv,233,contact,7.039303779602051,-14461.925727346808,-7941.790357191686,-6353.6254378861095,-166.5099322690112,14,5.0,3138
pres_kTAe0SKw9pYVJGhm4Mqv,1707,contact,0.9805367588996888,-14461.925727346808,-7941.790357191686,-6353.6254378861095,-166.5099322690112,14,5.0,3138
pres_kTAe0SKw9pYVJGhm4Mqv,4657,contact,1.2711286544799805,-14461.925727346808,-7941.790357191686,-6353.6254378861095,-166.5099322690112,14,5.0,3138
pres_kTAe0SKw9pYVJGhm4Mqv,11326,contact,9.866788864135742,-14461.925727346808,-7941.790357191686,-6353.6254378861095,-166.5099322690112,14,5.0,3138
pres_kTAe0SKw9pYVJGhm4Mqv,14247,contact,13.00396728515625,-14461.925727346808,-7941.790357191686,-6353.6254378861095,-166.5099322690112,14,5.0,3138
pres_kXqyU4KqtKMCBWP20CA7,233,contact,6.427246570587158,-13904.20371691047,-7966.678197781017,-5861.570268819101,-75.9552503103514,6,5.0,2536
pres_kXqyU4KqtKMCBWP20CA7,1707,contact,1.272812843322754,-13904.20371691047,-7966.678197781017,-5861.570268819101,-75.9552503103514,6,5.0,2536
pres_kXqyU4KqtKMCBWP20CA7,11326,contact,5.431314945220947,-13904.20371691047,-7966.678197781017,-5861.570268819101,-75.9552503103514,6,5.0,2536
pres_kXqyU4KqtKMCBWP20CA7,14247,contact,10.947931289672852,-13904.20371691047,-7966.678197781017,-5861.570268819101,-75.9552503103514,6,5.0,2536
pres_kbtL0vnuUlT0RaBSwotB,233,contact,10.509291648864746,-11678.270182841035,-8007.746667058706,-3524.8284411825825,-145.6950745997483,12,5.0,2007
pres_kbtL0vnuUlT0RaBSwotB,1707,contact,1.629530906677246,-11678.270182841035,-8007.746667058706,-3524.8284411825825,-145.6950745997483,12,5.0,2007
pres_kbtL0vnuUlT0RaBSwotB,6869,shell,0.3960064649581909,-11678.270182841035,-8007.746667058706,-3524.8284411825825,-145.6950745997483,12,5.0,2007
pres_kbtL0vnuUlT0RaBSwotB,11326,contact,3.999644279479981,-11678.270182841035,-8007.746667058706,-3524.8284411825825,-145.6950745997483,12,5.0,2007
pres_kbtL0vnuUlT0RaBSwotB,14247,contact,12.952486991882324,-11678.270182841035,-8007.746667058706,-3524.8284411825825,-145.6950745997483,12,5.0,2007
pres_kld4BWPXR91BxqvPs7g0,233,contact,7.79314661026001,-11570.154154411555,-7925.953495025407,-3514.136548787936,-130.0641105982122,8,5.0,1913
pres_kld4BWPXR91BxqvPs7g0,1707,contact,0.8086780905723572,-11570.154154411555,-7925.953495025407,-3514.136548787936,-130.0641105982122,8,5.0,1913
pres_kld4BWPXR91BxqvPs7g0,11326,contact,1.8889089822769165,-11570.154154411555,-7925.953495025407,-3514.136548787936,-130.0641105982122,8,5.0,1913
pres_kld4BWPXR91BxqvPs7g0,14247,contact,12.572917938232422,-11570.154154411555,-7925.953495025407,-3514.136548787936,-130.0641105982122,8,5.0,1913
pres_knLHvqrI3QuQKTWRuJxG,233,contact,8.087668418884277,-11656.519191667488,-7957.763248379337,-3498.170569029159,-200.5853742589925,18,5.0,1977
pres_knLHvqrI3QuQKTWRuJxG,1707,contact,0.9566860795021056,-11656.519191667488,-7957.763248379337,-3498.170569029159,-200.5853742589925,18,5.0,1977
pres_knLHvqrI3QuQKTWRuJxG,11326,contact,3.1734771728515625,-11656.519191667488,-7957.763248379337,-3498.170569029159,-200.5853742589925,18,5.0,1977
pres_knLHvqrI3QuQKTWRuJxG,14247,contact,12.193987846374512,-11656.519191667488,-7957.763248379337,-3498.170569029159,-200.5853742589925,18,5.0,1977
pres_kwnUXK98Q8i4g03VFJkW,233,shell,0.8431481122970581,-12501.619518007808,-7942.085077533573,-4438.885388751561,-120.649051722673,11,5.0,2404
pres_kwnUXK98Q8i4g03VFJkW,1707,contact,1.0881261825561523,-12501.619518007808,-7942.085077533573,-4438.885388751561,-120.649051722673,11,5.0,2404
pres_kwnUXK98Q8i4g03VFJkW,11326,contact,5.489443302154541,-12501.619518007808,-7942.085077533573,-4438.885388751561,-120.649051722673,11,5.0,2404
pres_kwnUXK98Q8i4g03VFJkW,12918,contact,0.4662266969680786,-12501.619518007808,-7942.085077533573,-4438.885388751561,-120.649051722673,11,5.0,2404
pres_kwnUXK98Q8i4g03VFJkW,14247,contact,11.625651359558104,-12501.619518007808,-7942.085077533573,-4438.885388751561,-120.649051722673,11,5.0,2404
pres_ky8XMfcX7Cuzv5P8SeFI,233,contact,6.714076519012451,-10774.084280747124,-7936.463911495146,-2577.7870142284223,-259.8333550235552,14,5.0,1817
pres_ky8XMfcX7Cuzv5P8SeFI,1707,contact,1.5079731941223145,-10774.084280747124,-7936.463911495146,-2577.7870142284223,-259.8333550235552,14,5.0,1817
pres_ky8XMfcX7Cuzv5P8SeFI,11326,contact,5.260869026184082,-10774.084280747124,-7936.463911495146,-2577.7870142284223,-259.8333550235552,14,5.0,1817
pres_ky8XMfcX7Cuzv5P8SeFI,12588,shell,0.751449465751648,-10774.084280747124,-7936.463911495146,-2577.7870142284223,-259.8333550235552,14,5.0,1817
pres_ky8XMfcX7Cuzv5P8SeFI,14247,contact,14.073102951049805,-10774.084280747124,-7936.463911495146,-2577.7870142284223,-259.8333550235552,14,5.0,1817
pres_lNC5IvHVAdlPhKYwVBWF,233,contact,8.811033248901367,-11315.12804739729,-7957.077768384016,-3260.0610136156074,-97.9892653976658,6,5.0,1677
pres_lNC5IvHVAdlPhKYwVBWF,1707,shell,1.3247020244598389,-11315.12804739729,-7957.077768384016,-3260.0610136156074,-97.9892653976658,6,5.0,1677
pres_lNC5IvHVAdlPhKYwVBWF,2214,contact,0.5621534585952759,-11315.12804739729,-7957.077768384016,-3260.0610136156074,-97.9892653976658,6,5.0,1677
pres_lNC5IvHVAdlPhKYwVBWF,4657,shell,0.7711167335510254,-11315.12804739729,-7957.077768384016,-3260.0610136156074,-97.9892653976658,6,5.0,1677
pres_lNC5IvHVAdlPhKYwVBWF,11326,shell,2.3922908306121826,-11315.12804739729,-7957.077768384016,-3260.0610136156074,-97.9892653976658,6,5.0,1677
pres_lNC5IvHVAdlPhKYwVBWF,14247,contact,11.253212928771973,-11315.12804739729,-7957.077768384016,-3260.0610136156074,-97.9892653976658,6,5.0,1677
pres_m1SAGymYnEtVZo1ioGLZ,11326,contact,4.781142711639404,-13582.285512435725,-7914.218722717103,-5351.055592312428,-317.01119740619106,15,5.0,3306
pres_m5gsYr0zjgJ5udAX98WM,233,contact,7.312907695770264,-11184.488734499182,-8004.010162624007,-3032.902275363112,-147.57629651206298,7,5.0,1547
pres_m5gsYr0zjgJ5udAX98WM,1707,contact,1.2793982028961182,-11184.488734499182,-8004.010162624007,-3032.902275363112,-147.57629651206298,7,5.0,1547
pres_m5gsYr0zjgJ5udAX98WM,11326,contact,4.671457767486572,-11184.488734499182,-8004.010162624007,-3032.902275363112,-147.57629651206298,7,5.0,1547
pres_m5gsYr0zjgJ5udAX98WM,12918,shell,0.5099815130233765,-11184.488734499182,-8004.010162624007,-3032.902275363112,-147.57629651206298,7,5.0,1547
pres_m5gsYr0zjgJ5udAX98WM,14247,contact,11.58501148223877,-11184.488734499182,-8004.010162624007,-3032.902275363112,-147.57629651206298,7,5.0,1547
pres_mBFflUL2uCJL8UFg5CIu,233,contact,9.163753509521484,-10478.052770754952,-7964.547566879614,-2260.60552426156,-252.8996796137776,16,5.0,1829
pres_mBFflUL2uCJL8UFg5CIu,1707,contact,0.6390992999076843,-10478.052770754952,-7964.547566879614,-2260.60552426156,-252.8996796137776,16,5.0,1829
pres_mBFflUL2uCJL8UFg5CIu,6869,contact,0.7187119722366333,-10478.052770754952,-7964.547566879614,-2260.60552426156,-252.8996796137776,16,5.0,1829
pres_mBFflUL2uCJL8UFg5CIu,11326,contact,6.343350410461426,-10478.052770754952,-7964.547566879614,-2260.60552426156,-252.8996796137776,16,5.0,1829
pres_mBFflUL2uCJL8UFg5CIu,14247,contact,13.724843978881836,-10478.052770754952,-7964.547566879614,-2260.60552426156,-252.8996796137776,16,5.0,1829
pres_mEXOyMciFhE3gGbtx2qL,233,contact,7.512894153594971,-13045.527550075736,-7977.833097104503,-4948.369923670711,-119.32452930052204,6,5.0,2356
pres_mEXOyMciFhE3gGbtx2qL,1707,contact,1.0844857692718506,-13045.527550075736,-7977.833097104503,-4948.369923670711,-119.32452930052204,6,5.0,2356
pres_mEXOyMciFhE3gGbtx2qL,11326,contact,2.706422805786133,-13045.527550075736,-7977.833097104503,-4948.369923670711,-119.32452930052204,6,5.0,2356
pres_mEXOyMciFhE3gGbtx2qL,14247,contact,11.981167793273926,-13045.527550075736,-7977.833097104503,-4948.369923670711,-119.32452930052204,6,5.0,2356
pres_mImnRuJBUVIs8QCWitn1,233,contact,7.995436191558838,-11023.75035957528,-7938.371932081663,-2908.9053874070923,-176.47304008652554,11,5.0,1949
pres_mImnRuJBUVIs8QCWitn1,1707,contact,1.9856324195861816,-11023.75035957528,-7938.371932081663,-2908.9053874070923,-176.47304008652554,11,5.0,1949
pres_mImnRuJBUVIs8QCWitn1,6073,contact,0.4179096221923828,-11023.75035957528,-7938.371932081663,-2908.9053874070923,-176.47304008652554,11,5.0,1949
pres_mImnRuJBUVIs8QCWitn1,11326,contact,3.785224437713623,-11023.75035957528,-7938.371932081663,-2908.9053874070923,-176.47304008652554,11,5.0,1949
pres_mImnRuJBUVIs8QCWitn1,14247,contact,12.232270240783691,-11023.75035957528,-7938.371932081663,-2908.9053874070923,-176.47304008652554,11,5.0,1949
pres_mSu7GrIppy8Ub9PLLJ68,233,contact,9.13271713256836,-10814.26271685206,-7950.222999721783,-2650.7717299850265,-213.2679871452501,9,5.0,2073
pres_mSu7GrIppy8Ub9PLLJ68,1707,contact,1.4110760688781738,-10814.26271685206,-7950.222999721783,-2650.7717299850265,-213.2679871452501,9,5.0,2073
pres_mSu7GrIppy8Ub9PLLJ68,11326,contact,5.885492324829102,-10814.26271685206,-7950.222999721783,-2650.7717299850265,-213.2679871452501,9,5.0,2073
pres_mSu7GrIppy8Ub9PLLJ68,14247,contact,13.177906036376951,-10814.26271685206,-7950.222999721783,-2650.7717299850265,-213.2679871452501,9,5.0,2073
pres_mUzQAAzjMH17IfEDRdtG,233,contact,7.857144832611084,-12785.1511388546,-7957.240229870957,-4593.038642245462,-234.87226673818168,20,5.0,2859
pres_mUzQAAzjMH17IfEDRdtG,1707,contact,1.4897708892822266,-12785.1511388546,-7957.240229870957,-4593.038642245462,-234.87226673818168,20,5.0,2859
pres_mUzQAAzjMH17IfEDRdtG,4657,contact,0.3944754600524902,-12785.1511388546,-7957.240229870957,-4593.038642245462,-234.87226673818168,20,5.0,2859
pres_mUzQAAzjMH17IfEDRdtG,11326,contact,4.687610149383545,-12785.1511388546,-7957.240229870957,-4593.038642245462,-234.87226673818168,20,5.0,2859
pres_mUzQAAzjMH17IfEDRdtG,14247,contact,13.539993286132812,-12785.1511388546,-7957.240229870957,-4593.038642245462,-234.87226673818168,20,5.0,2859
pres_mVZbrFhL6mpNHz55GO7g,233,contact,5.7842936515808105,-13141.275483074318,-7952.699742978976,-5039.000498214869,-149.57524188047228,17,5.0,2269
pres_mVZbrFhL6mpNHz55GO7g,1707,contact,1.6959688663482666,-13141.275483074318,-7952.699742978976,-5039.000498214869,-149.57524188047228,17,5.0,2269
pres_mVZbrFhL6mpNHz55GO7g,6869,shell,0.823271632194519,-13141.275483074318,-7952.699742978976,-5039.000498214869,-149.57524188047228,17,5.0,2269
pres_mVZbrFhL6mpNHz55GO7g,11326,contact,7.12561559677124,-13141.275483074318,-7952.699742978976,-5039.000498214869,-149.57524188047228,17,5.0,2269
pres_mVZbrFhL6mpNHz55GO7g,14247,contact,10.654197692871094,-13141.275483074318,-7952.699742978976,-5039.000498214869,-149.57524188047228,17,5.0,2269
pres_myKJ4wvGYUFBAjcEx9Jb,233,contact,7.672880172729492,-12338.025155258514,-7940.841274829745,-4295.801139988944,-101.38274043982528,12,5.0,2098
pres_myKJ4wvGYUFBAjcEx9Jb,1707,contact,0.5132680535316467,-12338.025155258514,-7940.841274829745,-4295.801139988944,-101.38274043982528,12,5.0,2098
pres_myKJ4wvGYUFBAjcEx9Jb,11326,contact,6.566202163696289,-12338.025155258514,-7940.841274829745,-4295.801139988944,-101.38274043982528,12,5.0,2098
pres_myKJ4wvGYUFBAjcEx9Jb,14247,contact,11.998923301696776,-12338.025155258514,-7940.841274829745,-4295.801139988944,-101.38274043982528,12,5.0,2098
pres_mz76IlAe3Eosq9wc7Osd,233,contact,8.699714660644531,-10766.672041341662,-7935.175058524982,-2596.684927438879,-234.81205537780124,12,5.0,1891
pres_mz76IlAe3Eosq9wc7Osd,1707,contact,1.895615577697754,-10766.672041341662,-7935.175058524982,-2596.684927438879,-234.81205537780124,12,5.0,1891
pres_mz76IlAe3Eosq9wc7Osd,4657,contact,0.4396212100982666,-10766.672041341662,-7935.175058524982,-2596.684927438879,-234.81205537780124,12,5.0,1891
pres_mz76IlAe3Eosq9wc7Osd,11326,contact,5.892980575561523,-10766.672041341662,-7935.175058524982,-2596.684927438879,-234.81205537780124,12,5.0,1891
pres_mz76IlAe3Eosq9wc7Osd,14247,contact,14.186615943908691,-10766.672041341662,-7935.175058524982,-2596.684927438879,-234.81205537780124,12,5.0,1891
pres_n0cT8j7zF7BrhNegMPDV,1707,contact,0.7196322083473206,-14101.119605119784,-7910.992080426196,-5997.435370121296,-192.69215457229257,18,5.0,2894
pres_n0cT8j7zF7BrhNegMPDV,4657,contact,5.828935623168945,-14101.119605119784,-7910.992080426196,-5997.435370121296,-192.69215457229257,18,5.0,2894
pres_n0cT8j7zF7BrhNegMPDV,11326,contact,4.03725528717041,-14101.119605119784,-7910.992080426196,-5997.435370121296,-192.69215457229257,18,5.0,2894
pres_n7xBaOkdKfn5BPQdkBUu,233,contact,2.6471259593963623,-13720.473405395544,-7958.159462410884,-5626.457429434391,-135.85651355026857,10,5.0,2830
pres_n7xBaOkdKfn5BPQdkBUu,1707,contact,1.6199891567230225,-13720.473405395544,-7958.159462410884,-5626.457429434391,-135.85651355026857,10,5.0,2830
pres_n7xBaOkdKfn5BPQdkBUu,6869,contact,0.6082571744918823,-13720.473405395544,-7958.159462410884,-5626.457429434391,-135.85651355026857,10,5.0,2830
pres_n7xBaOkdKfn5BPQdkBUu,11326,contact,4.925933837890625,-13720.473405395544,-7958.159462410884,-5626.457429434391,-135.85651355026857,10,5.0,2830
pres_n7xBaOkdKfn5BPQdkBUu,14247,contact,11.844966888427734,-13720.473405395544,-7958.159462410884,-5626.457429434391,-135.85651355026857,10,5.0,2830
pres_nFRSrfvVXdwd9HAG8dbF,233,contact,2.577877283096313,-14140.563121830168,-7957.899046614352,-5964.93360980786,-217.7304654079553,18,5.0,3114
pres_nFRSrfvVXdwd9HAG8dbF,1707,contact,0.7218115925788879,-14140.563121830168,-7957.899046614352,-5964.93360980786,-217.7304654079553,18,5.0,3114
pres_nFRSrfvVXdwd9HAG8dbF,10586,contact,0.6433545351028442,-14140.563121830168,-7957.899046614352,-5964.93360980786,-217.7304654079553,18,5.0,3114
pres_nFRSrfvVXdwd9HAG8dbF,11326,contact,4.581088542938232,-14140.563121830168,-7957.899046614352,-5964.93360980786,-217.7304654079553,18,5.0,3114
pres_nFRSrfvVXdwd9HAG8dbF,14247,contact,12.821310997009276,-14140.563121830168,-7957.899046614352,-5964.93360980786,-217.7304654079553,18,5.0,3114
pres_nRzI8noo9vQs4hSdCTsq,233,contact,8.765970230102539,-10688.108863093996,-8007.707935300273,-2466.775323618446,-213.6256041752772,16,5.0,2026
pres_nRzI8noo9vQs4hSdCTsq,1707,contact,0.9232272505760192,-10688.108863093996,-8007.707935300273,-2466.775323618446,-213.6256041752772,16,5.0,2026
pres_nRzI8noo9vQs4hSdCTsq,4657,contact,0.8242113590240479,-10688.108863093996,-8007.707935300273,-2466.775323618446,-213.6256041752772,16,5.0,2026
pres_nRzI8noo9vQs4hSdCTsq,11326,contact,3.347484350204468,-10688.108863093996,-8007.707935300273,-2466.775323618446,-213.6256041752772,16,5.0,2026
pres_nRzI8noo9vQs4hSdCTsq,14247,contact,11.485791206359863,-10688.108863093996,-8007.707935300273,-2466.775323618446,-213.6256041752772,16,5.0,2026
pres_o5DJGdRPhfqCr63DKZDD,233,contact,6.595146656036377,-10273.576660541446,-8019.666711509893,-1959.5279128218945,-294.38203620965965,13,5.0,2038
pres_o5DJGdRPhfqCr63DKZDD,1707,contact,1.3071410655975342,-10273.576660541446,-8019.666711509893,-1959.5279128218945,-294.38203620965965,13,5.0,2038
pres_o5DJGdRPhfqCr63DKZDD,11326,contact,5.134276866912842,-10273.576660541446,-8019.666711509893,-1959.5279128218945,-294.38203620965965,13,5.0,2038
pres_o5DJGdRPhfqCr63DKZDD,14247,contact,13.33006763458252,-10273.576660541446,-8019.666711509893,-1959.5279128218945,-294.38203620965965,13,5.0,2038
pres_oIpS1Iqx4YBtu0QdHlBm,233,contact,7.068252086639404,-10524.511404423536,-7974.866969024981,-2281.7841715138206,-267.86026388473465,15,5.0,1793
pres_oIpS1Iqx4YBtu0QdHlBm,1707,contact,1.3800938129425049,-10524.511404423536,-7974.866969024981,-2281.7841715138206,-267.86026388473465,15,5.0,1793
pres_oIpS1Iqx4YBtu0QdHlBm,11326,contact,5.375834465026856,-10524.511404423536,-7974.866969024981,-2281.7841715138206,-267.86026388473465,15,5.0,1793
pres_oIpS1Iqx4YBtu0QdHlBm,14247,contact,14.123279571533203,-10524.511404423536,-7974.866969024981,-2281.7841715138206,-267.86026388473465,15,5.0,1793
pres_oQH4Zedk3RyAeGdYpicx,233,contact,7.685107707977295,-11231.037011266772,-7943.353655867575,-3188.6557884392555,-99.02756695994276,5,5.0,1590
pres_oQH4Zedk3RyAeGdYpicx,1707,contact,2.8756206035614014,-11231.037011266772,-7943.353655867575,-3188.6557884392555,-99.02756695994276,5,5.0,1590
pres_oQH4Zedk3RyAeGdYpicx,11326,contact,5.274169921875,-11231.037011266772,-7943.353655867575,-3188.6557884392555,-99.02756695994276,5,5.0,1590
pres_oQH4Zedk3RyAeGdYpicx,14247,contact,11.91848087310791,-11231.037011266772,-7943.353655867575,-3188.6557884392555,-99.02756695994276,5,5.0,1590
pres_ovFpkZbpKeu18kdQOezt,233,contact,4.975366115570068,-11004.164148988944,-7953.160620184996,-2918.51474198671,-132.48878681723636,10,5.0,1688
pres_ovFpkZbpKeu18kdQOezt,1707,contact,1.7527658939361572,-11004.164148988944,-7953.160620184996,-2918.51474198671,-132.48878681723636,10,5.0,1688
pres_ovFpkZbpKeu18kdQOezt,11326,shell,4.050028800964356,-11004.164148988944,-7953.160620184996,-2918.51474198671,-132.48878681723636,10,5.0,1688
pres_ovFpkZbpKeu18kdQOezt,12918,contact,1.196912407875061,-11004.164148988944,-7953.160620184996,-2918.51474198671,-132.48878681723636,10,5.0,1688
pres_ovFpkZbpKeu18kdQOezt,14247,contact,9.61475658416748,-11004.164148988944,-7953.160620184996,-2918.51474198671,-132.48878681723636,10,5.0,1688
pres_oxUljkvdD46Y5Fyj2grb,233,contact,7.867202281951904,-13102.58454625678,-7920.3762256288655,-5005.545224236168,-176.6630963917478,8,5.0,2739
pres_oxUljkvdD46Y5Fyj2grb,1707,contact,1.4219977855682373,-13102.58454625678,-7920.3762256288655,-5005.545224236168,-176.6630963917478,8,5.0,2739
pres_oxUljkvdD46Y5Fyj2grb,10586,shell,2.004934787750244,-13102.58454625678,-7920.3762256288655,-5005.545224236168,-176.6630963917478,8,5.0,2739
pres_oxUljkvdD46Y5Fyj2grb,11326,contact,5.438535690307617,-13102.58454625678,-7920.3762256288655,-5005.545224236168,-176.6630963917478,8,5.0,2739
pres_oxUljkvdD46Y5Fyj2grb,14247,contact,13.865302085876465,-13102.58454625678,-7920.3762256288655,-5005.545224236168,-176.6630963917478,8,5.0,2739
pres_oxbr9XiosSAjsyUCAj7d,233,contact,5.100454807281494,-14450.961270984575,-7993.3351037874945,-6234.947962829119,-222.67820436796137,14,5.0,3095
pres_oxbr9XiosSAjsyUCAj7d,1707,contact,0.8888956904411316,-14450.961270984575,-7993.3351037874945,-6234.947962829119,-222.67820436796137,14,5.0,3095
pres_oxbr9XiosSAjsyUCAj7d,11326,contact,3.985734462738037,-14450.961270984575,-7993.3351037874945,-6234.947962829119,-222.67820436796137,14,5.0,3095
pres_oxbr9XiosSAjsyUCAj7d,14247,contact,11.728781700134276,-14450.961270984575,-7993.3351037874945,-6234.947962829119,-222.67820436796137,14,5.0,3095
pres_pVzNwcOUAoaGJIEd7ehd,4657,contact,0.7129325866699219,-13594.128372841027,-8012.349657559081,-5463.443692645618,-118.33502263632818,7,5.0,2506
pres_pVzNwcOUAoaGJIEd7ehd,11326,contact,3.833241701126098,-13594.128372841027,-8012.349657559081,-5463.443692645618,-118.33502263632818,7,5.0,2506
pres_pax8J7cYGJW27zNDh2VM,233,contact,7.942463397979736,-11463.295580377382,-7998.1496783362,-3376.3725501613853,-88.77335187979679,11,5.0,1545
pres_pax8J7cYGJW27zNDh2VM,1707,contact,1.05538010597229,-11463.295580377382,-7998.1496783362,-3376.3725501613853,-88.77335187979679,11,5.0,1545
pres_pax8J7cYGJW27zNDh2VM,6869,shell,0.4967919588088989,-11463.295580377382,-7998.1496783362,-3376.3725501613853,-88.77335187979679,11,5.0,1545
pres_pax8J7cYGJW27zNDh2VM,11326,contact,4.780608654022217,-11463.295580377382,-7998.1496783362,-3376.3725501613853,-88.77335187979679,11,5.0,1545
pres_pax8J7cYGJW27zNDh2VM,14247,contact,10.882668495178224,-11463.295580377382,-7998.1496783362,-3376.3725501613853,-88.77335187979679,11,5.0,1545
pres_pbeHciK3fun7niQAtcJQ,233,contact,8.42684268951416,-10942.906707324011,-7983.976568335572,-2807.168354074238,-151.7617849142016,10,5.0,1743
pres_pbeHciK3fun7niQAtcJQ,1707,contact,0.8483616709709167,-10942.906707324011,-7983.976568335572,-2807.168354074238,-151.7617849142016,10,5.0,1743
pres_pbeHciK3fun7niQAtcJQ,11326,contact,4.21429443359375,-10942.906707324011,-7983.976568335572,-2807.168354074238,-151.7617849142016,10,5.0,1743
pres_pbeHciK3fun7niQAtcJQ,14247,contact,13.28255558013916,-10942.906707324011,-7983.976568335572,-2807.168354074238,-151.7617849142016,10,5.0,1743
pres_pvmLiHLL3gpKRYIvArEJ,233,contact,2.7919046878814697,-12532.374342562744,-7928.695983124692,-4294.847756331108,-308.8306031069433,22,5.0,2845
pres_pvmLiHLL3gpKRYIvArEJ,1707,contact,1.1969799995422363,-12532.374342562744,-7928.695983124692,-4294.847756331108,-308.8306031069433,22,5.0,2845
pres_pvmLiHLL3gpKRYIvArEJ,10586,contact,0.4770087003707886,-12532.374342562744,-7928.695983124692,-4294.847756331108,-308.8306031069433,22,5.0,2845
pres_pvmLiHLL3gpKRYIvArEJ,11326,contact,6.983859539031982,-12532.374342562744,-7928.695983124692,-4294.847756331108,-308.8306031069433,22,5.0,2845
pres_pvmLiHLL3gpKRYIvArEJ,14247,contact,13.1759672164917,-12532.374342562744,-7928.695983124692,-4294.847756331108,-308.8306031069433,22,5.0,2845
pres_qVxuFjeLnIu8vqGbYQJf,1707,shell,1.1717207431793213,-13648.418164612758,-7926.025031169684,-5470.94409374732,-251.44903969575444,13,5.0,3048
pres_qVxuFjeLnIu8vqGbYQJf,6073,shell,0.7166588306427002,-13648.418164612758,-7926.025031169684,-5470.94409374732,-251.44903969575444,13,5.0,3048
pres_qVxuFjeLnIu8vqGbYQJf,11326,contact,3.694692850112915,-13648.418164612758,-7926.025031169684,-5470.94409374732,-251.44903969575444,13,5.0,3048
pres_qlA65cq0ryxTvSsmR1IS,233,contact,8.154608726501465,-12633.220047693718,-7944.024953028373,-4472.378602217652,-216.81649244769324,16,5.0,2603
pres_qlA65cq0ryxTvSsmR1IS,1707,contact,1.1039752960205078,-12633.220047693718,-7944.024953028373,-4472.378602217652,-216.81649244769324,16,5.0,2603
pres_qlA65cq0ryxTvSsmR1IS,6869,shell,0.3662232160568237,-12633.220047693718,-7944.024953028373,-4472.378602217652,-216.81649244769324,16,5.0,2603
pres_qlA65cq0ryxTvSsmR1IS,11326,contact,4.150768756866455,-12633.220047693718,-7944.024953028373,-4472.378602217652,-216.81649244769324,16,5.0,2603
pres_qlA65cq0ryxTvSsmR1IS,14247,contact,12.362200736999512,-12633.220047693718,-7944.024953028373,-4472.378602217652,-216.81649244769324,16,5.0,2603
pres_qqTJJqMc769QMQaqcotZ,233,contact,9.63479709625244,-10238.34279199241,-7970.596570310879,-2022.914867616821,-244.8313540647109,13,5.0,1897
pres_qqTJJqMc769QMQaqcotZ,1707,contact,0.7050701975822449,-10238.34279199241,-7970.596570310879,-2022.914867616821,-244.8313540647109,13,5.0,1897
pres_qqTJJqMc769QMQaqcotZ,6073,contact,1.4374399185180664,-10238.34279199241,-7970.596570310879,-2022.914867616821,-244.8313540647109,13,5.0,1897
pres_qqTJJqMc769QMQaqcotZ,11326,contact,3.479134559631348,-10238.34279199241,-7970.596570310879,-2022.914867616821,-244.8313540647109,13,5.0,1897
pres_qqTJJqMc769QMQaqcotZ,14247,contact,9.839567184448242,-10238.34279199241,-7970.596570310879,-2022.914867616821,-244.8313540647109,13,5.0,1897
pres_qtS7rXjCaiedwKhsZpbH,233,contact,4.96751880645752,-12528.47974649777,-7946.868098638917,-4499.951617411764,-81.66003044708759,6,5.0,2290
pres_qtS7rXjCaiedwKhsZpbH,1707,contact,0.6436776518821716,-12528.47974649777,-7946.868098638917,-4499.951617411764,-81.66003044708759,6,5.0,2290
pres_qtS7rXjCaiedwKhsZpbH,6073,contact,0.56294846534729,-12528.47974649777,-7946.868098638917,-4499.951617411764,-81.66003044708759,6,5.0,2290
pres_qtS7rXjCaiedwKhsZpbH,11326,contact,8.193086624145508,-12528.47974649777,-7946.868098638917,-4499.951617411764,-81.66003044708759,6,5.0,2290
pres_qtS7rXjCaiedwKhsZpbH,14247,contact,12.373271942138672,-12528.47974649777,-7946.868098638917,-4499.951617411764,-81.66003044708759,6,5.0,2290
pres_r0ejDgX4RPhMrc5osGfk,1707,shell,0.4334864020347595,-13619.325647074244,-7962.686352817987,-5375.967732894328,-280.67156136192807,17,5.0,3196
pres_r0ejDgX4RPhMrc5osGfk,10586,contact,0.5969732999801636,-13619.325647074244,-7962.686352817987,-5375.967732894328,-280.67156136192807,17,5.0,3196
pres_r0ejDgX4RPhMrc5osGfk,11326,contact,3.809051275253296,-13619.325647074244,-7962.686352817987,-5375.967732894328,-280.67156136192807,17,5.0,3196
pres_r27rdgRHN9mAJASZN2Ao,233,contact,10.079486846923828,-10893.842229958567,-7962.429015664753,-2701.557084068061,-229.8561302257549,14,5.0,1799
pres_r27rdgRHN9mAJASZN2Ao,1707,contact,0.8992398381233215,-10893.842229958567,-7962.429015664753,-2701.557084068061,-229.8561302257549,14,5.0,1799
pres_r27rdgRHN9mAJASZN2Ao,11326,contact,8.256978988647461,-10893.842229958567,-7962.429015664753,-2701.557084068061,-229.8561302257549,14,5.0,1799
pres_r27rdgRHN9mAJASZN2Ao,12918,shell,0.4528306722640991,-10893.842229958567,-7962.429015664753,-2701.557084068061,-229.8561302257549,14,5.0,1799
pres_r27rdgRHN9mAJASZN2Ao,14247,contact,13.607270240783691,-10893.842229958567,-7962.429015664753,-2701.557084068061,-229.8561302257549,14,5.0,1799
pres_rK4dPOQbgJlSM3t8r6jx,233,contact,6.179008483886719,-11372.716998415395,-7913.849908402006,-3182.623884616744,-276.2432053966454,13,5.0,2090
pres_rK4dPOQbgJlSM3t8r6jx,1707,contact,3.171635389328003,-11372.716998415395,-7913.849908402006,-3182.623884616744,-276.2432053966454,13,5.0,2090
pres_rK4dPOQbgJlSM3t8r6jx,10586,shell,0.4830790758132934,-11372.716998415395,-7913.849908402006,-3182.623884616744,-276.2432053966454,13,5.0,2090
pres_rK4dPOQbgJlSM3t8r6jx,11326,contact,4.837193965911865,-11372.716998415395,-7913.849908402006,-3182.623884616744,-276.2432053966454,13,5.0,2090
pres_rK4dPOQbgJlSM3t8r6jx,14247,contact,13.946688652038574,-11372.716998415395,-7913.849908402006,-3182.623884616744,-276.2432053966454,13,5.0,2090
pres_rr0DqPxjlfBYtKjlbPL1,233,contact,7.919288158416748,-10732.734356191488,-7977.082519180688,-2528.558767016142,-227.09306999465755,13,5.0,1820
pres_rr0DqPxjlfBYtKjlbPL1,1707,contact,2.311944007873535,-10732.734356191488,-7977.082519180688,-2528.558767016142,-227.09306999465755,13,5.0,1820
pres_rr0DqPxjlfBYtKjlbPL1,4657,contact,5.399111270904541,-10732.734356191488,-7977.082519180688,-2528.558767016142,-227.09306999465755,13,5.0,1820
pres_rr0DqPxjlfBYtKjlbPL1,11326,contact,6.627474784851074,-10732.734356191488,-7977.082519180688,-2528.558767016142,-227.09306999465755,13,5.0,1820
pres_rr0DqPxjlfBYtKjlbPL1,14247,contact,12.230914115905762,-10732.734356191488,-7977.082519180688,-2528.558767016142,-227.09306999465755,13,5.0,1820
pres_ru6gDJJ6t2yaqqu9xLG1,233,contact,9.894047737121582,-10391.277903268598,-7962.499190258431,-2199.8535241401714,-228.9251888699955,14,5.0,1835
pres_ru6gDJJ6t2yaqqu9xLG1,1707,contact,1.375403642654419,-10391.277903268598,-7962.499190258431,-2199.8535241401714,-228.9251888699955,14,5.0,1835
pres_ru6gDJJ6t2yaqqu9xLG1,4657,contact,0.5133910179138184,-10391.277903268598,-7962.499190258431,-2199.8535241401714,-228.9251888699955,14,5.0,1835
pres_ru6gDJJ6t2yaqqu9xLG1,11326,contact,3.908289909362793,-10391.277903268598,-7962.499190258431,-2199.8535241401714,-228.9251888699955,14,5.0,1835
pres_ru6gDJJ6t2yaqqu9xLG1,14247,contact,13.142308235168455,-10391.277903268598,-7962.499190258431,-2199.8535241401714,-228.9251888699955,14,5.0,1835
pres_rwMNXl4ScomhmJETkrBI,233,contact,7.235408306121826,-11671.657989969066,-7900.29839398644,-3657.991880513605,-113.36771546902128,9,5.0,1782
pres_rwMNXl4ScomhmJETkrBI,1707,shell,1.2229421138763428,-11671.657989969066,-7900.29839398644,-3657.991880513605,-113.36771546902128,9,5.0,1782
pres_rwMNXl4ScomhmJETkrBI,11326,shell,6.14450216293335,-11671.657989969066,-7900.29839398644,-3657.991880513605,-113.36771546902128,9,5.0,1782
pres_rwMNXl4ScomhmJETkrBI,14247,contact,12.03086757659912,-11671.657989969066,-7900.29839398644,-3657.991880513605,-113.36771546902128,9,5.0,1782
pres_rwys9eGjZERlfiEnBVZn,233,contact,6.947463035583496,-15045.695420319907,-7999.379303387472,-6897.884754852472,-148.43136207996395,13,5.0,2928
pres_rwys9eGjZERlfiEnBVZn,1707,contact,1.0902152061462402,-15045.695420319907,-7999.379303387472,-6897.884754852472,-148.43136207996395,13,5.0,2928
pres_rwys9eGjZERlfiEnBVZn,11326,contact,5.537070274353027,-15045.695420319907,-7999.379303387472,-6897.884754852472,-148.43136207996395,13,5.0,2928
pres_rwys9eGjZERlfiEnBVZn,14247,contact,13.041376113891602,-15045.695420319907,-7999.379303387472,-6897.884754852472,-148.43136207996395,13,5.0,2928
pres_s2RIcxFPHrdZRWmypTOF,233,contact,5.852088451385498,-13747.723247188387,-7981.405479512972,-5603.734776213006,-162.58299146240915,16,5.0,2862
pres_s2RIcxFPHrdZRWmypTOF,1707,contact,2.3990211486816406,-13747.723247188387,-7981.405479512972,-5603.734776213006,-162.58299146240915,16,5.0,2862
pres_s2RIcxFPHrdZRWmypTOF,11326,contact,5.535036563873291,-13747.723247188387,-7981.405479512972,-5603.734776213006,-162.58299146240915,16,5.0,2862
pres_s2RIcxFPHrdZRWmypTOF,12918,contact,0.4411097764968872,-13747.723247188387,-7981.405479512972,-5603.734776213006,-162.58299146240915,16,5.0,2862
pres_s2RIcxFPHrdZRWmypTOF,14247,contact,12.2345552444458,-13747.723247188387,-7981.405479512972,-5603.734776213006,-162.58299146240915,16,5.0,2862
pres_s4L9WoZg771L2Dniiugl,233,contact,8.245565414428711,-10780.474984974531,-7995.911842324661,-2579.356921150929,-205.20622149894143,14,5.0,1925
pres_s4L9WoZg771L2Dniiugl,1707,contact,1.2919397354125977,-10780.474984974531,-7995.911842324661,-2579.356921150929,-205.20622149894143,14,5.0,1925
pres_s4L9WoZg771L2Dniiugl,11326,contact,5.311502933502197,-10780.474984974531,-7995.911842324661,-2579.356921150929,-205.20622149894143,14,5.0,1925
pres_s4L9WoZg771L2Dniiugl,14247,contact,13.051115036010742,-10780.474984974531,-7995.911842324661,-2579.356921150929,-205.20622149894143,14,5.0,1925
pres_s813n5zLUHl4gtt4IbUQ,233,contact,9.191363334655762,-10341.133500702184,-7910.409780096242,-2215.067213380063,-215.65650722587952,11,5.0,1575
pres_s813n5zLUHl4gtt4IbUQ,1707,contact,1.408243179321289,-10341.133500702184,-7910.409780096242,-2215.067213380063,-215.65650722587952,11,5.0,1575
pres_s813n5zLUHl4gtt4IbUQ,11326,contact,4.991407871246338,-10341.133500702184,-7910.409780096242,-2215.067213380063,-215.65650722587952,11,5.0,1575
pres_s813n5zLUHl4gtt4IbUQ,12918,shell,0.5065797567367554,-10341.133500702184,-7910.409780096242,-2215.067213380063,-215.65650722587952,11,5.0,1575
pres_s813n5zLUHl4gtt4IbUQ,14247,contact,13.007850646972656,-10341.133500702184,-7910.409780096242,-2215.067213380063,-215.65650722587952,11,5.0,1575
pres_s8hSQZMIyOJoWj6nybtq,233,contact,7.430244445800781,-10940.890783987425,-7987.163670314823,-2752.3322012577228,-201.39491241487667,17,5.0,1723
pres_s8hSQZMIyOJoWj6nybtq,1707,contact,1.656175136566162,-10940.890783987425,-7987.163670314823,-2752.3322012577228,-201.39491241487667,17,5.0,1723
pres_s8hSQZMIyOJoWj6nybtq,11326,contact,3.770740985870361,-10940.890783987425,-7987.163670314823,-2752.3322012577228,-201.39491241487667,17,5.0,1723
pres_s8hSQZMIyOJoWj6nybtq,14247,contact,14.124556541442873,-10940.890783987425,-7987.163670314823,-2752.3322012577228,-201.39491241487667,17,5.0,1723
pres_s9USCjamfUOlTMjA7CbH,233,contact,9.362135887145996,-11090.07943304799,-7989.914023757671,-2950.2729092301706,-149.89250006014754,10,5.0,1661
pres_s9USCjamfUOlTMjA7CbH,1707,contact,0.5674827694892883,-11090.07943304799,-7989.914023757671,-2950.2729092301706,-149.89250006014754,10,5.0,1661
pres_s9USCjamfUOlTMjA7CbH,11326,contact,5.437712669372559,-11090.07943304799,-7989.914023757671,-2950.2729092301706,-149.89250006014754,10,5.0,1661
pres_s9USCjamfUOlTMjA7CbH,14247,contact,13.93710994720459,-11090.07943304799,-7989.914023757671,-2950.2729092301706,-149.89250006014754,10,5.0,1661
pres_sPlo4B91l7wXzlBgjM6x,233,contact,6.5322794914245605,-11419.12805466384,-7924.032291162358,-3395.842496986414,-99.25326651506704,10,5.0,1725
pres_sPlo4B91l7wXzlBgjM6x,1707,contact,1.3690452575683594,-11419.12805466384,-7924.032291162358,-3395.842496986414,-99.25326651506704,10,5.0,1725
pres_sPlo4B91l7wXzlBgjM6x,11326,contact,2.6103219985961914,-11419.12805466384,-7924.032291162358,-3395.842496986414,-99.25326651506704,10,5.0,1725
pres_sPlo4B91l7wXzlBgjM6x,14247,contact,10.286429405212402,-11419.12805466384,-7924.032291162358,-3395.842496986414,-99.25326651506704,10,5.0,1725
pres_sR5SLrZpu6fNWzkwCXLQ,233,contact,8.579610824584961,-10683.698192647733,-7993.374611578561,-2519.4381282597183,-170.8854528094521,9,5.0,1587
pres_sR5SLrZpu6fNWzkwCXLQ,1707,contact,1.2492821216583252,-10683.698192647733,-7993.374611578561,-2519.4381282597183,-170.8854528094521,9,5.0,1587
pres_sR5SLrZpu6fNWzkwCXLQ,11326,contact,3.496704339981079,-10683.698192647733,-7993.374611578561,-2519.4381282597183,-170.8854528094521,9,5.0,1587
pres_sR5SLrZpu6fNWzkwCXLQ,14247,contact,13.71450901031494,-10683.698192647733,-7993.374611578561,-2519.4381282597183,-170.8854528094521,9,5.0,1587
pres_sSDThhV5I0imUV3XkCDR,233,contact,6.305939197540283,-11433.130346022755,-7962.896407763397,-3243.7095769442603,-226.52436131509967,12,5.0,2121
pres_sSDThhV5I0imUV3XkCDR,1707,contact,2.3336827754974365,-11433.130346022755,-7962.896407763397,-3243.7095769442603,-226.52436131509967,12,5.0,2121
pres_sSDThhV5I0imUV3XkCDR,10586,shell,2.944371700286865,-11433.130346022755,-7962.896407763397,-3243.7095769442603,-226.52436131509967,12,5.0,2121
pres_sSDThhV5I0imUV3XkCDR,11326,contact,6.917359352111816,-11433.130346022755,-7962.896407763397,-3243.7095769442603,-226.52436131509967,12,5.0,2121
pres_sSDThhV5I0imUV3XkCDR,14247,contact,9.510677337646484,-11433.130346022755,-7962.896407763397,-3243.7095769442603,-226.52436131509967,12,5.0,2121
pres_sc1BuTEYZssAwL6MMMuH,233,contact,9.337353706359863,-10340.343068761438,-7978.085344198512,-2259.264008832457,-102.99371573046938,8,5.0,1591
pres_sc1BuTEYZssAwL6MMMuH,1707,contact,2.516354560852051,-10340.343068761438,-7978.085344198512,-2259.264008832457,-102.99371573046938,8,5.0,1591
pres_sc1BuTEYZssAwL6MMMuH,4657,contact,1.3780291080474854,-10340.343068761438,-7978.085344198512,-2259.264008832457,-102.99371573046938,8,5.0,1591
pres_sc1BuTEYZssAwL6MMMuH,11326,contact,2.798970460891724,-10340.343068761438,-7978.085344198512,-2259.264008832457,-102.99371573046938,8,5.0,1591
pres_sc1BuTEYZssAwL6MMMuH,14247,contact,12.81091594696045,-10340.343068761438,-7978.085344198512,-2259.264008832457,-102.99371573046938,8,5.0,1591
pres_sjihb58SDZ7P5lQs56aW,233,contact,7.15484094619751,-14698.708685145111,-7923.5960329020545,-6582.665482416981,-192.4471698260777,11,5.0,2998
pres_sjihb58SDZ7P5lQs56aW,1707,contact,0.9475452303886414,-14698.708685145111,-7923.5960329020545,-6582.665482416981,-192.4471698260777,11,5.0,2998
pres_sjihb58SDZ7P5lQs56aW,11326,contact,9.220251083374023,-14698.708685145111,-7923.5960329020545,-6582.665482416981,-192.4471698260777,11,5.0,2998
pres_sjihb58SDZ7P5lQs56aW,12918,shell,0.4222279787063598,-14698.708685145111,-7923.5960329020545,-6582.665482416981,-192.4471698260777,11,5.0,2998
pres_sjihb58SDZ7P5lQs56aW,14247,contact,11.555134773254396,-14698.708685145111,-7923.5960329020545,-6582.665482416981,-192.4471698260777,11,5.0,2998
pres_sp6suavdiFVWttydREp3,233,contact,6.134615421295166,-12425.975329117467,-7920.210359378922,-4346.689356197091,-159.0756135414549,13,5.0,2165
pres_sp6suavdiFVWttydREp3,1707,contact,0.5613928437232971,-12425.975329117467,-7920.210359378922,-4346.689356197091,-159.0756135414549,13,5.0,2165
pres_sp6suavdiFVWttydREp3,2214,shell,0.8334406614303589,-12425.975329117467,-7920.210359378922,-4346.689356197091,-159.0756135414549,13,5.0,2165
pres_sp6suavdiFVWttydREp3,11326,contact,4.816120147705078,-12425.975329117467,-7920.210359378922,-4346.689356197091,-159.0756135414549,13,5.0,2165
pres_sp6suavdiFVWttydREp3,14247,contact,12.51004409790039,-12425.975329117467,-7920.210359378922,-4346.689356197091,-159.0756135414549,13,5.0,2165
pres_srGdeDQZlz6EPvtiqLSx,233,contact,7.874241352081299,-13025.06967252562,-7992.159552254669,-4842.267064460064,-190.64305581088772,13,5.0,2370
pres_srGdeDQZlz6EPvtiqLSx,1707,contact,1.3091039657592771,-13025.06967252562,-7992.159552254669,-4842.267064460064,-190.64305581088772,13,5.0,2370
pres_srGdeDQZlz6EPvtiqLSx,6073,contact,1.2518088817596436,-13025.06967252562,-7992.159552254669,-4842.267064460064,-190.64305581088772,13,5.0,2370
pres_srGdeDQZlz6EPvtiqLSx,11326,contact,5.360533237457275,-13025.06967252562,-7992.159552254669,-4842.267064460064,-190.64305581088772,13,5.0,2370
pres_srGdeDQZlz6EPvtiqLSx,14247,contact,13.384406089782717,-13025.06967252562,-7992.159552254669,-4842.267064460064,-190.64305581088772,13,5.0,2370
pres_taEH4gyureIeQpaA2wPb,233,contact,6.358218669891357,-11409.912892427292,-7917.37424259419,-3141.0217362397057,-351.5169135933961,23,5.0,2324
pres_taEH4gyureIeQpaA2wPb,1707,contact,0.4740952849388122,-11409.912892427292,-7917.37424259419,-3141.0217362397057,-351.5169135933961,23,5.0,2324
pres_taEH4gyureIeQpaA2wPb,11326,contact,6.804352283477783,-11409.912892427292,-7917.37424259419,-3141.0217362397057,-351.5169135933961,23,5.0,2324
pres_taEH4gyureIeQpaA2wPb,14247,contact,12.96216869354248,-11409.912892427292,-7917.37424259419,-3141.0217362397057,-351.5169135933961,23,5.0,2324
pres_tfzN9Zr68uEe9rXa5XMH,233,contact,5.711773872375488,-12578.65125396432,-7937.8673892189,-4427.913893938252,-212.869970807169,11,5.0,2632
pres_tfzN9Zr68uEe9rXa5XMH,1707,contact,2.408798217773437,-12578.65125396432,-7937.8673892189,-4427.913893938252,-212.869970807169,11,5.0,2632
pres_tfzN9Zr68uEe9rXa5XMH,6869,shell,1.3987449407577517,-12578.65125396432,-7937.8673892189,-4427.913893938252,-212.869970807169,11,5.0,2632
pres_tfzN9Zr68uEe9rXa5XMH,11326,contact,3.787315368652344,-12578.65125396432,-7937.8673892189,-4427.913893938252,-212.869970807169,11,5.0,2632
pres_tfzN9Zr68uEe9rXa5XMH,14247,contact,13.166177749633787,-12578.65125396432,-7937.8673892189,-4427.913893938252,-212.869970807169,11,5.0,2632
pres_tich7xsGsDgid2ZQVlqO,233,contact,4.576545238494873,-13687.843715623403,-7955.311633917522,-5491.970674379357,-240.561407326526,22,5.0,2733
pres_tich7xsGsDgid2ZQVlqO,1707,contact,1.256336688995361,-13687.843715623403,-7955.311633917522,-5491.970674379357,-240.561407326526,22,5.0,2733
pres_tich7xsGsDgid2ZQVlqO,6869,contact,0.4069541692733764,-13687.843715623403,-7955.311633917522,-5491.970674379357,-240.561407326526,22,5.0,2733
pres_tich7xsGsDgid2ZQVlqO,11326,contact,5.43621826171875,-13687.843715623403,-7955.311633917522,-5491.970674379357,-240.561407326526,22,5.0,2733
pres_tich7xsGsDgid2ZQVlqO,14247,contact,12.21913719177246,-13687.843715623403,-7955.311633917522,-5491.970674379357,-240.561407326526,22,5.0,2733
pres_tmlVlftTWnjUpkXtC7Py,233,contact,4.835911273956299,-14189.328350779884,-7954.619810589805,-6047.707496529421,-187.00104366065807,13,5.0,2908
pres_tmlVlftTWnjUpkXtC7Py,1707,contact,2.644932508468628,-14189.328350779884,-7954.619810589805,-6047.707496529421,-187.00104366065807,13,5.0,2908
pres_tmlVlftTWnjUpkXtC7Py,11326,contact,6.19920015335083,-14189.328350779884,-7954.619810589805,-6047.707496529421,-187.00104366065807,13,5.0,2908
pres_tmlVlftTWnjUpkXtC7Py,12918,shell,0.6425081491470337,-14189.328350779884,-7954.619810589805,-6047.707496529421,-187.00104366065807,13,5.0,2908
pres_tmlVlftTWnjUpkXtC7Py,14247,contact,12.095430374145508,-14189.328350779884,-7954.619810589805,-6047.707496529421,-187.00104366065807,13,5.0,2908
pres_tpn3Ql5b26YR3sdc0GhW,233,contact,5.619765758514404,-11138.368585093887,-7933.87348109703,-2986.622975194217,-217.8721288026404,12,5.0,2051
pres_tpn3Ql5b26YR3sdc0GhW,1707,contact,0.4281150698661804,-11138.368585093887,-7933.87348109703,-2986.622975194217,-217.8721288026404,12,5.0,2051
pres_tpn3Ql5b26YR3sdc0GhW,10586,contact,0.6422847509384155,-11138.368585093887,-7933.87348109703,-2986.622975194217,-217.8721288026404,12,5.0,2051
pres_tpn3Ql5b26YR3sdc0GhW,11326,contact,4.892040252685547,-11138.368585093887,-7933.87348109703,-2986.622975194217,-217.8721288026404,12,5.0,2051
pres_tpn3Ql5b26YR3sdc0GhW,14247,contact,10.81301212310791,-11138.368585093887,-7933.87348109703,-2986.622975194217,-217.8721288026404,12,5.0,2051
pres_tqiUJNRbus4R4Lkuh2NJ,233,contact,8.115195274353027,-11523.244299932428,-7980.203257250781,-3454.2434993527977,-88.79754332885022,4,5.0,1770
pres_tqiUJNRbus4R4Lkuh2NJ,1707,contact,0.9969815611839294,-11523.244299932428,-7980.203257250781,-3454.2434993527977,-88.79754332885022,4,5.0,1770
pres_tqiUJNRbus4R4Lkuh2NJ,11326,contact,4.67561149597168,-11523.244299932428,-7980.203257250781,-3454.2434993527977,-88.79754332885022,4,5.0,1770
pres_tqiUJNRbus4R4Lkuh2NJ,12918,shell,0.4355295896530151,-11523.244299932428,-7980.203257250781,-3454.2434993527977,-88.79754332885022,4,5.0,1770
pres_tqiUJNRbus4R4Lkuh2NJ,14247,contact,12.722002983093262,-11523.244299932428,-7980.203257250781,-3454.2434993527977,-88.79754332885022,4,5.0,1770
pres_u8vED4FYHI87JPsHZMXQ,233,contact,5.529748439788818,-14525.898527727,-8002.880248871491,-6472.399987317553,-50.618291537954974,11,5.0,2812
pres_u8vED4FYHI87JPsHZMXQ,1707,contact,1.0147716999053955,-14525.898527727,-8002.880248871491,-6472.399987317553,-50.618291537954974,11,5.0,2812
pres_u8vED4FYHI87JPsHZMXQ,6869,shell,0.8090978860855103,-14525.898527727,-8002.880248871491,-6472.399987317553,-50.618291537954974,11,5.0,2812
pres_u8vED4FYHI87JPsHZMXQ,11326,contact,9.029512405395508,-14525.898527727,-8002.880248871491,-6472.399987317553,-50.618291537954974,11,5.0,2812
pres_u8vED4FYHI87JPsHZMXQ,14247,contact,11.172728538513184,-14525.898527727,-8002.880248871491,-6472.399987317553,-50.618291537954974,11,5.0,2812
pres_uEq7vhElp5hH3fUXQBDj,233,contact,8.88668155670166,-10451.267031255566,-7983.798983706946,-2127.5841922509667,-339.88385529765264,22,5.0,1991
pres_uEq7vhElp5hH3fUXQBDj,1707,contact,0.5750557780265808,-10451.267031255566,-7983.798983706946,-2127.5841922509667,-339.88385529765264,22,5.0,1991
pres_uEq7vhElp5hH3fUXQBDj,6073,contact,0.4605622291564941,-10451.267031255566,-7983.798983706946,-2127.5841922509667,-339.88385529765264,22,5.0,1991
pres_uEq7vhElp5hH3fUXQBDj,11326,contact,6.182095527648926,-10451.267031255566,-7983.798983706946,-2127.5841922509667,-339.88385529765264,22,5.0,1991
pres_uEq7vhElp5hH3fUXQBDj,14247,contact,12.157322883605955,-10451.267031255566,-7983.798983706946,-2127.5841922509667,-339.88385529765264,22,5.0,1991
pres_uFSErod5grAp6VIV0lDV,233,contact,9.780872344970703,-10798.170903937274,-7960.315414689338,-2583.117253788821,-254.7382354591159,6,5.0,2003
pres_uFSErod5grAp6VIV0lDV,1707,contact,2.3875746726989746,-10798.170903937274,-7960.315414689338,-2583.117253788821,-254.7382354591159,6,5.0,2003
pres_uFSErod5grAp6VIV0lDV,11326,contact,4.146941184997559,-10798.170903937274,-7960.315414689338,-2583.117253788821,-254.7382354591159,6,5.0,2003
pres_uFSErod5grAp6VIV0lDV,14247,contact,12.496444702148438,-10798.170903937274,-7960.315414689338,-2583.117253788821,-254.7382354591159,6,5.0,2003
pres_uLSS56CWDD7Fg37wcPLo,233,contact,4.386067867279053,-14274.51488958232,-7940.10554862794,-6256.990821778816,-77.41851917556232,2,5.0,2607
pres_uLSS56CWDD7Fg37wcPLo,1707,contact,2.4257969856262207,-14274.51488958232,-7940.10554862794,-6256.990821778816,-77.41851917556232,2,5.0,2607
pres_uLSS56CWDD7Fg37wcPLo,11326,shell,2.8111157417297363,-14274.51488958232,-7940.10554862794,-6256.990821778816,-77.41851917556232,2,5.0,2607
pres_uLSS56CWDD7Fg37wcPLo,12918,shell,0.9936016798019408,-14274.51488958232,-7940.10554862794,-6256.990821778816,-77.41851917556232,2,5.0,2607
pres_uLSS56CWDD7Fg37wcPLo,14247,contact,10.819317817687988,-14274.51488958232,-7940.10554862794,-6256.990821778816,-77.41851917556232,2,5.0,2607
pres_uRbK301M36QqTeeRjDwS,233,shell,0.898674488067627,-14048.86331910338,-7895.6567302554095,-6049.677774224353,-103.5288146236162,15,5.0,2616
pres_uRbK301M36QqTeeRjDwS,1707,contact,1.4255495071411133,-14048.86331910338,-7895.6567302554095,-6049.677774224353,-103.5288146236162,15,5.0,2616
pres_uRbK301M36QqTeeRjDwS,2214,shell,0.432409405708313,-14048.86331910338,-7895.6567302554095,-6049.677774224353,-103.5288146236162,15,5.0,2616
pres_uRbK301M36QqTeeRjDwS,4657,contact,0.5857434272766113,-14048.86331910338,-7895.6567302554095,-6049.677774224353,-103.5288146236162,15,5.0,2616
pres_uRbK301M36QqTeeRjDwS,11326,contact,4.817587852478027,-14048.86331910338,-7895.6567302554095,-6049.677774224353,-103.5288146236162,15,5.0,2616
pres_uRbK301M36QqTeeRjDwS,14247,contact,10.681220054626465,-14048.86331910338,-7895.6567302554095,-6049.677774224353,-103.5288146236162,15,5.0,2616
pres_ut7dO6zsb3rVv3FWh9ez,233,contact,7.434786319732666,-11183.961556759765,-7978.648299044056,-2977.420702797808,-227.89255491790072,19,5.0,2097
pres_ut7dO6zsb3rVv3FWh9ez,1707,shell,0.9456846117973328,-11183.961556759765,-7978.648299044056,-2977.420702797808,-227.89255491790072,19,5.0,2097
pres_ut7dO6zsb3rVv3FWh9ez,11326,contact,5.237808704376221,-11183.961556759765,-7978.648299044056,-2977.420702797808,-227.89255491790072,19,5.0,2097
pres_ut7dO6zsb3rVv3FWh9ez,12588,shell,0.5384646654129028,-11183.961556759765,-7978.648299044056,-2977.420702797808,-227.89255491790072,19,5.0,2097
pres_ut7dO6zsb3rVv3FWh9ez,14247,contact,11.851176261901855,-11183.961556759765,-7978.648299044056,-2977.420702797808,-227.89255491790072,19,5.0,2097
pres_uycyFBOk1LYSDWPDeMlb,11326,contact,3.1130855083465576,-13096.097282160124,-7919.927246654071,-5033.743127079716,-142.42690842633783,10,5.0,2467
pres_v4G1JBqFJWmTxAPfOdVn,233,contact,10.093023300170898,-10277.687375811383,-7941.710432482394,-2033.628088114545,-302.34885521444585,10,5.0,1945
pres_v4G1JBqFJWmTxAPfOdVn,1707,contact,1.8874194622039795,-10277.687375811383,-7941.710432482394,-2033.628088114545,-302.34885521444585,10,5.0,1945
pres_v4G1JBqFJWmTxAPfOdVn,4657,contact,0.6698813438415527,-10277.687375811383,-7941.710432482394,-2033.628088114545,-302.34885521444585,10,5.0,1945
pres_v4G1JBqFJWmTxAPfOdVn,11326,contact,4.576720714569092,-10277.687375811383,-7941.710432482394,-2033.628088114545,-302.34885521444585,10,5.0,1945
pres_v4G1JBqFJWmTxAPfOdVn,14247,contact,13.50814437866211,-10277.687375811383,-7941.710432482394,-2033.628088114545,-302.34885521444585,10,5.0,1945
pres_v5Eq3oehhMM6dXuKpHLW,233,contact,6.190351963043213,-14331.27238667841,-7968.745776297435,-6213.8820954098455,-148.6445149711299,9,5.0,2827
pres_v5Eq3oehhMM6dXuKpHLW,1707,contact,0.937765657901764,-14331.27238667841,-7968.745776297435,-6213.8820954098455,-148.6445149711299,9,5.0,2827
pres_v5Eq3oehhMM6dXuKpHLW,11326,contact,5.470516681671143,-14331.27238667841,-7968.745776297435,-6213.8820954098455,-148.6445149711299,9,5.0,2827
pres_v5Eq3oehhMM6dXuKpHLW,14247,contact,13.608436584472656,-14331.27238667841,-7968.745776297435,-6213.8820954098455,-148.6445149711299,9,5.0,2827
pres_v8em5GH0FNzDTOXiaK8W,233,contact,6.033404350280762,-13793.52070780114,-7971.382611279846,-5727.664393844554,-94.47370267674069,12,5.0,2508
pres_v8em5GH0FNzDTOXiaK8W,1707,contact,1.5304322242736816,-13793.52070780114,-7971.382611279846,-5727.664393844554,-94.47370267674069,12,5.0,2508
pres_v8em5GH0FNzDTOXiaK8W,11326,contact,6.073131561279297,-13793.52070780114,-7971.382611279846,-5727.664393844554,-94.47370267674069,12,5.0,2508
pres_v8em5GH0FNzDTOXiaK8W,14247,contact,12.438637733459473,-13793.52070780114,-7971.382611279846,-5727.664393844554,-94.47370267674069,12,5.0,2508
pres_vm3vC0ZxE75yj35N7GsO,1707,shell,1.0436058044433594,-13120.713376997328,-8020.487214466542,-5033.1471757436575,-67.07898678712809,7,5.0,2376
pres_vm3vC0ZxE75yj35N7GsO,4657,contact,1.3864705562591553,-13120.713376997328,-8020.487214466542,-5033.1471757436575,-67.07898678712809,7,5.0,2376
pres_vm3vC0ZxE75yj35N7GsO,11326,contact,3.307471990585327,-13120.713376997328,-8020.487214466542,-5033.1471757436575,-67.07898678712809,7,5.0,2376
pres_vn2oC8Cp4gTFyRY9c77W,233,contact,5.930477619171143,-10615.881584838677,-8011.871549007577,-2380.68141130962,-223.32862452147947,4,5.0,1860
pres_vn2oC8Cp4gTFyRY9c77W,1707,contact,1.1245551109313965,-10615.881584838677,-8011.871549007577,-2380.68141130962,-223.32862452147947,4,5.0,1860
pres_vn2oC8Cp4gTFyRY9c77W,11326,contact,4.829214572906494,-10615.881584838677,-8011.871549007577,-2380.68141130962,-223.32862452147947,4,5.0,1860
pres_vn2oC8Cp4gTFyRY9c77W,14247,contact,12.948477745056152,-10615.881584838677,-8011.871549007577,-2380.68141130962,-223.32862452147947,4,5.0,1860
pres_w640rJLweHRHxp2e4xgf,233,contact,9.289552688598633,-10426.030725253797,-7987.352756901375,-2141.1402537251865,-297.5377146272335,23,5.0,1760
pres_w640rJLweHRHxp2e4xgf,1707,contact,1.584446907043457,-10426.030725253797,-7987.352756901375,-2141.1402537251865,-297.5377146272335,23,5.0,1760
pres_w640rJLweHRHxp2e4xgf,4657,contact,0.4914782047271728,-10426.030725253797,-7987.352756901375,-2141.1402537251865,-297.5377146272335,23,5.0,1760
pres_w640rJLweHRHxp2e4xgf,11326,contact,4.598389148712158,-10426.030725253797,-7987.352756901375,-2141.1402537251865,-297.5377146272335,23,5.0,1760
pres_w640rJLweHRHxp2e4xgf,14247,contact,10.846088409423828,-10426.030725253797,-7987.352756901375,-2141.1402537251865,-297.5377146272335,23,5.0,1760
pres_w6byBFCbCUm1sg8eQfzH,233,contact,7.614162921905518,-11519.79395192041,-7973.254950186401,-3334.8995752938254,-211.6394264401833,13,5.0,2133
pres_w6byBFCbCUm1sg8eQfzH,1707,contact,1.0447659492492676,-11519.79395192041,-7973.254950186401,-3334.8995752938254,-211.6394264401833,13,5.0,2133
pres_w6byBFCbCUm1sg8eQfzH,11326,contact,6.994893550872803,-11519.79395192041,-7973.254950186401,-3334.8995752938254,-211.6394264401833,13,5.0,2133
pres_w6byBFCbCUm1sg8eQfzH,14247,contact,13.366498947143556,-11519.79395192041,-7973.254950186401,-3334.8995752938254,-211.6394264401833,13,5.0,2133
pres_w94amSG1Z17DGG8grMXL,233,contact,7.068799018859863,-12413.303159407837,-7996.041273659046,-4187.217975792463,-230.04390995632548,13,5.0,2598
pres_w94amSG1Z17DGG8grMXL,1707,contact,1.131267786026001,-12413.303159407837,-7996.041273659046,-4187.217975792463,-230.04390995632548,13,5.0,2598
pres_w94amSG1Z17DGG8grMXL,11326,contact,5.386534214019775,-12413.303159407837,-7996.041273659046,-4187.217975792463,-230.04390995632548,13,5.0,2598
pres_w94amSG1Z17DGG8grMXL,14247,contact,14.754892349243164,-12413.303159407837,-7996.041273659046,-4187.217975792463,-230.04390995632548,13,5.0,2598
pres_wDmhDxwPNLfyMbWUXTqn,233,contact,5.831529140472412,-12301.0126389407,-7950.472008202753,-4158.755871275477,-191.78475946246908,9,5.0,2347
pres_wDmhDxwPNLfyMbWUXTqn,1707,contact,0.9700639843940736,-12301.0126389407,-7950.472008202753,-4158.755871275477,-191.78475946246908,9,5.0,2347
pres_wDmhDxwPNLfyMbWUXTqn,6869,contact,1.9072061777114868,-12301.0126389407,-7950.472008202753,-4158.755871275477,-191.78475946246908,9,5.0,2347
pres_wDmhDxwPNLfyMbWUXTqn,11326,contact,3.090000629425049,-12301.0126389407,-7950.472008202753,-4158.755871275477,-191.78475946246908,9,5.0,2347
pres_wDmhDxwPNLfyMbWUXTqn,14247,contact,13.510071754455566,-12301.0126389407,-7950.472008202753,-4158.755871275477,-191.78475946246908,9,5.0,2347
pres_wE0xd2uw21p3Gwwk55gt,233,contact,6.290963649749756,-14474.227586387837,-7881.032219277592,-6501.122049600838,-92.07331750940648,5,5.0,2691
pres_wE0xd2uw21p3Gwwk55gt,1707,contact,1.0179522037506104,-14474.227586387837,-7881.032219277592,-6501.122049600838,-92.07331750940648,5,5.0,2691
pres_wE0xd2uw21p3Gwwk55gt,11326,contact,3.690424919128418,-14474.227586387837,-7881.032219277592,-6501.122049600838,-92.07331750940648,5,5.0,2691
pres_wE0xd2uw21p3Gwwk55gt,14247,contact,12.677021980285645,-14474.227586387837,-7881.032219277592,-6501.122049600838,-92.07331750940648,5,5.0,2691
pres_wHnUwzxBSbGgHrFMe3D8,233,contact,5.987408638000488,-13317.1493131704,-7946.4615606116995,-5234.010996454841,-136.6767561038605,13,5.0,2476
pres_wHnUwzxBSbGgHrFMe3D8,1707,contact,1.3066253662109375,-13317.1493131704,-7946.4615606116995,-5234.010996454841,-136.6767561038605,13,5.0,2476
pres_wHnUwzxBSbGgHrFMe3D8,11326,contact,3.282425165176392,-13317.1493131704,-7946.4615606116995,-5234.010996454841,-136.6767561038605,13,5.0,2476
pres_wHnUwzxBSbGgHrFMe3D8,14247,contact,12.343832015991213,-13317.1493131704,-7946.4615606116995,-5234.010996454841,-136.6767561038605,13,5.0,2476
pres_wTD6nPVSfjHnHwvN1SNv,233,contact,8.324272155761719,-11405.937498099298,-7978.165387609786,-3242.362315831181,-185.4097946583306,13,5.0,1976
pres_wTD6nPVSfjHnHwvN1SNv,1707,contact,1.182727336883545,-11405.937498099298,-7978.165387609786,-3242.362315831181,-185.4097946583306,13,5.0,1976
pres_wTD6nPVSfjHnHwvN1SNv,11326,contact,5.759952545166016,-11405.937498099298,-7978.165387609786,-3242.362315831181,-185.4097946583306,13,5.0,1976
pres_wTD6nPVSfjHnHwvN1SNv,14247,contact,12.607379913330078,-11405.937498099298,-7978.165387609786,-3242.362315831181,-185.4097946583306,13,5.0,1976
pres_wTO00LhsXRIKhWH2ae43,233,contact,8.261993408203125,-10199.337996386555,-7935.101737022128,-2002.2907042318293,-261.9455551326,10,5.0,1749
pres_wTO00LhsXRIKhWH2ae43,1707,contact,0.7102249264717102,-10199.337996386555,-7935.101737022128,-2002.2907042318293,-261.9455551326,10,5.0,1749
pres_wTO00LhsXRIKhWH2ae43,11326,contact,6.796239376068115,-10199.337996386555,-7935.101737022128,-2002.2907042318293,-261.9455551326,10,5.0,1749
pres_wTO00LhsXRIKhWH2ae43,14247,contact,13.69721508026123,-10199.337996386555,-7935.101737022128,-2002.2907042318293,-261.9455551326,10,5.0,1749
pres_wiDXyz0eNGcp2KSgR6Pw,233,contact,11.25657844543457,-11010.063790506058,-7964.959192687686,-2870.6262731901147,-174.47832462825727,11,5.0,1731
pres_wiDXyz0eNGcp2KSgR6Pw,1707,contact,1.027473211288452,-11010.063790506058,-7964.959192687686,-2870.6262731901147,-174.47832462825727,11,5.0,1731
pres_wiDXyz0eNGcp2KSgR6Pw,11326,contact,5.0786566734313965,-11010.063790506058,-7964.959192687686,-2870.6262731901147,-174.47832462825727,11,5.0,1731
pres_wiDXyz0eNGcp2KSgR6Pw,12588,shell,0.4176026582717895,-11010.063790506058,-7964.959192687686,-2870.6262731901147,-174.47832462825727,11,5.0,1731
pres_wiDXyz0eNGcp2KSgR6Pw,14247,contact,12.71021842956543,-11010.063790506058,-7964.959192687686,-2870.6262731901147,-174.47832462825727,11,5.0,1731
pres_xC6LjuMCtaIQOA0l4kv8,233,contact,8.75908088684082,-10443.173793981434,-7980.061897552307,-2172.0451030999216,-291.06679332920567,14,5.0,1961
pres_xC6LjuMCtaIQOA0l4kv8,1707,contact,1.0927517414093018,-10443.173793981434,-7980.061897552307,-2172.0451030999216,-291.06679332920567,14,5.0,1961
pres_xC6LjuMCtaIQOA0l4kv8,11326,contact,8.401872634887695,-10443.173793981434,-7980.061897552307,-2172.0451030999216,-291.06679332920567,14,5.0,1961
pres_xC6LjuMCtaIQOA0l4kv8,14247,contact,12.987982749938965,-10443.173793981434,-7980.061897552307,-2172.0451030999216,-291.06679332920567,14,5.0,1961
pres_xHPGd1INREHFeF1yBXmF,233,contact,9.610672950744627,-10436.075904670904,-7951.253472729747,-2234.2657069571565,-250.5567249839992,19,5.0,1757
pres_xHPGd1INREHFeF1yBXmF,1707,contact,0.7038505673408508,-10436.075904670904,-7951.253472729747,-2234.2657069571565,-250.5567249839992,19,5.0,1757
pres_xHPGd1INREHFeF1yBXmF,4657,contact,0.3590371608734131,-10436.075904670904,-7951.253472729747,-2234.2657069571565,-250.5567249839992,19,5.0,1757
pres_xHPGd1INREHFeF1yBXmF,11326,contact,4.97301721572876,-10436.075904670904,-7951.253472729747,-2234.2657069571565,-250.5567249839992,19,5.0,1757
pres_xHPGd1INREHFeF1yBXmF,14247,contact,13.640888214111328,-10436.075904670904,-7951.253472729747,-2234.2657069571565,-250.5567249839992,19,5.0,1757
pres_xHse5NX6rL6JHzMRiBqf,233,contact,2.868250131607056,-12083.007132675782,-7938.27080970266,-4013.382727482912,-131.35359549021132,8,5.0,2168
pres_xHse5NX6rL6JHzMRiBqf,1707,contact,0.9409177899360656,-12083.007132675782,-7938.27080970266,-4013.382727482912,-131.35359549021132,8,5.0,2168
pres_xHse5NX6rL6JHzMRiBqf,11326,contact,5.568398475646973,-12083.007132675782,-7938.27080970266,-4013.382727482912,-131.35359549021132,8,5.0,2168
pres_xHse5NX6rL6JHzMRiBqf,14247,contact,10.806599617004396,-12083.007132675782,-7938.27080970266,-4013.382727482912,-131.35359549021132,8,5.0,2168
pres_xIxrxpkNR8FI5LWq3jYL,4657,contact,0.7865536212921143,-13439.440171160824,-7956.779470382986,-5252.954817543015,-229.70588323482207,13,5.0,2967
pres_xIxrxpkNR8FI5LWq3jYL,11326,contact,3.19333815574646,-13439.440171160824,-7956.779470382986,-5252.954817543015,-229.70588323482207,13,5.0,2967
pres_xKHYTrnWjlvMbDOadDlA,233,contact,8.979025840759277,-10839.36650938298,-7912.059655448023,-2696.3859341568127,-230.9209197781452,16,5.0,1800
pres_xKHYTrnWjlvMbDOadDlA,1707,shell,0.3968569636344909,-10839.36650938298,-7912.059655448023,-2696.3859341568127,-230.9209197781452,16,5.0,1800
pres_xKHYTrnWjlvMbDOadDlA,4657,contact,1.252701997756958,-10839.36650938298,-7912.059655448023,-2696.3859341568127,-230.9209197781452,16,5.0,1800
pres_xKHYTrnWjlvMbDOadDlA,11326,contact,4.444051265716553,-10839.36650938298,-7912.059655448023,-2696.3859341568127,-230.9209197781452,16,5.0,1800
pres_xKHYTrnWjlvMbDOadDlA,14247,contact,13.38427734375,-10839.36650938298,-7912.059655448023,-2696.3859341568127,-230.9209197781452,16,5.0,1800
pres_xQKFl2lgp8w7zffMbsK0,233,contact,7.475711345672607,-11624.461186175962,-7944.671493627389,-3608.873075231479,-70.91661731709382,6,5.0,1586
pres_xQKFl2lgp8w7zffMbsK0,1707,shell,1.1678988933563232,-11624.461186175962,-7944.671493627389,-3608.873075231479,-70.91661731709382,6,5.0,1586
pres_xQKFl2lgp8w7zffMbsK0,11326,contact,5.077886581420898,-11624.461186175962,-7944.671493627389,-3608.873075231479,-70.91661731709382,6,5.0,1586
pres_xQKFl2lgp8w7zffMbsK0,14247,contact,12.345067024230955,-11624.461186175962,-7944.671493627389,-3608.873075231479,-70.91661731709382,6,5.0,1586
pres_xcnmMD3TnM9eW0wF3Toa,233,contact,7.679636478424072,-10601.831908557642,-7942.195585056245,-2356.899978317454,-302.73634518394283,18,5.0,2080
pres_xcnmMD3TnM9eW0wF3Toa,1707,contact,0.8043336272239685,-10601.831908557642,-7942.195585056245,-2356.899978317454,-302.73634518394283,18,5.0,2080
pres_xcnmMD3TnM9eW0wF3Toa,11326,contact,5.411245346069336,-10601.831908557642,-7942.195585056245,-2356.899978317454,-302.73634518394283,18,5.0,2080
pres_xcnmMD3TnM9eW0wF3Toa,14247,contact,12.390984535217283,-10601.831908557642,-7942.195585056245,-2356.899978317454,-302.73634518394283,18,5.0,2080
pres_xurmoAVNuNZATK1pBBV2,233,contact,3.082974910736084,-13894.00525559217,-7996.108508120515,-5665.2717467690645,-232.62500070259105,13,5.0,2991
pres_xurmoAVNuNZATK1pBBV2,1707,shell,0.3543139100074768,-13894.00525559217,-7996.108508120515,-5665.2717467690645,-232.62500070259105,13,5.0,2991
pres_xurmoAVNuNZATK1pBBV2,2214,shell,0.4607425928115845,-13894.00525559217,-7996.108508120515,-5665.2717467690645,-232.62500070259105,13,5.0,2991
pres_xurmoAVNuNZATK1pBBV2,11326,contact,3.5907461643218994,-13894.00525559217,-7996.108508120515,-5665.2717467690645,-232.62500070259105,13,5.0,2991
pres_xurmoAVNuNZATK1pBBV2,14247,contact,6.929966926574707,-13894.00525559217,-7996.108508120515,-5665.2717467690645,-232.62500070259105,13,5.0,2991
pres_yGEODlxxBpNtBtazaWAH,233,contact,7.761934757232666,-10742.82446160384,-8020.829962253033,-2463.3748929718627,-258.61960637894344,10,5.0,1836
pres_yGEODlxxBpNtBtazaWAH,1707,contact,4.725743770599365,-10742.82446160384,-8020.829962253033,-2463.3748929718627,-258.61960637894344,10,5.0,1836
pres_yGEODlxxBpNtBtazaWAH,4657,contact,0.6965622901916504,-10742.82446160384,-8020.829962253033,-2463.3748929718627,-258.61960637894344,10,5.0,1836
pres_yGEODlxxBpNtBtazaWAH,11326,contact,4.7355475425720215,-10742.82446160384,-8020.829962253033,-2463.3748929718627,-258.61960637894344,10,5.0,1836
pres_yGEODlxxBpNtBtazaWAH,14247,contact,14.244824409484863,-10742.82446160384,-8020.829962253033,-2463.3748929718627,-258.61960637894344,10,5.0,1836
pres_yK1qcAl8S4JcaYETA3fn,11326,contact,2.619173049926758,-13266.617797915049,-7966.461039675135,-5118.478421422718,-181.67833681719367,12,5.0,2762
pres_yTIGA3S6XGgSUEiXtPid,233,contact,9.330327987670898,-11097.418105233965,-8014.726342449113,-2907.1099799259346,-175.581782858917,14,5.0,1922
pres_yTIGA3S6XGgSUEiXtPid,1707,contact,1.245250940322876,-11097.418105233965,-8014.726342449113,-2907.1099799259346,-175.581782858917,14,5.0,1922
pres_yTIGA3S6XGgSUEiXtPid,11326,contact,2.816724300384521,-11097.418105233965,-8014.726342449113,-2907.1099799259346,-175.581782858917,14,5.0,1922
pres_yTIGA3S6XGgSUEiXtPid,14247,contact,12.408736228942873,-11097.418105233965,-8014.726342449113,-2907.1099799259346,-175.581782858917,14,5.0,1922
pres_ybk7ubCXeRquWKdGOYfG,233,contact,1.2233012914657593,-13118.587201980892,-7971.485356241826,-4879.644598773313,-267.45724696575326,14,5.0,3081
pres_ybk7ubCXeRquWKdGOYfG,1707,contact,0.8701326251029968,-13118.587201980892,-7971.485356241826,-4879.644598773313,-267.45724696575326,14,5.0,3081
pres_ybk7ubCXeRquWKdGOYfG,11326,contact,6.843625545501709,-13118.587201980892,-7971.485356241826,-4879.644598773313,-267.45724696575326,14,5.0,3081
pres_ybk7ubCXeRquWKdGOYfG,12588,shell,2.4742932319641118,-13118.587201980892,-7971.485356241826,-4879.644598773313,-267.45724696575326,14,5.0,3081
pres_ybk7ubCXeRquWKdGOYfG,14247,contact,10.413589477539062,-13118.587201980892,-7971.485356241826,-4879.644598773313,-267.45724696575326,14,5.0,3081
pres_ypVDp8uGFbGmroJJWC46,233,contact,8.17662239074707,-10736.76285714408,-7933.7597829487,-2520.1726783321624,-282.8303958632173,14,5.0,1926
pres_ypVDp8uGFbGmroJJWC46,1707,contact,1.104743242263794,-10736.76285714408,-7933.7597829487,-2520.1726783321624,-282.8303958632173,14,5.0,1926
pres_ypVDp8uGFbGmroJJWC46,6073,contact,0.5851500034332275,-10736.76285714408,-7933.7597829487,-2520.1726783321624,-282.8303958632173,14,5.0,1926
pres_ypVDp8uGFbGmroJJWC46,11326,contact,6.022651672363281,-10736.76285714408,-7933.7597829487,-2520.1726783321624,-282.8303958632173,14,5.0,1926
pres_ypVDp8uGFbGmroJJWC46,14247,contact,13.268509864807127,-10736.76285714408,-7933.7597829487,-2520.1726783321624,-282.8303958632173,14,5.0,1926
pres_yvZirtt82k5mdFcZyGEn,11326,contact,4.2696380615234375,-13345.18794711921,-7953.93735395056,-5222.668493674549,-168.5820994941014,10,5.0,2395
pres_yvZirtt82k5mdFcZyGEn,12918,contact,0.1415647268295288,-13345.18794711921,-7953.93735395056,-5222.668493674549,-168.5820994941014,10,5.0,2395
pres_yxm94t9FJLVnABs1Vefd,233,contact,9.55062484741211,-11149.406640523512,-7924.218454192291,-3008.2307211574225,-216.9574651738003,9,5.0,2081
pres_yxm94t9FJLVnABs1Vefd,1707,contact,1.0751962661743164,-11149.406640523512,-7924.218454192291,-3008.2307211574225,-216.9574651738003,9,5.0,2081
pres_yxm94t9FJLVnABs1Vefd,6073,contact,1.2572791576385498,-11149.406640523512,-7924.218454192291,-3008.2307211574225,-216.9574651738003,9,5.0,2081
pres_yxm94t9FJLVnABs1Vefd,11326,contact,5.98622465133667,-11149.406640523512,-7924.218454192291,-3008.2307211574225,-216.9574651738003,9,5.0,2081
pres_yxm94t9FJLVnABs1Vefd,14247,contact,12.924019813537598,-11149.406640523512,-7924.218454192291,-3008.2307211574225,-216.9574651738003,9,5.0,2081
pres_yy4sTv1RXlozY1K0FhYU,233,contact,6.830090999603272,-12676.911290475777,-7971.120259771481,-4551.964451252404,-153.82657945189203,10,5.0,2385
pres_yy4sTv1RXlozY1K0FhYU,1707,shell,0.988673746585846,-12676.911290475777,-7971.120259771481,-4551.964451252404,-153.82657945189203,10,5.0,2385
pres_yy4sTv1RXlozY1K0FhYU,11326,contact,5.086170196533203,-12676.911290475777,-7971.120259771481,-4551.964451252404,-153.82657945189203,10,5.0,2385
pres_yy4sTv1RXlozY1K0FhYU,14247,contact,12.040922164916992,-12676.911290475777,-7971.120259771481,-4551.964451252404,-153.82657945189203,10,5.0,2385
pres_z2bSoT2AfQF4jnVPW0qR,233,contact,8.478090286254883,-10444.19652674148,-7908.412565973127,-2184.7425193948884,-351.0414413734643,15,5.0,1890
pres_z2bSoT2AfQF4jnVPW0qR,1707,contact,2.15924334526062,-10444.19652674148,-7908.412565973127,-2184.7425193948884,-351.0414413734643,15,5.0,1890
pres_z2bSoT2AfQF4jnVPW0qR,6073,contact,0.9158754348754884,-10444.19652674148,-7908.412565973127,-2184.7425193948884,-351.0414413734643,15,5.0,1890
pres_z2bSoT2AfQF4jnVPW0qR,11326,contact,6.070955753326416,-10444.19652674148,-7908.412565973127,-2184.7425193948884,-351.0414413734643,15,5.0,1890
pres_z2bSoT2AfQF4jnVPW0qR,14247,contact,10.542826652526855,-10444.19652674148,-7908.412565973127,-2184.7425193948884,-351.0414413734643,15,5.0,1890
pres_z8OA2EVy4NAAg5o1xy8e,233,contact,7.274452209472656,-13222.342542358088,-7947.519319700854,-5178.767061580476,-96.05616107675814,6,5.0,2360
pres_z8OA2EVy4NAAg5o1xy8e,1707,contact,1.2487075328826904,-13222.342542358088,-7947.519319700854,-5178.767061580476,-96.05616107675814,6,5.0,2360
pres_z8OA2EVy4NAAg5o1xy8e,11326,contact,5.810259819030762,-13222.342542358088,-7947.519319700854,-5178.767061580476,-96.05616107675814,6,5.0,2360
pres_z8OA2EVy4NAAg5o1xy8e,14247,contact,13.104313850402832,-13222.342542358088,-7947.519319700854,-5178.767061580476,-96.05616107675814,6,5.0,2360
pres_zDuRPMaMkWIEOG4g239H,233,contact,7.872245311737059,-10705.895198251492,-7983.9369885990145,-2450.7297831515693,-271.228426500908,13,5.0,2256
pres_zDuRPMaMkWIEOG4g239H,1707,contact,0.8676512837409973,-10705.895198251492,-7983.9369885990145,-2450.7297831515693,-271.228426500908,13,5.0,2256
pres_zDuRPMaMkWIEOG4g239H,11326,contact,3.82347583770752,-10705.895198251492,-7983.9369885990145,-2450.7297831515693,-271.228426500908,13,5.0,2256
pres_zDuRPMaMkWIEOG4g239H,14247,contact,13.97899341583252,-10705.895198251492,-7983.9369885990145,-2450.7297831515693,-271.228426500908,13,5.0,2256
pres_zJIDakHSUXa63J6v6Bu0,233,contact,10.320231437683104,-11123.740783126364,-8008.869086673351,-2926.109075299461,-188.7626211535517,13,5.0,1808
pres_zJIDakHSUXa63J6v6Bu0,1707,contact,1.6496403217315674,-11123.740783126364,-8008.869086673351,-2926.109075299461,-188.7626211535517,13,5.0,1808
pres_zJIDakHSUXa63J6v6Bu0,4657,shell,0.6710178852081299,-11123.740783126364,-8008.869086673351,-2926.109075299461,-188.7626211535517,13,5.0,1808
pres_zJIDakHSUXa63J6v6Bu0,11326,contact,4.789239406585693,-11123.740783126364,-8008.869086673351,-2926.109075299461,-188.7626211535517,13,5.0,1808
pres_zJIDakHSUXa63J6v6Bu0,12588,shell,0.4127265214920044,-11123.740783126364,-8008.869086673351,-2926.109075299461,-188.7626211535517,13,5.0,1808
pres_zJIDakHSUXa63J6v6Bu0,14247,contact,12.335329055786133,-11123.740783126364,-8008.869086673351,-2926.109075299461,-188.7626211535517,13,5.0,1808
pres_zNQz9iHL3go4AuvbiAKQ,233,contact,6.8989739418029785,-13027.542525941206,-7938.185700178892,-5023.290632267994,-66.06619349432003,11,5.0,2048
pres_zNQz9iHL3go4AuvbiAKQ,1707,contact,0.7877982258796692,-13027.542525941206,-7938.185700178892,-5023.290632267994,-66.06619349432003,11,5.0,2048
pres_zNQz9iHL3go4AuvbiAKQ,11326,contact,4.164160251617432,-13027.542525941206,-7938.185700178892,-5023.290632267994,-66.06619349432003,11,5.0,2048
pres_zNQz9iHL3go4AuvbiAKQ,14247,contact,11.630062103271484,-13027.542525941206,-7938.185700178892,-5023.290632267994,-66.06619349432003,11,5.0,2048
pres_zgHfA9RwUxtjTnfxrzjH,233,contact,8.038740158081055,-11066.347448744744,-7938.545531587905,-2863.835732149537,-263.96618500730165,13,5.0,2051
pres_zgHfA9RwUxtjTnfxrzjH,1707,contact,2.3861327171325684,-11066.347448744744,-7938.545531587905,-2863.835732149537,-263.96618500730165,13,5.0,2051
pres_zgHfA9RwUxtjTnfxrzjH,6073,contact,0.9240658283233644,-11066.347448744744,-7938.545531587905,-2863.835732149537,-263.96618500730165,13,5.0,2051
pres_zgHfA9RwUxtjTnfxrzjH,11326,contact,5.906668186187744,-11066.347448744744,-7938.545531587905,-2863.835732149537,-263.96618500730165,13,5.0,2051
pres_zgHfA9RwUxtjTnfxrzjH,14247,contact,11.87331485748291,-11066.347448744744,-7938.545531587905,-2863.835732149537,-263.96618500730165,13,5.0,2051
pres_zjGt1RcKTgmeH9fPjJCp,233,contact,5.822704315185547,-14507.586498246268,-7961.711208450943,-6426.280785288811,-119.59450450651455,8,5.0,2717
pres_zjGt1RcKTgmeH9fPjJCp,1707,contact,0.6020148396492004,-14507.586498246268,-7961.711208450943,-6426.280785288811,-119.59450450651455,8,5.0,2717
pres_zjGt1RcKTgmeH9fPjJCp,6869,shell,30.198192596435547,-14507.586498246268,-7961.711208450943,-6426.280785288811,-119.59450450651455,8,5.0,2717
pres_zjGt1RcKTgmeH9fPjJCp,11326,contact,6.774569034576416,-14507.586498246268,-7961.711208450943,-6426.280785288811,-119.59450450651455,8,5.0,2717
pres_zjGt1RcKTgmeH9fPjJCp,14247,contact,10.61967658996582,-14507.586498246268,-7961.711208450943,-6426.280785288811,-119.59450450651455,8,5.0,2717
pres_zqjr3dxTBwERd7nkjyBM,233,contact,6.433099746704102,-12819.780537797278,-7957.375166203255,-4688.700513395782,-173.7048581982417,14,5.0,2521
pres_zqjr3dxTBwERd7nkjyBM,1707,contact,1.124284744262695,-12819.780537797278,-7957.375166203255,-4688.700513395782,-173.7048581982417,14,5.0,2521
pres_zqjr3dxTBwERd7nkjyBM,11326,contact,5.410561561584473,-12819.780537797278,-7957.375166203255,-4688.700513395782,-173.7048581982417,14,5.0,2521
pres_zqjr3dxTBwERd7nkjyBM,14247,contact,12.651359558105469,-12819.780537797278,-7957.375166203255,-4688.700513395782,-173.7048581982417,14,5.0,2521
