feature,density,fire_count,mean_activation_when_active,dead
0,0.0024747101984109753,399,3.596412810765412,False
1,0.00011164106158245002,18,4.29768701394399,False
2,0.018805316595443804,3032,0.7264540881154405,False
3,0.006208483480224026,1001,0.7627888237917936,False
4,0.0019909322648870255,321,6.097384869495285,False
5,0.02487734988928928,4011,1.0376046455818886,False
6,8.062965558732502e-05,13,1.0638255522801325,False
7,4.961824959220001e-05,8,2.789365917444229,False
8,0.07029045282855034,11333,0.8339270990018778,False
9,0.028133547518777405,4536,0.6354429852184585,False
10,0.0009675558670479002,156,1.7113796862272115,False
11,0.00017366387357270005,28,2.8910704340253557,False
12,0.0014699406441689253,237,1.570892331972404,False
13,0.00022948440436392506,37,1.1593153025652911,False
14,0.005656480453510801,912,0.692920140007086,False
15,0.005116881989195626,825,0.6752809929125236,False
16,8.683193678635003e-05,14,1.1592676469257899,False
17,0.0020281459520811755,327,1.804308322591519,False
18,0.0022266189504499753,359,1.5222220420837402,False
19,0.0031755679739008005,512,1.1401025359518826,False
20,0.0015691771433533252,253,1.2615537078013062,False
21,0.02083346254752498,3359,0.7448419827583043,False
22,0.0018234706725133503,294,1.581790345866664,False
23,0.00032251862234930007,52,1.6083753407001495,False
24,0.010860194379492778,1751,0.9657616280338411,False
25,0.0014699406441689253,237,1.603702629668803,False
26,0.0026607786343817255,429,0.8542789787679286,False
27,0.0004403619651307751,71,10.430468915214002,False
28,0.0022762372000421755,367,1.558771273745503,False
29,0.0008993307738586252,145,1.5149713623112646,False
30,0.0020343482332802003,328,0.8941904524477516,False
31,8.683193678635003e-05,14,2.0155254857880727,False
32,0.0038019983750023256,613,1.1164325889910998,False
33,0.0015939862681494253,257,0.9093016910181899,False
34,0.0022390235128480255,361,1.3568634349553539,False
35,0.0035353002834442506,570,0.9347916636550636,False
36,0.0021583938572607006,348,1.4873194704795707,False
37,0.006363540510199652,1026,0.8798529483653881,False
38,0.0004093505591356501,66,1.6208616242264255,False
39,0.0032499953482891006,524,2.592641292182544,False
40,0.006921745818111902,1116,0.9167673075070946,False
41,8.683193678635003e-05,14,12.717376359871455,False
42,9.303421798537502e-05,15,3.0523990472157796,False
43,0.003274804473085201,528,1.035458629104224,False
44,0.0014637383629699002,236,1.1673076587208246,False
45,0.0013024790517952502,210,0.9974632564045134,False
46,0.00010543878038342502,17,2.1303828604081096,False
47,0.004031482779366251,650,1.4899779538007882,False
48,0.0004031482779366251,65,0.705402056987469,False
49,0.0033182204414783758,535,0.7248489709658044,False
50,0.0021645961384597254,349,2.1539524250522386,False
51,0.0022762372000421755,367,1.0626557561941952,False
52,0.0023320577308334005,376,2.1396973167962217,False
53,0.00011784334278147503,19,1.825074358990318,False
54,0.004254764902531151,686,1.1936193367482621,False
55,0.0007814874310771502,126,1.1162846570923215,False
56,0.0008000942746742252,129,8.352042146431383,False
57,0.0028964653199446758,467,1.019630134999114,False
58,0.0012900744893972003,208,1.4636968162197332,False
59,0.0022266189504499753,359,2.796584173165324,False
60,0.011207522126638178,1807,1.0031203125878203,False
61,0.0019785277024889753,319,1.4602149485794353,False
62,1.2404562398050002e-05,2,3.309742748737335,False
63,0.011058667377861578,1783,2.069038669246004,False
64,0.0016001885493484504,258,1.2496472366096438,False
65,0.012119257462894852,1954,0.7894384167943542,False
66,0.0006326326823005501,102,1.4614135809973174,False
67,0.0014141201133777003,228,7.166684402708421,False
68,0.0023816759804256007,384,1.724643404285113,False
69,0.0028158356643573504,454,2.255800327277919,False
70,0.003163163411502751,510,1.2754750261119767,False
71,0.005997605919457177,967,0.7798077387055296,False
72,7.442737438830002e-05,12,2.0350831945737204,False
73,0.0014079178321786752,227,1.6119477528307407,False
74,0.00014265246757757502,23,7.990860192672066,False
75,0.0018110661101153004,292,1.699005906304268,False
76,0.0023258554496343757,375,1.3235450286865234,False
77,0.0010419832414362003,168,1.1393152007034846,False
78,0.007411726032834877,1195,0.7424696220014884,False
79,0.0020219436708821506,326,1.8118579511993502,False
80,0.0020343482332802003,328,2.057292466483465,False
81,0.0005520030267132251,89,1.7846060241206307,False
82,0.0013086813329942753,211,1.1362996881042047,False
83,0.00014885474877660004,24,1.7193978875875473,False
84,0.0017118296109309005,276,1.033109572486601,False
85,0.00021087756076685005,34,12.782661346828236,False
86,2.4809124796100004e-05,4,1.3481353521347046,False
87,0.00013645018637855003,22,2.1611424792896616,False
88,0.019896918086472204,3208,0.8595230341552201,False
89,8.683193678635003e-05,14,1.6954982706478663,False
90,0.0025553398539983007,412,37.230842320664415,False
91,0.0015443680185572254,249,1.1444515674468503,False
92,0.00015505702997562504,25,2.0155316734313966,False
93,0.004056291904162351,654,0.8964073169486603,False
94,0.003026713225124201,488,1.7401435636594647,False
95,0.02682486618578313,4325,1.1788268231518695,False
96,0.0026111603847895257,421,1.0467600086239341,False
97,0.004118314716152601,664,1.1611796818583844,False
98,0.0020405505144792256,329,1.3764889294615632,False
99,0.0006450372446986001,104,2.637522496856176,False
100,0.0036283345014296257,585,0.8656054651635325,False
101,0.0011102083346254752,179,2.674685943060081,False
102,0.0004651710899268751,75,4.968442573547363,False
103,0.0016994250485328503,274,7.176269718330272,False
104,0.0004837779335239501,78,1.3853563956725292,False
105,0.0018854934845036005,304,1.1647577085777332,False
106,0.014842058909266828,2393,1.9369150522210534,False
107,6.202281199025001e-06,1,5.788421630859375,False
108,0.0004651710899268751,75,1.335341444015503,False
109,0.0013024790517952502,210,1.4207400696618215,False
110,0.0013396927389894002,216,1.5457021671312827,False
111,0.004757149679652176,767,0.9569356214580511,False
112,0.0012776699269991503,206,11.679085803842082,False
113,0.009700367795275102,1564,6.790267399204966,False
114,0.003826807499798426,617,2.003171613962183,False
115,0.0009675558670479002,156,1.1346607299951406,False
116,0.0026359695095856256,425,2.0014296890707577,False
117,0.0028592516327505257,461,1.8772166985493162,False
118,0.0006264304011015251,101,1.1517546578209,False
119,0.0018978980469016504,306,1.1898395197064269,False
120,0.0020963710452704507,338,4.015581279464022,False
121,0.0021583938572607006,348,1.762875564139465,False
122,0.0006760486506937252,109,4.684454325142257,False
123,7.442737438830002e-05,12,1.9550326466560364,False
124,0.0025367330104012257,409,1.476875139623516,False
125,0.00027290037275710005,44,1.3573752316561611,False
126,0.005786728358690326,933,0.9776232415073555,False
127,0.0007690828686791001,124,1.1673618382023228,False
128,0.0004651710899268751,75,1.275205217997233,False
129,0.008962296332591126,1445,0.9359943871679604,False
130,4.961824959220001e-05,8,1.0682758837938309,False
131,0.0018792912033045754,303,0.9507943985879225,False
132,0.00030391177875222506,49,2.6333499514326757,False
133,0.0010978037722274253,177,4.601492600252399,False
134,0.00013645018637855003,22,11.354614501649683,False
135,0.00019227071716977504,31,1.3147674145237092,False
136,0.0003907437155385751,63,1.221983411955455,False
137,0.0022886417624402257,369,1.363885813612279,False
138,0.0007256669002859252,117,1.6153489106740706,False
139,0.0021645961384597254,349,0.882762545500922,False
140,0.0015939862681494253,257,0.9844201260503628,False
141,0.00017986615477172505,29,13.188372644884833,False
142,0.003386445534667651,546,1.2022315604346139,False
143,0.0035663116894393758,575,0.957724143318508,False
144,0.0005830144327083501,94,1.8830620126521334,False
145,0.0022204166692509505,358,2.003572511939363,False
146,0.0032623999106871507,526,1.1531812077239438,False
147,0.00017986615477172505,29,3.3656561086917747,False
148,0.0008621170866644752,139,1.4856506508888958,False
149,0.008397888743479852,1354,9.927800798257662,False
150,0.0005644075891112751,91,1.4898077367426275,False
151,0.005426996049146877,875,0.9794059638977051,False
152,0.0020343482332802003,328,1.7527133422653849,False
153,0.0005023847771210251,81,1.5716416482572202,False
154,0.00011784334278147503,19,0.6232922077178955,False
155,0.00027290037275710005,44,7.952239524234425,False
156,0.0018110661101153004,292,2.316925876352885,False
157,0.0007070600566888501,114,2.2359210838351333,False
158,0.012379753273253902,1996,1.0615053253326723,False
159,0.003851616624594526,621,0.7050542547315023,False
160,0.007858290279164676,1267,1.3677345714704578,False
161,0.0003411254659463751,55,1.9213789614764127,False
162,0.004850183897637551,782,1.0902245697158073,False
163,5.582053079122501e-05,9,4.947304275300768,False
164,0.011207522126638178,1807,1.0556723769356284,False
165,0.007672221843193927,1237,0.8185430417257447,False
166,0.0019041003281006755,307,0.9085600974117117,False
167,0.0021521915760616753,347,1.2448585727372843,False
168,0.0005582053079122502,90,2.639283463690016,False
169,0.0004899802147229751,79,1.8364930650855922,False
170,0.0009985672730430252,161,1.2660475280714332,False
171,0.0016187953929455254,261,2.973538279076646,False
172,0.0009241398986547252,149,1.893063897254483,False
173,0.00017986615477172505,29,2.181162447764956,False
174,1.8606843597075006e-05,3,1.5455681482950847,False
175,0.0009303421798537502,150,3.1088277983665464,False
176,0.007355905502043652,1186,1.6098218699932902,False
177,0.015021925064038554,2422,6.311255485286996,False
178,0.0003783391531405251,61,10.12164638081535,False
179,0.0002480912479610001,40,0.9855659812688827,False
180,0.0023506645744304755,379,2.704394132921123,False
181,0.0018482797973094504,298,1.49445553393972,False
182,0.0003411254659463751,55,1.6708162654529919,False
183,0.0003411254659463751,55,0.8893717809156938,False
184,0.004341596839317501,700,1.0421553816114153,False
185,0.008987105457387227,1449,1.0618220764328645,False
186,0.0018482797973094504,298,2.5478534162444557,False
187,0.0018544820785084755,299,1.3499438515474964,False
188,0.003615929939031576,583,0.9369435737717826,False
189,0.0007256669002859252,117,5.358482849903596,False
190,0.00027290037275710005,44,1.3901754563505,False
191,0.0006946554942908002,112,5.246720514127186,False
192,0.0033058158790803256,533,1.4571249735511937,False
193,0.0031259497243086008,504,1.5251142609687078,False
194,0.0022142143880519256,357,1.3720067929820854,False
195,0.0017924592665182254,289,1.0664953970991617,False
196,0.0004031482779366251,65,3.948776052548335,False
197,0.0028902630387456505,466,1.2064520742248568,False
198,0.0026111603847895257,421,1.258629070041865,False
199,0.020442718831986405,3296,0.9620682984879874,False
200,0.0027724196959641755,447,2.6882098001121673,False
201,0.0003287209035483251,53,7.890682054015826,False
202,0.003541502564643276,571,1.056716951513875,False
203,0.0023568668556295004,380,3.4466059091844055,False
204,0.00010543878038342502,17,1.6420177151175106,False
205,0.00013645018637855003,22,1.503315730528398,False
206,0.0007938919934752001,128,1.1794699672609568,False
207,0.0006636440882956752,107,4.803461230803873,False
208,0.0019351117340958004,312,1.837580225406549,False
209,0.0005147893395190752,83,1.8590858068810887,False
210,2.4809124796100004e-05,4,0.935473620891571,False
211,0.0020715619204743504,334,1.193826368468964,False
212,1.2404562398050002e-05,2,0.2392575740814209,False
213,0.0037213687194150007,600,1.7315190092722574,False
214,0.0020901687640714254,337,1.4501841485677205,False
215,0.0007442737438830002,120,1.4282224575678508,False
216,0.0034980865962501006,564,1.7111534598871325,False
217,0.0013955132697806253,225,1.5285366683536106,False
218,0.005892167139073751,950,0.8864818086122211,False
219,0.0008559148054654502,138,1.842117658559827,False
220,0.0002977094975532001,48,3.6285356481870017,False
221,0.0008187011182713002,132,6.542525051218091,False
222,0.00033492318474735006,54,0.8984394492926421,False
223,0.0005830144327083501,94,1.332999808991209,False
224,0.00016746159237367503,27,3.039286158702992,False
225,0.0009055330550576502,146,4.753017553727921,False
226,0.0022018098256538754,355,2.680087135879087,False
227,0.00035353002834442507,57,1.6618070832470007,False
228,0.0019723254212899504,318,1.2913884078181765,False
229,0.0005023847771210251,81,6.6571470543190285,False
230,0.0014203223945767254,229,1.380060080357514,False
231,0.004906004428428776,791,1.0979525304473607,False
232,0.0020219436708821506,326,1.8157066735753253,False
233,0.42157525537892837,67971,3.5990062843321966,False
234,0.0009365444610527753,151,1.6062623270300052,False
235,0.0015071543313630753,243,1.0701915374018036,False
236,0.0020529550768772753,331,1.4353952022477579,False
237,0.0015195588937611253,245,2.0078809519203342,False
238,0.04195223003020511,6764,0.7625254442676294,False
239,0.0015691771433533252,253,1.349040630777834,False
240,0.0003411254659463751,55,1.496014655720104,False
241,0.0004155528403346751,67,8.029753432345034,False
242,0.0019785277024889753,319,1.944907635356939,False
243,0.0025925535411924507,418,1.1429715304853814,False
244,0.005495221142336151,886,0.7923377512809117,False
245,0.00021087756076685005,34,3.5182891803629257,False
246,0.009433669703717028,1521,0.6549231894779645,False
247,0.0008311056806693502,134,2.207513214936897,False
248,0.00011164106158245002,18,1.5336573057704501,False
249,0.011548647592584553,1862,0.8988273079746135,False
250,0.0017428410169260254,281,0.9860254284325868,False
251,0.006109246981039627,985,1.1559373774504298,False
252,0.014265246757757503,2300,0.8330952287756879,False
253,0.0021707984196587503,350,2.8533054770742146,False
254,0.00016125931117465003,26,3.031872868537903,False
255,0.0019475162964938504,314,1.2800642138074159,False
256,0.012137864306491927,1957,1.1049110946694258,False
257,0.0015257611749601504,246,1.1415194592824796,False
258,0.0024871147608090255,401,1.689829895918506,False
259,0.0026731831967797756,431,1.4315576561642358,False
260,0.0021583938572607006,348,4.9814738778547305,False
261,0.0017676501417221253,285,1.29044548168517,False
262,0.0034174569406627757,551,0.9341055252158273,False
263,0.0005085870583200501,82,9.436138376957032,False
264,0.0022266189504499753,359,1.5231124577748079,False
265,0.0009303421798537502,150,4.047856691678365,False
266,0.023395004682722306,3772,0.6669966342719716,False
267,0.0015691771433533252,253,3.0606529627864067,False
268,0.0013024790517952502,210,1.8663562343234108,False
269,0.0030391177875222506,490,1.6849242181194073,False
270,0.005817739764685451,938,2.6954013472681106,False
271,0.0014513338005718503,234,3.0286069237268887,False
272,0.022737562875625655,3666,0.7113862825883781,False
273,0.005985201357059126,965,1.5433136460694625,False
274,0.0011226128970235252,181,1.3992522026293843,False
275,0.0006388349634995752,103,1.713267291633828,False
276,0.0024126873864207254,389,0.913250043643471,False
277,0.0003287209035483251,53,1.826626919350534,False
278,0.009067735112974552,1462,1.4940179798410627,False
279,0.0014079178321786752,227,1.1433220319285793,False
280,0.003926043998982826,633,1.4501357607743564,False
281,0.0015195588937611253,245,1.0624893300387324,False
282,0.00014885474877660004,24,1.6332169622182846,False
283,0.0019351117340958004,312,1.708664058874815,False
284,0.0019785277024889753,319,3.2701925185033147,False
285,0.00033492318474735006,54,6.177505989869435,False
286,0.003008106381527126,485,1.0962273676370837,False
287,0.0024002828240226757,387,1.2991985325973472,False
288,0.0011412197406206002,184,2.600452855877254,False
289,0.0013582995825864753,219,1.7335880869599782,False
290,0.00018606843597075004,30,1.7010677576065063,False
291,0.0007504760250820251,121,1.3181783207191908,False
292,0.0021273824512655754,343,1.1920394390039473,False
293,0.004447035619700926,717,0.9393745020676191,False
294,0.0006450372446986001,104,2.48048289005573,False
295,8.683193678635003e-05,14,1.1697228806359428,False
296,0.0020653596392753255,333,5.660240085991295,False
297,0.02321513852795058,3743,0.897836931465846,False
298,0.0014327269569747753,231,1.6177511328742618,False
299,0.0024871147608090255,401,2.7517210254050846,False
300,0.0031321520055076256,505,1.0567023857985394,False
301,0.0004217551215337001,68,5.412332380519194,False
302,0.0009861627106449752,159,1.5284693376073297,False
303,0.0009613535858488752,155,9.08829421151069,False
304,0.006791497912932377,1095,0.7686937832941203,False
305,0.0019165048904987254,309,1.6189628723755622,False
306,0.0008311056806693502,134,1.3469936812101906,False
307,0.0013396927389894002,216,2.04991986795708,False
308,0.0006512395258976251,105,1.7655733165286835,False
309,0.0065620135085684515,1058,1.207011654606839,False
310,0.0008311056806693502,134,1.4201910477965625,False
311,0.0003907437155385751,63,7.783954135955326,False
312,0.0009923649918440003,160,1.9099185451865197,False
313,0.0008807239302615502,142,2.0147304492937006,False
314,7.442737438830002e-05,12,1.8898156483968098,False
315,0.0022266189504499753,359,1.1175263997239986,False
316,0.003411254659463751,550,1.3398082926056603,False
317,0.0013396927389894002,216,2.997999925856237,False
318,4.961824959220001e-05,8,1.924946516752243,False
319,0.0025491375727992754,411,1.542545980780664,False
320,0.0013210858953923252,213,1.5478795369466145,False
321,0.0023816759804256007,384,4.5200930542002125,False
322,0.0004899802147229751,79,1.2941571760781203,False
323,0.0031569611303037255,509,3.5358037194474976,False
324,9.923649918440002e-05,16,2.868975952267647,False
325,0.0015505702997562505,250,1.241869604587555,False
326,0.004329192276919451,698,0.7691375339953469,False
327,0.0008497125242664252,137,1.6236198748985347,False
328,0.0029150721635417508,470,1.700093455010272,False
329,0.009948459043236102,1604,0.9038564296731925,False
330,0.0017428410169260254,281,1.1306699425300246,False
331,0.0005333961831161502,86,2.0372002776279006,False
332,0.0007132623378878751,115,2.145327217682548,False
333,0.00028530493515515004,46,2.555438865786013,False
334,0.0022948440436392505,370,0.8546206435641727,False
335,0.0029088698823427255,469,2.4887665563554906,False
336,0.0004651710899268751,75,1.199106518427531,False
337,0.0021335847324646007,344,0.9214557894440585,False
338,0.00035353002834442507,57,7.088917916281181,False
339,0.005575850797923477,899,0.8919463751711225,False
340,0.0019909322648870255,321,3.2710361124199125,False
341,0.00014885474877660004,24,16.116166452566784,False
342,0.0028468470703524756,459,2.01723117246607,False
343,0.0018544820785084755,299,1.5780657426170681,False
344,0.006729475100942127,1085,0.8151417454266878,False
345,0.004657913180467776,751,0.9822531222662183,False
346,0.0003907437155385751,63,1.4070018132527669,False
347,0.009272410392542377,1495,1.08273299450061,False
348,0.010159336604002952,1638,1.1969294379191229,False
349,0.0020591573580763006,332,2.044258438320045,False
350,0.003504288877449126,565,0.9868634316773541,False
351,0.0012838722081981752,207,1.0734673957317924,False
352,0.0028964653199446758,467,2.066151522211651,False
353,0.00039694599673760006,64,1.316003317013383,False
354,2.4809124796100004e-05,4,0.8322909474372864,False
355,0.0005458007455142001,88,1.1715255907990716,False
356,0.0011474220218196253,185,6.522247500032992,False
357,0.0017056273297318754,275,1.0528104244578969,False
358,6.822509318927501e-05,11,1.0494013049385764,False
359,0.0004527665275288251,73,1.9830963056381434,False
360,0.0005892167139073751,95,2.265185549384669,False
361,0.0008745216490625251,141,2.770240606991112,False
362,0.0037957960938033008,612,1.3461149650461532,False
363,0.0030205109439251756,487,1.2299515686975122,False
364,0.0022328212316490006,360,1.0373198297288684,False
365,0.0031383542867066505,506,0.951419414503301,False
366,0.004267169464929201,688,1.3230072606441587,False
367,0.005873560295476676,947,0.7692650389142626,False
368,0.003808200656201351,614,1.311452570683793,False
369,0.0002977094975532001,48,9.923972335954508,False
370,0.0021894052632558253,353,2.482477896274318,False
371,0.006022415044253276,971,2.299774155435061,False
372,0.0011970402714118252,193,1.0524922652565754,False
373,0.0003845414343395501,62,3.691282654962232,False
374,0.004273371746128226,689,0.9905408110431732,False
375,0.0024374965112168257,393,1.4039941871439228,False
376,6.202281199025002e-05,10,4.328111958503723,False
377,0.0002977094975532001,48,1.3196016276876132,False
378,0.0037957960938033008,612,0.9558755494410696,False
379,0.00028530493515515004,46,4.904536542685135,False
380,0.0026607786343817255,429,1.5389842325712972,False
381,0.0021956075444548506,354,2.057386935767481,False
382,0.0026111603847895257,421,0.8602352221618073,False
383,0.0023320577308334005,376,0.8820521768103254,False
384,0.0023940805428236504,386,1.0023120314346077,False
385,0.00027290037275710005,44,1.163003612648357,False
386,0.008987105457387227,1449,0.9011346405337316,False
387,0.0014079178321786752,227,1.4997226792810248,False
388,0.0003101140599512501,50,1.0626692128181459,False
389,0.013626411794257928,2197,0.6203492659029225,False
390,0.005203713925981976,839,1.232941455721713,False
391,0.0035539071270413256,573,1.001639762265936,False
392,0.004360203682914576,703,2.6543429794894853,False
393,0.0006698463694947001,108,1.3018604461793546,False
394,1.2404562398050002e-05,2,3.4622979164123535,False
395,0.002970892694332976,479,1.3165252875684448,False
396,0.0021025733264694755,339,2.026679731048314,False
397,3.101140599512501e-05,5,1.1434650421142578,False
398,0.0025801489787944006,416,1.2311181242649372,False
399,0.0009179376174557002,148,1.137308293097728,False
400,0.0035290980022452258,569,1.1143373512844628,False
401,0.0014823452065669753,239,3.8755624628466046,False
402,0.008093976964727627,1305,4.33009162323685,False
403,0.0008124988370722751,131,1.8701979686285704,False
404,0.0016125931117465003,260,1.3331320721369524,False
405,0.00032251862234930007,52,1.4502442249884973,False
406,0.0022948440436392505,370,1.2660443744143923,False
407,0.003163163411502751,510,2.235969361604429,False
408,0.009762390607265352,1574,0.8381043080302024,False
409,0.01898518275021553,3061,1.0081717501431267,False
410,0.0019351117340958004,312,1.0085498767021375,False
411,0.14322307744788534,23092,1.0426102332137144,False
412,0.0016994250485328503,274,1.59653428697238,False
413,0.0002480912479610001,40,1.5272736430168152,False
414,4.961824959220001e-05,8,2.4426649510860443,False
415,7.442737438830002e-05,12,1.7684365113576253,False
416,0.003504288877449126,565,0.7638683002606957,False
417,3.721368719415001e-05,6,3.9923258423805237,False
418,0.0019351117340958004,312,1.4238771566977868,False
419,0.00021087756076685005,34,10.75401088069467,False
420,0.0005271939019171251,85,1.0215794843785904,False
421,0.0008124988370722751,131,5.541681417072092,False
422,0.0004713733711259001,76,7.9312275130497785,False
423,0.003901234874186726,629,1.2139668733781774,False
424,0.0010233763978391252,165,7.608022938352643,False
425,0.0023072486060373007,372,2.187262386404058,False
426,0.0022142143880519256,357,1.7455634549886239,False
427,0.0003473277471454001,56,14.748507135680743,False
428,0.0012218493962079253,197,1.2145185531093385,False
429,0.00026049581035905006,42,1.4782559247243972,False
430,0.0020653596392753255,333,1.0484387011857361,False
431,0.0024995193232070756,403,1.5241422889841993,False
432,0.003882628030589651,626,1.113288561376139,False
433,0.0019103026092997003,308,1.5296690638189192,False
434,0.0024685079172119505,398,1.175695824263683,False
435,1.8606843597075006e-05,3,2.74837060769399,False
436,0.005185107082384901,836,1.1120694460766167,False
437,0.0028964653199446758,467,0.9642099507105172,False
438,9.303421798537502e-05,15,1.7339484373728433,False
439,0.0071512302224758266,1153,0.7259275745745855,False
440,0.0028034311019593007,452,1.1926729378447067,False
441,5.582053079122501e-05,9,19.86028554704454,False
442,0.0004031482779366251,65,2.5883151604579044,False
443,0.00022948440436392506,37,1.843087328446878,False
444,0.0011598265842176752,187,1.2052279245407187,False
445,0.0004651710899268751,75,1.2302167399724324,False
446,0.0019723254212899504,318,1.6292420082122274,False
447,6.822509318927501e-05,11,2.2912867936221035,False
448,0.0027910265395612506,450,1.2233104281955296,False
449,0.0022948440436392505,370,1.6108220435477592,False
450,0.0057371101090981265,925,0.8016185554298194,False
451,0.004769554242050226,769,1.152424151317661,False
452,0.0016125931117465003,260,1.0162176645719088,False
453,0.006109246981039627,985,0.7708714844611696,False
454,0.00014885474877660004,24,2.464466378092766,False
455,0.07893643281999119,12727,5.2806594068129025,False
456,0.00013024790517952503,21,0.7515965132486253,False
457,0.0022204166692509505,358,10.973918059018738,False
458,0.0025057216044061005,404,2.1547605849728724,False
459,0.0010605900850332753,171,1.54218510159275,False
460,0.00018606843597075004,30,1.4258273720741272,False
461,0.005458007455142001,880,1.0264072667468678,False
462,0.0022390235128480255,361,1.0662440012036267,False
463,0.0016249976741445503,262,1.6304014889338545,False
464,6.202281199025001e-06,1,0.637048602104187,False
465,0.0018978980469016504,306,1.5847584090980829,False
466,0.0005768121515093252,93,6.157461529136986,False
467,0.0008807239302615502,142,4.031978017847303,False
468,0.0013210858953923252,213,1.2407921983602461,False
469,8.062965558732502e-05,13,0.7131068064616277,False
470,0.0035539071270413256,573,1.4870256580815473,False
471,0.03000663644088296,4838,0.7359351619012399,False
472,0.005724705546700076,923,0.9289850272956675,False
473,0.00013645018637855003,22,1.4148559299382297,False
474,0.005123084270394651,826,1.24725753198813,False
475,0.0018110661101153004,292,2.5158371970261615,False
476,0.0007752851498781252,125,6.5861737861633305,False
477,0.0019103026092997003,308,1.9531836618076672,False
478,0.0004341596839317501,70,0.9002487301826477,False
479,0.002760015133566126,445,1.9889154916398981,False
480,0.00016746159237367503,27,3.420622459164372,False
481,0.0016498067989406504,266,1.0598345322716505,False
482,0.0011350174594215753,183,1.1579001373280593,False
483,0.0006822509318927502,110,1.1519323153929277,False
484,9.303421798537502e-05,15,0.9079240640004476,False
485,0.00015505702997562504,25,3.163462405204773,False
486,0.004552474400084351,734,0.8582056822503945,False
487,0.0022948440436392505,370,2.378869435916076,False
488,0.0010047695542420502,162,7.891738028438003,False
489,7.442737438830002e-05,12,2.1680975556373596,False
490,0.0026421717907846505,426,1.814506189364223,False
491,0.0004775756523249251,77,2.0980189032368846,False
492,0.0020219436708821506,326,0.7971834463575866,False
493,0.0012652653646011002,204,6.959035584155251,False
494,0.004961824959220001,800,1.3790374965965748,False
495,0.0016746159237367505,270,1.8880490082281607,False
496,0.0021894052632558253,353,0.9649024185310342,False
497,0.00014885474877660004,24,1.269646793603897,False
498,0.010413630133162977,1679,1.0182126211651454,False
499,0.046548120398682634,7505,0.9941118315328843,False
500,0.00019847299836880003,32,16.320763487368822,False
501,0.0011412197406206002,184,6.379474597132725,False
502,0.0019041003281006755,307,1.124935656494737,False
503,0.003274804473085201,528,1.0982233620051183,False
504,0.0006450372446986001,104,1.3467647685454442,False
505,8.683193678635003e-05,14,1.7205996768815177,False
506,0.0004713733711259001,76,1.7275212689449913,False
507,0.0012900744893972003,208,1.1857710377528117,False
508,0.0017366387357270004,280,0.7997912492070879,False
509,0.00014265246757757502,23,4.01233054244,False
510,0.0014761429253679504,238,1.1676510913031442,False
511,0.0020963710452704507,338,2.179535414340228,False
512,0.0009179376174557002,148,2.061353040708078,False
513,0.006698463694947002,1080,0.8068658590316773,False
514,0.0021149778888675257,341,3.026551839543228,False
515,0.0004341596839317501,70,10.940088726793016,False
516,0.0025987558223914756,419,1.4730289460366552,False
517,0.003101140599512501,500,0.9796901655197143,False
518,0.003932246280181851,634,1.3822256582392503,False
519,0.0008311056806693502,134,1.1802756928685885,False
520,6.202281199025001e-06,1,1.1909210681915283,False
521,0.026558168094225055,4282,1.2546687796537923,False
522,0.00017986615477172505,29,2.4769302154409476,False
523,0.0009613535858488752,155,1.1986525043364493,False
524,0.00039694599673760006,64,1.1618068721145391,False
525,0.0017614478605231004,284,1.2818336041880325,False
526,0.0002977094975532001,48,16.949086241424084,False
527,6.202281199025001e-06,1,0.7310581207275391,False
528,0.006220888042622077,1003,1.1065067557965296,False
529,0.0013955132697806253,225,2.270285831027561,False
530,0.0020033368272850756,323,1.3733057857666962,False
531,0.003584918533036451,578,1.0103710233958947,False
532,0.0012404562398050003,200,7.914352831244469,False
533,0.0010667923662323003,172,1.3501172959804535,False
534,0.0006264304011015251,101,4.732496915477337,False
535,0.00017366387357270005,28,1.5770860144070216,False
536,0.004385012807710676,707,0.9632327182289566,False
537,0.020517146206374706,3308,0.8299209711197065,False
538,0.0015753794245523503,254,1.8301588015293513,False
539,0.004006673654570151,646,0.7479711331819233,False
540,0.0012280516774069504,198,1.1565887524624063,False
541,0.0037213687194150007,600,1.727452576160431,False
542,0.00019847299836880003,32,1.8898484781384468,False
543,0.009191780736955053,1482,0.9301949461140292,False
544,0.0004651710899268751,75,1.4034239292144775,False
545,0.0020095391084841005,324,1.3365075124634638,False
546,0.0015753794245523503,254,1.2238005380930863,False
547,0.00028530493515515004,46,1.6704865901366523,False
548,0.008633575429042802,1392,0.7745863685662719,False
549,4.341596839317501e-05,7,0.7742357935224261,False
550,0.0009117353362566752,147,1.1162986739152143,False
551,4.961824959220001e-05,8,15.088728159666061,False
552,0.0006078235575044501,98,2.544213667207835,False
553,0.0012280516774069504,198,10.081660009393788,False
554,0.0004589688087278501,74,2.2517101410272957,False
555,0.0024561033548139008,396,1.5540679660108354,False
556,0.0015629748621543004,252,1.7207652197943792,False
557,0.004081101028958451,658,1.257425215468943,False
558,0.0007876897122761752,127,3.211367736651203,False
559,0.005414591486748826,873,0.796908403999617,False
560,0.0028096333831583256,453,2.219507579508733,False
561,0.0017056273297318754,275,1.1993008891018955,False
562,0.007653614999596852,1234,2.1900670039595815,False
563,0.011126892471050852,1794,0.7270105955592765,False
564,0.010686530505920078,1723,0.6682329393720046,False
565,0.0034918843150510757,563,0.8879853116470797,False
566,0.00019847299836880003,32,1.6089168414473534,False
567,0.00019227071716977504,31,1.3680893990301317,False
568,4.341596839317501e-05,7,0.8810678890773228,False
569,0.0021335847324646007,344,1.6218003644499668,False
570,0.0014885474877660003,240,0.9633741155266762,False
571,0.0052409276131761265,845,1.3554328850740511,False
572,0.0002977094975532001,48,3.1423817773660025,False
573,0.0024374965112168257,393,1.754660162306924,False
574,0.005885964857874727,949,1.4172737265537612,False
575,0.0003597323095434501,58,3.3988334310465844,False
576,0.0010605900850332753,171,3.4546803884338915,False
577,0.011573456717380652,1866,1.7130480833503339,False
578,0.005234725331977101,844,1.7167866667865013,False
579,0.00010543878038342502,17,1.7069615967133467,False
580,0.007982335903145177,1287,1.7298773434519674,False
581,0.00023568668556295006,38,8.543806402306808,False
582,0.014197021664568227,2289,0.6870578667543611,False
583,0.0036097276578325507,582,1.01251258206941,False
584,0.00014265246757757502,23,2.0106431504954463,False
585,0.0004465642463298001,72,2.2534927328427634,False
586,8.683193678635003e-05,14,1.7422346302441187,False
587,0.003386445534667651,546,1.1744643506549655,False
588,0.0005644075891112751,91,3.1660669583540697,False
589,0.0024995193232070756,403,1.520015868004735,False
590,0.0023320577308334005,376,3.543916592572598,False
591,0.0006140258387034752,99,1.3779137086386632,False
592,0.0012466585210040252,201,1.5420427915468737,False
593,6.822509318927501e-05,11,1.0328318747607144,False
594,0.0028964653199446758,467,1.468584877265342,False
595,0.0033430295662744756,539,1.0277188677955869,False
596,0.0004527665275288251,73,4.5143015270363795,False
597,0.00011784334278147503,19,1.1344997757359554,False
598,0.00018606843597075004,30,12.541167370478313,False
599,0.005364973237156626,865,1.3970484733581543,False
600,4.341596839317501e-05,7,3.9263938835689,False
601,0.013427938795889128,2165,0.6292915413616436,False
602,0.00010543878038342502,17,0.9570437810000252,False
603,0.004540069837686301,732,0.7769394989222125,False
604,2.4809124796100004e-05,4,2.7212012112140656,False
605,0.005631671328714701,908,1.3868854803398316,False
606,0.004478047025696051,722,3.837253705616473,False
607,0.005036252333608301,812,0.7495361962929148,False
608,0.0021894052632558253,353,1.8351192204202538,False
609,0.004806767929244376,775,0.7502987584760112,False
610,0.0026173626659885506,422,1.0030549939774789,False
611,0.0006946554942908002,112,1.197554191308362,False
612,0.0009303421798537502,150,1.3839045667648315,False
613,0.00031631634115027505,51,1.5753378868103027,False
614,0.0057371101090981265,925,1.058874164143124,False
615,0.0007442737438830002,120,1.652258629600207,False
616,0.0024002828240226757,387,1.2328027114079596,False
617,0.005042454614807326,813,2.395381640537492,False
618,0.0032499953482891006,524,2.087316928929045,False
619,0.0003411254659463751,55,13.121626795421948,False
620,0.0013955132697806253,225,0.9797844208611383,False
621,1.8606843597075006e-05,3,4.180145184199016,False
622,0.00036593459074247506,59,3.765308743816311,False
623,0.003442266065458876,555,1.3736525917912388,False
624,0.003677952751021826,593,3.4168411109338925,False
625,0.0005520030267132251,89,1.1853703113084428,False
626,0.0048749930224336515,786,1.1889133177337452,False
627,0.0020033368272850756,323,0.758854772284304,False
628,0.0043229899957204256,697,1.5444133215005291,False
629,0.0022328212316490006,360,3.0649921692079967,False
630,0.003144556567905676,507,0.7644334789328792,False
631,0.0008931284926596002,144,1.3599858946270413,False
632,0.0009613535858488752,155,1.254382924879751,False
633,0.006258101729816227,1009,1.0584932380199905,False
634,0.0018854934845036005,304,1.0108775723921626,False
635,4.341596839317501e-05,7,2.740860734667097,False
636,6.202281199025001e-06,1,0.6083791255950928,False
637,0.00021087756076685005,34,1.7375280331162846,False
638,0.0022266189504499753,359,1.506695054035665,False
639,0.005209916207181001,840,1.3048564787421908,False
640,0.0006326326823005501,102,1.458356497334499,False
641,0.00018606843597075004,30,13.991981820265453,False
642,3.721368719415001e-05,6,1.3364150126775105,False
643,0.00019847299836880003,32,1.6883910410106182,False
644,0.00015505702997562504,25,1.4470216751098632,False
645,0.0038764257493906257,625,1.9778715648651124,False
646,0.0027290037275710007,440,1.0621861251917752,False
647,2.4809124796100004e-05,4,7.412326812744141,False
648,0.006301517698209401,1016,1.264122677365626,False
649,0.00016746159237367503,27,7.375381301950525,False
650,0.003411254659463751,550,1.5213494617288763,False
651,0.0016994250485328503,274,1.1250530316011749,False
652,0.0011536243030186503,186,0.8815640557196832,False
653,0.012330135023661704,1988,1.611911361126353,False
654,0.0009365444610527753,151,1.3729950623796476,False
655,0.012733283301598328,2053,3.4235764129302355,False
656,0.0025553398539983007,412,5.725480419339486,False
657,0.0009303421798537502,150,1.318265045483907,False
658,0.04469363832017416,7206,5.740793211738699,False
659,0.0011350174594215753,183,8.319694714468033,False
660,0.0019847299836880006,320,1.646069061756134,False
661,0.0010729946474313252,173,4.418129260829418,False
662,0.003026713225124201,488,1.1660018543728063,False
663,0.00025429352916002504,41,1.4229531142769791,False
664,0.0008187011182713002,132,0.8778695355762135,False
665,0.0021025733264694755,339,1.536280996679908,False
666,0.0023196531684353504,374,1.334020695584343,False
667,0.0022948440436392505,370,1.9242778281907778,False
668,0.0017862569853192003,288,1.2645215508010652,False
669,0.00013024790517952503,21,1.5901440098172142,False
670,0.003882628030589651,626,1.7485675924121382,False
671,9.923649918440002e-05,16,0.7793296799063683,False
672,0.004484249306895076,723,1.12065210860135,False
673,0.00025429352916002504,41,2.02812434987324,False
674,0.00035353002834442507,57,1.1028382610856442,False
675,0.01697564364173143,2737,1.337331931435108,False
676,0.0015815817057513754,255,1.056505989560894,False
677,0.0030701291935173757,495,2.725736145780544,False
678,3.101140599512501e-05,5,0.7416910171508789,False
679,0.0005582053079122502,90,2.152328533596463,False
680,0.00016746159237367503,27,2.33435328801473,False
681,0.0012466585210040252,201,2.7425591287328235,False
682,0.0028592516327505257,461,1.5933303119303606,False
683,0.0015939862681494253,257,2.3148450127835405,False
684,0.0011970402714118252,193,1.4542407303894123,False
685,0.0018420775161104254,297,1.7330323349345813,False
686,0.008633575429042802,1392,1.1537248348367626,False
687,0.0017242341733289504,278,1.1051811790294785,False
688,0.003733773281813051,602,1.3459959798477021,False
689,0.0015071543313630753,243,1.0960334897531894,False
690,0.008373079618683752,1350,1.3791248491075303,False
691,0.005197511644782951,838,1.6332411436021754,False
692,0.0022514280752460756,363,4.886398423144969,False
693,0.0018048638289162753,291,2.9291196438864744,False
694,0.0009613535858488752,155,1.2307757639115857,False
695,6.202281199025002e-05,10,1.8203601360321044,False
696,0.00029150721635417507,47,9.56414052019728,False
697,0.0025243284480031755,407,1.343214701668929,False
698,0.0007752851498781252,125,1.6683380174636842,False
699,0.005780526077491301,932,1.805237677859646,False
700,0.0013024790517952502,210,0.9472688743046351,False
701,0.0013334904577903754,215,4.442408512913904,False
702,0.0021335847324646007,344,1.6554019409556722,False
703,0.00021707984196587504,35,2.6913102967398506,False
704,0.004347799120516526,701,1.6762949947623826,False
705,0.0026979923215758755,435,4.352583238722264,False
706,0.006921745818111902,1116,1.3536649500170062,False
707,0.005675087297107876,915,1.0263142640473413,False
708,0.0004093505591356501,66,7.281266741680376,False
709,0.0010419832414362003,168,1.9435957088356925,False
710,0.00019847299836880003,32,3.212879367172718,False
711,0.0023072486060373007,372,2.0648635914248805,False
712,0.0015939862681494253,257,1.0400787383201986,False
713,0.0008745216490625251,141,1.516831398010254,False
714,0.011685097778963103,1884,13.048925005326605,False
715,0.0020715619204743504,334,3.760601942410726,False
716,0.00025429352916002504,41,3.6504339822908727,False
717,0.0010605900850332753,171,3.5748826230478565,False
718,0.0008435102430674002,136,1.5514905698159163,False
719,0.0004031482779366251,65,10.948030922963069,False
720,0.01680197976815873,2709,0.7977426908428971,False
721,0.0023940805428236504,386,1.4589461702756932,False
722,0.0023444622932314507,378,1.619313351376347,False
723,0.003640739063827676,587,1.286755356309361,False
724,0.00013645018637855003,22,4.64688087051565,False
725,0.0020095391084841005,324,1.1738805395585519,False
726,0.007064398285689477,1139,0.9116265690044105,False
727,0.01649186570820748,2659,1.1617479672240063,False
728,0.00016746159237367503,27,1.1738861401875813,False
729,0.0070209823172963015,1132,0.9789654580948631,False
730,0.0019041003281006755,307,0.8356831772707961,False
731,0.0008931284926596002,144,0.875614669587877,False
732,0.007312489533650476,1179,0.6193567604407908,False
733,0.0006450372446986001,104,1.2817118225189357,False
734,0.0020281459520811755,327,1.5870308001107032,False
735,0.008093976964727627,1305,0.9977664918278369,False
736,0.03196035501857583,5153,1.138501495059291,False
737,0.0017800547041201755,287,2.5936574686695058,False
738,0.0006016212763054251,97,2.016447718610469,False
739,0.0021273824512655754,343,2.755611170485138,False
740,0.0021087756076685004,340,1.8355836012784172,False
741,0.006388349634995751,1030,1.0049750689163948,False
742,0.0016746159237367505,270,1.4608026769426135,False
743,0.0015691771433533252,253,1.3948567069095115,False
744,0.0013024790517952502,210,1.307246558439164,False
745,0.0016125931117465003,260,3.0667953747969405,False
746,0.00026049581035905006,42,7.415929027966091,False
747,0.0024685079172119505,398,0.8819581099491024,False
748,0.0030949383183134756,499,0.9118680332848925,False
749,0.0004155528403346751,67,1.331034288477542,False
750,0.00025429352916002504,41,1.8798709846124417,False
751,0.004217551215337001,680,0.7976263435447917,False
752,0.0023878782616246256,385,1.7823116785520083,False
753,0.0012962767705962254,209,2.6863326433172636,False
754,0.0003473277471454001,56,5.431633608681815,False
755,0.04588447631038696,7398,0.7854768021360028,False
756,0.0027165991651729505,438,0.9578114644577514,False
757,0.0033182204414783758,535,0.859636430651228,False
758,0.0006822509318927502,110,1.787805513902144,False
759,0.024995193232070757,4030,0.8677565084793432,False
760,0.0003907437155385751,63,6.7870080508883035,False
761,0.0020715619204743504,334,1.5845717248802413,False
762,0.004564878962482401,736,1.0502082524092302,False
763,0.004571081243681426,737,1.0802399908347886,False
764,0.0012032425526108503,194,3.681868397083479,False
765,0.0013707041449845254,221,1.6573544282179613,False
766,0.015170779812815154,2446,0.6632212894623726,False
767,0.009793402013260477,1579,0.9717289478889064,False
768,0.0021583938572607006,348,1.3717021102877869,False
769,0.0018668866409065254,301,1.8759658566345012,False
770,9.923649918440002e-05,16,2.1611598283052444,False
771,0.0013645018637855003,220,1.4396198294379494,False
772,0.004298180870924326,693,1.3951384587721392,False
773,0.0008993307738586252,145,1.2378316402435303,False
774,0.016374022365426004,2640,0.7203949902996872,False
775,0.0019103026092997003,308,1.1383002562956377,False
776,0.0023692714180275506,382,1.5047024688171466,False
777,0.0002977094975532001,48,9.715633675456047,False
778,0.0013334904577903754,215,3.945078259290651,False
779,0.0017552455793240754,283,1.6983451063978376,False
780,0.00014265246757757502,23,11.334751523059348,False
781,0.0032065793798959257,517,1.0931412329756776,False
782,0.013806277949029654,2226,1.8569428922887976,False
783,0.0005085870583200501,82,4.618769846311429,False
784,0.00016125931117465003,26,1.3595395454993615,False
785,0.016212763054251355,2614,2.5489518524766788,False
786,0.0025305307292022004,408,1.1839527569565118,False
787,0.0024747101984109753,399,0.964555453537102,False
788,0.00012404562398050004,20,2.113856518268585,False
789,0.0011722311466157253,189,1.9094703285782426,False
790,0.0026545763531827006,428,1.1865225698903343,False
791,0.014904081721257078,2403,0.8357266026440135,False
792,0.0005706098703103001,92,6.530548268038293,False
793,0.0016001885493484504,258,1.7994616932647174,False
794,5.582053079122501e-05,9,2.564555459552341,False
795,0.0025305307292022004,408,1.1071584692188339,False
796,0.00030391177875222506,49,1.2233678953988212,False
797,0.00030391177875222506,49,0.7449737106050763,False
798,0.012875935769175903,2076,2.8653574953419167,False
799,1.8606843597075006e-05,3,1.440136194229126,False
800,0.0026793854779788005,432,4.325692138738102,False
801,0.0024685079172119505,398,0.996294170168776,False
802,0.013124027017136903,2116,10.853497217361777,False
803,6.202281199025002e-05,10,3.3587249994277952,False
804,0.0019103026092997003,308,1.7441484742350393,False
805,0.00010543878038342502,17,2.2456577244926903,False
806,0.0014823452065669753,239,1.013224942913614,False
807,3.101140599512501e-05,5,4.539490985870361,False
808,0.0009799604294459501,158,1.0966709663596335,False
809,0.00029150721635417507,47,1.3384436495760654,False
810,0.0023506645744304755,379,1.700935955727006,False
811,0.0029026676011437006,468,1.0276362457845964,False
812,0.0008249033994703252,133,1.40534862539822,False
813,0.0018234706725133503,294,1.4282554371827314,False
814,0.0011908379902128004,192,3.132401680573821,False
815,0.0024374965112168257,393,0.9610418454381345,False
816,0.0010109718354410753,163,1.4392134631338296,False
817,0.0011722311466157253,189,3.3373452368236722,False
818,0.0023196531684353504,374,1.5567593906014998,False
819,0.003696559594618901,596,1.627030699045066,False
820,0.0020591573580763006,332,2.754152275711657,False
821,0.0014265246757757502,230,4.5322519851767495,False
822,0.0023072486060373007,372,1.9172708866416768,False
823,0.0003845414343395501,62,1.0480953339607484,False
824,0.0010978037722274253,177,1.3836644914864147,False
825,0.0018110661101153004,292,1.0752082058828172,False
826,9.303421798537502e-05,15,4.275135882695516,False
827,0.00017366387357270005,28,1.4269194432667323,False
828,0.00021087756076685005,34,1.2224969513276045,False
829,0.0012776699269991503,206,1.292887753074609,False
830,0.0017800547041201755,287,1.6875303962920185,False
831,0.0016808182049357753,271,1.2957197194609695,False
832,0.0002666980915580751,43,0.9517912753792697,False
833,0.0016870204861348004,272,1.3844424617641113,False
834,0.0009055330550576502,146,1.568768661316127,False
835,0.02986398397330538,4815,0.8564079839244934,False
836,0.0018916957657026255,305,1.600340331968714,False
837,0.0009985672730430252,161,1.4586950192540329,False
838,8.062965558732502e-05,13,3.9487947133871226,False
839,1.8606843597075006e-05,3,1.1943546136220295,False
840,0.0023940805428236504,386,1.4961098129885184,False
841,0.004664115461666801,752,0.9705054601456257,False
842,0.005606862203918601,904,1.2671901806529644,False
843,0.003901234874186726,629,1.0127305848041286,False
844,0.0004465642463298001,72,0.9522774683104621,False
845,0.0004031482779366251,65,1.4301873500530535,False
846,0.0008807239302615502,142,1.134979805476229,False
847,0.0021521915760616753,347,2.02188840310924,False
848,0.0038578189057935507,622,1.1623191871827054,False
849,0.0022638326376441253,365,1.7317204609309158,False
850,0.004354001401715551,702,1.8300363998807054,False
851,0.009985672730430252,1610,0.8431172507149832,False
852,1.8606843597075006e-05,3,1.9429545402526855,False
853,0.0021521915760616753,347,2.262460222848898,False
854,0.0020095391084841005,324,1.3319580304769822,False
855,0.00013024790517952503,21,1.0950181143624442,False
856,0.00021087756076685005,34,1.6338269955971663,False
857,0.0008621170866644752,139,2.1128316380137164,False
858,0.0017614478605231004,284,1.4000627134047763,False
859,0.0030763314747164006,496,1.3027215943701806,False
860,0.0015195588937611253,245,0.8878952717294498,False
861,0.0030391177875222506,490,0.9662426802576805,False
862,0.003640739063827676,587,0.9347101906901527,False
863,0.00011784334278147503,19,1.5417569311041581,False
864,0.0004031482779366251,65,3.114060875085684,False
865,0.00019847299836880003,32,0.9324169680476189,False
866,0.00039694599673760006,64,7.0560201816260815,False
867,0.0024188896676197507,390,1.00768139790266,False
868,4.341596839317501e-05,7,2.8271086386271884,False
869,0.00011784334278147503,19,1.1918687569467645,False
870,0.0004527665275288251,73,1.245512936213245,False
871,0.0023692714180275506,382,2.011821333650519,False
872,0.006152662949432801,992,0.9629748917875751,False
873,0.0003473277471454001,56,1.3304661682673864,False
874,0.0002666980915580751,43,9.894792590030404,False
875,0.0013520973013874504,218,1.295189164100437,False
876,0.0010357809602371752,167,1.1308961942524254,False
877,0.0010667923662323003,172,3.1901442186776983,False
878,1.8606843597075006e-05,3,2.1032536824544272,False
879,0.00021707984196587504,35,1.311868371282305,False
880,0.0027910265395612506,450,0.93797774526808,False
881,0.0012094448338098754,195,3.4397589860818325,False
882,0.00025429352916002504,41,0.9208820912896133,False
883,0.013868300761019903,2236,1.0960516579889015,False
884,6.202281199025001e-06,1,0.9652283191680908,False
885,6.202281199025001e-06,1,5.717690944671631,False
886,0.0020033368272850756,323,1.2490302482994717,False
887,0.1407545695306734,22694,0.9707947839690041,False
888,0.005265736737972226,849,4.437631902481277,False
889,0.0006016212763054251,97,5.4686896137355525,False
890,0.0024871147608090255,401,1.0266286571721484,False
891,0.0024561033548139008,396,0.8456305301550663,False
892,0.0005954189951064002,96,0.8654533103108406,False
893,0.0006946554942908002,112,2.2950234157698497,False
894,0.005042454614807326,813,0.9616451498033962,False
895,0.029280969540597033,4721,0.9352138061135584,False
896,0.06870887112279897,11078,1.0833656929485804,False
897,6.202281199025001e-06,1,1.5535199642181396,False
898,0.0,0,0.0,True
899,0.0004961824959220001,80,1.5791500568389893,False
900,0.0023382600120324254,377,2.0949058586469698,False
901,0.0010419832414362003,168,1.5568261969657171,False
902,0.00014885474877660004,24,1.52646608153979,False
903,0.006766688788136277,1091,1.1775086985936851,False
904,0.0056812895783069015,916,0.8758639609969859,False
905,0.013192252110326179,2127,0.9761185844459049,False
906,0.0036841550322208507,594,1.2478447229372531,False
907,0.008211820307509101,1324,1.4069654545395036,False
908,1.8606843597075006e-05,3,4.589689254760742,False
909,0.0010233763978391252,165,1.081401775822495,False
910,0.006704665976146026,1081,1.3392888824769902,False
911,1.2404562398050002e-05,2,1.1481285095214844,False
912,0.005563446235525426,897,1.3019154736296654,False
913,0.00032251862234930007,52,9.833863203342144,False
914,0.0023816759804256007,384,3.532907453676065,False
915,0.00026049581035905006,42,2.9712497847420827,False
916,0.0011784334278147502,190,4.118543633661772,False
917,0.0004403619651307751,71,2.3356116959746456,False
918,0.007157432503674852,1154,0.6301313206889188,False
919,0.006779093350534326,1093,1.4359777499423154,False
920,0.00033492318474735006,54,1.4231762532834653,False
921,0.0021583938572607006,348,1.2966818360761665,False
922,0.004291978589725301,692,1.715159738683976,False
923,0.0022700349188431506,366,1.7764422476617365,False
924,0.002970892694332976,479,1.4282649516561583,False
925,0.0020095391084841005,324,1.106180164181156,False
926,0.0012280516774069504,198,6.475429079749367,False
927,0.0002977094975532001,48,2.5328217769662538,False
928,0.0005954189951064002,96,1.7332359999418259,False
929,0.0023816759804256007,384,2.079879535983006,False
930,0.0007318691814849501,118,1.6676914449465476,False
931,0.0003845414343395501,62,2.7153245787466727,False
932,0.0003721368719415001,60,5.215253639221191,False
933,0.0022452257940470503,362,1.8106514182538618,False
934,0.01709968926571193,2757,0.8819644223705426,False
935,0.0004589688087278501,74,2.055400961154216,False
936,0.008379281899882777,1351,0.663984148348816,False
937,0.006686059132548951,1078,0.638221212574635,False
938,0.00011784334278147503,19,1.9730524765817743,False
939,3.721368719415001e-05,6,2.7342116038004556,False
940,0.003932246280181851,634,1.8624178960872373,False
941,5.582053079122501e-05,9,3.3043164809544883,False
942,0.0033616364098715506,542,1.0973504029516805,False
943,0.0014699406441689253,237,1.1388508197124498,False
944,0.0011784334278147502,190,3.397684796232926,False
945,4.961824959220001e-05,8,1.0680238902568817,False
946,0.003752380125410126,605,2.585874670596162,False
947,0.015195588937611254,2450,1.3785487521424586,False
948,0.0005768121515093252,93,1.306051194026906,False
949,0.011840154808938727,1909,0.7644995163097751,False
950,0.0009489490234508252,153,1.417199646725374,False
951,0.0007380714626839752,119,0.948891793980318,False
952,0.0021087756076685004,340,2.1801101228770086,False
953,0.009601131296090703,1548,1.1591063334344278,False
954,0.0010109718354410753,163,1.3659238171723722,False
955,0.009036723706979426,1457,0.7193848551669674,False
956,0.00019847299836880003,32,2.123529687523842,False
957,0.003888830311788676,627,1.1835614923845257,False
958,0.0018482797973094504,298,3.0876389237858306,False
959,0.00032251862234930007,52,0.9127087799402384,False
960,0.006828711600126527,1101,0.7828312379246295,False
961,0.011114487908652803,1792,2.230527422257832,False
962,0.004136921559749676,667,1.0845314155275496,False
963,0.0020777642016733757,335,1.3086633874409235,False
964,0.003727571000614026,601,1.2527684312493552,False
965,0.003919841717783801,632,1.685996465290649,False
966,0.0022762372000421755,367,1.4380768644712276,False
967,0.004577283524880451,738,0.9245745767422808,False
968,0.0012714676458001253,205,1.1122961026866263,False
969,0.0020653596392753255,333,1.7091435265612673,False
970,0.12619161327536269,20346,1.3463672580567125,False
971,6.822509318927501e-05,11,2.9106532443653452,False
972,0.009787199732061453,1578,1.1014177438121935,False
973,0.0017366387357270004,280,1.4040646459375108,False
974,0.0027848242583622257,449,1.4033530549641973,False
975,0.004794363366846326,773,0.9116234998345221,False
976,0.0004589688087278501,74,1.1088991584004582,False
977,7.442737438830002e-05,12,2.4972829620043435,False
978,0.0024809124796100006,400,2.444901995062828,False
979,1.2404562398050002e-05,2,1.3686656951904297,False
980,0.00020467527956782505,33,1.379624565442403,False
981,0.00035353002834442507,57,8.048702440763774,False
982,0.0023940805428236504,386,1.1414651018350235,False
983,0.007138825660077777,1151,1.4280074978786172,False
984,0.0022886417624402257,369,1.332456627512366,False
985,0.04077999888358939,6575,7.3843685234816805,False
986,0.0008249033994703252,133,2.0960897897419177,False
987,0.0025553398539983007,412,2.125867170037575,False
988,0.005340164112360526,861,0.9385127528342359,False
989,0.004775756523249251,770,1.157601845419252,False
990,6.822509318927501e-05,11,3.3733995177529077,False
991,0.003386445534667651,546,0.809297236985776,False
992,0.00029150721635417507,47,2.7884017533444343,False
993,0.00036593459074247506,59,7.186007384526527,False
994,0.00019227071716977504,31,10.435444539593112,False
995,0.0007194646190869002,116,1.4297999051110497,False
996,0.0049122067096278015,792,0.8842333029917996,False
997,0.011604468123375778,1871,0.7191267808703163,False
998,0.03518554124206883,5673,0.9441190975464233,False
999,0.0015009520501640503,242,1.1967733398941922,False
1000,0.0019599208588919003,316,2.382873977286906,False
1001,0.003864021186992576,623,1.6713063068221508,False
1002,0.0014513338005718503,234,4.943444280542879,False
1003,0.0003783391531405251,61,1.329301419805308,False
1004,0.00019227071716977504,31,1.361071463554136,False
1005,6.822509318927501e-05,11,2.120518359270963,False
1006,0.003423659221861801,552,0.8355355305948119,False
1007,0.0014265246757757502,230,3.9782516241073607,False
1008,0.10206473941115542,16456,0.8745123047705814,False
1009,0.006934150380509952,1118,3.742585534699701,False
1010,0.0038578189057935507,622,0.79528550281402,False
1011,0.0012590630834020753,203,1.4010381404989458,False
1012,0.0033368272850754508,538,3.9354819369581997,False
1013,0.0004899802147229751,79,1.0227826562108873,False
1014,0.0011040060534264502,178,1.5791283517741086,False
1015,0.0022638326376441253,365,1.396385400915799,False
1016,1.8606843597075006e-05,3,3.7952966690063477,False
1017,0.0047819588044482764,771,4.729652408805184,False
1018,0.0023010463248382754,371,1.4405987937495393,False
1019,0.0010978037722274253,177,3.517709325935881,False
1020,0.0012528608022030503,202,1.5728665377834055,False
1021,0.0020095391084841005,324,2.0724455309502874,False
1022,0.00036593459074247506,59,1.326338254799277,False
1023,0.0026049581035905004,420,1.0915321866671244,False
1024,0.00022328212316490004,36,9.02955103582806,False
1025,0.00017366387357270005,28,1.6533231607505254,False
1026,9.923649918440002e-05,16,2.5943816900253296,False
1027,0.0008373079618683752,135,1.377717873785231,False
1028,0.004515260712890201,728,1.1253044210619978,False
1029,0.0010171741166401002,164,1.18028493043853,False
1030,0.0018544820785084755,299,3.400243420265989,False
1031,0.0009799604294459501,158,1.6290607007243965,False
1032,0.0016063908305474753,259,2.4565215561840987,False
1033,0.0020157413896831253,325,1.1761035831157978,False
1034,0.007101611972883627,1145,0.8594863491807962,False
1035,0.0004155528403346751,67,6.1413109978633145,False
1036,0.00015505702997562504,25,1.0772892999649049,False
1037,0.0011102083346254752,179,1.2234688524427362,False
1038,0.0007008577754898252,113,1.1977151537363508,False
1039,0.0021645961384597254,349,1.3692761560565763,False
1040,0.0013893109885816004,224,1.3079555731798922,False
1041,0.00023568668556295006,38,3.920678176377949,False
1042,0.00032251862234930007,52,1.422021583868907,False
1043,0.0013831087073825753,223,12.704592268563172,False
1044,0.0005644075891112751,91,9.420876974587912,False
1045,0.012088246056899728,1949,0.7697956404238251,False
1046,0.02925616041580093,4717,1.4422071161526908,False
1047,0.0007566783062810502,122,0.8714765837935151,False
1048,0.0005520030267132251,89,1.329765743084168,False
1049,0.007796267467174427,1257,3.544787668480035,False
1050,0.019202262592181406,3096,0.7003496789809037,False
1051,0.0031507588491047006,508,0.9477010683750543,False
1052,0.0003597323095434501,58,8.162346967335406,False
1053,0.0008062965558732502,130,6.317998970471896,False
1054,0.0011226128970235252,181,0.8646061743161955,False
1055,4.341596839317501e-05,7,1.7468211310250419,False
1056,0.0017800547041201755,287,1.4730448166252428,False
1057,0.0017738524229211504,286,3.5344987482457726,False
1058,0.00022948440436392506,37,2.514209209261714,False
1059,0.0006326326823005501,102,1.6385771714004815,False
1060,0.0018482797973094504,298,0.932991075835772,False
1061,0.0004465642463298001,72,5.5044044819143085,False
1062,0.014978509095645378,2415,0.9057236491769984,False
1063,0.0020591573580763006,332,1.9157308663230344,False
1064,0.0013210858953923252,213,1.3437302694634092,False
1065,0.003988066810973076,643,0.9121533953012612,False
1066,0.011530040748987478,1859,0.8573612820531425,False
1067,6.202281199025001e-06,1,1.9250112771987915,False
1068,0.004291978589725301,692,1.366733764981948,False
1069,0.013105420173539828,2113,1.4794731934489203,False
1070,0.002741408289969051,442,1.0439007983488195,False
1071,0.0020591573580763006,332,1.4216399519558411,False
1072,0.00028530493515515004,46,3.098846813906794,False
1073,0.0005333961831161502,86,1.3182740100594454,False
1074,0.0069837686301021515,1126,1.0976365669159016,False
1075,0.005302950425166376,855,4.944943162572314,False
1076,0.005228523050778076,843,1.2226926311762165,False
1077,0.0022514280752460756,363,1.6183984965989084,False
1078,0.010035290980022453,1618,0.8790916777659111,False
1079,0.003926043998982826,633,1.1233459016158118,False
1080,0.00023568668556295006,38,7.80068450225027,False
1081,0.00011784334278147503,19,2.251336091443112,False
1082,0.006437967884587952,1038,1.2101319869818714,False
1083,0.0007876897122761752,127,6.991192040480967,False
1084,0.0025119238856051254,405,0.9040131674872505,False
1085,0.00013024790517952503,21,1.235391622497922,False
1086,1.8606843597075006e-05,3,4.665889422098796,False
1087,0.0023258554496343757,375,1.7001703071594239,False
1088,0.0017862569853192003,288,1.2782903673748176,False
1089,0.0023630691368285257,381,1.2417333088521882,False
1090,0.005631671328714701,908,0.9511072220781301,False
1091,0.0016436045177416253,265,1.6295618453115788,False
1092,0.0019165048904987254,309,1.4680622445726859,False
1093,0.0004589688087278501,74,2.597476284246187,False
1094,0.0013024790517952502,210,1.753368513924735,False
1095,0.0023816759804256007,384,1.437901113803188,False
1096,0.005054859177205376,815,1.1429508759200206,False
1097,0.0016622113613387003,268,0.9211028716457423,False
1098,0.0006326326823005501,102,1.153869762140162,False
1099,0.00021087756076685005,34,6.307437591692981,False
1100,0.0052409276131761265,845,1.046428324202814,False
1101,0.0015071543313630753,243,1.0204357144273357,False
1102,0.004198944371739926,677,1.65301733002881,False
1103,0.0002791026539561251,45,3.3478771580590143,False
1104,0.0010109718354410753,163,2.4795305882494874,False
1105,0.0009985672730430252,161,6.466634525275379,False
1106,0.0027352060087700255,441,1.083854249815822,False
1107,0.039055764710260434,6297,0.8220028906790855,False
1108,0.00016125931117465003,26,8.07231642649724,False
1109,0.004329192276919451,698,0.8434722519194158,False
1110,0.0029460835695368755,475,5.7649648310008805,False
1111,0.0024933170420080504,402,1.453365961710612,False
1112,0.005302950425166376,855,1.1417675318076597,False
1113,4.341596839317501e-05,7,1.1460109778812952,False
1114,0.0004403619651307751,71,0.969446341756364,False
1115,0.0022142143880519256,357,0.9090471077366036,False
1116,0.0016187953929455254,261,1.4736186978460728,False
1117,0.0019599208588919003,316,1.6786578486237345,False
1118,0.0012218493962079253,197,1.3325051849868697,False
1119,3.721368719415001e-05,6,2.50629456837972,False
1120,0.0017552455793240754,283,1.6386016501975986,False
1121,0.004298180870924326,693,1.002408579486445,False
1122,0.0012652653646011002,204,1.2348488019961936,False
1123,1.8606843597075006e-05,3,2.8141531149546304,False
1124,0.0035663116894393758,575,1.2502319995216702,False
1125,0.00039694599673760006,64,1.5952649116516113,False
1126,0.0007938919934752001,128,2.2555723693221807,False
1127,0.0017366387357270004,280,1.1304536819458009,False
1128,0.004118314716152601,664,1.2935704551188343,False
1129,0.0008062965558732502,130,1.7089136930612416,False
1130,0.0028282402267554006,456,0.9107419686359272,False
1131,0.0022390235128480255,361,1.1950259538898838,False
1132,0.00017366387357270005,28,1.7585314512252808,False
1133,0.0020405505144792256,329,1.3040126449793668,False
1134,0.0019661231400909256,317,3.0879254792390936,False
1135,0.0011722311466157253,189,1.7309458899119543,False
1136,0.0019103026092997003,308,1.7117304376193456,False
1137,0.0005458007455142001,88,1.3354739140380512,False
1138,0.0024188896676197507,390,1.0140583478487455,False
1139,0.0005830144327083501,94,6.123380683838053,False
1140,0.0018730889221055505,302,4.405984434860431,False
1141,0.0012342539586059752,199,1.191267086033845,False
1142,3.721368719415001e-05,6,2.342775901158651,False
1143,0.0022514280752460756,363,1.0208526078006124,False
1144,0.0030515223499203007,492,1.4105973956061573,False
1145,0.00014885474877660004,24,2.0497964223225913,False
1146,0.00011784334278147503,19,1.7860632570166337,False
1147,0.0020715619204743504,334,2.9736777072895073,False
1148,4.341596839317501e-05,7,5.394184248788016,False
1149,0.003411254659463751,550,1.2158168489282781,False
1150,0.004868790741234626,785,2.2471087009284147,False
1151,0.003808200656201351,614,1.2630000157154344,False
1152,0.006394551916194776,1031,1.1798017052743877,False
1153,0.0021211801700665505,342,1.694108770604719,False
1154,0.00024188896676197505,39,2.3764817592425223,False
1155,0.006624036320558702,1068,1.3469350226362993,False
1156,0.0025367330104012257,409,1.3037810080791743,False
1157,0.0028778584763476008,464,3.736321648647045,False
1158,0.005414591486748826,873,1.1314768295517492,False
1159,0.0007504760250820251,121,6.355893934068601,False
1160,0.0019661231400909256,317,1.57635107100574,False
1161,0.0004279574027327251,69,1.5605305899744448,False
1162,0.0030577246311193256,493,0.7736837641462593,False
1163,0.006239494886219152,1006,0.9898883855603561,False
1164,0.0004713733711259001,76,1.7742679730841988,False
1165,0.0021459892948626504,346,1.7840793680593459,False
1166,0.0019227071716977505,310,5.635142155616514,False
1167,0.0017490432981250503,282,0.9218329651981381,False
1168,0.0024499010736148755,395,1.2362987705423862,False
1169,0.008466113836669127,1365,0.9146844532026913,False
1170,0.014290055882553603,2304,0.699220216108693,False
1171,0.003770986969007201,608,1.2403052708036022,False
1172,0.0024809124796100006,400,2.3472834265232088,False
1173,0.0058301443270835016,940,1.771448273608025,False
1174,0.008466113836669127,1365,0.7320903040987231,False
1175,0.006512395258976252,1050,1.0019609891800654,False
1176,0.0002791026539561251,45,16.90833943684896,False
1177,0.00022948440436392506,37,6.2574025489188525,False
1178,0.004130719278550651,666,1.9352201516921814,False
1179,0.026663606874608482,4299,1.885565128845513,False
1180,0.0002791026539561251,45,2.3078814691967433,False
1181,0.005172702519986851,834,0.8312144862662116,False
1182,0.0003287209035483251,53,1.1975055460659962,False
1183,0.0006574418070966502,106,2.734686547855161,False
1184,0.00024188896676197505,39,1.4856719909570155,False
1185,0.0011412197406206002,184,1.7116802224646444,False
1186,0.00021707984196587504,35,5.105202334267752,False
1187,0.0019041003281006755,307,1.8615184801020916,False
1188,8.683193678635003e-05,14,3.700451910495758,False
1189,0.0017800547041201755,287,1.1027870560356965,False
1190,0.0032127816610949505,518,1.379519645771925,False
1191,0.0011846357090137753,191,4.926476744457065,False
1192,0.0002977094975532001,48,4.191523104906082,False
1193,0.0005023847771210251,81,2.0498403825877625,False
1194,0.0024685079172119505,398,0.9256623372360689,False
1195,0.0020343482332802003,328,4.666838527816098,False
1196,0.00019227071716977504,31,0.6720320640071746,False
1197,0.0030701291935173757,495,2.1668045082477607,False
1198,0.006444170165786976,1039,1.2652552181763415,False
1199,0.04180337528142851,6740,0.8932949439708132,False
1200,0.0006884532130917751,111,1.5547223220000397,False
1201,0.0019785277024889753,319,2.381686469604229,False
1202,0.00012404562398050004,20,1.9535764098167419,False
1203,0.0035539071270413256,573,0.8088206254582962,False
1204,0.0012404562398050003,200,3.1348886346817015,False
1205,0.0034360637842598507,554,0.8728320942889052,False
1206,0.00036593459074247506,59,2.9272414809566434,False
1207,0.00017366387357270005,28,1.1454957042421614,False
1208,0.0022142143880519256,357,1.5912324554112112,False
1209,0.0008187011182713002,132,0.9929134177439141,False
1210,0.0021273824512655754,343,1.4779998651398862,False
1211,0.0024188896676197507,390,5.724464503312722,False
1212,0.0019351117340958004,312,1.0980739757800713,False
1213,0.0027165991651729505,438,1.6221887436631608,False
1214,0.0015195588937611253,245,1.092841074904617,False
1215,0.0027165991651729505,438,0.9471714757893184,False
1216,0.00039694599673760006,64,1.6418577395379543,False
1217,0.0023010463248382754,371,1.0678703534313931,False
1218,0.0006016212763054251,97,1.169094614146911,False
1219,0.008714205084630127,1405,0.8567369613783216,False
1220,0.0052223207695790514,842,1.3760782061166832,False
1221,0.0019165048904987254,309,1.041321281476314,False
1222,0.002952285850735901,476,0.884112482311345,False
1223,0.0009365444610527753,151,3.000754623223614,False
1224,0.003770986969007201,608,1.351237033150698,False
1225,0.00014885474877660004,24,1.548254703481992,False
1226,0.005867358014277652,946,1.2129596650726446,False
1227,0.0005458007455142001,88,4.98195370760831,False
1228,0.0018544820785084755,299,1.0487310695010283,False
1229,0.0004279574027327251,69,1.0777185222376948,False
1230,0.003312018160279351,534,1.2629345608561227,False
1231,0.0008000942746742252,129,6.275014929993208,False
1232,0.0009427467422518002,152,1.2420225065005452,False
1233,0.007355905502043652,1186,0.8359909419466633,False
1234,0.0027103968839739256,437,1.6250347477347682,False
1235,0.0025305307292022004,408,0.733743409315745,False
1236,0.0010605900850332753,171,1.3153571587556985,False
1237,0.0020095391084841005,324,1.3845634905644406,False
1238,0.00013024790517952503,21,2.5935268629164923,False
1239,0.0015505702997562505,250,1.6790694813728333,False
1240,0.0018110661101153004,292,2.190016295811901,False
1241,0.0018606843597075004,300,1.4811253722508748,False
1242,0.0033802432534686257,545,1.0429477901633726,False
1243,0.0005023847771210251,81,1.4977063926649683,False
1244,0.0036283345014296257,585,0.7190822672640157,False
1245,0.02113117204507818,3407,1.1894484582379796,False
1246,0.0016311999553435754,263,3.4013968683467617,False
1247,3.101140599512501e-05,5,1.7963208198547362,False
1248,0.0006822509318927502,110,1.8791889970952815,False
1249,3.101140599512501e-05,5,1.0899674415588378,False
1250,0.016895013986144104,2724,1.1708567054961396,False
1251,0.0026731831967797756,431,0.9555984273587468,False
1252,0.0011660288654167003,188,1.1750021094971514,False
1253,0.00033492318474735006,54,2.599600425472966,False
1254,0.003870223468191601,624,1.2460163648311908,False
1255,0.005166500238787826,833,0.7851577514932364,False
1256,0.0018854934845036005,304,3.771511953912283,False
1257,9.303421798537502e-05,15,1.4394291718800862,False
1258,0.0007070600566888501,114,1.4751064139499999,False
1259,0.0017490432981250503,282,2.4627296045316873,False
1260,0.0005582053079122502,90,2.9233749522103203,False
1261,0.0023816759804256007,384,1.2706650253385305,False
1262,8.062965558732502e-05,13,1.1435542840224047,False
1263,0.0025429352916002505,410,1.2976963086826045,False
1264,0.0014265246757757502,230,1.5094059306642285,False
1265,1.2404562398050002e-05,2,1.5506659746170044,False
1266,0.0031507588491047006,508,1.110505121899402,False
1267,0.004130719278550651,666,1.0715498099097975,False
1268,0.0023134508872363255,373,1.2610364423680243,False
1269,0.004608294930875576,743,1.7311791038769893,False
1270,0.0023630691368285257,381,3.272551638247773,False
1271,0.013973739541403327,2253,11.108162020557572,False
1272,0.0009055330550576502,146,3.8873124424725365,False
1273,0.0065247998213743014,1052,1.3817333826094074,False
1274,0.0018544820785084755,299,2.0011113758469903,False
1275,0.003733773281813051,602,1.0888565628235523,False
1276,3.101140599512501e-05,5,6.249989485740661,False
1277,0.0011846357090137753,191,0.8855757070461493,False
1278,1.8606843597075006e-05,3,1.2594705820083618,False
1279,0.005978999075860102,964,0.8370162955952878,False
1280,0.0020095391084841005,324,1.6438023760730838,False
1281,0.0018234706725133503,294,1.8468517267785105,False
1282,0.0023134508872363255,373,4.592174644444647,False
1283,0.0020281459520811755,327,0.9898242053635623,False
1284,0.0004899802147229751,79,1.896529058866863,False
1285,0.0009179376174557002,148,1.3728146722187866,False
1286,0.0021832029820568004,352,1.2937951589172536,False
1287,0.0012466585210040252,201,1.0275604914669967,False
1288,2.4809124796100004e-05,4,0.6398951411247253,False
1289,0.0014451315193728252,233,0.8940744737698797,False
1290,0.0005147893395190752,83,1.724505020911435,False
1291,5.582053079122501e-05,9,1.8641142182879977,False
1292,0.0029398812883378506,474,2.543506659535919,False
1293,0.015406466498378103,2484,0.8513510254078249,False
1294,0.014308662726150678,2307,0.797936749964707,False
1295,0.003026713225124201,488,1.7216073650805677,False
1296,0.004316787714521401,696,1.3753202550712673,False
1297,0.0022948440436392505,370,1.9392643954302813,False
1298,0.0015505702997562505,250,1.0887921786308288,False
1299,0.0018482797973094504,298,1.0154576605598398,False
1300,0.021447488386228456,3458,0.7518787593631954,False
1301,0.0034174569406627757,551,0.6601262183457667,False
1302,0.0017862569853192003,288,1.0987108565039105,False
1303,0.03145176796025578,5071,1.9147727092185498,False
1304,0.0017800547041201755,287,1.178413309702059,False
1305,0.0018110661101153004,292,1.2180063593877506,False
1306,0.010370214164769803,1672,1.4101919454820988,False
1307,0.0024809124796100006,400,3.6806083059310915,False
1308,0.0019971345460860503,322,1.3429770728816157,False
1309,0.0021149778888675257,341,2.2817136619098024,False
1310,0.005650278172311776,911,3.4071733641441253,False
1311,0.0015319634561591754,247,0.8144303203111718,False
1312,0.0017862569853192003,288,1.5431358334090974,False
1313,0.0004651710899268751,75,5.734377282460531,False
1314,7.442737438830002e-05,12,0.541758785645167,False
1315,0.0014017155509796504,226,1.0255498975779103,False
1316,0.0016498067989406504,266,1.2572283493845087,False
1317,0.02440597651816338,3935,0.8330339967371396,False
1318,0.0007194646190869002,116,3.9102865539748093,False
1319,0.012844924363180778,2071,0.7246936004211337,False
1320,0.004236158058934076,683,1.0083818009796812,False
1321,0.0017986615477172505,290,3.172564482688904,False
1322,0.0021521915760616753,347,1.035027787046405,False
1323,0.004688924586462901,756,0.8586626532216551,False
1324,0.0008187011182713002,132,3.272917162288319,False
1325,0.0024312942300178005,392,3.04601203756673,False
1326,0.0023940805428236504,386,2.2383281057362727,False
1327,0.0018544820785084755,299,1.872884464503132,False
1328,0.007808672029572476,1259,0.7389055089973287,False
1329,0.004589688087278501,740,1.444373843476579,False
1330,9.923649918440002e-05,16,1.4837470203638077,False
1331,0.00030391177875222506,49,7.049585230496465,False
1332,0.0029398812883378506,474,7.053294637535192,False
1333,0.010314393633978578,1663,1.5468209267236064,False
1334,0.0010791969286303503,174,1.2681958346531308,False
1335,0.007176039347271927,1157,1.178712305779486,False
1336,0.020207032146423453,3258,0.7823223338820877,False
1337,0.0007318691814849501,118,1.6703749430381645,False
1338,0.0003783391531405251,61,1.5344025893289535,False
1339,0.00022948440436392506,37,5.5229390634072795,False
1340,0.0020591573580763006,332,1.4822732860065368,False
1341,0.0020529550768772753,331,1.3764358726512989,False
1342,0.018389763755109128,2965,0.8298700261879932,False
1343,0.004186539809341876,675,1.039565058460942,False
1344,0.0035166934398471756,567,1.0128127380653664,False
1345,0.0012776699269991503,206,1.846473135994476,False
1346,0.007907908528756877,1275,0.9759770584106445,False
1347,0.0005830144327083501,94,4.636598154585412,False
1348,0.0005892167139073751,95,1.8850830404382004,False
1349,0.0020095391084841005,324,2.3079651145287503,False
1350,0.0026979923215758755,435,1.4113302954312028,False
1351,0.0005023847771210251,81,1.367081038745833,False
1352,0.00013645018637855003,22,1.7560369805856184,False
1353,0.0017056273297318754,275,2.3760582208633423,False
1354,0.0006946554942908002,112,0.9475904830864498,False
1355,0.0021397870136636256,345,1.892389296103215,False
1356,0.0021459892948626504,346,7.023910799122959,False
1357,0.0023568668556295004,380,1.6607417668166913,False
1358,0.0021273824512655754,343,1.736552117517321,False
1359,1.2404562398050002e-05,2,4.789773941040039,False
1360,0.015902648994300102,2564,0.84763781728685,False
1361,0.0003721368719415001,60,1.439115285873413,False
1362,0.0022948440436392505,370,1.24295606516503,False
1363,0.004701329148860951,758,1.711148268000117,False
1364,0.1059535697229441,17083,1.3790542816017408,False
1365,0.0013086813329942753,211,1.194625336976978,False
1366,0.006127853824636702,988,0.730115183934509,False
1367,0.005799132921088376,935,0.7571949453914867,False
1368,0.00026049581035905006,42,2.043218570096152,False
1369,0.0005085870583200501,82,6.284964166036466,False
1370,0.00019227071716977504,31,8.044314411378675,False
1371,0.0024126873864207254,389,0.7986014508342988,False
1372,0.008887868958202826,1433,1.076018849869999,False
1373,0.0006450372446986001,104,4.759350311297637,False
1374,0.003913639436584776,631,0.8146353153343624,False
1375,0.00020467527956782505,33,1.521877393578038,False
1376,0.0023568668556295004,380,2.3300254344940186,False
1377,0.0024809124796100006,400,1.0647337198257447,False
1378,0.0019537185776928754,315,1.8439222271480258,False
1379,0.014724215566485354,2374,1.265103757933799,False
1380,0.0007814874310771502,126,1.4234399171102614,False
1381,0.00013024790517952503,21,1.2994857402074904,False
1382,2.4809124796100004e-05,4,2.436880111694336,False
1383,0.006890734412116776,1111,0.9368695527127366,False
1384,0.010016684136425378,1615,0.606835505246378,False
1385,0.006053426450248402,976,1.2624845804005373,False
1386,0.003653143626225726,589,0.6225561326549899,False
1387,0.0014141201133777003,228,2.5263797405518984,False
1388,0.0020219436708821506,326,1.8153770061358352,False
1389,0.0004651710899268751,75,5.184375745455424,False
1390,0.0020901687640714254,337,5.047474631923596,False
1391,0.0024623056360129256,397,3.3342910251329165,False
1392,0.00023568668556295006,38,13.84971779271176,False
1393,0.004242360340133101,684,0.9861713564186766,False
1394,0.0015319634561591754,247,2.2337291366175602,False
1395,0.005346366393559551,862,1.107499661689015,False
1396,0.0018234706725133503,294,1.4219143362272353,False
1397,0.011201319845439152,1806,0.7551859993475221,False
1398,0.0018482797973094504,298,1.0470919081028676,False
1399,0.0031941748174978755,515,1.6082631837974475,False
1400,0.0030205109439251756,487,0.9346610319932628,False
1401,0.0023940805428236504,386,4.341595783134816,False
1402,0.006593024914563576,1063,2.089358229403886,False
1403,8.683193678635003e-05,14,16.723971596785955,False
1404,0.00026049581035905006,42,1.7516705649239677,False
1405,0.009024319144581378,1455,0.8355080502959051,False
1406,0.010841587535895703,1748,0.9205195860131654,False
1407,0.10880041679329658,17542,6.810532080707196,False
1408,0.0005644075891112751,91,8.091845321131277,False
1409,0.003485682033852051,562,1.2560691704105227,False
1410,0.0033616364098715506,542,2.243989292545952,False
1411,9.303421798537502e-05,15,3.002833350499471,False
1412,0.0010357809602371752,167,6.643289827301117,False
1413,0.0025925535411924507,418,3.734244950650411,False
1414,0.00026049581035905006,42,1.7306623345329648,False
1415,0.0021459892948626504,346,1.2175259831323788,False
1416,0.003218983942293976,519,1.026191174869133,False
1417,0.003374040972269601,544,0.8832027465105057,False
1418,0.006047224169049376,975,0.8658420132368039,False
1419,0.0016498067989406504,266,1.133997254353717,False
1420,0.0021707984196587503,350,2.7019901990890505,False
1421,0.0019661231400909256,317,2.5912481170347434,False
1422,0.004285776308526276,691,1.2839563212070382,False
1423,0.0057557169526952015,928,1.0905245953592761,False
1424,0.0006822509318927502,110,0.9969247720458291,False
1425,0.0012652653646011002,204,1.5808861436797124,False
1426,0.0020033368272850756,323,1.339162874517057,False
1427,9.923649918440002e-05,16,1.9931654036045074,False
1428,0.0006822509318927502,110,1.5076096513054587,False
1429,0.0024002828240226757,387,2.089761321550808,False
1430,0.00027290037275710005,44,6.96477178551934,False
1431,0.0020343482332802003,328,1.5707869100861434,False
1432,0.0028468470703524756,459,0.8747092833446262,False
1433,0.0015629748621543004,252,1.3069321588864402,False
1434,0.009830615700454627,1585,1.6376487625886214,False
1435,0.0023258554496343757,375,1.5564239222208658,False
1436,0.002989499537930051,482,1.1878598052931029,False
1437,0.0004279574027327251,69,2.6503049463465596,False
1438,0.0022390235128480255,361,1.2868018833884243,False
1439,0.006921745818111902,1116,4.6167827985619985,False
1440,0.0030205109439251756,487,1.5493234719094309,False
1441,0.004502856150492151,726,1.2248569165379548,False
1442,0.0012218493962079253,197,1.7720109629752068,False
1443,0.0020343482332802003,328,2.521435658379299,False
1444,0.0007380714626839752,119,1.3330898004419662,False
1445,0.005123084270394651,826,1.7010482295662093,False
1446,0.00014265246757757502,23,2.739694999611896,False
1447,0.0008621170866644752,139,2.9307054624283055,False
1448,0.00035353002834442507,57,1.1581194024336965,False
1449,0.0005458007455142001,88,1.3159307444637471,False
1450,0.013824884792626729,2229,0.766931284805647,False
1451,8.062965558732502e-05,13,0.8665971664281992,False
1452,0.0012590630834020753,203,0.8288990241553396,False
1453,0.0023506645744304755,379,1.211188784060818,False
1454,0.007622603593601726,1229,3.2481904424623904,False
1455,2.4809124796100004e-05,4,4.79596209526062,False
1456,0.0004713733711259001,76,11.234641746470803,False
1457,6.202281199025002e-05,10,1.186712908744812,False
1458,0.0020591573580763006,332,1.9124709378523999,False
1459,0.0014265246757757502,230,1.3294121928836988,False
1460,0.0003721368719415001,60,1.3172870834668478,False
1461,0.0008124988370722751,131,6.510343739094625,False
1462,0.002778621977163201,448,0.9415087066590786,False
1463,0.0025305307292022004,408,1.575299696595061,False
1464,0.0025243284480031755,407,0.8853138629575912,False
1465,0.0012962767705962254,209,1.3390775046280126,False
1466,0.022700349188431505,3660,0.8919720842538635,False
1467,3.101140599512501e-05,5,5.701414704322815,False
1468,0.0024002828240226757,387,1.2255634509931854,False
1469,0.0022390235128480255,361,1.6832874795406478,False
1470,0.0002977094975532001,48,1.752883327503999,False
1471,0.0009055330550576502,146,1.0904146089945754,False
1472,0.012919351737569078,2083,4.629425327192976,False
1473,0.003330625003876426,537,0.8100457386819566,False
1474,0.005110679707996601,824,1.6413552303916041,False
1475,0.0007318691814849501,118,1.0390214404817355,False
1476,0.0019475162964938504,314,1.7245811922535015,False
1477,0.0015505702997562505,250,1.7630333318710327,False
1478,0.0002666980915580751,43,2.4584524576054063,False
1479,0.00022948440436392506,37,1.3137764447444193,False
1480,0.003659345907424751,590,1.1685377040151823,False
1481,0.0035290980022452258,569,3.2475130832467642,False
1482,0.0008435102430674002,136,1.2760185485377031,False
1483,0.0002791026539561251,45,1.3319331063164606,False
1484,0.0004651710899268751,75,2.2878809372584024,False
1485,0.0003721368719415001,60,0.8552008668581644,False
1486,0.0005395984643151751,87,6.19229685164046,False
1487,0.014004750947398453,2258,0.6374252448576124,False
1488,0.0005520030267132251,89,5.013720565967345,False
1489,6.202281199025002e-05,10,1.2265451788902282,False
1490,0.0004403619651307751,71,7.482553629808023,False
1491,0.0014203223945767254,229,1.0475508198467405,False
1492,0.011926986745725078,1923,1.1208421694259127,False
1493,0.0069651617865050764,1123,0.6775771558868598,False
1494,0.005451805173942976,879,1.0143656388891436,False
1495,0.005395984643151751,870,1.3413005106750575,False
1496,3.101140599512501e-05,5,4.839319133758545,False
1497,0.0024250919488187756,391,2.635027965011499,False
1498,0.00021087756076685005,34,3.980274158365586,False
1499,0.0030887360371144507,498,0.8764523598084967,False
1500,0.0028902630387456505,466,1.112493685386723,False
1501,0.0028840607575466256,465,1.1947049048639113,False
1502,0.0008621170866644752,139,4.428826884400073,False
1503,0.0005209916207181001,84,1.475545958394096,False
1504,0.0013707041449845254,221,1.733157763653751,False
1505,0.00019847299836880003,32,1.2864688150584698,False
1506,0.008329663650290578,1343,0.9396222207587065,False
1507,0.0004217551215337001,68,1.8244956644142376,False
1508,0.0022452257940470503,362,1.3366392152744104,False
1509,0.0022886417624402257,369,1.6289356433279145,False
1510,0.0012342539586059752,199,0.9780965875740626,False
1511,0.0019723254212899504,318,1.6881763429011938,False
1512,4.961824959220001e-05,8,0.9774540364742279,False
1513,0.0017366387357270004,280,1.527151695745332,False
1514,0.0020839664828724005,336,2.332405419931525,False
1515,0.0026793854779788005,432,1.7717920619028587,False
1516,6.202281199025002e-05,10,9.457406520843506,False
1517,8.683193678635003e-05,14,0.8718868153435844,False
1518,0.00016125931117465003,26,1.3824697732925415,False
1519,0.008590159460649626,1385,0.7808388441478302,False
1520,0.0004155528403346751,67,1.3623819404573583,False
1521,0.0012156471150089002,196,1.1427620418217717,False
1522,0.0027041946027749008,436,2.5495281946768453,False
1523,0.0021025733264694755,339,1.199117322938632,False
1524,0.0027103968839739256,437,1.7782621468231934,False
1525,0.005191309363583926,837,1.1652064243667584,False
1526,0.0004217551215337001,68,1.8538819744306452,False
1527,0.0014389292381738004,232,2.980076094125879,False
1528,0.02491456357648343,4017,1.3470615577365381,False
1529,0.0006016212763054251,97,2.1536916985954204,False
1530,0.0021832029820568004,352,0.8537365062670275,False
1531,0.0026049581035905004,420,1.5089659951982044,False
1532,4.341596839317501e-05,7,3.0603084223611012,False
1533,0.0011288151782225502,182,1.333258996953021,False
1534,0.0010605900850332753,171,4.706883804142824,False
1535,0.0019227071716977505,310,1.1678438002063383,False
1536,0.0020343482332802003,328,2.9811129322866114,False
1537,0.0012590630834020753,203,2.753922203491474,False
1538,0.0019909322648870255,321,1.86362408551843,False
1539,0.005247129894375151,846,0.9093252389425364,False
1540,0.0018916957657026255,305,1.8812028122729942,False
1541,0.0005395984643151751,87,1.6775657911410278,False
1542,4.341596839317501e-05,7,3.1121785640716553,False
1543,0.0002977094975532001,48,4.220538777609666,False
1544,0.0012342539586059752,199,5.0152514028788815,False
1545,0.0014265246757757502,230,1.728849406864332,False
1546,0.004639306336870701,748,0.9751113191007931,False
1547,0.006258101729816227,1009,0.7447432895127326,False
1548,0.002797228820760276,451,1.7603964697230945,False
1549,0.0006078235575044501,98,9.244532653263636,False
1550,0.004682722305263876,755,1.3993282283378752,False
1551,0.0004465642463298001,72,1.3107195927037134,False
1552,0.0022824394812412004,368,2.133652812760809,False
1553,0.0021956075444548506,354,1.5466137157995148,False
1554,0.003901234874186726,629,1.0460455516184457,False
1555,0.0024747101984109753,399,3.310236503904625,False
1556,0.0007814874310771502,126,4.978253171557472,False
1557,0.013291488609510578,2143,0.938993819784573,False
1558,0.0014141201133777003,228,1.0213031245951067,False
1559,0.0027476105711680757,443,0.9776666272036378,False
1560,0.0014637383629699002,236,1.7077468795291448,False
1561,0.0006326326823005501,102,6.38438232272279,False
1562,0.0010853992098293751,175,1.7262145689555577,False
1563,0.0017304364545279755,279,1.04277621887918,False
1564,0.0018606843597075004,300,5.720473500887553,False
1565,0.0013272881765913503,214,0.8689238044703118,False
1566,0.0004713733711259001,76,6.473542048742897,False
1567,0.0011040060534264502,178,1.6289624853080578,False
1568,0.00029150721635417507,47,1.7235408387285598,False
1569,0.008453709274271077,1363,0.8517294202931909,False
1570,0.03094318090193573,4989,0.9744926600973313,False
1571,0.0026297672283866007,424,1.6494672368719894,False
1572,5.582053079122501e-05,9,1.152674635251363,False
1573,0.004229955777735051,682,1.0302534844518756,False
1574,0.0007256669002859252,117,12.780420403195242,False
1575,0.0014451315193728252,233,0.7658591188586321,False
1576,0.0017986615477172505,290,5.296676501734503,False
1577,0.003504288877449126,565,0.9422551036935992,False
1578,0.003870223468191601,624,1.3697381153320656,False
1579,0.0024374965112168257,393,6.463228498706381,False
1580,0.0026545763531827006,428,0.9309803147182286,False
1581,4.341596839317501e-05,7,5.207870806966509,False
1582,0.00020467527956782505,33,1.4679973992434414,False
1583,0.019810086149685855,3194,1.2964674221700478,False
1584,7.442737438830002e-05,12,3.6369977494080863,False
1585,0.004056291904162351,654,1.2693601277990079,False
1586,0.00020467527956782505,33,5.677916208902995,False
1587,0.0017242341733289504,278,0.9028951993091501,False
1588,0.0056626827347098264,913,0.7728034287919612,False
1589,0.00011784334278147503,19,1.44499891682675,False
1590,0.0005271939019171251,85,2.004113623675178,False
1591,0.0015939862681494253,257,4.248524701085072,False
1592,0.06559532596088842,10576,1.0085088611550843,False
1593,0.0015629748621543004,252,1.021530188265301,False
1594,0.0057185032655010515,922,1.4453932105072667,False
1595,0.0003907437155385751,63,2.105060448722234,False
1596,0.005253332175574176,847,0.7573654237857534,False
1597,0.0021770007008577756,351,2.20068824325192,False
1598,0.003981864529774051,642,1.638746354067437,False
1599,0.008404091024678878,1355,0.7555650689945009,False
1600,0.00025429352916002504,41,10.559854219599467,False
1601,0.00024188896676197505,39,1.5805778197753124,False
1602,0.0017304364545279755,279,1.1149095104586693,False
1603,0.00013024790517952503,21,1.2424908024924142,False
1604,0.0033802432534686257,545,0.9960105073561362,False
1605,0.0036655481886237757,591,1.5756927486603636,False
1606,0.0028530493515515004,460,2.9775106803230615,False
1607,8.062965558732502e-05,13,2.815023211332468,False
1608,0.012863531206777853,2074,0.9028145458797134,False
1609,0.008199415745111053,1322,0.6377461091833648,False
1610,0.0030949383183134756,499,1.305353624309471,False
1611,0.0016187953929455254,261,6.145573950361931,False
1612,0.0006140258387034752,99,0.9486858880881107,False
1613,0.0003907437155385751,63,1.9905658108847482,False
1614,0.0024126873864207254,389,0.9390778946079754,False
1615,0.0004403619651307751,71,6.636843092005018,False
1616,0.0016001885493484504,258,1.271747588187225,False
1617,0.0035104911586481507,566,3.0172193071446234,False
1618,0.0023506645744304755,379,1.274314437503865,False
1619,0.0024374965112168257,393,2.7741895789711832,False
1620,0.003851616624594526,621,0.8493931443219024,False
1621,0.003963257686176976,639,0.9882396965146252,False
1622,0.003163163411502751,510,3.045774682830362,False
1623,0.0010853992098293751,175,1.221990327835083,False
1624,0.0012094448338098754,195,1.3105369213299873,False
1625,0.0010916014910284002,176,1.2263223081827164,False
1626,0.004806767929244376,775,0.8361780257378855,False
1627,0.0036841550322208507,594,1.099457799384891,False
1628,0.0019413140152948255,313,1.5488701316114433,False
1629,0.006072033293845477,979,1.0463854348452513,False
1630,0.0015257611749601504,246,1.0922414597457017,False
1631,0.008621170866644752,1390,0.9867827477215005,False
1632,0.005253332175574176,847,0.756457771292262,False
1633,0.03805719743721741,6136,2.3754506266567823,False
1634,0.002989499537930051,482,0.9972311179172944,False
1635,0.0021645961384597254,349,1.449257578071004,False
1636,3.721368719415001e-05,6,5.878353754679362,False
1637,0.0008869262114605752,143,2.4567614852131663,False
1638,0.0026793854779788005,432,1.0181523851222463,False
1639,0.0018854934845036005,304,1.1249366975144337,False
1640,0.0004837779335239501,78,1.7858367424744825,False
1641,0.003423659221861801,552,1.9569839310386907,False
1642,0.00025429352916002504,41,1.2879092664253422,False
1643,0.0024064851052217006,388,0.9984485083019611,False
1644,0.009632142702085827,1553,0.7093743002192098,False
1645,0.0009861627106449752,159,1.5521693724506307,False
1646,0.003101140599512501,500,1.0216142888069153,False
1647,0.0002977094975532001,48,1.0821815431118011,False
1648,0.005916976263869851,954,1.348867774134662,False
1649,0.006878329849718727,1109,0.8727317860365129,False
1650,1.2404562398050002e-05,2,2.4550628662109375,False
1651,3.721368719415001e-05,6,1.3240705132484436,False
1652,0.0024623056360129256,397,5.140577651391402,False
1653,0.0036283345014296257,585,2.9147495253473266,False
1654,0.0016436045177416253,265,7.605049162540796,False
1655,0.0002791026539561251,45,1.342594665951199,False
1656,0.0020095391084841005,324,1.1166466503967474,False
1657,0.0023692714180275506,382,1.2149583613061157,False
1658,0.00014265246757757502,23,1.3185364578081213,False
1659,0.0004775756523249251,77,8.71821886223632,False
1660,0.0023506645744304755,379,1.811852016046368,False
1661,0.0065620135085684515,1058,1.228331499153815,False
1662,0.0008000942746742252,129,4.978124890216561,False
1663,1.2404562398050002e-05,2,1.0122690200805664,False
1664,0.0021025733264694755,339,1.1595542100326852,False
1665,0.0010729946474313252,173,1.743374976808625,False
1666,0.0061402583870347515,990,0.8931795153955017,False
1667,0.0013769064261835503,222,0.8540783728565182,False
1668,0.0020591573580763006,332,2.4450743255845033,False
1669,0.003429861503060826,553,0.9860937996324536,False
1670,0.0052781413003702765,851,0.9271857508761342,False
1671,0.0011784334278147502,190,3.5221054610453155,False
1672,1.2404562398050002e-05,2,0.9617099761962891,False
1673,0.0021087756076685004,340,1.8614985437954172,False
1674,0.0004093505591356501,66,6.188677802230373,False
1675,0.0025057216044061005,404,1.406665294477255,False
1676,0.003888830311788676,627,0.8721429571580659,False
1677,0.0031259497243086008,504,0.7821532972748317,False
1678,0.0022452257940470503,362,1.112860927265652,False
1679,0.0021273824512655754,343,1.642208929312125,False
1680,0.0005520030267132251,89,2.6143480753630737,False
1681,0.0002480912479610001,40,1.1626371413469314,False
1682,0.00017366387357270005,28,7.576127269438335,False
1683,0.0021583938572607006,348,1.3714412224703822,False
1684,0.0024188896676197507,390,1.756145248657618,False
1685,0.012485192053637328,2013,0.8784174300874577,False
1686,0.0014513338005718503,234,3.36860958327595,False
1687,6.822509318927501e-05,11,1.8463467793031172,False
1688,0.0011412197406206002,184,1.438583467317664,False
1689,0.04314306802041791,6956,1.17153947774263,False
1690,0.0033988500970657007,548,3.048145898937309,False
1691,0.0008559148054654502,138,1.5180788437525432,False
1692,0.0006388349634995752,103,1.4748811559769714,False
1693,0.010122122916808802,1632,1.271256301771192,False
1694,0.0021707984196587503,350,5.587478130885533,False
1695,0.003026713225124201,488,0.9697766797464402,False
1696,4.961824959220001e-05,8,0.8830737769603729,False
1697,0.0015939862681494253,257,4.352538739660835,False
1698,0.0024436987924158506,394,1.2871624969588924,False
1699,0.0007194646190869002,116,4.132942072276411,False
1700,0.0020095391084841005,324,1.207579024044084,False
1701,0.00031631634115027505,51,8.761455059051514,False
1702,0.00035353002834442507,57,3.9648704026874744,False
1703,0.0004961824959220001,80,1.265846812725067,False
1704,0.0027352060087700255,441,1.0262117888651738,False
1705,0.003367838691070576,543,1.0505765349386367,False
1706,0.0008373079618683752,135,1.396376410237065,False
1707,0.15391581023500445,24816,0.8888408481344571,False
1708,0.0023134508872363255,373,2.028459834349379,False
1709,0.0024685079172119505,398,1.1826852410282922,False
1710,0.0010481855226352253,169,1.5109949866695518,False
1711,0.0025491375727992754,411,2.6793721412510187,False
1712,1.8606843597075006e-05,3,0.8975350459416708,False
1713,0.0012652653646011002,204,1.059460098252577,False
1714,3.721368719415001e-05,6,10.18077007929484,False
1715,0.0007566783062810502,122,1.5200022732625242,False
1716,0.007790065185975401,1256,0.8421596098857321,False
1717,0.00025429352916002504,41,7.649126881506385,False
1718,0.0017366387357270004,280,2.2711076642785755,False
1719,0.0016808182049357753,271,1.5144861457092735,False
1720,0.0027041946027749008,436,4.0277318249055005,False
1721,0.0024499010736148755,395,1.853498463087444,False
1722,0.0048005656480453514,774,0.9866450559877302,False
1723,0.0007442737438830002,120,1.7939427942037582,False
1724,0.0017862569853192003,288,1.2767797638144758,False
1725,0.0013520973013874504,218,1.1843086891218062,False
1726,0.00022948440436392506,37,1.592308988442292,False
1727,0.0017552455793240754,283,2.438654785021455,False
1728,0.0062332926050201265,1005,2.2961973469055708,False
1729,0.005842548889481551,942,1.4866406894793176,False
1730,0.13042156905309774,21028,1.3536668951256956,False
1731,0.011306758625822578,1823,1.5921535230376076,False
1732,0.0019847299836880006,320,1.6815615139901638,False
1733,0.0033802432534686257,545,1.146921598801919,False
1734,0.0021211801700665505,342,1.3674932390625714,False
1735,0.0005520030267132251,89,1.0657083881035279,False
1736,5.582053079122501e-05,9,0.7471201552285088,False
1737,0.0024499010736148755,395,1.0859230445910104,False
1738,0.0012590630834020753,203,5.897145472136624,False
1739,0.0008497125242664252,137,1.3068118695795101,False
1740,0.004006673654570151,646,0.9860086071971031,False
1741,1.2404562398050002e-05,2,1.606220781803131,False
1742,0.003578716251837426,577,1.4506048251272694,False
1743,0.0013272881765913503,214,1.4411456818892576,False
1744,0.00017986615477172505,29,2.072126939378936,False
1745,0.0024747101984109753,399,1.4239061751162498,False
1746,0.0003907437155385751,63,1.196370974419609,False
1747,0.004093505591356501,660,1.2124428416743422,False
1748,0.005135488832792701,828,0.9442479518300669,False
1749,0.0033430295662744756,539,0.8070658646620713,False
1750,0.0015753794245523503,254,1.0975008667923334,False
1751,0.009762390607265352,1574,0.9001652476445238,False
1752,0.003312018160279351,534,1.9971337959114532,False
1753,0.0026421717907846505,426,1.0954811528255122,False
1754,0.0008745216490625251,141,1.7848925201605397,False
1755,0.0022018098256538754,355,1.5212960538729816,False
1756,0.0021459892948626504,346,1.304946046688653,False
1757,0.0026421717907846505,426,3.1130651218790404,False
1758,0.0004527665275288251,73,10.331648844562165,False
1759,0.0003783391531405251,61,4.071881169178447,False
1760,0.0002977094975532001,48,6.895268340905507,False
1761,0.0033430295662744756,539,1.6847621945591715,False
1762,0.0011722311466157253,189,1.4719461366613076,False
1763,1.2404562398050002e-05,2,0.7491707801818848,False
1764,0.0034918843150510757,563,1.3753050521254329,False
1765,0.0022080121068529003,356,1.1091672982392686,False
1766,0.0014327269569747753,231,2.0160082996665656,False
1767,0.0006388349634995752,103,1.4486611641726448,False
1768,0.0024685079172119505,398,1.569472046353709,False
1769,0.00011164106158245002,18,1.9342785875002544,False
1770,5.582053079122501e-05,9,3.0399165550867715,False
1771,0.015660760027538127,2525,9.394032728365152,False
1772,0.0048563861788365765,783,2.4625802265425447,False
1773,0.01788117669678908,2883,1.822337895269986,False
1774,0.0011412197406206002,184,1.7353784053221992,False
1775,0.0032065793798959257,517,0.8210814236672289,False
1776,0.0016622113613387003,268,1.26139424363179,False
1777,6.202281199025002e-05,10,2.390485095977783,False
1778,0.0019475162964938504,314,1.9743476012709793,False
1779,0.0009303421798537502,150,2.319014523824056,False
1780,0.0006636440882956752,107,1.6594256552580362,False
1781,0.007622603593601726,1229,0.8407259103823135,False
1782,0.0007194646190869002,116,7.6773515466986035,False
1783,4.961824959220001e-05,8,7.9429444670677185,False
1784,0.004980431802817076,803,0.748586006805876,False
1785,0.00028530493515515004,46,3.851406957792199,False
1786,0.0016684136425377254,269,0.9910676027319245,False
1787,3.101140599512501e-05,5,7.453346490859985,False
1788,0.0022514280752460756,363,1.4291701848841896,False
1789,0.004465642463298001,720,0.7383610212140613,False
1790,0.0017304364545279755,279,1.285814130178062,False
1791,0.006419361040990877,1035,1.1723728850267936,False
1792,0.0021335847324646007,344,1.5401610860297845,False
1793,0.0004899802147229751,79,2.99818328362477,False
1794,0.0021087756076685004,340,3.5284660023801466,False
1795,0.0018668866409065254,301,1.148828376567245,False
1796,0.0034546706278569257,557,1.850525762277189,False
1797,0.0026793854779788005,432,1.1564796622152682,False
1798,0.0006264304011015251,101,6.858381250117085,False
1799,0.0023134508872363255,373,1.531488389815466,False
1800,9.303421798537502e-05,15,2.3208247343699138,False
1801,0.0004279574027327251,69,1.4242096741994221,False
1802,7.442737438830002e-05,12,1.2223289410273235,False
1803,0.0018482797973094504,298,1.5353882672802714,False
1804,0.0009055330550576502,146,2.029476866330186,False
1805,0.0022638326376441253,365,1.751878117861813,False
1806,0.0019041003281006755,307,1.0193995268414773,False
1807,0.04532006872127568,7307,2.712231650795577,False
1808,0.006996173192500201,1128,0.7149362969905773,False
1809,0.0005085870583200501,82,0.7735900617227321,False
1810,0.0025739466975953757,415,2.8801365151462783,False
1811,0.0005954189951064002,96,2.002458797146877,False
1812,0.0020033368272850756,323,2.4160528773493812,False
1813,5.582053079122501e-05,9,2.409497790866428,False
1814,0.0016746159237367505,270,1.4278006619877286,False
1815,5.582053079122501e-05,9,1.3292753828896418,False
1816,0.011902177620928978,1919,0.7576298109872569,False
1817,0.005817739764685451,938,2.1774651389132176,False
1818,0.0021956075444548506,354,1.8177586787164548,False
1819,0.0020591573580763006,332,1.5386579165975731,False
1820,0.0017242341733289504,278,1.600185353550122,False
1821,0.0005582053079122502,90,1.184186593691508,False
1822,0.004924611272025851,794,1.0286294061230772,False
1823,0.0007380714626839752,119,1.4314101774151586,False
1824,0.0003907437155385751,63,2.419714886044699,False
1825,0.0026545763531827006,428,4.9522147295630985,False
1826,0.003349231847473501,540,1.0494932210003889,False
1827,0.06679856851349926,10770,1.314778898729698,False
1828,0.0021211801700665505,342,2.0883514888105337,False
1829,0.035321991428447386,5695,1.7037731622791374,False
1830,0.0024995193232070756,403,1.4530555255359812,False
1831,0.0020281459520811755,327,1.624548083051629,False
1832,0.0013024790517952502,210,1.0049000092915126,False
1833,0.0020715619204743504,334,1.3909220045912052,False
1834,1.2404562398050002e-05,2,4.708064675331116,False
1835,0.06039781431610546,9738,1.1529177581291958,False
1836,0.0009427467422518002,152,1.1315381040698604,False
1837,0.0035911208142354756,579,1.0658157979474372,False
1838,0.00019847299836880003,32,1.7126845307648182,False
1839,0.0019413140152948255,313,1.8278547822476956,False
1840,0.0022824394812412004,368,1.7060199833434562,False
1841,0.0010916014910284002,176,1.6912123452533374,False
1842,0.0006946554942908002,112,1.306405755026,False
1843,4.961824959220001e-05,8,2.266761541366577,False
1844,0.002760015133566126,445,1.6752895936537324,False
1845,0.0004651710899268751,75,2.0908232227961223,False
1846,0.00016125931117465003,26,2.6417119273772607,False
1847,0.004335394558118476,699,2.3089374711414603,False
1848,0.007883099403960777,1271,0.8276597817613796,False
1849,0.008081572402329576,1303,0.7693645267969631,False
1850,0.0006078235575044501,98,0.9960127849968112,False
1851,0.0004279574027327251,69,10.092007488444231,False
1852,0.0006636440882956752,107,2.8060023684367956,False
1853,0.009228994424149203,1488,0.8932709017748474,False
1854,0.0007752851498781252,125,2.14365598487854,False
1855,0.012615439958816853,2034,0.803286665894875,False
1856,0.0016994250485328503,274,1.4812588709114243,False
1857,0.0025305307292022004,408,6.680281327635634,False
1858,0.005147893395190751,830,3.0118262961686377,False
1859,0.0013210858953923252,213,1.368670105374475,False
1860,0.00011784334278147503,19,1.1740774418178357,False
1861,0.01862545044067208,3003,0.5850129205308038,False
1862,0.02921894672860678,4711,4.8528907887623385,False
1863,0.0034980865962501006,564,1.3506362643224974,False
1864,1.8606843597075006e-05,3,3.8272406260172525,False
1865,0.004329192276919451,698,0.9744849573916897,False
1866,0.0008621170866644752,139,2.385780641500898,False
1867,0.0028282402267554006,456,1.918414954030723,False
1868,0.0018172683913143255,293,0.8924832315575141,False
1869,0.00039694599673760006,64,1.6235722582787275,False
1870,4.341596839317501e-05,7,0.9505151680537632,False
1871,0.0018358752349114005,296,1.8755688107496984,False
1872,2.4809124796100004e-05,4,0.9776154160499573,False
1873,6.202281199025002e-05,10,1.1751725673675537,False
1874,0.018426977442303278,2971,0.8691826726964169,False
1875,0.0028530493515515004,460,0.9964294534662496,False
1876,0.0008435102430674002,136,2.4901913123972275,False
1877,0.0018606843597075004,300,2.176968835989634,False
1878,0.0024561033548139008,396,10.613645950953165,False
1879,0.004552474400084351,734,0.6964728309283139,False
1880,3.721368719415001e-05,6,2.7634938756624856,False
1881,0.010029088698823426,1617,1.3182925989248904,False
1882,0.0024002828240226757,387,4.006301156618182,False
1883,0.0003287209035483251,53,6.09263102288516,False
1884,0.0025739466975953757,415,2.379110327686172,False
1885,0.0018916957657026255,305,1.5679233293064305,False
1886,4.341596839317501e-05,7,2.077420336859567,False
1887,4.961824959220001e-05,8,1.3164729326963425,False
1888,0.05343265252960039,8615,0.8346495661013222,False
1889,0.010339202758774677,1667,0.8742265043390248,False
1890,0.0025119238856051254,405,1.430113798895,False
1891,0.0003411254659463751,55,1.3409309994090688,False
1892,0.0037957960938033008,612,1.6463901406409693,False
1893,0.0012776699269991503,206,1.503513573442848,False
1894,0.0004403619651307751,71,1.0735532162894665,False
1895,0.003826807499798426,617,1.0560470160634243,False
1896,0.0029584881319349257,477,0.9219441183957914,False
1897,0.0002791026539561251,45,1.760165203942193,False
1898,0.0018482797973094504,298,1.3084990290187348,False
1899,6.822509318927501e-05,11,1.9638312296433882,False
1900,0.0020343482332802003,328,2.434756487244513,False
1901,0.0017862569853192003,288,2.0035454378359847,False
1902,0.0014637383629699002,236,3.7853767977932753,False
1903,0.0030391177875222506,490,1.0190892287663051,False
1904,0.003504288877449126,565,1.1360036474413577,False
1905,0.0023072486060373007,372,3.166533225326128,False
1906,0.0009241398986547252,149,1.4923817263353591,False
1907,0.02787925398961738,4495,1.9012794634656727,False
1908,0.004298180870924326,693,1.236176101332275,False
1909,0.00025429352916002504,41,14.460677490001771,False
1910,0.0014203223945767254,229,1.0910601366034762,False
1911,0.0023692714180275506,382,1.2123741972508855,False
1912,0.0023010463248382754,371,7.289772475183492,False
1913,0.00039694599673760006,64,1.3476813156157732,False
1914,0.005166500238787826,833,1.0642086844198129,False
1915,0.007945122215951027,1281,0.9656450240338434,False
1916,0.0003721368719415001,60,1.9008808135986328,False
1917,0.003715166438215976,599,2.024293034223961,False
1918,0.0008807239302615502,142,1.0604044727876152,False
1919,0.00016125931117465003,26,1.916684742157276,False
1920,0.0018482797973094504,298,1.3215559540979014,False
1921,0.0023320577308334005,376,1.3303302063586864,False
1922,0.02051094392517568,3307,0.7035645783974895,False
1923,0.0022948440436392505,370,1.6043774782000362,False
1924,0.0026917900403768506,434,1.3279321138759912,False
1925,0.0026917900403768506,434,1.819405354662425,False
1926,0.0026173626659885506,422,3.6806311646908947,False
1927,9.303421798537502e-05,15,11.699168586730957,False
1928,0.0007008577754898252,113,1.241944359467093,False
1929,0.003386445534667651,546,1.424243620027116,False
1930,0.009495692515707277,1531,0.8982191428415609,False
1931,0.006468979290583076,1043,0.8167508930853663,False
1932,0.0022576303564451005,364,2.621172783466486,False
1933,0.0009117353362566752,147,0.8922786931602322,False
1934,0.009905043074842928,1597,0.7650319985023647,False
1935,0.0009861627106449752,159,1.4677330173036587,False
1936,0.0018420775161104254,297,1.945682052008632,False
1937,0.0020963710452704507,338,1.4275152662096644,False
1938,0.0028530493515515004,460,3.552581750828287,False
1939,0.0024250919488187756,391,0.9881395427772152,False
1940,0.003981864529774051,642,1.7629895772889397,False
1941,0.005619266766316651,906,2.6347829082417435,False
1942,0.0004093505591356501,66,3.2456940024188072,False
1943,0.00011164106158245002,18,8.545386069350773,False
1944,0.0053153549875644265,857,1.0126042253356276,False
1945,3.721368719415001e-05,6,8.638576924800873,False
1946,0.005166500238787826,833,1.143128289466574,False
1947,0.0021956075444548506,354,2.049198797867123,False
1948,0.0019909322648870255,321,1.2975663700579112,False
1949,0.011784334278147502,1900,2.023367984420375,False
1950,0.0014637383629699002,236,0.9629086559101686,False
1951,0.0007628805874800752,123,7.325395055902683,False
1952,0.0010791969286303503,174,4.341703807485515,False
1953,0.0012590630834020753,203,1.4577425424688555,False
1954,0.00015505702997562504,25,2.6520743560791016,False
1955,0.0037957960938033008,612,2.5305040648170545,False
1956,0.0004031482779366251,65,1.4671166731761052,False
1957,0.0020405505144792256,329,2.414923655950552,False
1958,0.0007876897122761752,127,1.765777237772003,False
1959,0.0004465642463298001,72,1.29775004585584,False
1960,0.0012280516774069504,198,1.028786812767838,False
1961,0.0011784334278147502,190,5.167441748945337,False
1962,0.0019413140152948255,313,1.063930662295308,False
1963,0.0024685079172119505,398,1.0369146325480398,False
1964,0.0035353002834442506,570,1.0901164075784515,False
1965,0.0028220379455563757,455,2.9373425216465208,False
1966,0.0006636440882956752,107,7.083167898320706,False
1967,0.0002480912479610001,40,7.906896451115609,False
1968,0.0017986615477172505,290,1.339050450818292,False
1969,0.0015505702997562505,250,1.4276056532859802,False
1970,0.0022514280752460756,363,2.6025291592621604,False
1971,0.0005892167139073751,95,2.3452220339524117,False
1972,0.0004713733711259001,76,1.2295104108358685,False
1973,0.004695126867661926,757,1.0448127151952866,False
1974,0.0062332926050201265,1005,0.8966993993787623,False
1975,0.0007132623378878751,115,5.955420731461566,False
1976,0.0014203223945767254,229,1.7406546528162394,False
1977,0.0009551513046498502,154,4.594748345288363,False
1978,0.005061061458404401,816,1.710245595258825,False
1979,0.0019847299836880006,320,1.248595966398716,False
1980,0.0013707041449845254,221,1.7894958004153152,False
1981,0.002989499537930051,482,1.0124244301645589,False
1982,0.0011970402714118252,193,1.019696062092954,False
1983,0.003975662248575026,641,2.091089835404978,False
1984,0.0024499010736148755,395,1.4273080475722688,False
1985,0.004000471373371126,645,0.8143268814382627,False
1986,0.0006822509318927502,110,0.8767721631310202,False
1987,0.004260967183730176,687,1.3452268314847433,False
1988,0.0027910265395612506,450,1.5949521708488463,False
1989,0.00013645018637855003,22,3.7475205768238413,False
1990,0.0031383542867066505,506,2.3753284036877598,False
1991,0.004267169464929201,688,1.0129119781560676,False
1992,0.0006512395258976251,105,1.9836159774235316,False
1993,0.0006946554942908002,112,1.2006162479519844,False
1994,0.0003907437155385751,63,2.331589626887488,False
1995,0.005879762576675701,948,0.917212258914352,False
1996,0.0008869262114605752,143,2.680174883428987,False
1997,0.006531002102573327,1053,0.9081056346694062,False
1998,0.00019847299836880003,32,2.130477786064148,False
1999,0.0014017155509796504,226,1.0607422157726456,False
2000,0.008025751871538351,1294,1.397839229110588,False
2001,0.0013831087073825753,223,1.2873524240314158,False
2002,0.00023568668556295006,38,4.29206790735847,False
2003,0.00010543878038342502,17,1.597591428195729,False
2004,0.0025181261668041507,406,1.2182001586030857,False
2005,0.0023506645744304755,379,1.4108350994089978,False
2006,0.0023940805428236504,386,3.5355723061709825,False
2007,0.008596361741848652,1386,1.0360645642356268,False
2008,0.003969459967376001,640,3.036761663481593,False
2009,0.005526232548331276,891,0.8926091402869434,False
2010,0.0018234706725133503,294,0.8844149035661399,False
2011,0.010004279574027327,1613,1.215944861301486,False
2012,0.008317259087892527,1341,1.2167226334812924,False
2013,0.007988538184344201,1288,0.8140079353166663,False
2014,0.0017614478605231004,284,1.0080581743952255,False
2015,0.007783862904776377,1255,0.9426291537949764,False
2016,0.005178904801185876,835,0.7410446018515947,False
2017,0.0002480912479610001,40,12.205834120512009,False
2018,0.0034546706278569257,557,3.510626066950964,False
2019,0.0020281459520811755,327,2.896436937358401,False
2020,0.003460872909055951,558,0.939296837775938,False
2021,0.0022948440436392505,370,1.4837296653438259,False
2022,0.0010233763978391252,165,1.5769275658058397,False
2023,0.0006636440882956752,107,1.715073496381813,False
2024,0.0008187011182713002,132,1.3449909714135257,False
2025,7.442737438830002e-05,12,2.1697836816310883,False
2026,0.0028530493515515004,460,1.1108016179955524,False
2027,0.0015753794245523503,254,1.5224952660207673,False
2028,0.0024188896676197507,390,1.8449033544613764,False
2029,0.018687473252662328,3013,0.889667442578475,False
2030,0.0018668866409065254,301,0.9184677616702361,False
2031,0.00011164106158245002,18,2.387819766998291,False
2032,0.049767104340976615,8024,0.8531187861890402,False
2033,0.00039694599673760006,64,1.696329738944769,False
2034,0.006400754197393802,1032,1.0011352125064348,False
2035,0.003969459967376001,640,0.8271408908069133,False
2036,0.0011660288654167003,188,1.6249264009455417,False
2037,0.0019847299836880006,320,1.4739303462207318,False
2038,0.0007442737438830002,120,1.517404462893804,False
2039,0.0034174569406627757,551,4.071463251286972,False
2040,0.04456959269619366,7186,0.9525179758132948,False
2041,0.003671750469822801,592,0.991779508622917,False
2042,0.0028964653199446758,467,1.296835713519274,False
2043,0.0009799604294459501,158,1.347112446646147,False
2044,0.0017490432981250503,282,5.109999880300346,False
2045,0.0025429352916002505,410,1.1407694991041974,False
2046,0.0007628805874800752,123,1.5438601098409512,False
2047,0.0003473277471454001,56,1.3950874294553484,False
2048,0.0025987558223914756,419,1.7626347940121745,False
2049,0.0036469413450267007,588,1.2059267882992621,False
2050,0.0005706098703103001,92,6.965435199115587,False
2051,0.02075903517313668,3347,1.5176309928062035,False
2052,0.029014271449038957,4678,5.1800885732584705,False
2053,0.003969459967376001,640,1.1150995034724474,False
2054,0.0017614478605231004,284,2.134393850682487,False
2055,0.0027538128523671005,444,1.1456487815122347,False
2056,0.005619266766316651,906,0.8098304845376256,False
2057,0.0029957018191290757,483,3.415816792790194,False
2058,0.0003907437155385751,63,4.817298573160929,False
2059,0.0025305307292022004,408,1.5444263330861634,False
2060,0.0021707984196587503,350,2.4012300648008074,False
2061,0.0037027618758179257,597,1.2225040029640772,False
2062,0.0011598265842176752,187,5.707925403819365,False
2063,0.0020405505144792256,329,0.9430800462566248,False
2064,0.005799132921088376,935,1.111521060964003,False
2065,0.00031631634115027505,51,6.706192021276436,False
2066,0.0018668866409065254,301,4.146635140295441,False
2067,0.006109246981039627,985,1.3999371981257716,False
2068,0.0030205109439251756,487,0.8695079521476855,False
2069,0.0002480912479610001,40,1.663292333483696,False
2070,0.00013024790517952503,21,2.347214766911098,False
2071,0.010822980692298628,1745,0.9204930652520035,False
2072,0.00021087756076685005,34,1.51264391225927,False
2073,0.0017614478605231004,284,2.299203136437376,False
2074,0.0007814874310771502,126,1.2384834403083438,False
2075,0.04789401541887106,7722,0.8393785061227383,False
2076,0.0008435102430674002,136,2.0821777704884026,False
2077,5.582053079122501e-05,9,1.4000253015094333,False
2078,0.003386445534667651,546,0.6484703738174159,False
2079,0.0008745216490625251,141,0.9280308138394187,False
2080,0.0023258554496343757,375,1.3431925357182821,False
2081,0.0028840607575466256,465,1.4327536131746026,False
2082,0.007120218816480702,1148,1.7027973605365287,False
2083,0.0005582053079122502,90,1.0123233662711248,False
2084,0.0013210858953923252,213,3.5142829048801474,False
2085,0.02510063201245418,4047,1.5016273562631874,False
2086,0.0006264304011015251,101,13.936238869582072,False
2087,0.0022328212316490006,360,1.4430300457610024,False
2088,0.0029646904131339505,478,0.718247956810636,False
2089,0.0017366387357270004,280,1.7333618819713592,False
2090,0.0006760486506937252,109,8.199144292315212,False
2091,0.0021770007008577756,351,2.006864160554022,False
2092,0.009241398986547252,1490,0.9155057100641647,False
2093,0.0003721368719415001,60,0.9503810902436575,False
2094,0.004062494185361376,655,1.7097821996412204,False
2095,0.0003411254659463751,55,1.3874154481020842,False
2096,0.00012404562398050004,20,5.51233434677124,False
2097,0.007355905502043652,1186,0.7362873268770729,False
2098,0.0003473277471454001,56,3.0137785183531896,False
2099,0.0007938919934752001,128,2.8121385350823402,False
2100,0.00019847299836880003,32,5.193373508751392,False
2101,0.003851616624594526,621,2.4770977689064257,False
2102,0.0017552455793240754,283,0.981940043688663,False
2103,0.0022018098256538754,355,1.3002077807842847,False
2104,9.303421798537502e-05,15,2.1251716136932375,False
2105,0.0013769064261835503,222,2.2042139768600464,False
2106,0.0018358752349114005,296,0.9687300042526142,False
2107,0.0019289094528967753,311,2.2241626728769286,False
2108,0.0020839664828724005,336,4.663348469351019,False
2109,0.0007442737438830002,120,2.4587206562360127,False
2110,0.0019971345460860503,322,1.7300597277487286,False
2111,0.00011784334278147503,19,2.0996466059433785,False
2112,2.4809124796100004e-05,4,2.480761379003525,False
2113,0.009067735112974552,1462,1.080864616033969,False
2114,0.0009117353362566752,147,0.9781275468618691,False
2115,0.004254764902531151,686,1.1956963653814687,False
2116,0.0025367330104012257,409,1.1489939981101487,False
2117,0.013936525854209177,2247,0.7225968259464225,False
2118,0.0005333961831161502,86,2.2423388486684757,False
2119,8.062965558732502e-05,13,1.131278863319984,False
2120,0.00031631634115027505,51,1.609045426050822,False
2121,0.005284343581569301,852,0.8441468175028412,False
2122,0.0024436987924158506,394,1.3616840851488452,False
2123,0.0024685079172119505,398,1.4362991634924807,False
2124,0.0015195588937611253,245,1.471128460825706,False
2125,0.0011598265842176752,187,1.1621051810004495,False
2126,0.003882628030589651,626,0.8597953475702304,False
2127,0.02032487548920493,3277,0.6886745816074495,False
2128,0.003622132220230601,584,1.5139704703876418,False
2129,0.0013645018637855003,220,0.8754402783783999,False
2130,0.0,0,0.0,True
2131,0.03764784687808176,6070,0.7877439445483037,False
2132,0.004335394558118476,699,0.9371748557247659,False
2133,0.0004713733711259001,76,1.6757581030067645,False
2134,0.0007256669002859252,117,4.578427818086412,False
2135,5.582053079122501e-05,9,3.4868590037027993,False
2136,0.0014265246757757502,230,1.2900313346282295,False
2137,0.0033616364098715506,542,1.3657441095232523,False
2138,0.0021025733264694755,339,3.951057785731853,False
2139,0.0003597323095434501,58,1.4846727704179699,False
2140,0.003671750469822801,592,1.987402640484475,False
2141,0.0020219436708821506,326,1.3173373725516664,False
2142,0.003752380125410126,605,2.185635629764273,False
2143,0.0023816759804256007,384,2.046960012987256,False
2144,0.003615929939031576,583,1.3131510246270313,False
2145,0.00016746159237367503,27,6.899110273078636,False
2146,0.003615929939031576,583,1.1701985499462173,False
2147,0.015666962308737153,2526,0.8639753965376298,False
2148,0.0065247998213743014,1052,0.8183492943361231,False
2149,0.0005582053079122502,90,1.563353012667762,False
2150,6.202281199025001e-06,1,1.9834489822387695,False
2151,0.0009861627106449752,159,1.116959123491491,False
2152,0.0004031482779366251,65,4.951051524969247,False
2153,0.0023196531684353504,374,2.158279659913823,False
2154,0.0021149778888675257,341,1.6812775100081547,False
2155,0.0024871147608090255,401,1.4902849179550894,False
2156,0.0014327269569747753,231,1.0227703604347262,False
2157,0.0017552455793240754,283,2.7701160789799775,False
2158,0.0013024790517952502,210,5.988685762882232,False
2159,0.00015505702997562504,25,6.381869282722473,False
2160,0.0018792912033045754,303,1.71335237844549,False
2161,4.961824959220001e-05,8,4.58384370803833,False
2162,0.0018296729537123754,295,1.2892996577893274,False
2163,0.0027352060087700255,441,2.723473943820616,False
2164,0.0004465642463298001,72,5.011793197857009,False
2165,0.0033244227226774006,536,0.8721622504405121,False
2166,0.0060844378562435264,981,0.8674828921132375,False
2167,0.0022080121068529003,356,1.2579790902941415,False
2168,0.03530338458485031,5692,0.7043259701758979,False
2169,0.0019351117340958004,312,1.5500080982844036,False
2170,0.006425563322189901,1036,1.193037920476847,False
2171,0.005197511644782951,838,0.9811026714297638,False
2172,0.006307719979408427,1017,1.78828882913205,False
2173,0.00019847299836880003,32,8.215402595698833,False
2174,0.004825374772841451,778,0.6840388327453927,False
2175,0.0036283345014296257,585,0.9251915793133597,False
2176,0.008782430177819402,1416,15.480317051548742,False
2177,0.0021832029820568004,352,1.7256230888041584,False
2178,0.0008745216490625251,141,1.5168504275328725,False
2179,0.00012404562398050004,20,1.9453564643859864,False
2180,0.0002977094975532001,48,7.318014492591222,False
2181,0.0012094448338098754,195,3.3075038861005734,False
2182,0.013254274922316428,2137,1.0455078818723316,False
2183,0.00014885474877660004,24,12.769175211588541,False
2184,0.00013024790517952503,21,7.21881677990868,False
2185,0.016076312867872804,2592,1.959594691241229,False
2186,0.0005395984643151751,87,1.1264596478692417,False
2187,0.0014823452065669753,239,1.2680339758366221,False
2188,0.004248562621332126,685,1.9140889305267892,False
2189,0.0025491375727992754,411,1.9327603358131835,False
2190,6.202281199025002e-05,10,4.3610755681991575,False
2191,6.822509318927501e-05,11,1.076439088041132,False
2192,0.00015505702997562504,25,1.5601090431213378,False
2193,0.0018668866409065254,301,1.6841320231111343,False
2194,0.003144556567905676,507,0.8925931129229845,False
2195,0.0021087756076685004,340,0.8332997413242564,False
2196,0.014860665752863903,2396,0.5902732982858394,False
2197,0.008304854525494476,1339,0.8775722141849897,False
2198,0.0011598265842176752,187,1.554722562830716,False
2199,0.007306287252451452,1178,0.9937091198558516,False
2200,0.003584918533036451,578,0.7611366603201236,False
2201,0.0005395984643151751,87,2.035091591977525,False
2202,0.003467075190254976,559,1.468867881140257,False
2203,0.0015257611749601504,246,1.2345903084530094,False
2204,0.004763351960851201,768,0.9070029382904371,False
2205,0.003814402937400376,615,1.1394621174509931,False
2206,0.008366877337484728,1349,1.1837943187017985,False
2207,3.721368719415001e-05,6,2.309314250946045,False
2208,0.0065434066649713764,1055,2.9816654205322264,False
2209,0.003963257686176976,639,1.0406285854572421,False
2210,0.003392647815866676,547,2.119549559500797,False
2211,0.04053190763562838,6535,1.937830070840008,False
2212,0.0024499010736148755,395,1.7345345361323297,False
2213,0.0006574418070966502,106,1.808109901986032,False
2214,0.00018606843597075004,30,20.82780564626058,False
2215,3.101140599512501e-05,5,2.767061233520508,False
2216,0.00010543878038342502,17,1.7707842798794018,False
2217,0.00021707984196587504,35,2.4618197577340264,False
2218,0.0009613535858488752,155,6.386805104440258,False
2219,0.0043043831521233505,694,4.526230313077097,False
2220,0.0015071543313630753,243,1.7685910036534438,False
2221,0.010432236976760052,1682,1.2361377934071454,False
2222,7.442737438830002e-05,12,2.010315924882889,False
2223,0.0025863512599934254,417,0.8197740250640064,False
2224,0.00013645018637855003,22,1.6604543382471257,False
2225,0.0022824394812412004,368,4.95394708280978,False
2226,0.0028902630387456505,466,1.5273350270009347,False
2227,0.0002666980915580751,43,2.512307785278143,False
2228,0.0021894052632558253,353,1.959157645195807,False
2229,0.0014451315193728252,233,6.048578283817472,False
2230,0.0019103026092997003,308,1.703058291178245,False
2231,0.0007938919934752001,128,1.7457766998559237,False
2232,0.006301517698209401,1016,1.5432604992483545,False
2233,0.0011908379902128004,192,1.1361578193803628,False
2234,0.0012590630834020753,203,5.417599052631209,False
2235,0.0007256669002859252,117,8.017036990222769,False
2236,0.0014885474877660003,240,0.9444734131296476,False
2237,0.0009737581482469252,157,1.3618516633465032,False
2238,0.0016187953929455254,261,1.5187152016665286,False
2239,0.0011970402714118252,193,1.4283197506721774,False
2240,0.00036593459074247506,59,2.5658439175557284,False
2241,0.0015691771433533252,253,4.358006979165812,False
2242,0.0007690828686791001,124,1.4655322394063395,False
2243,0.009241398986547252,1490,0.961074639966824,False
2244,2.4809124796100004e-05,4,1.529045581817627,False
2245,0.0004217551215337001,68,2.0076808228212246,False
2246,0.007796267467174427,1257,1.571151340396611,False
2247,0.004118314716152601,664,0.8576656220907188,False
2248,3.101140599512501e-05,5,1.1040700674057007,False
2249,0.0009303421798537502,150,4.232486521402995,False
2250,0.0026793854779788005,432,1.0802841070625517,False
2251,0.0007132623378878751,115,6.177892759571905,False
2252,0.0013831087073825753,223,1.1596758825361997,False
2253,0.06827471143886722,11008,5.56915180073228,False
2254,0.0019971345460860503,322,1.7448897928184604,False
2255,0.005501423423535177,887,1.0831236586629873,False
2256,0.005054859177205376,815,0.6418893386981238,False
2257,0.0005209916207181001,84,6.780248122555869,False
2258,0.0009241398986547252,149,1.2613794875624995,False
2259,4.341596839317501e-05,7,1.9099785940987724,False
2260,0.0005209916207181001,84,1.208020847468149,False
2261,0.03246894207689588,5235,1.0690775524237777,False
2262,0.0002977094975532001,48,1.277259220679601,False
2263,0.002952285850735901,476,1.3229390462907422,False
2264,0.0007318691814849501,118,5.564803132566355,False
2265,0.0010978037722274253,177,1.182237202164817,False
2266,0.0005954189951064002,96,11.51706408088406,False
2267,0.0010233763978391252,165,4.699807197397406,False
2268,0.00015505702997562504,25,8.478614382743835,False
2269,0.0011040060534264502,178,1.1605276030101133,False
2270,0.0021335847324646007,344,1.3012190135412438,False
2271,0.0011598265842176752,187,1.2325174776628056,False
2272,0.010605900850332752,1710,0.9082931814137956,False
2273,0.006791497912932377,1095,1.2113861509654076,False
2274,0.00016746159237367503,27,3.1425884079050133,False
2275,0.0010605900850332753,171,0.9906550875881261,False
2276,0.0020529550768772753,331,5.082528194271906,False
2277,0.013186049829127152,2126,1.1297741762782085,False
2278,0.005594457641520552,902,1.6813921859682002,False
2279,0.007374512345640727,1189,2.336484098955801,False
2280,0.015437477904373229,2489,0.5910711142853016,False
2281,0.00027290037275710005,44,10.252356258305637,False
2282,0.0010729946474313252,173,1.250215314716273,False
2283,9.303421798537502e-05,15,1.8403346220652261,False
2284,0.0009303421798537502,150,1.539511450926463,False
2285,0.010760957880308378,1735,0.8098935042059731,False
2286,0.012683665052006127,2045,1.7056231696914637,False
2287,0.0004465642463298001,72,1.4836248755455017,False
2288,0.00017986615477172505,29,1.3334808801782543,False
2289,0.0015381657373582003,248,0.9736445526922902,False
2290,0.023705118742673555,3822,1.5877123882108057,False
2291,0.0030143086627261507,486,0.8279198260954869,False
2292,0.0008000942746742252,129,1.3372123084327048,False
2293,0.0014823452065669753,239,1.4903918110675891,False
2294,0.0021583938572607006,348,1.3823292498615967,False
2295,0.0008311056806693502,134,2.049887642931582,False
2296,0.0015877839869504003,256,3.6189899179153144,False
2297,0.0004899802147229751,79,1.4306241922740695,False
2298,0.005489018861137126,885,3.7834438342832577,False
2299,0.00017986615477172505,29,1.5397797247459148,False
2300,0.00013024790517952503,21,2.6910915828886486,False
2301,0.003008106381527126,485,3.034417855370905,False
2302,0.0019227071716977505,310,1.5127071542124595,False
2303,0.007541973938014402,1216,0.6996776665511885,False
2304,0.003864021186992576,623,0.9297811223454115,False
2305,0.0012528608022030503,202,3.555871863176327,False
2306,0.004899802147229751,790,0.8669629036625729,False
2307,0.0017366387357270004,280,1.584225225022861,False
2308,0.017329173670075852,2794,1.302993110869728,False
2309,0.0018234706725133503,294,1.2862310612282786,False
2310,0.0035353002834442506,570,1.3104958801938777,False
2311,0.0025305307292022004,408,1.4909321502143262,False
2312,0.0015567725809552753,251,1.1086718290450563,False
2313,0.00018606843597075004,30,3.0809987862904866,False
2314,0.0023630691368285257,381,1.0772860882476245,False
2315,1.8606843597075006e-05,3,0.6659686168034872,False
2316,0.002797228820760276,451,1.2582844337180026,False
2317,3.101140599512501e-05,5,5.084407043457031,False
2318,0.0005582053079122502,90,1.4217024935616387,False
2319,0.006896936693315802,1112,1.0489959322291313,False
2320,0.008007145027941276,1291,1.149072397226146,False
2321,0.00027290037275710005,44,2.0719515599987726,False
2322,0.008267640838300326,1333,0.7296859021483734,False
2323,0.0024374965112168257,393,2.1311249563105537,False
2324,0.00020467527956782505,33,1.3308826793323865,False
2325,0.0023382600120324254,377,1.9262359597638685,False
2326,0.002760015133566126,445,1.091295684857315,False
2327,0.0020281459520811755,327,1.3377447850113615,False
2328,0.00024188896676197505,39,1.1663848925859501,False
2329,0.0004217551215337001,68,9.2066111108836,False
2330,0.010729946474313252,1730,0.8036052794814799,False
2331,0.0018234706725133503,294,1.453234994898037,False
2332,0.0023382600120324254,377,1.286909032563632,False
2333,0.004862588460035601,784,1.3178948065151974,False
2334,0.0002791026539561251,45,4.378456237581041,False
2335,0.0015753794245523503,254,1.7833374992130309,False
2336,0.005073466020802451,818,1.1368225979047184,False
2337,0.0018234706725133503,294,2.0793195922358505,False
2338,6.822509318927501e-05,11,1.6399775418368252,False
2339,0.0026049581035905004,420,2.4628448304675876,False
2340,0.010277179946784428,1657,1.0512485814943469,False
2341,0.0015815817057513754,255,1.07826811986811,False
2342,0.0006326326823005501,102,1.7945693742995168,False
2343,0.0017242341733289504,278,0.9159403687758412,False
2344,0.0026607786343817255,429,1.953401770625081,False
2345,0.00016125931117465003,26,1.383939999800462,False
2346,0.00016746159237367503,27,1.8172709941864014,False
2347,0.0015195588937611253,245,1.2390360287257602,False
2348,0.0017924592665182254,289,6.2272991651482235,False
2349,0.00019227071716977504,31,3.442985023221662,False
2350,0.0013707041449845254,221,1.3159087847800277,False
2351,0.0020529550768772753,331,1.8144003696672146,False
2352,0.0020157413896831253,325,1.2905390607393705,False
2353,0.0028406447891534507,458,3.2298641413059817,False
2354,0.0022266189504499753,359,2.790183468781474,False
2355,0.0052595344567732015,848,0.6988868442065311,False
2356,0.0004589688087278501,74,1.0413265228271484,False
2357,0.0023692714180275506,382,1.3693508081411192,False
2358,0.00026049581035905006,42,1.340761247135344,False
2359,0.0022142143880519256,357,1.564644470268271,False
2360,0.0,0,0.0,True
2361,0.0009613535858488752,155,1.0057486718700779,False
2362,0.0024809124796100006,400,1.6448384675383567,False
2363,2.4809124796100004e-05,4,5.017929166555405,False
2364,0.0013396927389894002,216,0.976699059760129,False
2365,3.721368719415001e-05,6,1.3497387170791626,False
2366,2.4809124796100004e-05,4,26.10837411880493,False
2367,0.0014451315193728252,233,1.059677835186152,False
2368,0.004019078216968201,648,0.7778354147334158,False
2369,0.010022886417624402,1616,0.623599109083119,False
2370,0.0037771892502062258,609,1.3201814253733468,False
2371,0.004143123840948701,668,1.2231140179548434,False
2372,0.00022328212316490004,36,1.3958119816250272,False
2373,0.0020839664828724005,336,1.4299037967409407,False
2374,0.004205146652938951,678,2.583226460271177,False
2375,0.0004527665275288251,73,3.1482954531499785,False
2376,3.101140599512501e-05,5,2.2107258319854735,False
2377,8.062965558732502e-05,13,4.2227113613715535,False
2378,0.0036283345014296257,585,2.3369497843277762,False
2379,0.005197511644782951,838,1.0888575223010024,False
2380,0.0024188896676197507,390,1.950796535076239,False
2381,0.0006760486506937252,109,0.9840287987245332,False
2382,6.202281199025002e-05,10,1.5259323000907898,False
2383,9.923649918440002e-05,16,1.5405732095241547,False
2384,3.101140599512501e-05,5,1.2906558513641357,False
2385,0.0024374965112168257,393,0.9735050368248355,False
2386,0.004788161085647301,772,0.9902810397234605,False
2387,0.0004961824959220001,80,1.3140525579452516,False
2388,0.009849222544051702,1588,0.7574312260529257,False
2389,0.0008435102430674002,136,2.1701517210287204,False
2390,0.009340635485731653,1506,1.3087790693103238,False
2391,0.003733773281813051,602,1.5274574554639797,False
2392,0.0023134508872363255,373,1.2916881692952829,False
2393,0.0020901687640714254,337,1.2736021290900799,False
2394,0.006109246981039627,985,1.258051977786921,False
2395,0.0019289094528967753,311,2.6837775960229218,False
2396,0.007728042373985152,1246,0.701759434817882,False
2397,0.012739485582797352,2054,1.1611159473454475,False
2398,0.0014203223945767254,229,1.056941589413772,False
2399,0.00021087756076685005,34,1.5912579578511856,False
2400,0.003448468346657901,556,1.865691350732776,False
2401,0.0026297672283866007,424,1.107701984216582,False
2402,0.0031941748174978755,515,0.816204592325155,False
2403,0.0020405505144792256,329,5.1554411602600005,False
2404,0.009247601267746278,1491,0.718646588060058,False
2405,0.015530512122358604,2504,0.8116224710933697,False
2406,0.00018606843597075004,30,3.04280374844869,False
2407,0.0019723254212899504,318,1.5966620613943856,False
2408,0.0025367330104012257,409,1.3371831443898543,False
2409,0.0029646904131339505,478,0.9918431886569227,False
2410,0.0020281459520811755,327,2.165228738697297,False
2411,0.006611631758160651,1066,0.9322464944721387,False
2412,0.0021770007008577756,351,1.590829110553122,False
2413,0.003578716251837426,577,1.0554113916962358,False
2414,0.0018606843597075004,300,1.9075545716285705,False
2415,0.003981864529774051,642,1.5961957624025433,False
2416,0.002760015133566126,445,1.9581397206595774,False
2417,0.0020343482332802003,328,1.1291640226433917,False
2418,6.822509318927501e-05,11,1.3609168096022173,False
2419,0.0021459892948626504,346,0.9643263637675026,False
2420,0.0017490432981250503,282,3.553841340626385,False
2421,0.0009551513046498502,154,3.8035400951063476,False
2422,0.0004713733711259001,76,0.9512915234816702,False
2423,0.0011226128970235252,181,1.2893763392011106,False
2424,0.0011722311466157253,189,2.4685868510493525,False
2425,0.016522877114202604,2664,0.7075758958543027,False
2426,0.0035477048458423008,572,1.2128656000107318,False
2427,0.0075171648132183015,1212,1.1268198686857822,False
2428,0.0009365444610527753,151,1.0385499426860683,False
2429,0.0002791026539561251,45,1.157601867781745,False
2430,0.0009799604294459501,158,1.450198254253291,False
2431,0.0029770949755320007,480,1.78177799731493,False
2432,0.0011288151782225502,182,5.452765170034471,False
2433,0.0010419832414362003,168,1.3159182525816417,False
2434,1.8606843597075006e-05,3,2.7082901000976562,False
2435,0.0008311056806693502,134,1.6283022111921168,False
2436,0.0020033368272850756,323,1.3266770182748329,False
2437,0.0018234706725133503,294,0.9273607288899065,False
2438,0.0011598265842176752,187,1.4085729428153624,False
2439,0.0012094448338098754,195,1.9871287627097889,False
2440,0.0006822509318927502,110,6.082317837801846,False
2441,0.0018296729537123754,295,2.3683889639579645,False
2442,0.0017366387357270004,280,1.7139085096972329,False
2443,0.0006326326823005501,102,6.077693153830135,False
2444,0.003522895721046201,568,1.1977423994054257,False
2445,0.014786238378475603,2384,0.7505020997268241,False
2446,0.009210387580552128,1485,3.688304226888149,False
2447,0.0024002828240226757,387,1.4696632706841757,False
2448,0.00029150721635417507,47,1.0364015077022797,False
2449,0.0020405505144792256,329,1.8194814663165246,False
2450,4.961824959220001e-05,8,1.9484498798847198,False
2451,0.0006078235575044501,98,1.6765117998025856,False
2452,0.025956546817919632,4185,1.214106596983177,False
2453,0.0019475162964938504,314,1.0618143058886194,False
2454,0.004496653869293126,725,0.68054212833273,False
2455,0.004074898747759426,657,1.1105326430438316,False
2456,0.0018234706725133503,294,1.7805435645337007,False
2457,0.0019227071716977505,310,4.5050866511560255,False
2458,0.00013645018637855003,22,1.3245896642858332,False
2459,0.003659345907424751,590,0.8471954604326668,False
2460,0.0020653596392753255,333,3.0154122049744063,False
2461,0.0035166934398471756,567,2.1823793731669268,False
2462,0.0014823452065669753,239,0.8205532209643759,False
2463,0.00010543878038342502,17,8.893630757051355,False
2464,0.0020653596392753255,333,1.6343609377428576,False
2465,0.0015381657373582003,248,3.554111077900856,False
2466,0.0023878782616246256,385,3.0963650672466723,False
2467,0.003237590785891051,522,1.4044998710639631,False
2468,0.0004589688087278501,74,7.136658710402411,False
2469,0.00011164106158245002,18,1.6732702255249023,False
2470,0.0034732774714540007,560,1.2067076989582606,False
2471,8.062965558732502e-05,13,1.5635577623660748,False
2472,0.0020467527956782505,330,1.1953709042433536,False
2473,0.0021273824512655754,343,1.1274316724465818,False
2474,0.007368310064441701,1188,1.086058796455563,False
2475,0.011021453690667428,1777,1.0353756495654483,False
2476,0.0066736545701509015,1076,1.1566445800894698,False
2477,5.582053079122501e-05,9,1.8345881832970514,False
2478,0.002778621977163201,448,1.0582072851913316,False
2479,0.004180337528142851,674,0.9324313430474844,False
2480,0.0031879725362988507,514,1.5841317828527222,False
2481,0.00020467527956782505,33,2.5063964850974805,False
2482,0.0023320577308334005,376,1.6455098948580154,False
2483,0.011989009557715327,1933,0.5942639284533536,False
2484,0.007467546563626102,1204,1.4064070204167667,False
2485,8.062965558732502e-05,13,3.271845790056082,False
2486,0.0025677444163963504,414,8.564432441900317,False
2487,0.0004465642463298001,72,7.117269916666879,False
2488,0.02795368136400568,4507,0.9960392549293439,False
2489,0.0030391177875222506,490,1.0269648259999802,False
2490,9.303421798537502e-05,15,0.9059149583180746,False
2491,5.582053079122501e-05,9,0.9508254395590888,False
2492,1.8606843597075006e-05,3,1.19062336285909,False
2493,0.0003101140599512501,50,6.761697726249695,False
2494,0.0007566783062810502,122,7.581102700507055,False
2495,0.00024188896676197505,39,0.9410553345313439,False
2496,0.0006760486506937252,109,5.350156445022023,False
2497,0.0037027618758179257,597,1.118563953955569,False
2498,0.0013769064261835503,222,1.6671463100759834,False
2499,0.0021583938572607006,348,1.8798803056793651,False
2500,9.303421798537502e-05,15,1.1594567934672038,False
2501,0.00019847299836880003,32,1.072425715625286,False
2502,9.303421798537502e-05,15,11.747716267903646,False
2503,0.0003101140599512501,50,1.6834682893753052,False
2504,0.00036593459074247506,59,0.8446114831051584,False
2505,0.00028530493515515004,46,1.6786419541939446,False
2506,0.012510001178433428,2017,0.8828930114836875,False
2507,0.0005147893395190752,83,2.2550051054322577,False
2508,0.004651710899268751,750,1.1351513527234396,False
2509,0.0020963710452704507,338,1.6672190833373888,False
2510,0.00025429352916002504,41,1.8123837476823388,False
2511,0.003045320068721276,491,1.367429603869949,False
2512,0.0009799604294459501,158,1.2496254564840583,False
2513,0.0,0,0.0,True
2514,0.003864021186992576,623,1.4545479188187356,False
2515,3.101140599512501e-05,5,2.2026865482330322,False
2516,0.0023940805428236504,386,1.2253629957456045,False
2517,0.0012466585210040252,201,1.419612211967582,False
2518,0.0023196531684353504,374,1.7856136815433197,False
2519,0.0026049581035905004,420,1.93242233140128,False
2520,0.012385955554452929,1997,1.0672299533589935,False
2521,0.0029274767259398005,472,3.44255329441216,False
2522,0.00017366387357270005,28,1.3246696761676244,False
2523,0.0005085870583200501,82,1.3912037552856817,False
2524,4.341596839317501e-05,7,1.890277521950858,False
2525,0.0017924592665182254,289,1.0810464113228875,False
2526,0.0038950325929877007,628,2.7871939388050397,False
2527,0.0013086813329942753,211,1.4525185648298942,False
2528,0.0004837779335239501,78,8.254431868210817,False
2529,0.0004589688087278501,74,6.132707428287816,False
2530,0.0016932227673338255,273,0.8335392501328017,False
2531,0.0018172683913143255,293,1.2976628297831825,False
2532,0.00010543878038342502,17,2.3615215876523186,False
2533,0.0020715619204743504,334,1.8455598547073182,False
2534,0.0013520973013874504,218,1.5321058313780969,False
2535,0.0025367330104012257,409,0.7942939230165738,False
2536,0.004769554242050226,769,1.1278452432977208,False
2537,0.0019847299836880006,320,0.8761685445904732,False
2538,3.721368719415001e-05,6,1.9159544507662456,False
2539,0.0007194646190869002,116,5.127736716434874,False
2540,0.004335394558118476,699,1.4843637412880282,False
2541,0.0002977094975532001,48,1.4355481291810672,False
2542,0.0010047695542420502,162,1.5944427605028506,False
2543,0.003008106381527126,485,1.106225924147773,False
2544,0.0018606843597075004,300,5.042825131813685,False
2545,0.006797700194131401,1096,1.0124203624734043,False
2546,0.00023568668556295006,38,2.6759452788453353,False
2547,0.0007070600566888501,114,2.6228935237516438,False
2548,0.0009923649918440003,160,1.3704561442136765,False
2549,0.02147849979222358,3463,1.5515870037293662,False
2550,0.0019413140152948255,313,2.3944036412162903,False
2551,0.0019475162964938504,314,1.5180425241494635,False
2552,0.0028902630387456505,466,0.8910037212617408,False
2553,0.0014513338005718503,234,1.4220853687351585,False
2554,0.0002480912479610001,40,1.5279898643493652,False
2555,0.00010543878038342502,17,1.138030676280751,False
2556,0.0022762372000421755,367,1.7074194954916306,False
2557,0.0009179376174557002,148,1.8354955863308262,False
2558,0.015350645967586878,2475,1.2467509075126262,False
2559,0.0031879725362988507,514,0.832749645301804,False
2560,0.0014823452065669753,239,2.402956413923447,False
2561,3.721368719415001e-05,6,0.9733477433522543,False
2562,0.0007380714626839752,119,1.597698817733957,False
2563,0.0022700349188431506,366,1.3884026121572066,False
2564,0.0032810067542842257,529,0.9275903548545332,False
2565,0.005327759549962476,859,1.2146364707191832,False
2566,0.04798084735565741,7736,1.0638353057829768,False
2567,0.003423659221861801,552,1.5810123068698938,False
2568,0.0029212744447407756,471,1.5621579989253083,False
2569,0.005854953451879601,944,0.8584265405848875,False
2570,0.0043043831521233505,694,2.1159593631279914,False
2571,0.00013645018637855003,22,1.0317289558323948,False
2572,0.0023196531684353504,374,2.4990896152302544,False
2573,0.0028282402267554006,456,1.1786774964186184,False
2574,0.0019971345460860503,322,3.068259988512312,False
2575,0.004149326122147726,669,4.2304415173594725,False
2576,9.303421798537502e-05,15,2.3367563088734946,False
2577,0.00016746159237367503,27,2.4040915171305337,False
2578,0.0003783391531405251,61,1.1705489979415644,False
2579,0.00017366387357270005,28,1.762201121875218,False
2580,0.0018978980469016504,306,1.5508825307578042,False
2581,0.0005644075891112751,91,2.5474291293175666,False
2582,0.0028406447891534507,458,2.71424661479142,False
2583,0.0011908379902128004,192,1.8819985228280227,False
2584,7.442737438830002e-05,12,1.690983275572459,False
2585,0.0026173626659885506,422,1.0354433062517248,False
2586,0.00027290037275710005,44,3.6546409021724355,False
2587,0.0004341596839317501,70,10.451835710661753,False
2588,4.961824959220001e-05,8,3.6504713892936707,False
2589,0.0004031482779366251,65,7.284661630483774,False
2590,0.0029398812883378506,474,2.5872847354864774,False
2591,0.004999038646414151,806,0.7805355201583938,False
2592,0.0004837779335239501,78,1.7172907285201244,False
2593,0.0003783391531405251,61,2.7948219111708346,False
2594,0.0021645961384597254,349,1.8739133690694683,False
2595,0.0014637383629699002,236,1.2598834204471718,False
2596,0.0006450372446986001,104,5.899812007179627,False
2597,0.0023692714180275506,382,2.899901119826352,False
2598,0.0,0,0.0,True
2599,0.0004155528403346751,67,4.09609877529429,False
2600,0.0006822509318927502,110,1.9929444031281904,False
2601,8.062965558732502e-05,13,1.3826992511749268,False
2602,0.0034794797526530256,561,1.1421889534183578,False
2603,0.0052967481439673515,854,1.2865781155905622,False
2604,0.005191309363583926,837,1.0453397848842534,False
2605,0.0024499010736148755,395,1.0493454417095909,False
2606,0.011244735813832327,1813,0.7828959671752728,False
2607,7.442737438830002e-05,12,1.6868866682052612,False
2608,0.0016684136425377254,269,1.603873865311917,False
2609,0.0035290980022452258,569,1.8177295510504912,False
2610,0.0017304364545279755,279,1.5809173622438986,False
2611,7.442737438830002e-05,12,1.2161736190319061,False
2612,0.0070954096916846015,1144,1.7813843653335437,False
2613,0.0004651710899268751,75,2.1605229949951172,False
2614,0.0022824394812412004,368,1.2092480688639309,False
2615,0.007876897122761751,1270,1.5667152607534813,False
2616,0.0027290037275710007,440,0.768129628625783,False
2617,0.005135488832792701,828,0.852239916290062,False
2618,0.0004031482779366251,65,1.915490278830895,False
2619,0.0013520973013874504,218,1.1439925147852767,False
2620,0.00039694599673760006,64,2.0912295915186405,False
2621,0.003603525376633526,581,1.0894663703215923,False
2622,0.00032251862234930007,52,1.1602168014416328,False
2623,0.0013707041449845254,221,1.0572250601393065,False
2624,0.00036593459074247506,59,0.9973459910538237,False
2625,0.0012900744893972003,208,3.6125881001353264,False
2626,0.003181770255099826,513,1.524500772966976,False
2627,0.00022328212316490004,36,2.604849977625741,False
2628,0.003485682033852051,562,1.2976009905126171,False
2629,0.0019661231400909256,317,2.3244071728799622,False
2630,0.009911245356041952,1598,0.963194108277895,False
2631,0.00033492318474735006,54,2.8930137069137007,False
2632,0.0019847299836880006,320,1.58424753844738,False
2633,0.010661721381123977,1719,1.2817063636735402,False
2634,0.004118314716152601,664,0.8216278438108513,False
2635,0.011747120590953352,1894,1.0235580426209077,False
2636,0.005445602892743952,878,0.9980360424328502,False
2637,0.0024436987924158506,394,1.4100858299865335,False
2638,0.012776699269991502,2060,0.7360503520780397,False
2639,0.0022576303564451005,364,3.3353734468365763,False
2640,0.0006760486506937252,109,1.7188093312289736,False
2641,0.0036097276578325507,582,0.7510489852158064,False
2642,0.0011164106158245003,180,1.104682527648078,False
2643,0.005706098703103001,920,1.5896626788636912,False
2644,0.0032127816610949505,518,1.743244236500567,False
2645,0.0029584881319349257,477,3.299326585773652,False
2646,0.00020467527956782505,33,14.85099872675809,False
2647,0.0070768028480875265,1141,1.3936684631026701,False
2648,0.0037027618758179257,597,0.9240564525227252,False
2649,0.0010295786790381503,166,1.4346075366778546,False
2650,0.0024809124796100006,400,1.4031165820360183,False
2651,0.0023320577308334005,376,1.2068652317244957,False
2652,0.0014761429253679504,238,1.2195402584156068,False
2653,0.0020901687640714254,337,1.9907334211672094,False
2654,0.0021770007008577756,351,1.423246196871809,False
2655,0.00011784334278147503,19,1.2481119130787097,False
2656,0.0020033368272850756,323,2.1242539472993314,False
2657,0.0021707984196587503,350,4.945853725160871,False
2658,0.004664115461666801,752,1.923292892093354,False
2659,0.0023010463248382754,371,1.3568738223407468,False
2660,0.0006636440882956752,107,2.5603032089839473,False
2661,0.004211348934137976,679,0.7769983014934018,False
2662,0.0005954189951064002,96,1.1917949356138706,False
2663,0.0011722311466157253,189,1.7250962787204318,False
2664,0.0016746159237367505,270,1.493208117838259,False
2665,0.0024374965112168257,393,0.9071962378407252,False
2666,0.008571552617052553,1382,0.8011212536981586,False
2667,9.923649918440002e-05,16,1.515790417790413,False
2668,1.2404562398050002e-05,2,0.986271858215332,False
2669,0.0015257611749601504,246,1.1089498531527635,False
2670,0.0022204166692509505,358,1.7199097125889868,False
2671,0.0008745216490625251,141,1.5957405770078619,False
2672,0.012144066587690953,1958,0.6603003152179037,False
2673,0.05488398633017224,8849,1.0702201652720844,False
2674,0.0017800547041201755,287,1.9336624511027585,False
2675,0.0019165048904987254,309,2.132531456191177,False
2676,0.003405052378264726,549,1.242822749150038,False
2677,4.961824959220001e-05,8,3.095583349466324,False
2678,0.0007504760250820251,121,1.507949933532841,False
2679,0.0013396927389894002,216,1.2179430938429303,False
2680,2.4809124796100004e-05,4,5.12524288892746,False
2681,0.004012875935769176,647,0.9884761886950438,False
2682,0.0006016212763054251,97,2.7919675050322543,False
2683,0.0003783391531405251,61,1.8730335665530846,False
2684,0.0022948440436392505,370,1.2532943783579646,False
2685,0.0016994250485328503,274,1.8710817037707699,False
2686,0.0009489490234508252,153,0.9131845321530611,False
2687,0.0006388349634995752,103,1.3830711471224295,False
2688,0.00013024790517952503,21,1.3472071886062622,False
2689,0.00013645018637855003,22,8.715769177133387,False
2690,0.003659345907424751,590,1.473850950144105,False
2691,0.004229955777735051,682,0.898172758891086,False
2692,0.0008373079618683752,135,1.4498623936264603,False
2693,0.01958060174532193,3157,1.7265949049893157,False
2694,1.8606843597075006e-05,3,2.003702481587728,False
2695,0.004453237900899951,718,1.1424017683045113,False
2696,0.0016374022365426004,264,1.40588788913958,False
2697,0.0005147893395190752,83,1.8284858594457787,False
2698,0.0004899802147229751,79,1.4088551469996005,False
2699,0.004602092649676551,742,0.9011436231695417,False
2700,0.003374040972269601,544,1.088271405766992,False
2701,0.0013582995825864753,219,1.7411854931208641,False
2702,0.0010233763978391252,165,1.169002424586903,False
2703,0.0006140258387034752,99,7.2875980391646875,False
2704,0.0018110661101153004,292,1.7157543456717714,False
2705,0.0015443680185572254,249,1.6089864772965152,False
2706,0.0017490432981250503,282,2.9478880936372365,False
2707,0.00011784334278147503,19,1.4177528807991429,False
2708,0.005588255360321526,901,0.8732384555744674,False
2709,0.0053525686747585765,863,1.5632203657132588,False
2710,0.00016125931117465003,26,2.3650157635028544,False
2711,0.0026421717907846505,426,2.225543481643211,False
2712,0.0013831087073825753,223,4.281726655404129,False
2713,0.0020529550768772753,331,2.3697287528536473,False
2714,0.006487586134180151,1046,1.714632366856927,False
2715,0.0037399755630120757,603,1.2704969261020769,False
2716,0.0022700349188431506,366,1.135044362375645,False
2717,0.0021521915760616753,347,1.575000457530063,False
2718,9.303421798537502e-05,15,16.39395754337311,False
2719,0.0026545763531827006,428,1.7608645068150814,False
2720,8.683193678635003e-05,14,1.9259628568376814,False
2721,0.003063926912318351,494,9.613773291410222,False
2722,0.0011226128970235252,181,1.3540999217586622,False
2723,0.00011164106158245002,18,1.9497313168313768,False
2724,0.0012156471150089002,196,1.3285764109115212,False
2725,0.0016994250485328503,274,0.9176745205900095,False
2726,0.0011474220218196253,185,1.1058678491695506,False
2727,0.0012156471150089002,196,1.5807980153025414,False
2728,9.923649918440002e-05,16,2.2349287793040276,False
2729,0.0029026676011437006,468,0.7060763937795264,False
2730,0.0005395984643151751,87,1.3924628181019048,False
2731,9.303421798537502e-05,15,0.9858806530634562,False
2732,0.0032127816610949505,518,1.7264290495728893,False
2733,0.0021645961384597254,349,1.4878125436668068,False
2734,0.005445602892743952,878,1.1785162092612924,False
2735,0.005470412017540051,882,0.8617134251021474,False
2736,0.003733773281813051,602,1.4714671951591771,False
2737,0.0005644075891112751,91,2.26342888716813,False
2738,0.0010543878038342502,170,1.8224331049358145,False
2739,0.00021707984196587504,35,1.7369893176215037,False
2740,2.4809124796100004e-05,4,2.8811545372009277,False
2741,0.0022204166692509505,358,1.4292472224661759,False
2742,0.0017800547041201755,287,1.2953693575975371,False
2743,0.0027662174147651507,446,3.012043726818444,False
2744,0.002989499537930051,482,0.9604118582618681,False
2745,0.0019537185776928754,315,1.8360879148755755,False
2746,0.0019847299836880006,320,1.870032860338688,False
2747,0.0007504760250820251,121,5.183891526923692,False
2748,0.0006574418070966502,106,1.0356321008700244,False
2749,0.0016436045177416253,265,1.2383695494453861,False
2750,0.0026731831967797756,431,1.4238540332444583,False
2751,0.0026917900403768506,434,1.5186047394704159,False
2752,0.0003721368719415001,60,2.255227208137512,False
2753,0.0022328212316490006,360,1.9340152515305413,False
2754,0.00021087756076685005,34,1.385640098768122,False
2755,0.0005520030267132251,89,6.435641958472434,False
2756,0.013341106859102779,2151,2.5246502338371295,False
2757,0.008391686462280827,1353,0.9210946279724527,False
2758,0.0003411254659463751,55,1.1653158404610373,False
2759,0.00012404562398050004,20,0.9437696814537049,False
2760,0.00014885474877660004,24,1.2855300108591716,False
2761,0.010122122916808802,1632,1.046991289246316,False
2762,0.0004031482779366251,65,0.9443422647622916,False
2763,0.0004093505591356501,66,6.12213536826047,False
2764,0.003932246280181851,634,0.7373177155335243,False
2765,0.0023134508872363255,373,1.2921873647469937,False
2766,0.00022948440436392506,37,7.4092094704911515,False
2767,2.4809124796100004e-05,4,1.3520631194114685,False
2768,0.0011970402714118252,193,1.3662819121168068,False
2769,0.009619738139687778,1551,0.6788927726327489,False
2770,0.0003907437155385751,63,1.0701842497265528,False
2771,0.07938919934752002,12800,0.7907691287994385,False
2772,0.0019785277024889753,319,1.7228356939871856,False
2773,0.002760015133566126,445,1.1338349497720097,False
2774,0.00012404562398050004,20,1.3593784809112548,False
2775,0.0005271939019171251,85,1.0009125961976892,False
2776,0.006003808200656201,968,2.11432218945716,False
2777,0.0007318691814849501,118,1.2992441199593625,False
2778,0.0004465642463298001,72,6.831979935367902,False
2779,0.0023134508872363255,373,3.0352402410941854,False
2780,0.00020467527956782505,33,9.948925271178737,False
2781,0.0002666980915580751,43,1.9230437112409016,False
2782,0.0002977094975532001,48,1.2825997397303581,False
2783,0.0004961824959220001,80,1.0809426203370094,False
2784,0.015431275623174203,2488,0.7214106762140894,False
2785,0.0031507588491047006,508,1.0254633994553033,False
2786,0.0019661231400909256,317,1.9044558498009523,False
2787,0.0005147893395190752,83,2.141895113221134,False
2788,0.005104477426797576,823,0.7546775233846968,False
2789,0.0024126873864207254,389,1.0646580378010218,False
2790,0.0023382600120324254,377,1.6813899522118607,False
2791,0.0023444622932314507,378,1.3899767083465737,False
2792,0.0006078235575044501,98,1.6513225497031698,False
2793,0.004291978589725301,692,1.1730256011720337,False
2794,0.0010295786790381503,166,2.339993818696723,False
2795,0.0018544820785084755,299,1.0004407442533052,False
2796,2.4809124796100004e-05,4,3.9416889548301697,False
2797,2.4809124796100004e-05,4,1.439623385667801,False
2798,0.0021583938572607006,348,1.46539791288047,False
2799,0.0011660288654167003,188,1.5635200650133985,False
2800,0.011517636186589427,1857,0.7329549578870569,False
2801,0.006946554942908001,1120,1.625686969927379,False
2802,4.341596839317501e-05,7,5.912806493895395,False
2803,0.007777660623577352,1254,0.8841761556918921,False
2804,0.0019165048904987254,309,1.3444666387965378,False
2805,0.007120218816480702,1148,0.9064165474230405,False
2806,0.0017490432981250503,282,1.8337212606524744,False
2807,0.0016498067989406504,266,1.004617744818666,False
2808,0.0010047695542420502,162,1.2311353197804205,False
2809,3.721368719415001e-05,6,3.78278777996699,False
2810,0.0004031482779366251,65,2.0019068461198075,False
2811,0.0007256669002859252,117,1.6358298858006795,False
2812,0.0004899802147229751,79,6.026159371001811,False
2813,0.0024374965112168257,393,1.1024567783637205,False
2814,0.0018730889221055505,302,4.867413240552738,False
2815,0.004688924586462901,756,0.7267575454774988,False
2816,0.016684136425377253,2690,0.8413883776469745,False
2817,5.582053079122501e-05,9,2.6462326049804688,False
2818,0.002760015133566126,445,2.2659948662425693,False
2819,0.0007256669002859252,117,2.8337096740037966,False
2820,0.0009923649918440003,160,1.5734741270542145,False
2821,0.02611780612909428,4211,0.6548008036653097,False
2822,0.007126421097679726,1149,0.8924560198273422,False
2823,0.0022328212316490006,360,2.7615553538004556,False
2824,0.004862588460035601,784,1.353953083254853,False
2825,0.0006636440882956752,107,5.298294866196463,False
2826,0.0015257611749601504,246,4.660072556840695,False
2827,0.0024002828240226757,387,1.5997570146269884,False
2828,0.0004465642463298001,72,1.3692184388637543,False
2829,0.0011412197406206002,184,1.6280762138574019,False
2830,0.0004341596839317501,70,1.2601962838854108,False
2831,0.003504288877449126,565,0.7360126579757286,False
2832,0.00016746159237367503,27,2.4863629782641374,False
2833,0.00016125931117465003,26,2.198308206521548,False
2834,0.0009551513046498502,154,7.348197227948672,False
2835,0.010333000477575653,1666,0.6909903029576928,False
2836,0.008832048427411601,1424,6.336961410772265,False
2837,0.0043229899957204256,697,0.9308538419786451,False
2838,0.0015195588937611253,245,0.8515880565254056,False
2839,0.0015939862681494253,257,1.3912389797923166,False
2840,0.0009179376174557002,148,1.279755572209487,False
2841,0.0015257611749601504,246,1.2325299643888705,False
2842,0.004701329148860951,758,1.0703856712280917,False
2843,0.0016994250485328503,274,2.1686732838623715,False
2844,0.0010605900850332753,171,1.4265751127611126,False
2845,0.0002977094975532001,48,3.5418090224266052,False
2846,0.0011970402714118252,193,1.2732481604413048,False
2847,0.0014947497689650254,241,1.3047428442729458,False
2848,0.0005023847771210251,81,1.907344670943272,False
2849,0.0021832029820568004,352,2.122016729278998,False
2850,0.0027538128523671005,444,1.5477999942796725,False
2851,0.0018854934845036005,304,1.5476949709026437,False
2852,0.0016249976741445503,262,0.814624629857886,False
2853,0.0013210858953923252,213,1.502472780120205,False
2854,7.442737438830002e-05,12,1.9716424942016602,False
2855,0.0018730889221055505,302,1.9114260732732862,False
2856,0.0028778584763476008,464,1.4602379495727604,False
2857,0.0024002828240226757,387,1.618439824390165,False
2858,0.00021707984196587504,35,4.255581729752677,False
2859,0.003603525376633526,581,1.5275235674672611,False
2860,0.0003287209035483251,53,1.0625948096221347,False
2861,0.0014017155509796504,226,1.5299843707970813,False
2862,0.0018606843597075004,300,1.0236707639694214,False
2863,0.0014079178321786752,227,1.0688621063064374,False
2864,0.0069837686301021515,1126,0.802130121532596,False
2865,0.0036841550322208507,594,0.8938164899646233,False
2866,0.0066550477265538265,1073,1.0884360222758696,False
2867,0.0019475162964938504,314,1.0078851546451544,False
2868,0.0026483740719836757,427,2.0219315544503633,False
2869,0.0011474220218196253,185,1.714231050336683,False
2870,9.923649918440002e-05,16,6.719075858592987,False
2871,0.011343972313016728,1829,0.6721970640029198,False
2872,0.027128777964535358,4374,5.920767829006101,False
2873,5.582053079122501e-05,9,4.472087423006694,False
2874,0.0014885474877660003,240,1.5706056013703347,False
2875,0.00039694599673760006,64,8.729858037084341,False
2876,0.00013645018637855003,22,1.4073542248119006,False
2877,0.0028778584763476008,464,1.4993314239485511,False
2878,0.0016746159237367505,270,1.034877802266015,False
2879,0.0018048638289162753,291,7.58135976701258,False
2880,0.00019847299836880003,32,1.2140588536858559,False
2881,0.00011784334278147503,19,0.9993602915814048,False
2882,0.012826317519583703,2068,1.1317828658471025,False
2883,0.006872127568519701,1108,1.513692338759288,False
2884,0.0008124988370722751,131,1.7016071436059383,False
2885,0.0005085870583200501,82,1.4652527512573614,False
2886,0.0011040060534264502,178,1.2718883377782415,False
2887,6.202281199025001e-06,1,0.41197752952575684,False
2888,0.00036593459074247506,59,1.4972710791280714,False
2889,0.0023630691368285257,381,1.8253877419499274,False
2890,0.028915034949854555,4662,0.6705064114865598,False
2891,0.006456574728185027,1041,0.8296459749498468,False
2892,0.0022018098256538754,355,1.3692771750436703,False
2893,0.003584918533036451,578,1.3979977740548473,False
2894,0.0027910265395612506,450,0.8231796227561103,False
2895,0.0022328212316490006,360,1.0800683528184891,False
2896,0.0020219436708821506,326,1.868583581198944,False
2897,0.005085870583200501,820,1.1815565120883105,False
2898,0.0015009520501640503,242,1.3685547044454527,False
2899,0.006363540510199652,1026,1.052037062119787,False
2900,0.0016994250485328503,274,1.4055491463981407,False
2901,0.0002666980915580751,43,1.6878132931021756,False
2902,0.0013024790517952502,210,1.3548211994625272,False
2903,0.02605578331710403,4201,0.9541614417148981,False
2904,0.0010357809602371752,167,1.4650653907638824,False
2905,0.0006698463694947001,108,1.73476137276049,False
2906,0.0006202281199025002,100,1.0005316400527955,False
2907,0.00023568668556295006,38,1.2329913252278377,False
2908,0.00022328212316490004,36,6.6515071458286705,False
2909,0.003814402937400376,615,1.40465655443145,False
2910,6.822509318927501e-05,11,3.2483995069156992,False
2911,0.0025801489787944006,416,6.023499482526229,False
2912,0.0026483740719836757,427,1.0996322486663033,False
2913,9.923649918440002e-05,16,2.0628870502114296,False
2914,0.003218983942293976,519,0.7652635702967414,False
2915,0.0023258554496343757,375,1.6039332205454508,False
2916,0.0027724196959641755,447,1.0490397308230133,False
2917,0.0036097276578325507,582,1.6830466236035848,False
2918,0.0020467527956782505,330,1.5108700810056743,False
2919,0.0024250919488187756,391,1.965838035354224,False
2920,8.062965558732502e-05,13,0.6716795334449182,False
2921,0.00032251862234930007,52,1.8756985458043904,False
2922,0.0017862569853192003,288,1.2451963913109567,False
2923,0.0034794797526530256,561,1.2997264479570847,False
2924,0.0023134508872363255,373,1.151923023344045,False
2925,0.011033858253065477,1779,0.8301641669013381,False
2926,0.0025863512599934254,417,1.0400460606856312,False
2927,0.0008807239302615502,142,2.061165044005488,False
2928,0.0022762372000421755,367,2.1801668980465925,False
2929,0.008621170866644752,1390,0.8778413312040645,False
2930,7.442737438830002e-05,12,2.120892345905304,False
2931,0.010909812629084978,1759,0.84730108845566,False
2932,0.00030391177875222506,49,2.3144693763888613,False
2933,0.00036593459074247506,59,6.450586353318166,False
2934,0.0006326326823005501,102,1.3862466274523269,False
2935,0.0036097276578325507,582,1.558553052112409,False
2936,0.0006512395258976251,105,1.784971589133853,False
2937,0.0018668866409065254,301,0.8834850083157866,False
2938,0.0018978980469016504,306,0.9272083982922672,False
2939,0.004136921559749676,667,1.2247573349965566,False
2940,0.0005892167139073751,95,1.7374578350468686,False
2941,0.0013645018637855003,220,1.32933618534695,False
2942,0.034242794499817035,5521,0.8494463635406466,False
2943,0.0035290980022452258,569,1.1491306586508592,False
2944,0.0028654539139495506,462,1.6181116114447127,False
2945,0.02377334383586283,3833,0.6164424233420412,False
2946,0.0034732774714540007,560,1.0710251671927316,False
2947,0.00033492318474735006,54,1.481695826406832,False
2948,0.0017552455793240754,283,1.1551028662772567,False
2949,0.003653143626225726,589,1.426088678209405,False
2950,0.0006946554942908002,112,2.491943576506206,False
2951,0.00015505702997562504,25,3.504287223815918,False
2952,0.009830615700454627,1585,0.7010273304647452,False
2953,2.4809124796100004e-05,4,2.99608713388443,False
2954,0.003944650842579901,636,1.0355068582033962,False
2955,0.013986144103801378,2255,2.8012221224292153,False
2956,0.00022948440436392506,37,2.439163826607369,False
2957,0.0021583938572607006,348,1.0831896590775456,False
2958,0.0021707984196587503,350,1.5544172416414532,False
2959,0.005923178545068877,955,1.275984478246479,False
2960,0.005805335202287401,936,1.9426694112455742,False
2961,0.00011164106158245002,18,16.432718488905167,False
2962,0.0021645961384597254,349,1.4080087243656716,False
2963,0.00014885474877660004,24,12.110492765903473,False
2964,0.0015877839869504003,256,1.0454443232156336,False
2965,6.202281199025002e-05,10,7.489115881919861,False
2966,3.101140599512501e-05,5,2.100900149345398,False
2967,0.00028530493515515004,46,1.192789305811343,False
2968,0.0028468470703524756,459,2.666057223068603,False
2969,0.004453237900899951,718,1.2507863204127234,False
2970,0.0025801489787944006,416,2.1130705839739394,False
2971,0.0021894052632558253,353,2.3968750329598487,False
2972,0.0018978980469016504,306,1.4043076611032672,False
2973,0.0021459892948626504,346,1.567843271817775,False
2974,0.0031259497243086008,504,1.0621419274617756,False
2975,0.004961824959220001,800,1.1719491064548493,False
2976,0.0029584881319349257,477,1.019332031533903,False
2977,0.00014265246757757502,23,1.4799344125001326,False
2978,0.02223517809850463,3585,0.7365085490079105,False
2979,0.0005768121515093252,93,1.3269378587763796,False
2980,0.0006140258387034752,99,1.218906130453553,False
2981,0.0013024790517952502,210,2.1882907277061827,False
2982,0.005464209736341027,881,0.8669462198567038,False
2983,0.0012962767705962254,209,1.3152741450442083,False
2984,0.00028530493515515004,46,1.0014125497444817,False
2985,0.022359223722485132,3605,0.947769605237138,False
2986,0.0003721368719415001,60,6.696774452924728,False
2987,9.303421798537502e-05,15,1.384293007850647,False
2988,0.0024312942300178005,392,1.5536520779132843,False
2989,0.004484249306895076,723,1.3023545620022638,False
2990,0.005538637110729327,893,1.7438557596516369,False
2991,0.0026669809155807508,430,1.7676140726998795,False
2992,0.00011164106158245002,18,3.184967107243008,False
2993,0.005172702519986851,834,1.1299664551119724,False
2994,3.101140599512501e-05,5,1.705668306350708,False
2995,0.0022080121068529003,356,1.5774409359090784,False
2996,0.0004961824959220001,80,2.4823046907782556,False
2997,0.0017056273297318754,275,0.9134824726798317,False
2998,0.005079668302001476,819,0.9162217828380319,False
2999,0.0026669809155807508,430,1.669000123545181,False
3000,0.0022886417624402257,369,1.4616997975320998,False
3001,0.0005458007455142001,88,5.16607974876057,False
3002,0.005637873609913726,909,1.8639159901569649,False
3003,0.0038950325929877007,628,1.0963465785904296,False
3004,0.0029398812883378506,474,3.200356568465253,False
3005,0.00016125931117465003,26,1.4190392035704393,False
3006,0.0010047695542420502,162,6.99851718655339,False
3007,0.0004713733711259001,76,3.021516696402901,False
3008,0.0023692714180275506,382,1.320874397979357,False
3009,0.007033386879694351,1134,0.9214950423602284,False
3010,0.00012404562398050004,20,1.5370096266269684,False
3011,0.0010047695542420502,162,2.1180959549950966,False
3012,0.0021583938572607006,348,1.3234487569880211,False
3013,0.0057743237962922765,931,1.061819409453395,False
3014,0.0003597323095434501,58,7.6211079132967985,False
3015,0.00016746159237367503,27,12.933835285681266,False
3016,0.0013086813329942753,211,2.453385102805368,False
3017,0.00013024790517952503,21,0.742154598236084,False
3018,0.00012404562398050004,20,2.5224974751472473,False
3019,0.0019289094528967753,311,1.583744187063726,False
3020,0.007473748844825127,1205,0.8165187170891346,False
3021,0.010264775384386377,1655,1.0381258051200937,False
3022,0.00026049581035905006,42,1.2865727572214036,False
3023,0.0048005656480453514,774,0.8730565100061185,False
3024,0.0012962767705962254,209,0.8721202851482556,False
3025,0.0010419832414362003,168,1.320336993251528,False
3026,0.0020653596392753255,333,1.010457225032039,False
3027,0.004744745117254126,765,0.7812091730778513,False
3028,0.0015257611749601504,246,1.6007977864606593,False
3029,0.004633104055671676,747,0.7998891960345758,False
3030,0.0031259497243086008,504,0.994807896159944,False
3031,0.0006822509318927502,110,1.0480951569297097,False
3032,0.0003411254659463751,55,1.650092725320296,False
3033,0.01572278283952838,2535,0.8441614269504886,False
3034,0.0003101140599512501,50,1.7850451707839965,False
3035,0.0034360637842598507,554,1.4242451141457264,False
3036,0.0021832029820568004,352,6.700042913583192,False
3037,0.014978509095645378,2415,1.5015927901179154,False
3038,0.0008683193678635002,140,1.2950651577540806,False
3039,0.0016311999553435754,263,1.7774786015427158,False
3040,0.010221359415993203,1648,0.7340482635405458,False
3041,0.010705137349517153,1726,2.7617866614464397,False
3042,0.0017056273297318754,275,1.1308402720364656,False
3043,0.0002666980915580751,43,1.7460077751514524,False
3044,0.00032251862234930007,52,2.1550680628189673,False
3045,0.003026713225124201,488,1.1384407882807686,False
3046,0.00014885474877660004,24,2.42141846815745,False
3047,0.005141691113991726,829,0.8891956161963781,False
3048,0.006053426450248402,976,1.194218492410222,False
3049,0.0005706098703103001,92,1.9086776323940442,False
3050,0.0022328212316490006,360,1.713069517744912,False
3051,0.00025429352916002504,41,1.8022554793008945,False
3052,0.0013024790517952502,210,1.2142749786376954,False
3053,1.2404562398050002e-05,2,5.140836179256439,False
3054,0.00032251862234930007,52,2.3025242869670572,False
3055,0.0003101140599512501,50,6.077961597442627,False
3056,0.004031482779366251,650,1.5928312140244705,False
3057,4.961824959220001e-05,8,3.900468811392784,False
3058,0.00035353002834442507,57,5.807977630380998,False
3059,8.683193678635003e-05,14,1.3565214276313782,False
3060,0.0025057216044061005,404,1.434805827860785,False
3061,0.00019227071716977504,31,8.725294351577759,False
3062,0.0008745216490625251,141,1.4258687428548826,False
3063,0.0003783391531405251,61,1.6471865997939814,False
3064,0.00010543878038342502,17,2.635350500836092,False
3065,0.002933679007138826,473,1.102064138739104,False
3066,0.0012280516774069504,198,1.3714716265899967,False
3067,0.00026049581035905006,42,2.51334886323838,False
3068,0.0009985672730430252,161,1.3908445590771503,False
3069,0.0004031482779366251,65,1.8631061443915733,False
3070,0.004062494185361376,655,0.7062613552763262,False
3071,0.004521462994089226,729,0.89349637077342,False
3072,0.0023196531684353504,374,1.4260749995389723,False
3073,0.03530338458485031,5692,1.0799436026363414,False
3074,0.008968498613790152,1446,0.8425448392601593,False
3075,0.006748081944539202,1088,0.7699723909882938,False
3076,0.0013520973013874504,218,1.691928505897522,False
3077,0.0020777642016733757,335,1.1817722107047466,False
3078,0.0009427467422518002,152,1.4512086055780713,False
3079,0.00028530493515515004,46,2.5014556983242864,False
3080,0.0029212744447407756,471,1.0146520517434283,False
3081,0.0004651710899268751,75,13.01652711868286,False
3082,0.0022452257940470503,362,2.1795383965112887,False
3083,6.202281199025001e-06,1,1.4201254844665527,False
3084,0.004310585433322376,695,0.7541213886343318,False
3085,0.0018854934845036005,304,0.9138824045658112,False
3086,0.004130719278550651,666,0.8192605472899772,False
3087,0.008038156433936402,1296,1.6969017482098239,False
3088,0.011523838467788452,1858,0.9715548199395959,False
3089,0.002741408289969051,442,1.7960854563777802,False
3090,0.0020963710452704507,338,0.9491693444505951,False
3091,0.0026979923215758755,435,1.2387252914494482,False
3092,0.008100179245926651,1306,1.0124673430806461,False
3093,0.0016498067989406504,266,1.0074653526894133,False
3094,0.04099707872555526,6610,1.1673564832978818,False
3095,0.0002791026539561251,45,1.698173745473226,False
3096,0.004316787714521401,696,1.3603819019493015,False
3097,0.0012404562398050003,200,1.814909520149231,False
3098,0.00019847299836880003,32,1.9866969361901283,False
3099,0.00018606843597075004,30,2.3672046065330505,False
3100,0.00025429352916002504,41,8.593927618933886,False
3101,0.0017862569853192003,288,2.5390109080407353,False
3102,0.00022328212316490004,36,1.145976397726271,False
3103,0.0010357809602371752,167,0.9512058632102555,False
3104,0.0018854934845036005,304,2.0931121840288767,False
3105,0.0019971345460860503,322,1.3937259808830593,False
3106,0.0003411254659463751,55,1.1303894107991999,False
3107,0.0011288151782225502,182,1.2298502050913298,False
3108,0.005216118488380026,841,1.4948753193640965,False
3109,0.0026421717907846505,426,1.5116866804624387,False
3110,0.0014699406441689253,237,1.1266194949170205,False
3111,0.0035539071270413256,573,1.8444654847938977,False
3112,0.011195117564240128,1805,2.349118616310183,False
3113,0.0009737581482469252,157,1.9820058254679298,False
3114,3.721368719415001e-05,6,0.9061197439829508,False
3115,0.00031631634115027505,51,5.849800820444145,False
3116,0.0023816759804256007,384,1.9614740169296663,False
3117,0.0019909322648870255,321,1.6718981904775554,False
3118,0.0005333961831161502,86,2.5908696235612383,False
3119,0.0010667923662323003,172,1.7706217890562013,False
3120,6.822509318927501e-05,11,1.9880265972831033,False
3121,0.00011164106158245002,18,7.904154466258155,False
3122,0.0004899802147229751,79,7.1005463449260855,False
3123,0.0009985672730430252,161,0.9985944410288556,False
3124,0.0004155528403346751,67,3.5565751915547383,False
3125,0.0018730889221055505,302,2.0668492443514186,False
3126,1.2404562398050002e-05,2,2.025432586669922,False
3127,0.0022700349188431506,366,2.036005018187351,False
3128,0.0021211801700665505,342,1.7845047956321671,False
3129,0.0057557169526952015,928,1.132568558228427,False
3130,0.0022824394812412004,368,0.9624810328950053,False
3131,0.0025305307292022004,408,1.2430016094563054,False
3132,0.0006202281199025002,100,9.053317686319351,False
3133,0.00022328212316490004,36,1.0756808718045552,False
3134,0.0074613442824270765,1203,1.287714029884497,False
3135,0.0011350174594215753,183,8.230875882946076,False
3136,0.00013645018637855003,22,7.856273434378884,False
3137,0.014494731162121428,2337,0.6861403660739545,False
3138,0.0014389292381738004,232,0.9977119400583464,False
3139,0.0025677444163963504,414,1.1097806916720625,False
3140,0.0014637383629699002,236,1.2653357401742773,False
3141,0.0033244227226774006,536,1.0598683201554995,False
3142,0.013483759326680353,2174,2.0189403389831586,False
3143,0.0005023847771210251,81,2.067248326760751,False
3144,0.0025863512599934254,417,2.148323844662673,False
3145,3.721368719415001e-05,6,1.3744597633679707,False
3146,0.0012466585210040252,201,4.150555309371569,False
3147,3.101140599512501e-05,5,1.344677710533142,False
3148,0.012764294707593453,2058,0.7837709560338679,False
3149,0.004186539809341876,675,0.8187454400239167,False
3150,5.582053079122501e-05,9,1.1465533706876967,False
3151,0.0008993307738586252,145,2.7687098535998116,False
3152,0.0024312942300178005,392,0.9911581229190437,False
3153,0.004794363366846326,773,1.2451360768519275,False
3154,0.0005892167139073751,95,4.519788187428524,False
3155,7.442737438830002e-05,12,1.0121513605117798,False
3156,3.101140599512501e-05,5,3.9581154584884644,False
3157,0.0012962767705962254,209,5.819460732514778,False
3158,0.006394551916194776,1031,0.6934954248274795,False
3159,0.005619266766316651,906,1.0962366043337133,False
3160,0.0009117353362566752,147,0.9765842244738624,False
3161,0.0021397870136636256,345,1.4405941621116969,False
3162,0.00020467527956782505,33,1.9622151093049482,False
3163,0.0028282402267554006,456,2.3658891456168996,False
3164,0.0032996135978813007,532,1.6794432787070597,False
3165,0.00029150721635417507,47,2.336541622243029,False
3166,0.0025863512599934254,417,1.5700496518068747,False
3167,0.0026421717907846505,426,0.839528824242068,False
3168,0.0002666980915580751,43,1.262025838674501,False
3169,0.006890734412116776,1111,2.154768977263937,False
3170,0.0002666980915580751,43,1.3469416069429974,False
3171,0.00010543878038342502,17,8.356723813449635,False
3172,0.0006822509318927502,110,4.7102392153306445,False
3173,4.961824959220001e-05,8,7.302742809057236,False
3174,0.0005271939019171251,85,5.726608007094439,False
3175,0.0027476105711680757,443,1.4131025845525496,False
3176,4.961824959220001e-05,8,3.6833460927009583,False
3177,2.4809124796100004e-05,4,0.8359057307243347,False
3178,0.0027724196959641755,447,1.9965476989746094,False
3179,0.0022948440436392505,370,2.2563248673000853,False
3180,0.0003907437155385751,63,1.446900867280506,False
3181,0.021149778888675256,3410,0.6699940510858888,False
3182,0.0012590630834020753,203,2.0960776741281517,False
3183,0.0008311056806693502,134,1.9865812098802025,False
3184,0.004620699493273626,745,1.0164280955423444,False
3185,0.005557243954326402,896,0.7066541835665703,False
3186,0.0004527665275288251,73,1.5119628808269763,False
3187,0.003981864529774051,642,0.9026445926535538,False
3188,0.0015133566125621004,244,5.08414247143464,False
3189,0.003752380125410126,605,1.0787941461752268,False
3190,0.0005520030267132251,89,11.30201542511415,False
3191,0.0023940805428236504,386,2.884274823677972,False
3192,0.0007008577754898252,113,2.6877613995982483,False
3193,0.0005458007455142001,88,8.437333232977174,False
3194,0.0007070600566888501,114,1.0887265435436315,False
3195,0.0007442737438830002,120,4.85078448454539,False
3196,0.0034918843150510757,563,0.9152394332004906,False
3197,0.0022576303564451005,364,1.6009686497541575,False
3198,0.002778621977163201,448,1.2556978006448065,False
3199,0.0032810067542842257,529,0.947380029862229,False
3200,0.0004279574027327251,69,5.010302115177763,False
3201,0.0007876897122761752,127,1.438298782964391,False
3202,7.442737438830002e-05,12,3.4853444496790567,False
3203,0.004614497212074601,744,1.035363725116176,False
3204,0.0026607786343817255,429,1.3757946719100702,False
3205,0.0030577246311193256,493,1.4754792026283774,False
3206,0.0017428410169260254,281,0.8073670070790735,False
3207,0.006264304011015251,1010,0.7614928186529933,False
3208,0.005358770955957601,864,1.0266019642629005,False
3209,0.0024809124796100006,400,1.6714784839749337,False
3210,0.00015505702997562504,25,1.6915952396392822,False
3211,0.0017242341733289504,278,1.7543545918498966,False
3212,0.0062705062922142766,1011,0.7740245794566047,False
3213,0.0029460835695368755,475,1.0542737649616443,False
3214,0.00022948440436392506,37,1.3942972453864846,False
3215,0.0020777642016733757,335,1.3431601154270456,False
3216,0.0037027618758179257,597,1.525623156197706,False
3217,0.0004031482779366251,65,7.4170846884067245,False
3218,0.0008683193678635002,140,7.029731523990631,False
3219,0.00014885474877660004,24,13.561988224585852,False
3220,0.0022204166692509505,358,4.698015312242775,False
3221,0.0021894052632558253,353,2.019225152963957,False
3222,0.0006884532130917751,111,2.1473474019282572,False
3223,0.0032499953482891006,524,2.8254515282980357,False
3224,0.13922880835571322,22448,1.2341570674056082,False
3225,0.0012466585210040252,201,7.688384876915472,False
3226,0.004533867556487276,731,0.6694403943871995,False
3227,0.0021025733264694755,339,1.653816120814433,False
3228,0.0019723254212899504,318,4.250803968066689,False
3229,0.0022948440436392505,370,4.4601909830763535,False
3230,0.0027165991651729505,438,0.9880411864415696,False
3231,0.00036593459074247506,59,1.275020112425594,False
3232,0.0006202281199025002,100,1.8256187772750854,False
3233,0.010934621753881078,1763,0.6618457227286059,False
3234,0.00036593459074247506,59,1.4313745902756514,False
3235,0.0010171741166401002,164,4.2086365760826485,False
3236,0.0018420775161104254,297,1.7734741205318207,False
3237,0.0007504760250820251,121,2.2600630590738344,False
3238,0.0021459892948626504,346,1.732193104449035,False
3239,0.009582524452493628,1545,1.5145891393272621,False
3240,0.0020529550768772753,331,1.0096683210476647,False
3241,3.101140599512501e-05,5,2.645484209060669,False
3242,0.00028530493515515004,46,1.178070322326992,False
3243,0.0022886417624402257,369,3.637576516727768,False
3244,0.0038206052185994007,616,1.187079027101591,False
3245,0.0003783391531405251,61,2.4102223622994345,False
3246,0.005656480453510801,912,0.9254007391762316,False
3247,0.003907437155385751,630,1.1816957121803646,False
3248,0.013992346385000402,2256,1.3511630964617358,False
3249,0.004093505591356501,660,1.0348358977924694,False
3250,0.0030763314747164006,496,0.9781389409495939,False
3251,0.0021770007008577756,351,1.3995527113944377,False
3252,0.003423659221861801,552,0.9774694663027058,False
3253,0.0003907437155385751,63,6.483750267634316,False
3254,0.0047819588044482764,771,0.7893339731040786,False
3255,0.0015195588937611253,245,1.2232533085102937,False
3256,0.0014947497689650254,241,1.074359525783428,False
3257,0.0007380714626839752,119,1.857743433543614,False
3258,0.00013024790517952503,21,5.675220875512986,False
3259,0.0032127816610949505,518,1.1092671169737591,False
3260,0.0024499010736148755,395,2.026845733425285,False
3261,0.028877821262660405,4656,0.8620997786112258,False
3262,0.0007318691814849501,118,1.6296628794427646,False
3263,0.0015815817057513754,255,1.2864439062043733,False
3264,0.0018854934845036005,304,9.743727758526802,False
3265,0.0035539071270413256,573,1.540118237856587,False
3266,0.0018544820785084755,299,2.16158826694042,False
3267,0.004205146652938951,678,0.9829912277097899,False
3268,0.0013458950201884253,217,5.692725924302906,False
3269,0.0024871147608090255,401,3.914193380503286,False
3270,0.0021583938572607006,348,1.7062750958848274,False
3271,0.0006946554942908002,112,7.425992852875164,False
3272,0.0004775756523249251,77,2.911678899418224,False
3273,0.0070581960044904515,1138,2.9878156769673727,False
3274,0.0019413140152948255,313,1.5400735265530718,False
3275,0.0005458007455142001,88,1.2470326044342734,False
3276,0.00023568668556295006,38,11.268638334776226,False
3277,0.01568556915233423,2529,0.6879316483056795,False
3278,0.0013272881765913503,214,2.527874785605992,False
3279,3.101140599512501e-05,5,2.316369867324829,False
3280,0.00019847299836880003,32,9.189411908388138,False
3281,0.0028778584763476008,464,1.554999687805258,False
3282,0.0025987558223914756,419,2.76472262152624,False
3283,0.00016746159237367503,27,1.7960262740099873,False
3284,0.0015319634561591754,247,1.3250033261804928,False
3285,0.0024188896676197507,390,2.0114632866321465,False
3286,6.202281199025001e-06,1,0.8660647869110107,False
3287,0.0005520030267132251,89,2.257936876811338,False
3288,0.0006140258387034752,99,10.282592541039593,False
3289,0.0018482797973094504,298,1.5328588673732424,False
3290,0.0012900744893972003,208,1.3656601722423847,False
3291,0.0020963710452704507,338,2.2108034886552033,False
3292,0.0036283345014296257,585,2.8705137318016116,False
3293,0.0026359695095856256,425,1.198133809706744,False
3294,0.004961824959220001,800,1.4350577992200853,False
3295,0.0014265246757757502,230,1.1133026180060013,False
3296,0.0019971345460860503,322,1.2199347685582889,False
3297,0.0019785277024889753,319,1.4301930071791884,False
3298,0.0024871147608090255,401,1.5610396826356427,False
3299,0.0061588652306318265,993,0.718665985782581,False
3300,0.0024685079172119505,398,1.187201137518763,False
3301,0.00014265246757757502,23,2.0020323317983877,False
3302,0.009377849172925803,1512,1.0916804321228513,False
3303,0.0014761429253679504,238,1.0588827393635982,False
3304,0.0009117353362566752,147,1.608454178790657,False
3305,5.582053079122501e-05,9,4.04631675614251,False
3306,0.00013645018637855003,22,1.7820332158695569,False
3307,0.010835385254696678,1747,0.9830454033173079,False
3308,0.0022142143880519256,357,1.1508169902139018,False
3309,0.010853992098293753,1750,0.65689525277274,False
3310,0.0008807239302615502,142,1.5188754091800099,False
3311,0.0021087756076685004,340,1.1764781685436474,False
3312,0.0008497125242664252,137,2.4447075311284867,False
3313,0.0004775756523249251,77,1.4730294741593397,False
3314,0.0009985672730430252,161,1.6676386794688538,False
3315,0.0007628805874800752,123,2.946672343626255,False
3316,0.00029150721635417507,47,1.73161425996334,False
3317,0.010742351036711303,1732,1.1435826700223786,False
3318,0.0011598265842176752,187,0.8832511621363023,False
3319,0.04275852658607836,6894,1.619958422168082,False
3320,0.003677952751021826,593,1.2840750338054225,False
3321,0.00010543878038342502,17,2.045179850914899,False
3322,0.0023506645744304755,379,4.2146510096527345,False
3323,0.004937015834423901,796,1.4273790089628804,False
3324,0.0025987558223914756,419,0.9053371000972739,False
3325,0.0016560090801396754,267,1.0560385136122115,False
3326,0.0017118296109309005,276,1.3855559933876647,False
3327,0.0016994250485328503,274,1.4721573099602747,False
3328,0.010463248382755178,1687,0.9087850506233618,False
3329,0.00039694599673760006,64,2.6285943537950516,False
3330,0.0009427467422518002,152,1.958790427760074,False
3331,9.923649918440002e-05,16,2.234101250767708,False
3332,0.0006016212763054251,97,5.664070193300542,False
3333,3.721368719415001e-05,6,2.357921560605367,False
3334,0.0015133566125621004,244,1.1998426191142348,False
3335,0.0008311056806693502,134,1.0722153569335369,False
3336,0.007349703220844626,1185,1.173182922878346,False
3337,0.0033182204414783758,535,1.174702311007776,False
3338,0.007207050753267052,1162,1.4400344674640597,False
3339,0.004223753496536026,681,0.7664769826656571,False
3340,0.03794555637563496,6118,1.2747549697362195,False
3341,0.0005768121515093252,93,0.8611855865806661,False
3342,0.0015133566125621004,244,1.4900168561544576,False
3343,0.0027352060087700255,441,0.809160102251706,False
3344,0.0011040060534264502,178,2.8688960611150507,False
3345,0.0022514280752460756,363,0.7328554868041319,False
3346,0.0003721368719415001,60,1.7292981346448262,False
3347,0.0062332926050201265,1005,0.9613785819627753,False
3348,0.005749514671496176,927,0.8108406203207204,False
3349,0.0027724196959641755,447,1.607021113370089,False
3350,0.0012280516774069504,198,1.116311343029292,False
3351,0.0024436987924158506,394,0.8744622946995769,False
3352,0.0035539071270413256,573,0.8628529528672783,False
3353,0.0021645961384597254,349,1.3774913949064675,False
3354,0.0026731831967797756,431,1.41615547215579,False
3355,0.0018172683913143255,293,0.9000633877698879,False
3356,0.0021149778888675257,341,1.325189492569641,False
3357,0.0022762372000421755,367,2.0561722763877475,False
3358,0.007318691814849502,1180,1.0232867612677106,False
3359,0.006679856851349927,1077,1.0661734007195178,False
3360,0.0018110661101153004,292,2.287172805364818,False
3361,0.011040060534264503,1780,0.8303392817465107,False
3362,0.0024747101984109753,399,1.7318152879413806,False
3363,0.003603525376633526,581,1.3753681527562889,False
3364,0.0013024790517952502,210,1.4667063168116978,False
3365,0.00031631634115027505,51,1.631314808247136,False
3366,0.0006574418070966502,106,2.411697910641724,False
3367,0.0002791026539561251,45,1.871725818845961,False
3368,0.00017986615477172505,29,0.7508220672607422,False
3369,0.0027041946027749008,436,1.0227304256837302,False
3370,0.061563843181522165,9926,0.79118477527158,False
3371,0.0033244227226774006,536,2.012523400249766,False
3372,1.2404562398050002e-05,2,0.9167723655700684,False
3373,0.0004341596839317501,70,1.0448483977999006,False
3374,0.02697372093455973,4349,2.7488968215829668,False
3375,0.00016746159237367503,27,2.9634036355548434,False
3376,0.005178904801185876,835,4.02851998177831,False
3377,0.0023134508872363255,373,2.8171281306417635,False
3378,0.0004279574027327251,69,1.9189559549525164,False
3379,0.0017800547041201755,287,1.216905696882188,False
3380,0.0021832029820568004,352,8.163109421391379,False
3381,0.0009861627106449752,159,0.8547889556524888,False
3382,0.0029398812883378506,474,1.0932100950917112,False
3383,0.0002666980915580751,43,10.431192442428234,False
3384,0.0013024790517952502,210,6.2851653530484155,False
3385,0.0007442737438830002,120,3.276220269004504,False
3386,0.0017056273297318754,275,1.2217468552155928,False
3387,0.004236158058934076,683,0.9369581209967461,False
3388,0.0018978980469016504,306,1.268146141292223,False
3389,0.0006574418070966502,106,1.1413512128704,False
3390,0.007207050753267052,1162,2.433991581663207,False
3391,0.0028840607575466256,465,1.9586624317271735,False
3392,0.0005954189951064002,96,2.7351729050278664,False
3393,0.0012156471150089002,196,1.2947605240101716,False
3394,0.004378810526511651,706,2.10965497905742,False
3395,0.0027662174147651507,446,1.3352051433426382,False
3396,0.0023568668556295004,380,1.4476245484854047,False
3397,0.005358770955957601,864,0.9281867168567799,False
3398,0.0012404562398050003,200,7.489535173177719,False
3399,0.0021645961384597254,349,2.1732490575074466,False
3400,0.004924611272025851,794,1.1409103882402858,False
3401,0.0008869262114605752,143,4.8316182264914875,False
3402,0.004143123840948701,668,1.9657823861002208,False
3403,0.0023010463248382754,371,1.1921175573714018,False
3404,0.004105910153754551,662,1.260829649843118,False
3405,0.0004279574027327251,69,2.2485215301099033,False
3406,0.0003845414343395501,62,2.008770327414236,False
3407,0.02087067623471913,3365,0.7890092506805465,False
3408,0.0031941748174978755,515,0.992313223903619,False
3409,0.005631671328714701,908,0.9713927922269846,False
3410,0.0062705062922142766,1011,0.899633171768264,False
3411,8.062965558732502e-05,13,1.430077626154973,False
3412,0.0003101140599512501,50,1.2586301708221435,False
3413,0.0010729946474313252,173,1.5538905714288613,False
3414,0.0022018098256538754,355,1.8065913408574923,False
3415,0.008509529805062302,1372,0.6989147597082155,False
3416,0.0006574418070966502,106,1.5277535364312946,False
3417,0.0015629748621543004,252,1.5285815601311032,False
3418,0.0028778584763476008,464,0.76504444459389,False
3419,4.341596839317501e-05,7,1.3276947907039098,False
3420,0.007362107783242677,1187,2.763356920642419,False
3421,0.004496653869293126,725,2.5654206236477557,False
3422,0.06375324844477799,10279,0.6764842305321187,False
3423,0.0008187011182713002,132,1.0805707835789882,False
3424,0.0026669809155807508,430,1.4101558762927389,False
3425,0.003888830311788676,627,0.99427851687588,False
3426,0.004391215088909701,708,1.6301611892584353,False
3427,0.005768121515093251,930,2.4533560311922464,False
3428,0.0018792912033045754,303,1.3060855369756716,False
3429,0.0005209916207181001,84,1.40425201966649,False
3430,0.0018358752349114005,296,1.0447515853353448,False
3431,0.00021087756076685005,34,7.9185980242841385,False
3432,0.0023816759804256007,384,1.6787124841163557,False
3433,0.0005209916207181001,84,1.1266911938076927,False
3434,0.013192252110326179,2127,1.1831747179699437,False
3435,0.00020467527956782505,33,5.114337339545742,False
3436,0.0025553398539983007,412,1.652448761231691,False
3437,7.442737438830002e-05,12,1.9590092599391937,False
3438,0.0019971345460860503,322,1.925715372429131,False
3439,0.0075543785004124515,1218,1.2916412196918856,False
3440,0.0029150721635417508,470,1.0181208131161141,False
3441,0.009477085672110202,1528,1.0978078592510123,False
3442,0.0038578189057935507,622,1.0296224045216846,False
3443,0.010550080319541527,1701,1.1335855539513644,False
3444,0.0022700349188431506,366,1.2404580976142259,False
3445,0.0020529550768772753,331,1.049895503369703,False
3446,0.013496163889078403,2176,1.2498423071468578,False
3447,0.005842548889481551,942,1.2746087982143313,False
3448,0.0012218493962079253,197,1.2375578365955255,False
3449,0.0013582995825864753,219,4.156487048488774,False
3450,0.0006388349634995752,103,1.3687170709221108,False
3451,5.582053079122501e-05,9,3.238196743859185,False
3452,0.0017614478605231004,284,1.0251064468437516,False
3453,0.0027662174147651507,446,2.0238988944767837,False
3454,0.018495202535492555,2982,1.191928556507502,False
3455,0.0035353002834442506,570,0.8169883257464359,False
3456,0.0002791026539561251,45,1.2210698657565646,False
3457,6.822509318927501e-05,11,1.1002374995838513,False
3458,0.00013645018637855003,22,10.742735851894725,False
3459,0.0014203223945767254,229,1.0242807896376698,False
3460,0.0024312942300178005,392,2.20886108552923,False
3461,0.004136921559749676,667,2.7303128339003946,False
3462,0.00011784334278147503,19,1.6933869186200594,False
3463,0.0021459892948626504,346,1.3555656209846452,False
3464,0.0024188896676197507,390,1.2484700178488708,False
3465,0.00030391177875222506,49,11.151713091499952,False
3466,0.0012652653646011002,204,6.288227338416903,False
3467,0.00017366387357270005,28,2.4394138795988902,False
3468,0.007126421097679726,1149,1.2209071251908212,False
3469,0.0013645018637855003,220,3.409872206774625,False
3470,0.0012280516774069504,198,1.358752373493079,False
3471,0.0021211801700665505,342,1.1595194639518247,False
3472,0.0019103026092997003,308,1.4243837362760072,False
3473,0.0017118296109309005,276,1.246041584705961,False
3474,0.013037195080350552,2102,0.5828466807287381,False
3475,0.0013396927389894002,216,0.9706303880170539,False
3476,0.0019041003281006755,307,2.0737415975390507,False
3477,0.005358770955957601,864,0.7445207100223612,False
3478,0.00030391177875222506,49,7.233763641240645,False
3479,0.00017986615477172505,29,4.405331693846604,False
3480,0.004043887341764301,652,1.4385695234398168,False
3481,0.00012404562398050004,20,1.6139092326164246,False
3482,0.00021707984196587504,35,0.8973885025296893,False
3483,0.0013024790517952502,210,1.5186617238180977,False
3484,0.011362579156613803,1832,0.9727759194686423,False
3485,0.0026545763531827006,428,1.151674979200987,False
3486,0.0006202281199025002,100,5.38996933221817,False
3487,0.0006078235575044501,98,5.028210879588614,False
3488,0.0013955132697806253,225,1.2900573635101318,False
3489,0.007250466721660227,1169,0.7229340127434253,False
3490,0.0005023847771210251,81,2.304099127098366,False
3491,0.00014885474877660004,24,9.861219147841135,False
3492,0.009861627106449753,1590,1.7551006665019868,False
3493,0.0007504760250820251,121,1.7024706336092357,False
3494,0.0018606843597075004,300,4.238293248017629,False
3495,0.0003845414343395501,62,1.5669084172095022,False
3496,0.0004155528403346751,67,1.589147046430787,False
3497,0.0004837779335239501,78,1.2979240646729102,False
3498,0.0018482797973094504,298,1.245553863928622,False
3499,0.0007380714626839752,119,1.111512769170168,False
3500,0.0022824394812412004,368,1.7223319991127304,False
3501,0.0024374965112168257,393,0.9516031638963228,False
3502,0.00011784334278147503,19,4.476997601358514,False
3503,0.0049308135532248765,795,6.280027692422927,False
3504,0.0011908379902128004,192,1.2402945185701053,False
3505,0.0022018098256538754,355,2.137780335587515,False
3506,0.04221272584056416,6806,0.8334995665481572,False
3507,0.0020157413896831253,325,1.6519431781768799,False
3508,0.004552474400084351,734,0.8556452210007961,False
3509,0.0004031482779366251,65,0.8899896530004648,False
3510,0.0024064851052217006,388,2.9647085709670153,False
3511,7.442737438830002e-05,12,1.9923853079477947,False
3512,0.003833009780997451,618,1.1365172747269416,False
3513,0.0020529550768772753,331,1.354651758317861,False
3514,0.0022948440436392505,370,5.095028238038759,False
3515,0.0022204166692509505,358,2.699130622701272,False
3516,0.0024747101984109753,399,2.0870101182980645,False
3517,0.00011784334278147503,19,2.3366752298254716,False
3518,0.0014017155509796504,226,1.629673812241681,False
3519,6.822509318927501e-05,11,1.4338278662074695,False
3520,0.004812970210443401,776,1.2674316763877869,False
3521,0.00017986615477172505,29,1.5801912587264488,False
3522,0.004248562621332126,685,1.1396310950717787,False
3523,0.0023692714180275506,382,2.9639840491155054,False
3524,0.0008497125242664252,137,6.894506870395076,False
3525,9.303421798537502e-05,15,1.4014095783233642,False
3526,0.0021149778888675257,341,2.346722508455651,False
3527,0.0031941748174978755,515,0.8461209380510941,False
3528,0.0010419832414362003,168,1.1247189719052542,False
3529,0.005290545862768326,853,1.001762744550269,False
3530,0.003746177844211101,604,1.2150700364681268,False
3531,0.0010853992098293751,175,1.0064728845868791,False
3532,0.0004651710899268751,75,1.2099998585383098,False
3533,0.006264304011015251,1010,6.334615650743541,False
3534,0.00022328212316490004,36,2.9047961168819003,False
3535,0.0014699406441689253,237,1.6963416866109342,False
3536,0.008813441583814526,1421,0.8174876851317414,False
3537,0.010599698569133727,1709,0.8205471049978972,False
3538,0.0010419832414362003,168,2.6097564008973895,False
3539,0.0012962767705962254,209,1.2969274001828792,False
3540,0.0020157413896831253,325,1.8556675745890692,False
3541,0.00028530493515515004,46,6.443218223426653,False
3542,0.0018420775161104254,297,1.348436551463323,False
3543,0.0020529550768772753,331,4.808656576536934,False
3544,0.0008435102430674002,136,1.0501286352381987,False
3545,0.006034819606651327,973,0.9797929876999889,False
3546,0.0012528608022030503,202,2.858650761665684,False
3547,0.00023568668556295006,38,5.634534500147167,False
3548,0.005458007455142001,880,1.9700922426852312,False
3549,0.003256197629488126,525,1.1307785706293014,False
3550,0.021323442762247954,3438,0.73062030044387,False
3551,0.007814874310771502,1260,0.8273150262378511,False
3552,0.0066736545701509015,1076,0.7864857650600845,False
3553,0.0009737581482469252,157,1.136997918414462,False
3554,6.202281199025002e-05,10,0.8655811309814453,False
3555,0.0009055330550576502,146,5.307314075835763,False
3556,0.0007752851498781252,125,1.9335250740051269,False
3557,0.0009923649918440003,160,2.3986191555857657,False
3558,0.0010916014910284002,176,1.126589772376147,False
3559,0.0061960789178259765,999,1.262076279541871,False
3560,0.0009303421798537502,150,1.0915703471501668,False
3561,0.00010543878038342502,17,2.18510542196386,False
3562,0.0019909322648870255,321,1.6335302089976373,False
3563,0.0020467527956782505,330,3.6407423788850957,False
3564,0.0026731831967797756,431,2.5336230287972294,False
3565,0.0011908379902128004,192,2.442683983594179,False
3566,0.013260477203515452,2138,0.6396821212054861,False
3567,0.00031631634115027505,51,1.282603937036851,False
3568,0.0009489490234508252,153,1.6838558935651593,False
3569,0.004918408990826826,793,0.7503880630675962,False
3570,0.0005085870583200501,82,1.6940999757952806,False
3571,0.00013645018637855003,22,2.0774142308668657,False
3572,0.0019165048904987254,309,2.9848115313014554,False
3573,0.0021025733264694755,339,0.8716901442294276,False
3574,0.007213253034466077,1163,1.7836926059280094,False
3575,3.721368719415001e-05,6,1.625513990720113,False
3576,0.0022452257940470503,362,1.4888264889216554,False
3577,0.0020219436708821506,326,1.2751775332755106,False
3578,0.02297945184238763,3705,0.6637394193373872,False
3579,0.0022018098256538754,355,1.8080214953758347,False
3580,0.01669033870657628,2691,1.166000984274114,False
3581,0.006344933666602577,1023,1.2690781339755388,False
3582,0.0007442737438830002,120,2.8536209682623546,False
3583,0.0022886417624402257,369,1.1026703574793126,False
3584,0.0021397870136636256,345,1.614424583531808,False
3585,0.005761919233894226,929,0.7862251002513939,False
3586,0.0020343482332802003,328,2.4444959559818593,False
3587,0.0002791026539561251,45,1.1965621842278376,False
3588,0.0022886417624402257,369,2.387038747469584,False
3589,0.0026855877591778258,433,1.4625007029769053,False
3590,0.00017986615477172505,29,2.6938470067649054,False
3591,0.005805335202287401,936,0.8932263097192488,False
3592,0.0010233763978391252,165,1.7820104981913711,False
3593,0.035030484212093205,5648,1.4600397115388606,False
3594,0.0027352060087700255,441,1.2919865287080103,False
3595,0.0025119238856051254,405,1.3435977935791015,False
3596,0.004595890368477526,741,1.292060814727495,False
3597,0.0008187011182713002,132,3.5774170629905933,False
3598,0.007945122215951027,1281,0.8547922889298522,False
3599,0.007963729059548102,1284,1.0419304073785325,False
3600,8.683193678635003e-05,14,1.9409757341657365,False
3601,1.8606843597075006e-05,3,1.959949016571045,False
3602,0.00012404562398050004,20,3.216202735900879,False
3603,0.0004279574027327251,69,1.3406446083732273,False
3604,0.0004713733711259001,76,7.085129235920153,False
3605,0.0016249976741445503,262,5.370805142945006,False
3606,0.00024188896676197505,39,9.236811222174229,False
3607,0.0024747101984109753,399,1.0645687502428405,False
3608,0.0006760486506937252,109,1.0439695655752759,False
3609,0.004639306336870701,748,1.0761169775284547,False
3610,0.0023258554496343757,375,3.0537012329101563,False
3611,0.0019351117340958004,312,3.4297098567088447,False
3612,0.010004279574027327,1613,1.5280474504918986,False
3613,0.0004341596839317501,70,1.2442257131849017,False
3614,0.004372608245312626,705,2.3063020254703277,False
3615,0.0003597323095434501,58,1.134891070168594,False
3616,0.0015753794245523503,254,1.4750369759056512,False
3617,1.2404562398050002e-05,2,1.4811387062072754,False
3618,0.00018606843597075004,30,12.322256724039713,False
3619,0.004397417370108726,709,1.2204544661916026,False
3620,0.0027538128523671005,444,1.3832819963897671,False
3621,0.003845414343395501,620,1.3966790628048682,False
3622,0.0009489490234508252,153,1.204319747444851,False
3623,4.961824959220001e-05,8,1.1649906933307648,False
3624,0.0019413140152948255,313,2.910923095556875,False
3625,0.0020405505144792256,329,1.8749211805569728,False
3626,0.0025987558223914756,419,0.9281291574737621,False
3627,0.0003845414343395501,62,9.603755966309578,False
3628,0.0037957960938033008,612,1.1837948272430818,False
3629,0.0013893109885816004,224,1.3016134101365293,False
3630,0.0014451315193728252,233,3.8162694611774493,False
3631,0.004918408990826826,793,1.0570291745256806,False
3632,0.0026235649471875754,423,1.1336416175179447,False
3633,0.003367838691070576,543,1.5033497147358144,False
3634,0.0016436045177416253,265,1.2435630987275321,False
3635,0.0019537185776928754,315,1.44725975574009,False
3636,0.003833009780997451,618,0.979204295136782,False
3637,0.0033802432534686257,545,0.931357992679701,False
3638,0.0022018098256538754,355,1.2230631999566521,False
3639,0.0004899802147229751,79,1.8120691172684296,False
3640,0.0009489490234508252,153,1.1386806209102955,False
3641,0.0018110661101153004,292,2.03138929605484,False
3642,0.0011536243030186503,186,1.4597328068107687,False
3643,0.0009675558670479002,156,1.58789946941229,False
3644,0.003597323095434501,580,2.038901689134795,False
3645,0.0019537185776928754,315,2.140581926466927,False
3646,0.0009675558670479002,156,5.203044070647313,False
3647,0.0003411254659463751,55,1.6034341898831455,False
3648,0.004205146652938951,678,1.0854864289275312,False
3649,0.00014265246757757502,23,1.9723867022472878,False
3650,0.0008993307738586252,145,13.613106640453996,False
3651,0.0030515223499203007,492,0.8451277090281974,False
3652,0.0021894052632558253,353,1.3837020299252303,False
3653,0.0019289094528967753,311,2.6487727859012566,False
3654,0.00011784334278147503,19,1.8793991866864657,False
3655,0.0009055330550576502,146,1.7131002504531652,False
3656,0.004794363366846326,773,0.7534303862558145,False
3657,0.0006202281199025002,100,1.679884226322174,False
3658,0.0017118296109309005,276,1.9809803979984228,False
3659,0.0016994250485328503,274,1.3216820428841305,False
3660,0.0019785277024889753,319,2.2577131171958946,False
3661,0.00013645018637855003,22,1.1575321826067837,False
3662,0.006537204383772351,1054,0.8687634549511905,False
3663,0.0009551513046498502,154,1.4083053098096476,False
3664,6.202281199025001e-06,1,0.4762488603591919,False
3665,0.0012962767705962254,209,2.269714932692678,False
3666,0.0008249033994703252,133,3.0610346059153852,False
3667,0.0003721368719415001,60,1.718364918231964,False
3668,3.721368719415001e-05,6,1.2252497673034668,False
3669,0.0021087756076685004,340,0.9784808888154871,False
3670,0.0019599208588919003,316,1.102229711375659,False
3671,0.0018048638289162753,291,1.5121074411057935,False
3672,0.0024871147608090255,401,0.9759776122552201,False
3673,0.005544839391928351,894,0.7336437248810292,False
3674,0.0019103026092997003,308,2.7354295780132345,False
3675,0.005395984643151751,870,0.8700091175649358,False
3676,0.0011660288654167003,188,5.824129135684764,False
3677,0.0017490432981250503,282,1.4011761262907203,False
3678,0.015090150157227828,2433,0.9448391090828943,False
3679,0.0021894052632558253,353,1.8006616604564547,False
3680,0.00010543878038342502,17,2.2973675517474903,False
3681,2.4809124796100004e-05,4,2.0102258026599884,False
3682,0.00035353002834442507,57,1.4469293523253055,False
3683,8.683193678635003e-05,14,4.1056044442313055,False
3684,0.013359713702699854,2154,0.927108363465457,False
3685,0.0021459892948626504,346,1.4625160914625046,False
3686,2.4809124796100004e-05,4,1.413199931383133,False
3687,0.005458007455142001,880,0.8256676744331013,False
3688,0.0004341596839317501,70,1.16837534734181,False
3689,0.00023568668556295006,38,1.3451222463657981,False
3690,0.003200377098696901,516,1.2485759179721507,False
3691,0.005141691113991726,829,2.9458519480628187,False
3692,0.0019909322648870255,321,1.436494064479602,False
3693,0.003181770255099826,513,1.3344333957278007,False
3694,8.683193678635003e-05,14,2.0030568156923567,False
3695,0.0010047695542420502,162,1.0149634451041987,False
3696,0.0012280516774069504,198,1.3802749436311048,False
3697,0.0006326326823005501,102,1.2315382174417084,False
3698,0.0021335847324646007,344,1.3794069477291995,False
3699,0.00018606843597075004,30,1.4158427238464355,False
3700,0.00029150721635417507,47,1.9650661970706695,False
3701,0.0018048638289162753,291,0.9203041148759246,False
3702,0.04009154567049761,6464,0.6606368215957491,False
3703,0.00029150721635417507,47,3.16969825359101,False
3704,1.8606843597075006e-05,3,2.4144696394602456,False
3705,0.00015505702997562504,25,2.8355835628509523,False
3706,0.01598327864988743,2577,4.466973351747619,False
3707,0.0032251862234930007,520,0.7833120522590784,False
3708,0.0012342539586059752,199,1.5166576591568377,False
3709,0.003392647815866676,547,1.6335034769239547,False
3710,0.0016622113613387003,268,1.7333242519577938,False
3711,0.006555811227369426,1057,0.6752096381859612,False
3712,0.0019537185776928754,315,1.6294577632631575,False
3713,0.003826807499798426,617,1.2420816869751174,False
3714,0.0057929306398893515,934,0.7127971832961546,False
3715,0.009359242329328728,1509,0.7487893290990547,False
3716,0.0016125931117465003,260,1.6701543812568371,False
3717,0.0022948440436392505,370,2.769819053121515,False
3718,0.0010109718354410753,163,0.9998069935781093,False
3719,0.0011660288654167003,188,1.1817330381971725,False
3720,0.007244264440461202,1168,1.0074696483677381,False
3721,0.004651710899268751,750,1.466887491385142,False
3722,0.006382147353796727,1029,0.8897769944660865,False
3723,8.683193678635003e-05,14,3.1750606213297163,False
3724,0.028350627360743282,4571,1.2741723055913605,False
3725,0.005364973237156626,865,4.211026051967819,False
3726,7.442737438830002e-05,12,11.369857082764307,False
3727,0.0025367330104012257,409,1.6164822957335008,False
3728,0.02682486618578313,4325,0.6775524249655663,False
3729,0.0033058158790803256,533,1.222444508133865,False
3730,0.00011164106158245002,18,8.380200293329027,False
3731,0.0007876897122761752,127,1.316253481887457,False
3732,0.0024312942300178005,392,1.7440915810210365,False
3733,0.0030515223499203007,492,0.7942163256125722,False
3734,0.0013645018637855003,220,5.415805654092268,False
3735,0.0020157413896831253,325,2.0757772181584286,False
3736,3.101140599512501e-05,5,0.8768772840499878,False
3737,0.00028530493515515004,46,2.3264680893524834,False
3738,0.0017056273297318754,275,1.0759120152213357,False
3739,0.004341596839317501,700,1.4048161617347172,False
3740,0.0004713733711259001,76,2.543627086438631,False
3741,0.0004775756523249251,77,2.4763408759971717,False
3742,0.014711811004087303,2372,0.8427516378801548,False
3743,0.0019909322648870255,321,1.8048078943264447,False
3744,0.0020157413896831253,325,2.060518894929152,False
3745,6.202281199025001e-06,1,0.8707976341247559,False
3746,0.0007070600566888501,114,1.3415274390003138,False
3747,0.005526232548331276,891,0.7817633240311234,False
3748,0.0020467527956782505,330,0.9243158788392039,False
3749,0.0025057216044061005,404,2.431786334160531,False
3750,0.0005520030267132251,89,2.2670774392867354,False
3751,0.004031482779366251,650,0.8259155728266789,False
3752,0.003981864529774051,642,1.1252352426356615,False
3753,0.010388821008366878,1675,0.7891342430684104,False
3754,0.0017056273297318754,275,3.2232309939644552,False
3755,3.101140599512501e-05,5,1.3512131214141845,False
3756,0.0024436987924158506,394,2.9020872170549965,False
3757,0.00025429352916002504,41,2.4837592665742085,False
3758,0.015195588937611254,2450,1.407881994442064,False
3759,0.0020963710452704507,338,1.6279963057422073,False
3760,0.00013024790517952503,21,1.2176810843603951,False
3761,0.004186539809341876,675,0.8910804416515209,False
3762,0.0016498067989406504,266,1.4109531667895783,False
3763,0.0012714676458001253,205,1.4094920367729373,False
3764,0.0026607786343817255,429,0.9962456565358978,False
3765,0.0003597323095434501,58,8.397686826771704,False
3766,0.0011164106158245003,180,9.161749102009667,False
3767,0.00022948440436392506,37,7.4081673364381535,False
3768,0.005073466020802451,818,1.349253801087004,False
3769,0.0008311056806693502,134,1.380236337434,False
3770,0.00023568668556295006,38,0.9796192896993536,False
3771,0.00036593459074247506,59,10.90412554700496,False
3772,0.00013645018637855003,22,1.3094858689741655,False
3773,0.002952285850735901,476,1.0811592117578042,False
3774,0.02125521766905868,3427,2.706083620711183,False
3775,0.0020715619204743504,334,0.9742036236974294,False
3776,0.0016560090801396754,267,1.1450562566407165,False
3777,0.0008993307738586252,145,1.0989438550225619,False
3778,0.0,0,0.0,True
3779,0.00026049581035905006,42,1.6367260615030925,False
3780,0.0019041003281006755,307,1.4196686938841878,False
3781,0.0026297672283866007,424,1.2604649505525265,False
3782,0.0020529550768772753,331,1.0488235168946833,False
3783,0.0025119238856051254,405,1.850940337004485,False
3784,0.0021149778888675257,341,1.9579360118010176,False
3785,0.0013334904577903754,215,1.2550163402113803,False
3786,0.007225657596864127,1165,0.7844030887783853,False
3787,0.004366405964113601,704,3.364889158443971,False
3788,0.0007504760250820251,121,1.149729575007415,False
3789,0.0028096333831583256,453,1.5063731423013784,False
3790,0.0010729946474313252,173,5.111317576700553,False
3791,0.0007318691814849501,118,0.9314853033777011,False
3792,0.0006946554942908002,112,1.363502062857151,False
3793,0.00032251862234930007,52,1.3228748073944678,False
3794,0.0007318691814849501,118,1.8430379103806058,False
3795,0.0004465642463298001,72,3.9349034080902734,False
3796,0.0022142143880519256,357,1.4105584568002312,False
3797,0.0008062965558732502,130,1.2100309527837314,False
3798,0.0033430295662744756,539,0.98034735469075,False
3799,0.00019847299836880003,32,4.211564913392067,False
3800,0.007169837066072902,1156,1.077348550710711,False
3801,0.0012094448338098754,195,3.394432262885265,False
3802,0.003715166438215976,599,1.6959940778194167,False
3803,0.005923178545068877,955,0.7368583090018227,False
3804,0.010444641539158103,1684,0.8839466169724272,False
3805,0.0005644075891112751,91,9.212231650457277,False
3806,0.006369742791398676,1027,1.1385371171975438,False
3807,4.961824959220001e-05,8,1.7105086147785187,False
3808,0.0069837686301021515,1126,1.7221828063893698,False
3809,0.0004775756523249251,77,1.0444723909551448,False
3810,3.721368719415001e-05,6,1.6049353679021199,False
3811,0.0004899802147229751,79,1.1162493470348889,False
3812,0.0012218493962079253,197,0.9144270783148442,False
3813,0.0013396927389894002,216,1.0595952774639483,False
3814,0.00031631634115027505,51,9.130294542686611,False
3815,0.0027848242583622257,449,3.294062224156607,False
3816,0.0008249033994703252,133,2.7160975135358654,False
3817,0.00010543878038342502,17,5.675793703864603,False
3818,0.00012404562398050004,20,2.942412006855011,False
3819,0.003008106381527126,485,2.0846701415543705,False
3820,0.0021459892948626504,346,1.882898994263886,False
3821,0.0028530493515515004,460,0.6970749461132547,False
3822,0.0022080121068529003,356,2.3268759819898714,False
3823,0.20716859660983308,33402,0.9896511130187049,False
3824,0.0024188896676197507,390,1.0348537955528652,False
3825,0.0019661231400909256,317,1.4653445467211847,False
3826,0.0028034311019593007,452,1.1109094382387348,False
3827,0.011027655971866453,1778,2.8471102613968307,False
3828,0.00022328212316490004,36,1.7788969212108188,False
3829,0.0008869262114605752,143,2.060928697352643,False
3830,0.003101140599512501,500,0.9532776575088501,False
3831,1.2404562398050002e-05,2,41.58618801832199,False
3832,0.0019599208588919003,316,1.625235356862032,False
3833,0.0030577246311193256,493,1.3983902566089592,False
3834,0.0009737581482469252,157,2.0059279302123247,False
3835,0.0018854934845036005,304,0.783625817220462,False
3836,0.00013024790517952503,21,1.99088226045881,False
3837,0.0010978037722274253,177,5.996303166373301,False
3838,4.961824959220001e-05,8,5.757073521614075,False
3839,0.005786728358690326,933,3.479905167065505,False
3840,0.0019661231400909256,317,0.9685795446299604,False
3841,0.00032251862234930007,52,11.04517193023975,False
3842,0.0013148836141933004,212,1.3108406876618008,False
3843,0.0022390235128480255,361,2.379737798527007,False
3844,0.0007938919934752001,128,1.371962770819664,False
3845,0.0023320577308334005,376,1.1971154054428668,False
3846,0.0013893109885816004,224,0.9602088784532887,False
3847,0.00026049581035905006,42,1.5387288615817116,False
3848,0.011486624780594302,1852,0.7500064553246385,False
3849,0.0022452257940470503,362,1.6467213660313937,False
3850,0.0011226128970235252,181,1.0683910477885883,False
3851,0.0004775756523249251,77,7.0699712208339145,False
3852,0.0025305307292022004,408,3.002445758557787,False
3853,0.014469922037325328,2333,0.8462981306019639,False
3854,0.00017366387357270005,28,3.9288471000535146,False
3855,0.0005830144327083501,94,1.3972839142413849,False
3856,0.0021335847324646007,344,1.9373216947843863,False
3857,0.0021211801700665505,342,1.693976961381254,False
3858,0.0016560090801396754,267,1.315907272953219,False
3859,0.0012714676458001253,205,1.1866117849582578,False
3860,0.004056291904162351,654,2.938655072760509,False
3861,0.0004589688087278501,74,2.041944355578036,False
3862,0.006648845445354801,1072,0.9094770510694874,False
3863,0.0028964653199446758,467,1.359876345771283,False
3864,0.0010109718354410753,163,1.4134376502475856,False
3865,0.006041021887850351,974,1.1175741978004972,False
3866,0.0015753794245523503,254,1.1351279203347333,False
3867,0.0014389292381738004,232,1.145167706341579,False
3868,0.00017986615477172505,29,1.5519912283996056,False
3869,0.0027103968839739256,437,0.8690945785705776,False
3870,0.0011102083346254752,179,1.3651610313181104,False
3871,0.0016436045177416253,265,1.3199962130132712,False
3872,0.005507625704734201,888,0.8188231141717585,False
3873,0.006016212763054252,970,1.0061810105117326,False
3874,0.0020715619204743504,334,1.146320975469258,False
3875,0.00014885474877660004,24,15.131612857182821,False
3876,0.0025863512599934254,417,2.578893927361468,False
3877,0.00023568668556295006,38,1.4070861998357271,False
3878,0.0026731831967797756,431,1.6715299535516797,False
3879,0.004812970210443401,776,1.1939950502410377,False
3880,0.004521462994089226,729,0.9862762158136146,False
3881,0.007306287252451452,1178,0.6912376512291071,False
3882,9.303421798537502e-05,15,1.788053560256958,False
3883,0.0025615421351973255,413,1.3489813083020596,False
3884,0.006400754197393802,1032,0.7507585240888965,False
3885,0.0023134508872363255,373,0.9861323884600929,False
3886,0.0009489490234508252,153,1.670746595251794,False
3887,0.0025677444163963504,414,1.1181563639986343,False
3888,0.00014265246757757502,23,2.800859565320222,False
3889,0.005265736737972226,849,1.2843092097270052,False
3890,0.0017242341733289504,278,1.742650608793437,False
3891,0.005166500238787826,833,1.093053524663039,False
3892,0.0023878782616246256,385,1.1734826744376838,False
3893,0.0023568668556295004,380,1.4138555322822772,False
3894,3.721368719415001e-05,6,0.843652606010437,False
3895,0.0021707984196587503,350,1.0857862649645125,False
3896,0.0007070600566888501,114,9.322385415696262,False
3897,0.0013024790517952502,210,1.234631113211314,False
3898,0.003622132220230601,584,1.3361249223147353,False
3899,0.020145009334433205,3248,1.252837993828534,False
3900,0.00011164106158245002,18,1.4547986454433866,False
3901,0.0007504760250820251,121,1.0040704514369492,False
3902,0.004143123840948701,668,0.9077732070477423,False
3903,0.0012032425526108503,194,1.681311796620949,False
3904,0.00028530493515515004,46,1.0453310634778894,False
3905,0.006202281199025002,1000,0.8332653713226318,False
3906,0.004385012807710676,707,0.7283369580960847,False
3907,0.002970892694332976,479,1.2396505849595358,False
3908,0.0017056273297318754,275,1.3459068298339845,False
3909,0.0021149778888675257,341,1.1912344872427127,False
3910,0.00013024790517952503,21,1.5331103801727295,False
3911,0.005693694140704951,918,0.731987761516197,False
3912,0.0016436045177416253,265,1.6008281131960311,False
3913,0.003330625003876426,537,2.1058755285025086,False
3914,0.0005582053079122502,90,1.371146379576789,False
3915,0.0003101140599512501,50,11.76434966802597,False
3916,0.00031631634115027505,51,11.560269643278684,False
3917,0.003963257686176976,639,0.836121572575099,False
3918,0.0019475162964938504,314,2.1768833721519276,False
3919,0.0005458007455142001,88,1.0033198175105182,False
3920,0.0005333961831161502,86,2.6138532203297284,False
3921,9.923649918440002e-05,16,2.3088136464357376,False
3922,6.202281199025002e-05,10,2.415705692768097,False
3923,0.0018482797973094504,298,1.1514999962493078,False
3924,0.0026173626659885506,422,1.618176933148461,False
3925,0.005482816579938102,884,1.944165611968321,False
3926,0.0022018098256538754,355,2.080316630887314,False
3927,0.0010916014910284002,176,5.80307579988783,False
3928,0.004707531430059976,759,0.8955918922725874,False
3929,0.0023134508872363255,373,1.0395232346358312,False
3930,0.0005830144327083501,94,5.2502868479870735,False
3931,0.0023196531684353504,374,1.3868272243974042,False
3932,0.0003473277471454001,56,8.481239416769572,False
3933,0.0021645961384597254,349,1.78201837184436,False
3934,0.003864021186992576,623,0.7505832460871861,False
3935,0.00013645018637855003,22,1.6546708778901533,False
3936,0.0016684136425377254,269,4.350389773517736,False
3937,0.003622132220230601,584,2.2852225189339626,False
3938,0.0015071543313630753,243,14.245585469552028,False
3939,1.2404562398050002e-05,2,1.2941824793815613,False
3940,0.0023506645744304755,379,1.774818128520392,False
3941,0.0014451315193728252,233,1.4207593473753704,False
3942,0.003615929939031576,583,1.3708436738565488,False
3943,0.0004031482779366251,65,5.3746735169337345,False
3944,0.0009241398986547252,149,2.234331012572218,False
3945,0.0011784334278147502,190,1.5101270280386272,False
3946,0.0021335847324646007,344,1.0815459822499476,False
3947,0.0032810067542842257,529,0.7430964343263882,False
3948,0.0012218493962079253,197,3.181667300045188,False
3949,0.0015381657373582003,248,1.5747431449351772,False
3950,0.0006450372446986001,104,1.5070710480213165,False
3951,0.0008621170866644752,139,1.2708952495520063,False
3952,0.0004589688087278501,74,1.4350215679890401,False
3953,0.0022080121068529003,356,2.6575932516140885,False
3954,0.0008124988370722751,131,1.638724222438026,False
3955,0.0030515223499203007,492,0.9456331957646502,False
3956,0.013824884792626729,2229,0.6497097714913164,False
3957,0.0006512395258976251,105,1.940423573766436,False
3958,0.0020529550768772753,331,1.4536136381575708,False
3959,0.0028530493515515004,460,1.0217583783294844,False
3960,0.002797228820760276,451,1.0878834660988954,False
3961,0.00014885474877660004,24,2.1021368304888406,False
3962,0.00014265246757757502,23,2.0033876222112905,False
3963,2.4809124796100004e-05,4,6.028245598077774,False
3964,1.2404562398050002e-05,2,0.9887102842330933,False
3965,0.0029770949755320007,480,2.197964603205522,False
3966,0.0005209916207181001,84,2.572921730223156,False
3967,0.0009117353362566752,147,4.338691625465342,False
3968,0.0020343482332802003,328,1.8031100783406235,False
3969,0.04368886876593211,7044,0.6896277649168396,False
3970,0.00015505702997562504,25,1.4182484149932861,False
3971,0.0009179376174557002,148,1.136297979870358,False
3972,0.0003907437155385751,63,2.1670272255700733,False
3973,0.0019785277024889753,319,2.2533543902131083,False
3974,0.0011908379902128004,192,5.328916680067778,False
3975,0.0023258554496343757,375,1.8911624822616577,False
3976,0.009222792142950176,1487,0.7373971923053385,False
3977,0.006189876636626951,998,0.8669523969441951,False
3978,0.003994269092172101,644,0.963299448445717,False
3979,0.0027352060087700255,441,1.328251829763659,False
3980,0.25543474890064566,41184,1.342395998844363,False
3981,0.0012404562398050003,200,1.4733340072631835,False
3982,0.0019227071716977505,310,2.2415940576984035,False
3983,0.0011040060534264502,178,5.734777836317427,False
3984,0.0024685079172119505,398,5.05635391198211,False
3985,0.016293392709838678,2627,0.6926023485454534,False
3986,0.0013893109885816004,224,1.2249373335923468,False
3987,0.0014761429253679504,238,1.2161208531435799,False
3988,0.013254274922316428,2137,1.024967199851265,False
3989,0.0019847299836880006,320,1.6702757582068444,False
3990,0.004310585433322376,695,1.5672573249117077,False
3991,0.0007070600566888501,114,2.520481981729206,False
3992,0.004918408990826826,793,0.9965676963705132,False
3993,0.003615929939031576,583,1.4140676593289776,False
3994,0.0018544820785084755,299,1.9822393460417271,False
3995,4.341596839317501e-05,7,1.3230480125972204,False
3996,0.014879272596460979,2399,1.8956810274239428,False
3997,0.00013024790517952503,21,1.970759391784668,False
3998,0.00023568668556295006,38,10.866718725154275,False
3999,0.00022328212316490004,36,10.80624505546358,False
4000,0.004701329148860951,758,1.098718585313782,False
4001,0.0019847299836880006,320,1.4999516818672418,False
4002,0.0006822509318927502,110,1.6578260703520342,False
4003,0.00026049581035905006,42,7.475990267026992,False
4004,0.0016870204861348004,272,1.6273912953979828,False
4005,0.0048191724916424265,777,3.2469327305581426,False
4006,0.0019289094528967753,311,1.5542466303159952,False
4007,0.003696559594618901,596,1.1459408030413942,False
4008,0.011499029342992352,1854,1.339272233403359,False
4009,0.0004589688087278501,74,3.171429791966,False
4010,0.0018420775161104254,297,1.3034703932225904,False
4011,0.008342068212688626,1345,0.6638992520513145,False
4012,0.00026049581035905006,42,12.22174634819939,False
4013,0.0022948440436392505,370,2.3309638538876096,False
4014,1.2404562398050002e-05,2,9.735193729400635,False
4015,8.683193678635003e-05,14,1.8852204084396362,False
4016,0.0007194646190869002,116,4.484338501404071,False
4017,3.101140599512501e-05,5,9.048595333099366,False
4018,0.004093505591356501,660,2.3954954479679915,False
4019,0.0020343482332802003,328,2.0691066849522475,False
4020,0.0004961824959220001,80,2.931991934776306,False
4021,0.0005892167139073751,95,4.551728773117065,False
4022,0.0012838722081981752,207,1.470967872131274,False
4023,0.0020777642016733757,335,3.655667569744053,False
4024,0.0007194646190869002,116,1.1700324673077156,False
4025,0.0006078235575044501,98,1.3933296568539677,False
4026,0.0036469413450267007,588,4.391496527357166,False
4027,8.062965558732502e-05,13,2.2918914831601658,False
4028,0.0015443680185572254,249,1.153550558300861,False
4029,0.0037957960938033008,612,0.919082945468379,False
4030,0.0020963710452704507,338,1.20849691622356,False
4031,0.003833009780997451,618,0.9958087057357468,False
4032,0.0012838722081981752,207,0.9686065307561902,False
4033,0.0004279574027327251,69,1.846028813417407,False
4034,0.0048377793352395015,780,1.5671630258743579,False
4035,0.0004341596839317501,70,4.387466599260057,False
4036,0.004000471373371126,645,1.0825975490170856,False
4037,0.0006202281199025002,100,1.699649739265442,False
4038,0.00024188896676197505,39,9.70106039291773,False
4039,0.0019103026092997003,308,0.7333397141524723,False
4040,0.005668885015908851,914,1.0632886093607095,False
4041,0.004899802147229751,790,1.00239244292054,False
4042,0.003560109408240351,574,0.9812528056965473,False
4043,0.00025429352916002504,41,1.5836498679184332,False
4044,0.0010481855226352253,169,0.8591727385154138,False
4045,0.005290545862768326,853,1.1489515965597012,False
4046,0.0023072486060373007,372,1.5452397190114504,False
4047,0.010674125943522027,1721,0.9427317985610031,False
4048,0.005110679707996601,824,1.0542773971858534,False
4049,7.442737438830002e-05,12,0.7643175820509592,False
4050,0.0009551513046498502,154,1.0879388258054659,False
4051,0.003833009780997451,618,0.7768293738750964,False
4052,0.0032686021918861756,527,4.294168945734143,False
4053,6.202281199025001e-06,1,1.5616345405578613,False
4054,0.003882628030589651,626,0.825195280888591,False
4055,0.0020839664828724005,336,2.183827120988142,False
4056,0.0027290037275710007,440,0.9424560937014493,False
4057,0.0031073428807115258,501,3.6995567371269424,False
4058,9.923649918440002e-05,16,2.3262367248535156,False
4059,0.006462777009384051,1042,3.4271758426402674,False
4060,0.003063926912318351,494,2.267156874119994,False
4061,0.0013769064261835503,222,1.6191702071610872,False
4062,0.0026297672283866007,424,1.6912266645791396,False
4063,0.0015567725809552753,251,1.5829865353040962,False
4064,8.683193678635003e-05,14,1.7370486429759435,False
4065,0.0008993307738586252,145,1.6071176627586627,False
4066,5.582053079122501e-05,9,1.4337474637561374,False
4067,0.0014327269569747753,231,0.7385164236093497,False
4068,0.0017552455793240754,283,4.262835102030751,False
4069,0.00016125931117465003,26,1.2309549038226788,False
4070,0.00023568668556295006,38,6.990495703722301,False
4071,0.0029584881319349257,477,1.2564709441466901,False
4072,0.0004713733711259001,76,1.4390927427693416,False
4073,0.0012900744893972003,208,1.571364463521884,False
4074,0.0007380714626839752,119,1.7335467939617253,False
4075,0.0003845414343395501,62,1.4428085165639077,False
4076,0.0030949383183134756,499,7.919337006991277,False
4077,0.0012404562398050003,200,1.4633003443479538,False
4078,0.0004031482779366251,65,1.7240959424238937,False
4079,0.0005458007455142001,88,2.3621607477014717,False
4080,0.003969459967376001,640,1.115041646361351,False
4081,0.0005023847771210251,81,1.133307351006402,False
4082,0.018755698345851606,3024,0.7117435440184579,False
4083,0.0024126873864207254,389,3.014465441127669,False
4084,0.0024064851052217006,388,1.2370365501679097,False
4085,0.003640739063827676,587,1.2284655172942647,False
4086,0.01944415155894338,3135,0.5711149766304466,False
4087,0.0024561033548139008,396,1.0885567400190566,False
4088,0.003653143626225726,589,1.4776621832305183,False
4089,0.0020033368272850756,323,1.9472721892613745,False
4090,0.0018110661101153004,292,2.7458867798112845,False
4091,0.003392647815866676,547,1.53324373635775,False
4092,0.01960541087011803,3161,4.346876347755111,False
4093,0.0022886417624402257,369,2.2126002415085875,False
4094,0.0015691771433533252,253,3.3788727762199673,False
4095,0.0008435102430674002,136,1.5690164127770592,False
4096,0.007430332876431952,1198,3.6092208875638616,False
4097,0.0017676501417221253,285,1.7827880323978893,False
4098,0.006413158759791851,1034,0.6822968377827214,False
4099,0.0005706098703103001,92,5.8998571686122725,False
4100,0.004267169464929201,688,1.7212145321590955,False
4101,0.00016746159237367503,27,1.7104225070388228,False
4102,0.012658855927210028,2041,0.7243121958783536,False
4103,0.011269544938628428,1817,0.9523400685652049,False
4104,0.0003597323095434501,58,1.5023245174309303,False
4105,0.00039694599673760006,64,1.6047011278569698,False
4106,6.202281199025002e-05,10,0.989789605140686,False
4107,0.0016560090801396754,267,1.278133586997843,False
4108,0.0066364408829567515,1070,2.1726792451377226,False
4109,0.0018544820785084755,299,1.1041855437301074,False
4110,0.0003845414343395501,62,2.1248261428648427,False
4111,0.0005023847771210251,81,1.8341475268940868,False
4112,0.0008124988370722751,131,5.7848960179409,False
4113,0.0003907437155385751,63,1.445054599217006,False
4114,9.303421798537502e-05,15,1.6785614967346192,False
4115,0.0008621170866644752,139,4.728356571506254,False
4116,0.0021707984196587503,350,2.567988745144435,False
4117,0.0017490432981250503,282,2.5178363822030683,False
4118,0.0018172683913143255,293,1.4974890670678722,False
4119,0.0004031482779366251,65,7.401942113729624,False
4120,0.0024436987924158506,394,1.4954940582895038,False
4121,0.004056291904162351,654,1.296945484041803,False
4122,0.0020591573580763006,332,1.0384741353701397,False
4123,0.0022576303564451005,364,1.4973772443257845,False
4124,0.0003721368719415001,60,4.581941350301107,False
4125,0.0011598265842176752,187,1.3010340113053347,False
4126,0.006456574728185027,1041,0.7206114971443052,False
4127,0.0006016212763054251,97,3.361032149226395,False
4128,0.00016746159237367503,27,5.7324421008427935,False
4129,0.0021459892948626504,346,1.4974099711186624,False
4130,0.004639306336870701,748,1.0612438184054778,False
4131,1.2404562398050002e-05,2,1.6404964923858643,False
4132,0.00015505702997562504,25,1.5859355449676513,False
4133,0.0018792912033045754,303,7.123746499763463,False
4134,0.0019971345460860503,322,1.6849279644326394,False
4135,0.0018792912033045754,303,1.3301936895540445,False
4136,0.0019227071716977505,310,1.7048114192101262,False
4137,0.00030391177875222506,49,1.2353942734854562,False
4138,0.0006884532130917751,111,1.1241324334531217,False
4139,2.4809124796100004e-05,4,3.4569926857948303,False
4140,0.005892167139073751,950,1.5623382811797293,False
4141,0.0010791969286303503,174,0.9301423923722629,False
4142,0.0010481855226352253,169,1.1858521241408129,False
4143,0.0007876897122761752,127,1.402961127401337,False
4144,0.00011164106158245002,18,7.55153571234809,False
4145,0.0020715619204743504,334,1.794930829973278,False
4146,0.003975662248575026,641,1.145827105934274,False
4147,0.0037771892502062258,609,0.9927851672243015,False
4148,0.0024499010736148755,395,1.3903472634810436,False
4149,0.0022948440436392505,370,1.121666298685847,False
4150,0.010885003504288877,1755,0.6400980727285401,False
4151,0.0031135451619105506,502,2.0421379662129984,False
4152,0.0017862569853192003,288,4.271636421067847,False
4153,0.0003411254659463751,55,1.6279331120577725,False
4154,0.0021211801700665505,342,1.5352992216746013,False
4155,0.005439400611544926,877,0.8666649103980244,False
4156,0.006406956478592826,1033,0.960995975907059,False
4157,0.0026855877591778258,433,0.7643586443973744,False
4158,0.035098709305282486,5659,1.2106264744320614,False
4159,0.0034980865962501006,564,0.7436374764070444,False
4160,0.0018978980469016504,306,1.5443975563142813,False
4161,0.003008106381527126,485,1.2044533877028631,False
4162,0.0008124988370722751,131,2.063919311261359,False
4163,0.003752380125410126,605,0.9888587096505914,False
4164,0.0005458007455142001,88,6.603104403073138,False
4165,0.004850183897637551,782,1.4423919760662576,False
4166,0.0015443680185572254,249,1.5626377073157742,False
4167,0.0018482797973094504,298,1.7110405860331235,False
4168,0.0017490432981250503,282,1.4114253520965576,False
4169,0.0023320577308334005,376,1.2457332915448127,False
4170,0.004757149679652176,767,1.3831357800509814,False
4171,0.007728042373985152,1246,0.8289706374056649,False
4172,0.0008683193678635002,140,1.3846556442124502,False
4173,0.005712300984302026,921,0.779280911051101,False
4174,0.00031631634115027505,51,9.685551655058767,False
4175,6.822509318927501e-05,11,5.690281954678622,False
4176,0.0029212744447407756,471,2.26057076251684,False
4177,0.0020653596392753255,333,4.986615901236777,False
4178,0.0033802432534686257,545,0.8418861354162933,False
4179,0.0017800547041201755,287,1.1197675653450996,False
4180,0.0026483740719836757,427,1.007595471531781,False
4181,0.00014265246757757502,23,2.0761458459107773,False
4182,0.004459440182098976,719,1.1818053811912907,False
4183,0.0052781413003702765,851,0.7634231733239215,False
4184,0.0018668866409065254,301,1.3685362814272757,False
4185,0.0019041003281006755,307,1.674558482263298,False
4186,0.0011040060534264502,178,1.8800453416417153,False
4187,0.0004527665275288251,73,5.48395739189566,False
4188,0.3431412073360582,55325,3.514362696989381,False
4189,0.0004279574027327251,69,1.24328681351482,False
4190,0.0005830144327083501,94,3.153866635992172,False
4191,0.0024374965112168257,393,1.418945529988704,False
4192,0.005557243954326402,896,1.3052630786384856,False
4193,0.0010667923662323003,172,1.243385110483613,False
4194,0.004533867556487276,731,0.7914438104172901,False
4195,0.006506192977777226,1049,1.0898540458642834,False
4196,0.0007318691814849501,118,5.212411714812457,False
4197,0.007188443909669977,1159,0.8212542266450739,False
4198,0.003677952751021826,593,1.419562504223185,False
4199,0.0019413140152948255,313,1.4387356267569544,False
4200,0.006574418070966501,1060,1.22404938688818,False
4201,0.006382147353796727,1029,0.6540057341721129,False
4202,0.0006264304011015251,101,1.1713224130101723,False
4203,0.007622603593601726,1229,1.0284673733086582,False
4204,0.0022328212316490006,360,1.9888491484853956,False
4205,0.0005768121515093252,93,1.9574179162261307,False
4206,0.0006884532130917751,111,4.703138362180005,False
4207,0.0002480912479610001,40,2.720149552822113,False
4208,0.0018048638289162753,291,2.4654057886182645,False
4209,0.003622132220230601,584,1.3449480090647528,False
4210,0.0016994250485328503,274,1.1466072754268228,False
4211,0.0031879725362988507,514,0.9872836579608546,False
4212,0.005377377799554676,867,1.1444210007941433,False
4213,0.0019041003281006755,307,1.6569658242141774,False
4214,0.005991403638258151,966,0.8605845932141101,False
4215,0.0015815817057513754,255,1.6631353247399423,False
4216,0.0010047695542420502,162,1.300539403785894,False
4217,0.0003845414343395501,62,1.747796074036629,False
4218,0.0018606843597075004,300,0.960894045829773,False
4219,3.721368719415001e-05,6,7.222322980562846,False
4220,0.00015505702997562504,25,1.9903590345382691,False
4221,0.0014265246757757502,230,2.839500517430513,False
4222,0.0005395984643151751,87,1.742154115918039,False
4223,0.0026297672283866007,424,1.6200950522467774,False
4224,0.013378320546296929,2157,1.2051581048722282,False
4225,0.0026483740719836757,427,0.9485601708816421,False
4226,0.005402186924350776,871,0.604563889355665,False
4227,0.0013769064261835503,222,1.2261893776086,False
4228,0.0009799604294459501,158,3.88014083421683,False
4229,0.004440833338501901,716,1.0877204574020216,False
4230,6.202281199025002e-05,10,1.1382030248641968,False
4231,0.0014699406441689253,237,0.9094430897306289,False
4232,0.0007690828686791001,124,1.4537341123627079,False
4233,0.0022824394812412004,368,1.1051553099051765,False
4234,0.0003845414343395501,62,4.316368389514185,False
4235,2.4809124796100004e-05,4,3.040798306465149,False
4236,0.009173173893357978,1479,1.509028914169817,False
4237,0.0003411254659463751,55,2.425704032724554,False
4238,0.004763351960851201,768,1.2614450147375464,False
4239,0.0023320577308334005,376,1.813463658728498,False
4240,0.016498067989406503,2660,0.5451425885795651,False
4241,0.010760957880308378,1735,1.0817857326623,False
4242,0.0008000942746742252,129,1.631419531134672,False
4243,0.0003411254659463751,55,13.025190444426103,False
4244,8.062965558732502e-05,13,1.5913368738614595,False
4245,0.0025491375727992754,411,1.0031001144372054,False
4246,0.0023816759804256007,384,1.9473637845367193,False
4247,4.961824959220001e-05,8,1.442005693912506,False
4248,0.0026235649471875754,423,1.6283689390683005,False
4249,0.0031941748174978755,515,1.416745985364451,False
4250,0.005836346608282526,941,0.9817048573468621,False
4251,0.0013024790517952502,210,2.142248987016224,False
4252,0.0006574418070966502,106,1.479290190732704,False
4253,0.0002791026539561251,45,1.7628745370441012,False
4254,0.0024250919488187756,391,3.2058318847280636,False
4255,0.009861627106449753,1590,1.253458873280939,False
4256,0.00019227071716977504,31,8.321013043003697,False
4257,0.0020591573580763006,332,1.1985543054270458,False
4258,0.003330625003876426,537,0.8480978014304873,False
4259,0.012826317519583703,2068,1.0974112903587592,False
4260,1.2404562398050002e-05,2,1.020398497581482,False
4261,0.006834913881325551,1102,0.9424384613867897,False
4262,0.0020467527956782505,330,2.6616216392228096,False
4263,0.2622696627819712,42286,1.3559157373280126,False
4264,0.0009861627106449752,159,1.525969643262947,False
4265,0.0021832029820568004,352,1.5300029790536924,False
4266,3.721368719415001e-05,6,1.6360926628112793,False
4267,0.004992836365215126,805,0.8617278954997566,False
4268,0.0016125931117465003,260,1.3569901411349956,False
4269,0.0008931284926596002,144,1.7734832614660263,False
4270,0.0009799604294459501,158,1.2167418719846992,False
4271,0.0004155528403346751,67,9.083199415633928,False
4272,8.683193678635003e-05,14,4.167570011956351,False
4273,0.0017180318921299253,277,1.3245610041738847,False
4274,0.004769554242050226,769,0.7953191853003632,False
4275,0.0023134508872363255,373,1.0659325992134236,False
4276,0.008013347309140302,1292,1.225874612944045,False
4277,0.002933679007138826,473,2.128699242942681,False
4278,0.0023878782616246256,385,1.1319452731640307,False
4279,0.002760015133566126,445,0.8364806078792958,False
4280,0.0021459892948626504,346,1.1089150064942466,False
4281,0.007368310064441701,1188,0.9422785714017823,False
4282,0.0017366387357270004,280,1.494483546274049,False
4283,0.0006760486506937252,109,1.2695069094316676,False
4284,0.0037027618758179257,597,1.4107694106685056,False
4285,0.005420793767947851,874,1.3461647231464255,False
4286,0.00022948440436392506,37,3.313663353791108,False
4287,0.00021087756076685005,34,1.8905567842371322,False
4288,0.0031941748174978755,515,1.1288053887561686,False
4289,0.0017676501417221253,285,1.5545749584833781,False
4290,0.0012218493962079253,197,1.5384094231019771,False
4291,0.00021087756076685005,34,8.513927291421329,False
4292,0.0018482797973094504,298,3.502758933393747,False
4293,0.014804845222072678,2387,0.6070259830968671,False
4294,0.0021770007008577756,351,1.7016637094340092,False
4295,0.0009117353362566752,147,1.8736529755754536,False
4296,0.0028034311019593007,452,1.6591550934631212,False
4297,0.0007070600566888501,114,2.461824669126879,False
4298,0.003969459967376001,640,1.4406338036060333,False
4299,0.0029957018191290757,483,1.258999788983268,False
4300,0.0007938919934752001,128,6.5555149633437395,False
4301,0.00017986615477172505,29,2.0422980908689827,False
4302,0.0012714676458001253,205,1.0995204861571148,False
4303,0.0021149778888675257,341,2.3254985676482973,False
4304,0.0010978037722274253,177,1.6757717812802158,False
4305,0.0013520973013874504,218,1.1100923905678846,False
4306,0.0024312942300178005,392,1.0623842198021558,False
4307,8.683193678635003e-05,14,4.138001808098385,False
4308,0.00025429352916002504,41,2.1156518895451617,False
4309,0.0020839664828724005,336,1.0739314251002812,False
4310,0.0018110661101153004,292,2.4284880814486987,False
4311,0.0030019041003281005,484,1.1759375121967852,False
4312,0.008695598241033052,1402,0.7009706905326898,False
4313,0.0004093505591356501,66,10.181604087352753,False
4314,0.005848751170680577,943,0.9104589945691008,False
4315,0.0015505702997562505,250,1.295284475326538,False
4316,0.0003411254659463751,55,2.384462599320845,False
4317,0.0025429352916002505,410,1.4555591967047714,False
4318,0.0029026676011437006,468,8.377908799892817,False
4319,0.0014451315193728252,233,1.1976593558880393,False
4320,0.00039694599673760006,64,1.052830956876278,False
4321,0.0004403619651307751,71,8.983845913913887,False
4322,0.0028282402267554006,456,1.304034602485205,False
4323,0.005439400611544926,877,2.1030567203443433,False
4324,0.0018048638289162753,291,1.0580302915212625,False
4325,0.0026359695095856256,425,1.1087673770680146,False
4326,0.004645508618069726,749,1.3499231936934792,False
4327,0.0019661231400909256,317,1.4696879819364579,False
4328,0.006810104756529452,1098,1.1725775515881176,False
4329,0.0003473277471454001,56,1.6164305955171585,False
4330,0.009700367795275102,1564,0.7581562666636904,False
4331,0.0034732774714540007,560,1.9988558882049152,False
4332,0.0009117353362566752,147,2.2274800757972564,False
4333,0.0005458007455142001,88,5.2382039265199145,False
4334,0.0053711755183556515,866,1.3625543838835754,False
4335,0.0025491375727992754,411,1.4484983204055006,False
4336,0.0025677444163963504,414,1.4178779545613533,False
4337,0.0029832972567310255,481,41.89353294258554,False
4338,0.0004403619651307751,71,3.228355498381064,False
4339,6.202281199025002e-05,10,2.1063892602920533,False
4340,0.0016498067989406504,266,1.1711598191046177,False
4341,0.0011846357090137753,191,1.5904015221520869,False
4342,6.202281199025001e-06,1,1.2940075397491455,False
4343,0.0010233763978391252,165,4.691079350673792,False
4344,0.006648845445354801,1072,0.7730762213468552,False
4345,0.0006884532130917751,111,3.7735855944521792,False
4346,0.0003907437155385751,63,1.8022411096663702,False
4347,0.011126892471050852,1794,1.1829622150663548,False
4348,0.0003907437155385751,63,4.424358405764141,False
4349,0.0022390235128480255,361,1.383865338613452,False
4350,0.016001885493484504,2580,1.5102317129918772,False
4351,0.002933679007138826,473,1.4660584810672301,False
4352,0.0021149778888675257,341,2.037007747507515,False
4353,0.00018606843597075004,30,10.828890005747477,False
4354,0.0022824394812412004,368,1.3760046097247496,False
4355,0.0021645961384597254,349,1.043640996801819,False
4356,0.0022142143880519256,357,2.2362659915822563,False
4357,0.00015505702997562504,25,2.047450456619263,False
4358,0.0002666980915580751,43,1.1573912321135056,False
4359,0.0021521915760616753,347,2.0065462970596224,False
4360,0.0024995193232070756,403,1.2929018206395226,False
4361,0.0017366387357270004,280,1.3360917857715062,False
4362,0.00022948440436392506,37,6.656487986848161,False
4363,0.0014513338005718503,234,2.4263604971078725,False
4364,0.0009179376174557002,148,2.266630391816835,False
4365,0.0019971345460860503,322,1.3816060886619994,False
4366,0.007529569375616352,1214,0.9173605744489138,False
4367,0.0048191724916424265,777,0.762810221510044,False
4368,0.02233441459768903,3601,1.1244198863488442,False
4369,0.0019475162964938504,314,1.3651275437348966,False
4370,0.0004093505591356501,66,2.213957206769423,False
4371,4.961824959220001e-05,8,1.0030989348888397,False
4372,0.014159807977374077,2283,0.8063795521653017,False
4373,0.0021459892948626504,346,1.5831361840226057,False
4374,0.0021335847324646007,344,1.6772630287464274,False
4375,0.0018978980469016504,306,1.6929485704384597,False
4376,0.0008559148054654502,138,1.3601463765337847,False
4377,0.0020033368272850756,323,0.9855616631522637,False
4378,3.101140599512501e-05,5,2.8225677728652956,False
4379,0.00021087756076685005,34,1.3424272116492777,False
4380,0.0019227071716977505,310,1.9502580235081335,False
4381,0.0005830144327083501,94,1.896296816937467,False
4382,0.0008993307738586252,145,2.0159628259724585,False
4383,0.0009117353362566752,147,1.6039596171606154,False
4384,0.0022142143880519256,357,1.046203855706864,False
4385,0.0034794797526530256,561,1.3055950868575967,False
4386,0.015207993500009303,2452,1.5266588695869943,False
4387,0.0009117353362566752,147,4.606142108132239,False
4388,0.0023878782616246256,385,1.2165999366091442,False
4389,0.0022824394812412004,368,1.5424218812714452,False
4390,0.004006673654570151,646,5.315088085161274,False
4391,0.0009985672730430252,161,1.3135448494312927,False
4392,0.0022018098256538754,355,1.681287107333331,False
4393,0.0018730889221055505,302,1.1247440564711362,False
4394,0.0032251862234930007,520,0.9368194958338371,False
4395,9.303421798537502e-05,15,14.701323699951171,False
4396,0.00031631634115027505,51,1.7658005415224562,False
4397,0.0006078235575044501,98,1.2196898655015596,False
4398,0.0020095391084841005,324,1.8068577080597112,False
4399,0.0003411254659463751,55,1.139817569472573,False
4400,0.002989499537930051,482,2.3625745422117936,False
4401,0.0009303421798537502,150,1.8153788050015767,False
4402,0.0013645018637855003,220,1.1401885596188632,False
4403,0.0008249033994703252,133,5.916579586222656,False
4404,0.009489490234508253,1530,1.2570272233751085,False
4405,0.0018854934845036005,304,1.4180216052030261,False
4406,0.0035725139706384006,576,1.1333348693119154,False
4407,0.008273843119499353,1334,1.277311483780662,False
4408,0.00014885474877660004,24,0.9222574979066849,False
4409,0.0008807239302615502,142,2.049703343653343,False
4410,0.005619266766316651,906,4.631342440251483,False
4411,0.0002480912479610001,40,11.999163594841956,False
4412,0.02330197046473693,3757,0.6426675475148212,False
4413,0.00012404562398050004,20,1.089377111196518,False
4414,0.00011784334278147503,19,2.131353453585976,False
4415,0.0025181261668041507,406,0.7825095791534837,False
4416,0.0008683193678635002,140,1.350788538796561,False
4417,0.0057743237962922765,931,3.6970238617744404,False
4418,0.0019103026092997003,308,1.2664484737755417,False
4419,0.0023506645744304755,379,4.956699769855489,False
4420,0.012361146429656827,1993,1.24255384468159,False
4421,0.005154095676389776,831,1.777204823981697,False
4422,0.005935583107466926,957,1.5710131606338167,False
4423,0.0020095391084841005,324,1.0808840077600361,False
4424,0.0048935998660307265,789,0.8804172360549559,False
4425,0.0008249033994703252,133,1.446247687017111,False
4426,0.0006202281199025002,100,2.1493866634368897,False
4427,0.0017986615477172505,290,2.197749681719418,False
4428,0.005613064485117626,905,1.2217009237458034,False
4429,0.010345405039973702,1668,0.860927018044378,False
4430,2.4809124796100004e-05,4,1.3510735929012299,False
4431,0.0024250919488187756,391,1.4796814388021484,False
4432,5.582053079122501e-05,9,1.4832974010043674,False
4433,0.004099707872555526,661,0.911831232134405,False
4434,0.003907437155385751,630,5.432276517436618,False
4435,0.03825567043558621,6168,2.038349453422655,False
4436,0.00011784334278147503,19,10.682227787218595,False
4437,0.003504288877449126,565,2.3435610188847096,False
4438,0.0008869262114605752,143,1.720775364162205,False
4439,0.005780526077491301,932,1.342652622978063,False
4440,8.683193678635003e-05,14,1.4001292075429643,False
4441,0.0033616364098715506,542,1.193324191104002,False
4442,0.0005395984643151751,87,2.528914091230809,False
4443,0.004000471373371126,645,1.3441065980482472,False
4444,0.0019041003281006755,307,1.3951585362710859,False
4445,0.0002791026539561251,45,1.3856530878278943,False
4446,0.0003597323095434501,58,1.14144792638976,False
4447,0.0006884532130917751,111,1.2750719452763464,False
4448,0.0021211801700665505,342,1.5444253512293276,False
4449,9.923649918440002e-05,16,1.3997144848108292,False
4450,0.0023072486060373007,372,1.1772389745199552,False
4451,0.0023444622932314507,378,2.061358221939632,False
4452,0.0014203223945767254,229,1.0759840865322596,False
4453,0.00013024790517952503,21,1.9048856440044584,False
4454,6.202281199025002e-05,10,2.4604767203330993,False
4455,0.0017738524229211504,286,1.1845250129699707,False
4456,0.006326326823005502,1020,1.3405014699580622,False
4457,0.007603996750004651,1226,0.6939683380562562,False
4458,0.0023196531684353504,374,1.1526660919189453,False
4459,8.683193678635003e-05,14,4.930452883243561,False
4460,0.0025305307292022004,408,1.001729920798657,False
4461,0.013998548666199429,2257,0.9065965627958461,False
4462,0.00010543878038342502,17,2.2777271761613735,False
4463,0.00031631634115027505,51,6.223905072492712,False
4464,0.00019847299836880003,32,4.695236388593912,False
4465,0.00017366387357270005,28,1.639870320047651,False
4466,0.00024188896676197505,39,1.4273571417881892,False
4467,0.0021645961384597254,349,2.582963431120602,False
4468,0.0011908379902128004,192,3.860721786816915,False
4469,0.006462777009384051,1042,1.2110631116978725,False
4470,0.0021335847324646007,344,1.867190652461939,False
4471,0.0011536243030186503,186,1.7666179133999733,False
4472,0.0011846357090137753,191,1.197278067079514,False
4473,0.004180337528142851,674,1.1107213942870189,False
4474,0.0007628805874800752,123,5.1094777622843175,False
4475,0.00021087756076685005,34,15.082980099846335,False
4476,0.003882628030589651,626,0.6614364732187777,False
4477,0.0004217551215337001,68,6.659120368606904,False
4478,3.101140599512501e-05,5,0.8946670055389404,False
4479,6.202281199025001e-06,1,1.4733426570892334,False
4480,0.0056998964219039765,919,1.1344678757369713,False
4481,0.004223753496536026,681,1.140003384997666,False
4482,0.0024871147608090255,401,2.99019106486789,False
4483,0.011716109184958228,1889,0.8440051950936345,False
4484,0.0009241398986547252,149,2.3251877823131997,False
4485,0.0014575360817708754,235,0.9285608220607676,False
4486,0.0035104911586481507,566,1.1851148441065327,False
4487,0.00033492318474735006,54,3.4629663825035095,False
4488,0.0010978037722274253,177,1.2805269491874565,False
4489,0.0024250919488187756,391,1.2955013943450224,False
4490,0.0011784334278147502,190,1.1739838869948136,False
4491,5.582053079122501e-05,9,3.546641614702013,False
4492,0.0006822509318927502,110,1.391823493350636,False
4493,7.442737438830002e-05,12,6.0398872792720795,False
4494,0.0016063908305474753,259,1.4372611874318952,False
4495,0.0006140258387034752,99,5.6384047619020095,False
4496,0.0024374965112168257,393,1.2092033876414214,False
4497,0.0029770949755320007,480,1.4877855524420738,False
4498,0.0020529550768772753,331,1.105430719355442,False
4499,0.0014389292381738004,232,1.305995886181963,False
4500,4.961824959220001e-05,8,3.065001755952835,False
4501,0.00035353002834442507,57,1.2406638463338215,False
4502,0.0020343482332802003,328,1.0586509297533733,False
4503,0.0009241398986547252,149,1.2925849136890182,False
4504,0.0003287209035483251,53,1.8918979347876783,False
4505,0.0023196531684353504,374,2.432711915217619,False
4506,0.004676520024064851,754,1.040043657749338,False
4507,0.0075357716568153765,1215,0.7134412459385248,False
4508,0.00020467527956782505,33,1.9975129076928804,False
4509,0.0009861627106449752,159,2.7411185405539267,False
4510,0.014252842195359453,2298,0.7081305393454715,False
4511,0.0033182204414783758,535,1.7786296198301226,False
4512,0.011331567750618677,1827,0.8287450167150138,False
4513,0.0012652653646011002,204,4.230750204301348,False
4514,0.003994269092172101,644,0.9721421928879637,False
4515,0.0003287209035483251,53,1.9930516908753593,False
4516,0.0003287209035483251,53,2.319174204232558,False
4517,0.0018358752349114005,296,0.9358117197816437,False
4518,0.00014885474877660004,24,2.044424921274185,False
4519,0.0017614478605231004,284,0.5680219090320695,False
4520,0.0028220379455563757,455,1.5774552350515847,False
4521,0.00032251862234930007,52,1.3118670559846437,False
4522,0.0025367330104012257,409,1.8882870531315326,False
4523,0.0053897823619527266,869,1.7401975350769534,False
4524,0.00021707984196587504,35,0.8856170994894845,False
4525,0.0005085870583200501,82,2.377450573735121,False
4526,0.0024685079172119505,398,0.8636285096556697,False
4527,0.0008993307738586252,145,1.764345093431144,False
4528,0.00024188896676197505,39,2.1776833656506662,False
4529,0.0018234706725133503,294,2.1538962628565677,False
4530,0.002797228820760276,451,1.0054240644374601,False
4531,0.0023568668556295004,380,1.2937846651202753,False
4532,0.0004217551215337001,68,6.70032680385253,False
4533,0.0028716561951485755,463,0.960612029287779,False
4534,0.008335865931489602,1344,1.0702918228648959,False
4535,0.0020839664828724005,336,2.77267117301623,False
4536,0.0009489490234508252,153,0.617841267118267,False
4537,0.005724705546700076,923,1.4696922183424266,False
4538,0.003975662248575026,641,11.831475512099898,False
4539,0.0020591573580763006,332,2.166174648037876,False
4540,0.0026421717907846505,426,3.406169295310974,False
4541,0.025528589415186907,4116,0.5420707947311179,False
4542,0.0024312942300178005,392,1.9583160491014013,False
4543,0.0018420775161104254,297,1.2943313491063486,False
4544,0.0027041946027749008,436,3.2774458166656144,False
4545,3.721368719415001e-05,6,3.225949545701345,False
4546,0.0018916957657026255,305,1.0685349104834385,False
4547,0.0017304364545279755,279,1.571209669967706,False
4548,0.0012156471150089002,196,7.9535148533023134,False
4549,4.961824959220001e-05,8,2.9704432487487793,False
4550,0.0011412197406206002,184,1.4757698586453563,False
4551,0.0024374965112168257,393,1.9172516263471608,False
4552,0.0005458007455142001,88,11.555389638651501,False
4553,0.0065992271957626015,1064,0.9408746502901378,False
4554,0.003653143626225726,589,1.1788958936474319,False
4555,0.0016187953929455254,261,2.0218591553041305,False
4556,0.0006016212763054251,97,1.0530446288511925,False
4557,9.303421798537502e-05,15,2.2226232051849366,False
4558,7.442737438830002e-05,12,3.342648367087046,False
4559,0.0007194646190869002,116,1.588265466278997,False
4560,0.0005395984643151751,87,6.284398457099652,False
4561,0.0020343482332802003,328,2.6395431615230516,False
4562,0.005526232548331276,891,0.8257702057878042,False
4563,0.0015071543313630753,243,1.126600202709559,False
4564,0.0008497125242664252,137,4.744872155850821,False
4565,0.0005706098703103001,92,1.6193527320156926,False
4566,6.202281199025002e-05,10,5.8399628639221195,False
4567,0.00011164106158245002,18,2.509196321169535,False
4568,0.0009923649918440003,160,1.331217496097088,False
4569,0.0005954189951064002,96,1.9028452212611835,False
4570,0.006624036320558702,1068,0.6338429852817835,False
4571,0.0006636440882956752,107,1.490069759226291,False
4572,0.0012838722081981752,207,0.9504868661723851,False
4573,0.00016125931117465003,26,8.42680134681555,False
4574,0.06540925752491766,10546,1.4586018664141025,False
4575,0.0004031482779366251,65,2.343999847998986,False
4576,0.00025429352916002504,41,10.332685551992277,False
4577,4.341596839317501e-05,7,0.8604705163410732,False
4578,0.0030019041003281005,484,1.1626266955344144,False
4579,0.0022514280752460756,363,1.4988502099822705,False
4580,0.0030143086627261507,486,1.6649100103496033,False
4581,0.0025863512599934254,417,2.429936991606971,False
4582,0.0056812895783069015,916,1.1513466946943358,False
4583,0.0005768121515093252,93,5.793876560785437,False
4584,0.0006822509318927502,110,4.991276914423162,False
4585,0.0019165048904987254,309,1.389173590249614,False
4586,0.006506192977777226,1049,1.0771453303308913,False
4587,0.005216118488380026,841,0.6623596016773854,False
4588,5.582053079122501e-05,9,2.907483392291599,False
4589,0.0025305307292022004,408,0.985449330479491,False
4590,0.0003101140599512501,50,3.9332424426078796,False
4591,0.00011784334278147503,19,5.514842384739926,False
4592,0.0019537185776928754,315,7.0014128003801614,False
4593,0.0017242341733289504,278,1.5679988295054264,False
4594,0.0,0,0.0,True
4595,0.002722801446371976,439,1.9065932293416157,False
4596,6.202281199025001e-06,1,2.9081637859344482,False
4597,0.0053339618311615015,860,0.9148191108260044,False
4598,0.0005830144327083501,94,2.4710350391712597,False
4599,0.0027724196959641755,447,2.9032360675350932,False
4600,0.0021397870136636256,345,0.8521863975386689,False
4601,0.0006078235575044501,98,1.6299992617295713,False
4602,0.0021211801700665505,342,2.108590579869454,False
4603,0.0025615421351973255,413,1.3722555005232877,False
4604,0.07857049822924872,12668,0.8399497978612757,False
4605,9.303421798537502e-05,15,1.6750440756479898,False
4606,0.0017490432981250503,282,3.026106593456674,False
4607,0.003293411316682276,531,0.7775142484690061,False
4608,0.010128325198007828,1633,0.8468656557437034,False
4609,0.0027662174147651507,446,1.5860595748563517,False
4610,0.0009427467422518002,152,1.339417539144817,False
4611,0.0013272881765913503,214,1.001983842560064,False
4612,0.0007070600566888501,114,0.9372659911189163,False
4613,0.00028530493515515004,46,0.9108170737390933,False
4614,0.004750947398453151,766,1.5914062126187059,False
4615,0.006301517698209401,1016,0.9446207670949576,False
4616,0.1555966284399402,25087,0.960702600896147,False
4617,0.0017862569853192003,288,0.9850078738398023,False
4618,0.0008373079618683752,135,1.2680074797736274,False
4619,0.0010233763978391252,165,1.2450240236340147,False
4620,0.003597323095434501,580,1.4288111958010443,False
4621,0.002778621977163201,448,0.8674117550253868,False
4622,0.0010109718354410753,163,1.3251213361880532,False
4623,0.0020777642016733757,335,1.775792055343514,False
4624,0.00022328212316490004,36,7.48665428492758,False
4625,0.00015505702997562504,25,1.1906756019592286,False
4626,0.0007256669002859252,117,1.3803952290461614,False
4627,0.02234681916008708,3603,2.01770223996853,False
4628,0.0011412197406206002,184,1.3160072610430096,False
4629,0.0006760486506937252,109,4.770452721403279,False
4630,0.0012714676458001253,205,4.227573777989643,False
4631,0.004744745117254126,765,0.887943674224654,False
4632,0.0023196531684353504,374,1.3665984215583393,False
4633,0.0022390235128480255,361,0.925691621785679,False
4634,0.0028034311019593007,452,1.6203274457855563,False
4635,1.8606843597075006e-05,3,2.1928670406341553,False
4636,0.0005706098703103001,92,0.9396353363990784,False
4637,0.00029150721635417507,47,2.6568631872217705,False
4638,0.0003597323095434501,58,5.453903500376077,False
4639,0.006363540510199652,1026,0.9082483966448154,False
4640,0.0007132623378878751,115,9.71241428748421,False
4641,0.00030391177875222506,49,6.769838622638157,False
4642,0.008726609647028177,1407,1.2858988740550938,False
4643,0.011312960907021602,1824,0.6858858722343779,False
4644,0.0003597323095434501,58,7.412806005313478,False
4645,0.0019227071716977505,310,4.169857193577674,False
4646,0.0002791026539561251,45,5.72709436946445,False
4647,0.00017986615477172505,29,4.68910812509471,False
4648,0.0023506645744304755,379,3.1536436357724633,False
4649,0.0030577246311193256,493,1.5916286931802004,False
4650,6.822509318927501e-05,11,1.460819656198675,False
4651,0.0010729946474313252,173,1.3113467955175853,False
4652,0.0048935998660307265,789,1.2207913036128868,False
4653,0.002760015133566126,445,0.8717680748928799,False
4654,0.0005520030267132251,89,1.591423634732707,False
4655,0.0007504760250820251,121,1.9261289224151736,False
4656,4.341596839317501e-05,7,2.1912809440067837,False
4657,0.009855424825250727,1589,1.3817726112597388,False
4658,0.0016560090801396754,267,0.8108096899611227,False
4659,0.007659817280795876,1235,0.7113190981057974,False
4660,0.007008577754898252,1130,0.8603846885461723,False
4661,0.0031073428807115258,501,1.5862153632912093,False
4662,0.004217551215337001,680,1.652887630112031,False
4663,0.0048377793352395015,780,0.9381579006329561,False
4664,0.004279574027327251,690,1.1311850395755492,False
4665,0.0005271939019171251,85,1.5930038227754482,False
4666,0.0020343482332802003,328,1.8136963248252869,False
4667,0.0017614478605231004,284,1.4567986542070415,False
4668,0.0011784334278147502,190,1.760452305643182,False
4669,0.0018172683913143255,293,1.5238073340048155,False
4670,6.202281199025002e-05,10,2.16494334936142,False
4671,0.00011164106158245002,18,1.25731094678243,False
4672,0.004391215088909701,708,0.7760545126462387,False
4673,0.00016125931117465003,26,2.0832060346236596,False
4674,0.0020901687640714254,337,2.0728794824475703,False
4675,0.0008373079618683752,135,4.287160927278024,False
4676,0.0006016212763054251,97,1.4337423265594798,False
4677,0.010078706948415627,1625,1.2649201894906852,False
4678,0.006679856851349927,1077,1.1692711122631474,False
4679,0.00030391177875222506,49,7.100147094045367,False
4680,0.004968027240419026,801,0.95267106114553,False
4681,0.0032996135978813007,532,0.9588902507509504,False
4682,0.0033988500970657007,548,1.461410790899374,False
4683,0.0009923649918440003,160,1.6794786982238292,False
4684,0.005619266766316651,906,0.8743174470813069,False
4685,0.0011474220218196253,185,1.543563504476805,False
4686,0.0010605900850332753,171,1.1521732737446388,False
4687,0.007275275846456326,1173,0.7463226318359375,False
4688,0.0025925535411924507,418,1.0573213248731987,False
4689,0.0005644075891112751,91,1.2065602161072113,False
4690,0.016460854302212353,2654,0.7160781006572295,False
4691,0.00011784334278147503,19,2.2210696308236373,False
4692,0.008739014209426226,1409,8.28509743946338,False
4693,0.0014203223945767254,229,1.4858780474641957,False
4694,0.0019165048904987254,309,4.672467228278373,False
4695,0.0005395984643151751,87,1.0917638636183464,False
4696,0.0010543878038342502,170,0.9716435285175548,False
4697,0.0025119238856051254,405,1.324805913148103,False
4698,0.004571081243681426,737,3.449712743590936,False
4699,0.0006016212763054251,97,1.0884802280013095,False
4700,0.0025119238856051254,405,2.354222391269825,False
4701,0.0005085870583200501,82,1.8750630326387359,False
4702,0.006791497912932377,1095,2.223725136338848,False
4703,0.0004713733711259001,76,1.4054077816636938,False
4704,0.0004341596839317501,70,4.037709610802787,False
4705,0.0005520030267132251,89,1.1223535202862172,False
4706,0.004651710899268751,750,1.3437852590878805,False
4707,0.0019723254212899504,318,2.0132223442665436,False
4708,0.0015815817057513754,255,1.5652155520869235,False
4709,0.0024561033548139008,396,2.0533622527363327,False
4710,0.00014885474877660004,24,2.098576620221138,False
4711,0.0012094448338098754,195,1.1149019045707507,False
4712,0.003901234874186726,629,0.8378947634007101,False
4713,0.0013210858953923252,213,1.9360415823582753,False
4714,2.4809124796100004e-05,4,2.3619273900985718,False
4715,0.0004279574027327251,69,1.3695481687352278,False
4716,0.0019103026092997003,308,0.9671845172906851,False
4717,0.0034918843150510757,563,1.0114997631703135,False
4718,3.721368719415001e-05,6,2.877652565638224,False
4719,0.0016311999553435754,263,1.2607361300363287,False
4720,0.0070768028480875265,1141,0.8440365218781881,False
4721,2.4809124796100004e-05,4,0.9938862025737762,False
4722,0.0005830144327083501,94,2.7440114503211164,False
4723,0.007157432503674852,1154,1.3584045628327843,False
4724,0.0008869262114605752,143,1.2476282986727627,False
4725,0.0007814874310771502,126,2.208499012485383,False
4726,0.0012280516774069504,198,8.895482944719719,False
4727,0.0014017155509796504,226,1.4430454172919283,False
4728,0.0014947497689650254,241,1.1052751877495857,False
4729,0.005247129894375151,846,1.015172628082564,False
4730,0.007368310064441701,1188,0.8551835861270275,False
4731,0.006010010481855226,969,3.0080684434518727,False
4732,0.04525184362808641,7296,2.872368252068235,False
4733,9.923649918440002e-05,16,2.285540133714676,False
4734,0.0065434066649713764,1055,0.8460839462506262,False
4735,8.062965558732502e-05,13,1.0141888306691096,False
4736,6.822509318927501e-05,11,0.8255085945129395,False
4737,0.006927948099310926,1117,0.8112823730509732,False
4738,0.00014885474877660004,24,15.359408050775528,False
4739,0.015542916684756653,2506,0.7976580221750027,False
4740,0.005873560295476676,947,1.6769426218937167,False
4741,0.012206089399681203,1968,1.2563659311310063,False
4742,0.0008249033994703252,133,1.269810746486922,False
4743,0.0020343482332802003,328,1.274739261444022,False
4744,8.062965558732502e-05,13,1.8519298480107234,False
4745,0.0043043831521233505,694,1.0626793223774056,False
4746,0.0024436987924158506,394,5.274914045624321,False
4747,0.0021956075444548506,354,1.9740342140871252,False
4748,0.0013024790517952502,210,1.4947447316987175,False
4749,0.006537204383772351,1054,3.3672141787901775,False
4750,0.003944650842579901,636,1.014869748796307,False
4751,0.0009799604294459501,158,1.0210119485855103,False
4752,0.0013707041449845254,221,4.828201416391053,False
4753,0.0017490432981250503,282,1.7316737301806187,False
4754,0.0011164106158245003,180,1.4988182220194075,False
4755,0.0013893109885816004,224,1.7672461441584997,False
4756,0.0026173626659885506,422,0.9208476684669747,False
4757,0.004422226494904826,713,1.5608074569769026,False
4758,0.0020219436708821506,326,1.2372750347377333,False
4759,0.00023568668556295006,38,11.04031053656026,False
4760,0.006165067511830852,994,1.449197349893735,False
4761,0.0013086813329942753,211,5.671231329723557,False
4762,0.0009551513046498502,154,6.546199337228552,False
4763,0.0010233763978391252,165,1.877873472733931,False
4764,0.0006512395258976251,105,9.090046015239897,False
4765,0.0022948440436392505,370,2.171519735052779,False
4766,5.582053079122501e-05,9,2.4696617126464844,False
4767,0.0075357716568153765,1215,0.7124585803153584,False
4768,0.0020839664828724005,336,1.6621182227418536,False
4769,0.003101140599512501,500,3.557927649497986,False
4770,0.0022328212316490006,360,1.797109329038196,False
4771,0.004881195303632676,787,1.394677202159295,False
4772,0.0017924592665182254,289,1.1904147087908945,False
4773,0.004788161085647301,772,0.9019356570713261,False
4774,0.0016498067989406504,266,1.332637339606321,False
4775,0.0005892167139073751,95,0.992654992404737,False
4776,0.0004279574027327251,69,9.461154110189797,False
4777,0.0026545763531827006,428,1.9183335875239327,False
4778,0.0011226128970235252,181,3.8161276835762994,False
4779,0.007715637811587101,1244,0.5984821963540228,False
4780,0.02190025491375728,3531,1.586690788193419,False
4781,0.0024002828240226757,387,1.2101613831458473,False
4782,0.004074898747759426,657,1.2753409023880051,False
4783,0.0023816759804256007,384,1.513471510571738,False
4784,0.010103516073211726,1629,0.8697016837773988,False
4785,0.00014885474877660004,24,13.104634384314219,False
4786,0.0037771892502062258,609,1.044662234426915,False
4787,0.0006884532130917751,111,1.2749194669293928,False
4788,0.00015505702997562504,25,6.251107912063599,False
4789,0.0004093505591356501,66,3.170037918018572,False
4790,0.0016932227673338255,273,1.7354324693644876,False
4791,0.0009861627106449752,159,0.9880512060609253,False
4792,0.0031073428807115258,501,1.0283156445402346,False
4793,0.00011784334278147503,19,2.186319119051883,False
4794,1.8606843597075006e-05,3,2.4890584150950112,False
4795,0.0018420775161104254,297,1.3170592744743783,False
4796,0.05662062506589924,9129,1.5896363172176986,False
4797,0.0009799604294459501,158,1.2007794191565695,False
4798,0.006227090323821101,1004,1.2873209040478406,False
4799,0.0019847299836880006,320,9.606398352980614,False
4800,0.0010729946474313252,173,1.9318662716474146,False
4801,0.0016808182049357753,271,5.204266845520132,False
4802,2.4809124796100004e-05,4,4.550570011138916,False
4803,0.0008435102430674002,136,1.9262812593403984,False
4804,0.0011102083346254752,179,1.5051606327461797,False
4805,0.0033368272850754508,538,6.004008369374896,False
4806,0.0023630691368285257,381,0.9634327553701526,False
4807,0.00011784334278147503,19,5.27775219867104,False
4808,0.0019971345460860503,322,2.700191805821768,False
4809,0.0006884532130917751,111,3.081179936726888,False
4810,0.002741408289969051,442,1.175886534997241,False
4811,0.0022576303564451005,364,5.204975175988543,False
4812,0.0008497125242664252,137,1.0298742647588688,False
4813,0.0025305307292022004,408,1.7302931944529216,False
4814,0.00022948440436392506,37,15.028832106976896,False
4815,0.0017428410169260254,281,1.5551692879496943,False
4816,0.0013210858953923252,213,1.0619222502193542,False
4817,0.004167932965744801,672,0.7780207807109469,False
4818,0.005526232548331276,891,1.7051479348162342,False
4819,0.00013645018637855003,22,10.351898502219807,False
4820,0.005879762576675701,948,0.9199500385719009,False
4821,0.0005395984643151751,87,10.291522489196952,False
4822,0.010705137349517153,1726,1.8317117878901723,False
4823,0.0019599208588919003,316,2.051091382775126,False
4824,0.0007814874310771502,126,1.9115244301538619,False
4825,0.010593496287934703,1708,2.3254044707122956,False
4826,0.0004837779335239501,78,0.8902397278027657,False
4827,0.003975662248575026,641,1.022947687812603,False
4828,0.0004403619651307751,71,1.5608440150677318,False
4829,0.0003907437155385751,63,1.3161893969490415,False
4830,0.0023630691368285257,381,2.397186631605694,False
4831,0.00028530493515515004,46,1.2939981947774473,False
4832,0.0003907437155385751,63,6.9834915986136785,False
4833,0.0005830144327083501,94,1.6427283819685592,False
4834,0.0015133566125621004,244,1.4971109560278595,False
4835,0.0009737581482469252,157,1.6049138603696398,False
4836,0.00022948440436392506,37,1.665505354468887,False
4837,0.0023196531684353504,374,1.0195417340426522,False
4838,0.00011784334278147503,19,10.008605034727799,False
4839,0.0005582053079122502,90,2.0075255499945746,False
4840,0.031879725362988505,5140,0.9352563331099336,False
4841,0.0008311056806693502,134,1.2309159627601283,False
4842,0.009886436231245853,1594,1.0313660431386835,False
4843,0.0010233763978391252,165,0.7942439483873772,False
4844,0.0028840607575466256,465,2.389498272762504,False
4845,0.0009799604294459501,158,1.8229702748829806,False
4846,0.0032437930670900757,523,0.9191344591217333,False
4847,0.0028344425079544254,457,1.8931822685496291,False
4848,0.007455142001228052,1202,1.2051168991602994,False
4849,0.0021707984196587503,350,2.3361538992609296,False
4850,0.0035725139706384006,576,1.4546674653473828,False
4851,0.0016001885493484504,258,1.0436028399208719,False
4852,0.0009613535858488752,155,1.2475887867712205,False
4853,0.0005395984643151751,87,1.8831400199868213,False
4854,1.8606843597075006e-05,3,2.8997186024983725,False
4855,0.005005240927613176,807,2.026581972209642,False
4856,0.0005023847771210251,81,3.0610170511551846,False
4857,0.0017800547041201755,287,4.361532843486772,False
4858,0.0004713733711259001,76,9.705111073820214,False
4859,0.0017242341733289504,278,1.4755570361082502,False
4860,0.0002977094975532001,48,3.2590395510196686,False
4861,0.005836346608282526,941,1.2865926892547122,False
4862,0.0017490432981250503,282,1.0212420301234468,False
4863,0.0012962767705962254,209,1.270898812125174,False
4864,0.0023010463248382754,371,1.2373438659061318,False
4865,0.0019103026092997003,308,5.859750313031209,False
4866,8.683193678635003e-05,14,9.00195028100695,False
4867,0.006003808200656201,968,0.8812410331462041,False
4868,0.0021832029820568004,352,2.8116109286519615,False
4869,0.0022390235128480255,361,3.2307474028700938,False
4870,0.009408860578920927,1517,0.7131967041629196,False
4871,5.582053079122501e-05,9,1.0673381487528484,False
4872,0.0018606843597075004,300,2.6160736338297528,False
4873,0.006431765603388926,1037,2.1559761467182303,False
4874,0.0016187953929455254,261,3.0608017102055167,False
4875,0.0066550477265538265,1073,0.9424930747601882,False
4876,0.0008683193678635002,140,3.061796220711299,False
4877,0.0021894052632558253,353,1.1729910393949947,False
4878,0.0032313885046920256,521,1.5048362428533368,False
4879,0.0006698463694947001,108,1.168097507070612,False
4880,0.0017986615477172505,290,4.572818811186429,False
4881,0.0006698463694947001,108,1.675379580921597,False
4882,0.0008931284926596002,144,3.046599624885453,False
4883,0.0016808182049357753,271,1.7632410359118698,False
4884,0.009539108484100452,1538,0.7938259596632423,False
4885,0.00016125931117465003,26,8.818535901032961,False
4886,0.0017304364545279755,279,1.5438547134399414,False
4887,0.013520973013874503,2180,1.5040541395134883,False
4888,0.0013955132697806253,225,1.3603568500942653,False
4889,0.0012280516774069504,198,4.830806104823797,False
4890,0.004360203682914576,703,0.9614411560264794,False
4891,9.923649918440002e-05,16,4.737936042249203,False
4892,0.07367689836321799,11879,0.9348309951475227,False
4893,0.004087303310157476,659,0.9488055639093309,False
4894,3.721368719415001e-05,6,0.7885114351908366,False
4895,0.0012528608022030503,202,1.917515452545468,False
4896,0.0020281459520811755,327,1.8002588938500175,False
4897,0.0065992271957626015,1064,13.319855847080847,False
4898,0.0026111603847895257,421,1.157302427744922,False
4899,0.008062965558732501,1300,0.7819144078401419,False
4900,0.0006140258387034752,99,1.9407870311929722,False
4901,0.0022638326376441253,365,0.9139590841450104,False
4902,0.0012094448338098754,195,1.2341030181982577,False
4903,0.0028840607575466256,465,1.2253393147581366,False
4904,0.00018606843597075004,30,11.964677027861278,False
4905,0.0005892167139073751,95,1.1014462483556646,False
4906,0.0007318691814849501,118,1.3718026270300656,False
4907,0.0018482797973094504,298,1.273954534690652,False
4908,0.04509058431691176,7270,1.1773855259198762,False
4909,0.0023568668556295004,380,4.236745195639761,False
4910,4.341596839317501e-05,7,1.6113273756844657,False
4911,0.0022390235128480255,361,1.490431121181583,False
4912,0.003082533755915426,497,2.184438774283503,False
4913,0.0017366387357270004,280,2.1942854166030883,False
4914,0.0003907437155385751,63,3.0960697938525485,False
4915,0.0034918843150510757,563,1.7154755503415637,False
4916,0.0028716561951485755,463,1.0776994614570239,False
4917,0.0012838722081981752,207,4.890954792787487,False
4918,0.0019165048904987254,309,1.7170105489712317,False
4919,1.2404562398050002e-05,2,1.7920920848846436,False
4920,0.0005209916207181001,84,2.9331249325048354,False
4921,0.00032251862234930007,52,1.9363363889547496,False
4922,0.004341596839317501,700,1.5544580371039254,False
4923,0.008373079618683752,1350,0.8608967350147388,False
4924,0.0018358752349114005,296,0.7940176717332892,False
4925,0.0026669809155807508,430,1.9335872766583464,False
4926,0.0021335847324646007,344,1.4353930347187573,False
4927,0.0022700349188431506,366,1.1609628578352797,False
4928,0.0021149778888675257,341,1.3447157829737733,False
4929,0.0022576303564451005,364,3.813363871076605,False
4930,0.0022080121068529003,356,2.278723472289825,False
4931,0.007622603593601726,1229,0.7006594085227774,False
4932,0.003442266065458876,555,1.4695141521660058,False
4933,9.923649918440002e-05,16,1.9524933099746704,False
4934,0.0026793854779788005,432,0.9210741497852184,False
4935,1.2404562398050002e-05,2,0.8357702493667603,False
4936,6.202281199025002e-05,10,1.171975326538086,False
4937,0.0022700349188431506,366,1.6152856564912639,False
4938,0.0007504760250820251,121,10.976080947671054,False
4939,0.0005644075891112751,91,2.5618680820360287,False
4940,0.013713243731044279,2211,0.6860486224246531,False
4941,0.0007442737438830002,120,0.9956404983997345,False
4942,0.0007442737438830002,120,3.3365154186884562,False
4943,0.0007938919934752001,128,1.5718376319855452,False
4944,0.0006326326823005501,102,0.9400724137530607,False
4945,0.0005458007455142001,88,2.147726762023839,False
4946,0.0028096333831583256,453,1.724034133599557,False
4947,0.0018234706725133503,294,1.485409477941033,False
4948,0.00032251862234930007,52,6.245978343945283,False
4949,0.020182223021627355,3254,1.0552034008774056,False
4950,0.0008000942746742252,129,1.5320486218430276,False
4951,0.0031507588491047006,508,0.8727963796750767,False
4952,0.0029832972567310255,481,0.9289288924786256,False
4953,0.005557243954326402,896,0.7733436487615108,False
4954,0.0012280516774069504,198,1.252123767679388,False
4955,0.00021707984196587504,35,19.61345443725586,False
4956,0.004242360340133101,684,0.7780297077887239,False
4957,0.0018544820785084755,299,1.1091890111814773,False
4958,0.015046734188834654,2426,0.8128507929406477,False
4959,0.0010543878038342502,170,1.0760791582219742,False
4960,0.0015815817057513754,255,1.8331740580353082,False
4961,0.0003287209035483251,53,2.2259682012054154,False
4962,0.0021211801700665505,342,1.5514882792506302,False
4963,0.009284814954940428,1497,1.0926410584108943,False
4964,6.822509318927501e-05,11,2.6880882436578926,False
4965,0.0011040060534264502,178,1.1277541350782587,False
4966,0.0014017155509796504,226,2.0551149950618237,False
4967,0.0004837779335239501,78,1.9146716609979286,False
4968,0.0006016212763054251,97,3.452713672647771,False
4969,7.442737438830002e-05,12,0.9836663603782654,False
4970,0.00024188896676197505,39,1.6458744146885016,False
4971,0.0008931284926596002,144,1.6516816823018923,False
4972,0.0018668866409065254,301,1.269071643534689,False
4973,0.0021397870136636256,345,1.438637053448221,False
4974,0.0004403619651307751,71,1.744578974347719,False
4975,0.0015443680185572254,249,1.0538872418154674,False
4976,1.2404562398050002e-05,2,1.6215927600860596,False
4977,0.0012218493962079253,197,2.0750848448216006,False
4978,0.008652182272639877,1395,0.7375050862630208,False
4979,0.0008062965558732502,130,1.599745827454787,False
4980,0.005017645490011226,809,1.2152262541508057,False
4981,0.005340164112360526,861,1.5186046094706112,False
4982,0.0006946554942908002,112,7.70854139221566,False
4983,0.0022328212316490006,360,1.009662519229783,False
4984,0.0006822509318927502,110,5.357730034264651,False
4985,0.0013645018637855003,220,3.8324444781650198,False
4986,0.0005085870583200501,82,1.166784737168289,False
4987,4.341596839317501e-05,7,0.9320451191493443,False
4988,0.005284343581569301,852,1.188766595623303,False
4989,0.006475181571782102,1044,0.6165924120223385,False
4990,0.004496653869293126,725,2.519359302849605,False
4991,0.00022948440436392506,37,1.2117175701502207,False
4992,0.0070954096916846015,1144,0.9148422450452418,False
4993,0.006989970911301177,1127,1.1549059849665455,False
4994,0.004130719278550651,666,0.9523495095628159,False
4995,8.683193678635003e-05,14,0.8405808210372925,False
4996,0.0019041003281006755,307,1.0163999636709107,False
4997,0.003814402937400376,615,1.5453542065814259,False
4998,0.017112093828109978,2759,1.3488942195039246,False
4999,0.0013582995825864753,219,1.348110120590419,False
5000,0.003467075190254976,559,1.3309651135545297,False
5001,0.0035663116894393758,575,1.207903384955033,False
5002,0.003659345907424751,590,1.0731052855313834,False
5003,0.013973739541403327,2253,0.952942009666365,False
5004,0.0021645961384597254,349,1.1185595886755126,False
5005,0.002952285850735901,476,2.491404119158993,False
5006,0.0032810067542842257,529,1.2662058268693084,False
5007,0.010562484881939577,1703,0.9985452249899935,False
5008,0.0004217551215337001,68,1.8859704522525562,False
5009,0.0026359695095856256,425,2.583155123205746,False
5010,0.003833009780997451,618,1.0123619809505624,False
5011,0.0022328212316490006,360,1.4611819876564873,False
5012,0.00017366387357270005,28,1.3665492960384913,False
5013,0.0013086813329942753,211,1.2015835628690312,False
5014,0.0008435102430674002,136,8.571434648597942,False
5015,0.0023940805428236504,386,1.372528655850208,False
5016,0.0009923649918440003,160,9.521389116346835,False
5017,0.003938448561380876,635,2.5404425814395815,False
5018,0.0007194646190869002,116,1.3416776657104492,False
5019,0.004310585433322376,695,1.0350735177239068,False
5020,0.0027662174147651507,446,4.155356208305188,False
5021,0.0008621170866644752,139,1.1196520345674144,False
5022,0.006344933666602577,1023,0.6975697846473253,False
5023,4.961824959220001e-05,8,1.9590981602668762,False
5024,0.0027476105711680757,443,1.1886222916854963,False
5025,0.020529550768772754,3310,0.8817318688706689,False
5026,0.0007318691814849501,118,1.133301943035449,False
5027,0.0026049581035905004,420,1.3113219811802819,False
5028,0.04040786201164789,6515,1.5018066910533656,False
5029,0.0025429352916002505,410,0.8468605320628096,False
5030,0.0008435102430674002,136,8.571822834365507,False
5031,0.0013458950201884253,217,3.1044850547192833,False
5032,0.0033430295662744756,539,1.2253289205023885,False
5033,0.0021894052632558253,353,3.02985304003059,False
5034,0.0011412197406206002,184,1.2623888461486152,False
5035,0.0009799604294459501,158,1.4212753916088539,False
5036,0.0003721368719415001,60,4.190144373973211,False
5037,0.0015691771433533252,253,1.2775275330298503,False
5038,4.341596839317501e-05,7,0.9572397640773228,False
5039,0.011740918309754328,1893,0.7531692829323521,False
5040,0.0005644075891112751,91,0.891418728199634,False
5041,0.0013334904577903754,215,1.4670974310054334,False
5042,0.005929380826267901,956,0.7969845680512145,False
5043,0.017031464172522656,2746,4.421423123686833,False
5044,0.0015195588937611253,245,1.0622396245294687,False
5045,0.0028778584763476008,464,1.4678483304792438,False
5046,0.002722801446371976,439,0.9904943666588473,False
5047,0.007870694841562727,1269,3.1447024849853333,False
5048,0.0022638326376441253,365,1.6259583901052606,False
5049,0.0021645961384597254,349,1.633039198837171,False
5050,0.0004031482779366251,65,9.720556526917678,False
5051,0.0024871147608090255,401,2.111388334906904,False
5052,0.0026545763531827006,428,1.4144672233367634,False
5053,0.0033554341286725258,541,1.592235616086371,False
5054,0.0028220379455563757,455,1.1739081330351777,False
5055,0.0023506645744304755,379,3.582023283422465,False
5056,0.0016994250485328503,274,1.1540667210182134,False
5057,0.015542916684756653,2506,0.9703875680209538,False
5058,0.0005954189951064002,96,1.058699409166972,False
5059,0.0010419832414362003,168,1.545729976324808,False
5060,0.003541502564643276,571,1.464957327015972,False
5061,0.00022328212316490004,36,1.871914224492179,False
5062,0.0010853992098293751,175,4.982410975864956,False
5063,0.0002977094975532001,48,1.861388663450877,False
5064,0.0020467527956782505,330,1.0741978699510748,False
5065,0.0024809124796100006,400,1.9257752710580827,False
5066,0.0015877839869504003,256,2.4248668821528554,False
5067,0.003833009780997451,618,1.5032565601435295,False
5068,0.0024188896676197507,390,1.4417341916989057,False
5069,0.0009861627106449752,159,1.5946948813192499,False
5070,0.014352078694543854,2314,0.8291977393596257,False
5071,0.0018668866409065254,301,2.8316418007758766,False
5072,0.010488057507551277,1691,10.423690412398416,False
5073,0.0030577246311193256,493,1.1515949732391635,False
5074,0.003405052378264726,549,1.0996962080019201,False
5075,0.0019475162964938504,314,2.029719492432418,False
5076,4.341596839317501e-05,7,1.8694732189178467,False
5077,1.8606843597075006e-05,3,1.1174747943878174,False
5078,0.0028654539139495506,462,2.4058741129838026,False
5079,0.0003845414343395501,62,1.6683744153668802,False
5080,0.0008559148054654502,138,2.808689340301182,False
5081,0.0037399755630120757,603,0.9071712723221154,False
5082,3.101140599512501e-05,5,1.6181149005889892,False
5083,0.003405052378264726,549,1.0733664856582392,False
5084,0.0020281459520811755,327,1.4822544501097559,False
5085,7.442737438830002e-05,12,1.4794524510701497,False
5086,0.0003411254659463751,55,2.869605161926963,False
5087,0.004825374772841451,778,0.9691688223792225,False
5088,0.0021832029820568004,352,2.443470900708979,False
5089,0.0025615421351973255,413,1.0559497520363648,False
5090,0.0010419832414362003,168,1.0437819908062618,False
5091,0.004924611272025851,794,0.9869962142456689,False
5092,0.0009985672730430252,161,1.136373722034952,False
5093,0.0004155528403346751,67,2.368575556954341,False
5094,0.0009365444610527753,151,1.236013767735058,False
5095,0.0017862569853192003,288,1.1709572283758058,False
5096,0.0020963710452704507,338,1.311606214596675,False
5097,0.0007008577754898252,113,11.424314642374494,False
5098,0.0035104911586481507,566,0.9535229231359259,False
5099,0.006903138974514827,1113,0.829760269548908,False
5100,0.0075357716568153765,1215,0.993322530499211,False
5101,2.4809124796100004e-05,4,0.6695133447647095,False
5102,0.0024995193232070756,403,1.528791561316024,False
5103,0.0024002828240226757,387,0.7377669666472639,False
5104,0.0009241398986547252,149,1.257581306783945,False
5105,0.009805806575658528,1581,1.992827256822194,False
5106,0.0062705062922142766,1011,2.5696701819535885,False
5107,0.00021087756076685005,34,3.232222118798424,False
5108,0.00022328212316490004,36,1.661262873146269,False
5109,0.005191309363583926,837,1.5928202831901814,False
5110,0.003218983942293976,519,2.713537194595631,False
5111,0.0032872090354832506,530,1.1721724550679045,False
5112,0.00014885474877660004,24,2.0219592402378717,False
5113,0.004347799120516526,701,0.9776247607148153,False
5114,0.0018110661101153004,292,1.8702360595742318,False
5115,0.0013272881765913503,214,1.312702874713969,False
5116,0.0021832029820568004,352,0.8808227194981142,False
5117,0.020597775861962028,3321,0.9405458261362941,False
5118,0.00018606843597075004,30,10.216211462020874,False
5119,0.0024623056360129256,397,1.2583241543781847,False
5120,0.00036593459074247506,59,1.149170392650669,False
5121,0.0020219436708821506,326,4.4672995761859635,False
5122,0.0013707041449845254,221,3.646306457562684,False
5123,0.0008435102430674002,136,4.752702010028503,False
5124,0.004273371746128226,689,1.0725581038672969,False
5125,6.822509318927501e-05,11,16.434005455537275,False
5126,0.006698463694947002,1080,2.849528101969648,False
5127,0.0020839664828724005,336,1.8907082822351229,False
5128,0.0022948440436392505,370,0.9429417726155874,False
5129,0.005290545862768326,853,1.4032977362450514,False
5130,0.0035725139706384006,576,1.4315436921185918,False
5131,0.0029460835695368755,475,1.1106345528050472,False
5132,0.0018048638289162753,291,1.4066326466622632,False
5133,0.0017180318921299253,277,1.1469169157937116,False
5134,0.0005644075891112751,91,1.7393502193492847,False
5135,0.0010171741166401002,164,1.0803225927236604,False
5136,0.0023072486060373007,372,1.2304016620882097,False
5137,0.0005458007455142001,88,1.4869582084092228,False
5138,0.03459012224696243,5577,1.2167836600186173,False
5139,0.011381186000210878,1835,0.7690864651339581,False
5140,0.0023072486060373007,372,0.8748022410818326,False
5141,0.003144556567905676,507,0.9482739183324329,False
5142,0.004657913180467776,751,4.093867174159988,False
5143,0.0004961824959220001,80,2.6131994307041166,False
5144,0.008869262114605751,1430,0.8014842694455927,False
5145,0.0006326326823005501,102,2.0350987689167845,False
5146,0.0020839664828724005,336,2.4981924653762864,False
5147,0.050033802432534684,8067,0.6172316090035382,False
5148,0.009098746518969678,1467,2.0747181333972224,False
5149,0.00039694599673760006,64,2.1357744429260492,False
5150,0.020293864083209805,3272,2.13061920861306,False
5151,0.0025057216044061005,404,1.9345475801146856,False
5152,0.0023506645744304755,379,1.127026647879769,False
5153,0.0020467527956782505,330,3.2015947497252264,False
5154,0.0018916957657026255,305,3.474512246397675,False
5155,0.00016746159237367503,27,2.356405425954748,False
5156,9.923649918440002e-05,16,18.417465403676033,False
5157,0.016584899926192855,2674,1.1839126980652448,False
5158,0.0019909322648870255,321,1.769224698669814,False
5159,4.961824959220001e-05,8,1.5889647006988525,False
5160,8.683193678635003e-05,14,3.2421307819230214,False
5161,7.442737438830002e-05,12,1.0403323968251545,False
5162,0.0022266189504499753,359,1.3915012600030074,False
5163,0.00014885474877660004,24,1.9014841417471569,False
5164,0.005439400611544926,877,0.9456107445154658,False
5165,0.0033430295662744756,539,1.088430016292933,False
5166,0.0019599208588919003,316,1.6703040418745596,False
5167,6.822509318927501e-05,11,1.6594246409156106,False
5168,0.0021459892948626504,346,1.2202451215314039,False
5169,0.0010481855226352253,169,5.721955097638643,False
5170,0.003181770255099826,513,0.876944880271748,False
5171,0.0034360637842598507,554,1.1335207602607644,False
5172,0.0020963710452704507,338,2.3940857712333723,False
5173,0.0019785277024889753,319,1.9391774249301061,False
5174,0.0009365444610527753,151,4.425768165398908,False
5175,0.0005395984643151751,87,3.4876157442728677,False
5176,0.015995683212285478,2579,3.080103971737214,False
5177,0.007331096377247551,1182,0.8077174168956259,False
5178,6.822509318927501e-05,11,8.045912330800837,False
5179,0.0008249033994703252,133,1.5312702315194267,False
5180,0.0005520030267132251,89,1.9634546858541082,False
5181,0.009073937394173576,1463,9.298847446519874,False
5182,0.003423659221861801,552,1.6236044773157092,False
5183,0.0006388349634995752,103,1.1402450198108711,False
5184,0.0006202281199025002,100,7.872659139633178,False
5185,0.0018296729537123754,295,1.7851320387953418,False
5186,0.0003101140599512501,50,9.182496280670167,False
5187,0.0004155528403346751,67,4.130290200461203,False
5188,0.028790989325874056,4642,1.3903421601669792,False
5189,3.721368719415001e-05,6,1.2075404127438862,False
5190,0.003119747443109576,503,0.7455409687034652,False
5191,0.011660288654167003,1880,0.8433040284095926,False
5192,0.0009489490234508252,153,1.9750091266008765,False
5193,4.961824959220001e-05,8,1.64468452334404,False
5194,0.0007814874310771502,126,7.362770789199406,False
5195,0.00028530493515515004,46,9.873363950978154,False
5196,0.0024809124796100006,400,0.9619780409336091,False
5197,0.00029150721635417507,47,1.46201428453973,False
5198,0.0021149778888675257,341,1.3755865561997087,False
5199,0.00014885474877660004,24,3.336657961209615,False
5200,0.0019165048904987254,309,1.8979775373218128,False
5201,0.0018792912033045754,303,1.2151209733667154,False
5202,0.00013645018637855003,22,1.5498457930304788,False
5203,0.003423659221861801,552,1.8998247639856476,False
5204,0.00016746159237367503,27,1.5847315435056333,False
5205,3.721368719415001e-05,6,0.6861560742060343,False
5206,1.8606843597075006e-05,3,0.8603549798329672,False
5207,5.582053079122501e-05,9,1.3331194586224027,False
5208,0.011405995125006977,1839,1.2110846998122413,False
5209,0.00011784334278147503,19,2.2996225482539128,False
5210,0.0013396927389894002,216,1.722113428292451,False
5211,0.00016125931117465003,26,2.7661759624114404,False
5212,0.0011722311466157253,189,1.415563115367183,False
5213,0.0020715619204743504,334,1.1686938023138902,False
5214,0.00031631634115027505,51,1.1147370128070606,False
5215,0.0030329155063232257,489,0.94215201648954,False
5216,0.0004217551215337001,68,2.282952943268944,False
5217,0.0021521915760616753,347,1.7975207903886734,False
5218,0.0004713733711259001,76,2.1393345312068335,False
5219,0.0018358752349114005,296,2.563029029079386,False
5220,0.00016746159237367503,27,1.0701827826323334,False
5221,4.341596839317501e-05,7,1.9694174698420934,False
5222,0.00035353002834442507,57,7.675047813800344,False
5223,0.0022576303564451005,364,0.970730912554395,False
5224,0.00029150721635417507,47,1.8996239925952667,False
5225,0.007138825660077777,1151,0.6957979309983506,False
5226,0.0028654539139495506,462,0.9448822329054664,False
5227,0.0009365444610527753,151,1.0205577161927886,False
5228,0.003405052378264726,549,0.9836734839475871,False
5229,2.4809124796100004e-05,4,3.81696754693985,False
5230,0.0017986615477172505,290,1.8053150958028332,False
5231,0.00011784334278147503,19,1.87542220165855,False
5232,0.0013582995825864753,219,1.2643104916838206,False
5233,0.010333000477575653,1666,0.7985686002229871,False
5234,0.003597323095434501,580,0.714126277175443,False
5235,0.00035353002834442507,57,1.629895714291355,False
5236,0.0023816759804256007,384,1.2240540826072295,False
5237,0.0019537185776928754,315,1.6934852581175546,False
5238,4.341596839317501e-05,7,3.939659425190517,False
5239,0.0007690828686791001,124,3.6375479919295155,False
5240,0.0038578189057935507,622,1.4862121665592745,False
5241,0.011827750246540678,1907,1.2279837045234476,False
5242,0.0002791026539561251,45,6.337329737345377,False
5243,0.01641743833381918,2647,1.0850954040474021,False
5244,0.005426996049146877,875,1.5405214659827096,False
5245,0.0024933170420080504,402,1.1203205822712152,False
5246,0.00022948440436392506,37,7.294722737492742,False
5247,0.0019475162964938504,314,1.8019658167650745,False
5248,0.0021770007008577756,351,2.0328167147106595,False
5249,0.015028127345237579,2423,1.0832951306017577,False
5250,0.0006636440882956752,107,3.711939295875692,False
5251,0.0018978980469016504,306,10.175031285659939,False
5252,0.0029398812883378506,474,2.3937355730101024,False
5253,0.0010791969286303503,174,3.020444733658056,False
5254,0.007324894096048527,1181,0.7703178851509579,False
5255,4.341596839317501e-05,7,2.110629507473537,False
5256,0.0010916014910284002,176,1.607104325836355,False
5257,9.303421798537502e-05,15,1.8237926324208578,False
5258,0.0015009520501640503,242,6.885431834981461,False
5259,0.003882628030589651,626,0.8309684346278254,False
5260,0.0017738524229211504,286,4.383669059593361,False
5261,0.0024064851052217006,388,1.059084810546993,False
5262,0.0005333961831161502,86,6.619481034057085,False
5263,0.0019971345460860503,322,1.2690752048670135,False
5264,0.0008249033994703252,133,2.153628334963232,False
5265,0.004074898747759426,657,4.708382005742333,False
5266,0.004812970210443401,776,0.906312249370457,False
5267,0.0022018098256538754,355,1.5818420289267956,False
5268,0.0024374965112168257,393,1.7159903932163734,False
5269,0.005885964857874727,949,2.0278560665560725,False
5270,0.0002791026539561251,45,1.4637861675686306,False
5271,0.0018544820785084755,299,1.1568092207446146,False
5272,0.0007132623378878751,115,0.948723086066868,False
5273,0.00025429352916002504,41,1.5115337197373553,False
5274,7.442737438830002e-05,12,4.135988334814708,False
5275,0.0011164106158245003,180,0.9465259273846944,False
5276,0.014234235351762378,2295,0.8760276871309302,False
5277,0.0011784334278147502,190,1.3106070054204841,False
5278,3.721368719415001e-05,6,3.6817574898401895,False
5279,0.0020033368272850756,323,1.071696485897336,False
5280,0.009905043074842928,1597,1.4177064280548763,False
5281,0.027848242583622257,4490,0.6647048304500452,False
5282,0.0005706098703103001,92,1.3106484853703042,False
5283,0.0018172683913143255,293,1.0758974682348987,False
5284,0.004329192276919451,698,0.8752400554012091,False
5285,0.0017428410169260254,281,1.4093380122846555,False
5286,0.0013769064261835503,222,0.748096023593937,False
5287,0.0011412197406206002,184,1.8421415880970333,False
5288,0.0005644075891112751,91,1.5270058322738815,False
5289,0.00015505702997562504,25,3.1740177345275877,False
5290,2.4809124796100004e-05,4,4.724270075559616,False
5291,0.00016125931117465003,26,1.4999918112388024,False
5292,0.0007938919934752001,128,4.962432000786066,False
5293,0.007355905502043652,1186,0.8889395849901749,False
5294,0.004124516997351626,665,1.354625688280378,False
5295,0.008689395959834027,1401,0.8179299683336017,False
5296,7.442737438830002e-05,12,1.2339262962341309,False
5297,0.003374040972269601,544,2.233992927872083,False
5298,0.0004217551215337001,68,1.3304657567949856,False
5299,0.0020405505144792256,329,2.625700556398525,False
5300,0.003101140599512501,500,3.605298011779785,False
5301,3.721368719415001e-05,6,4.931380947430928,False
5302,0.0004155528403346751,67,1.3428597094407722,False
5303,0.0021583938572607006,348,1.187240710203675,False
5304,0.0011846357090137753,191,0.7344001213293425,False
5305,0.0022390235128480255,361,3.4599836968979347,False
5306,0.0018668866409065254,301,2.813845861789792,False
5307,0.00011164106158245002,18,2.9013798567983837,False
5308,0.012559619428025628,2025,0.8149683625021099,False
5309,0.00018606843597075004,30,6.080080358187358,False
5310,0.0014451315193728252,233,1.3758445788862368,False
5311,0.0010295786790381503,166,11.65943210598934,False
5312,0.0004589688087278501,74,4.134586179578626,False
5313,0.0023258554496343757,375,1.8665983126958212,False
5314,0.004341596839317501,700,0.945925054379872,False
5315,0.0005085870583200501,82,10.6520296713201,False
5316,0.0021459892948626504,346,1.9841793685979237,False
5317,0.0014451315193728252,233,1.6302856396196226,False
5318,0.0018234706725133503,294,1.5930148792915604,False
5319,0.00022948440436392506,37,11.70975928371017,False
5320,3.721368719415001e-05,6,1.944679856300354,False
5321,0.0033802432534686257,545,0.9410638371738819,False
5322,0.0034174569406627757,551,1.1766204239019682,False
5323,0.0006574418070966502,106,1.0227240762620602,False
5324,0.003293411316682276,531,5.635077719634536,False
5325,0.0012714676458001253,205,1.1417138931227893,False
5326,0.008676991397435977,1399,16.86466777878544,False
5327,0.0007256669002859252,117,1.1719006972435193,False
5328,0.0010481855226352253,169,1.239125686284353,False
5329,0.0005333961831161502,86,1.2016079425811768,False
5330,0.013502366170277428,2177,0.8020758779978719,False
5331,0.0023692714180275506,382,1.6093354643327404,False
5332,0.012652653646011003,2040,1.547969523598166,False
5333,0.0008621170866644752,139,4.524259283388261,False
5334,0.0032686021918861756,527,2.3297410246543233,False
5335,6.202281199025002e-05,10,17.941999125480653,False
5336,0.00021087756076685005,34,1.6609094984391157,False
5337,0.014358280975742878,2315,0.9160072477023493,False
5338,0.0021025733264694755,339,2.1372373009150007,False
5339,0.0024002828240226757,387,1.0913238574676118,False
5340,0.023481836619508655,3786,1.6677209941785422,False
5341,0.0032127816610949505,518,0.9522689042404352,False
5342,0.0013769064261835503,222,1.397468309144716,False
5343,0.0007380714626839752,119,8.472932550085693,False
5344,0.0002791026539561251,45,7.419981752501593,False
5345,0.00019227071716977504,31,1.6196881724942116,False
5346,0.05653999541031191,9116,5.683692547144101,False
5347,0.0023630691368285257,381,1.0398659993970174,False
5348,0.0006264304011015251,101,1.4116819825502906,False
5349,0.00014265246757757502,23,1.2941291643225628,False
5350,0.0007938919934752001,128,1.4223049012944102,False
5351,0.0009241398986547252,149,1.3203729583112986,False
5352,0.0015939862681494253,257,1.4237086874965563,False
5353,0.00039694599673760006,64,1.3156647607684135,False
5354,3.101140599512501e-05,5,0.8764825105667114,False
5355,6.822509318927501e-05,11,0.7873429168354381,False
5356,0.007938919934752002,1280,0.798810650780797,False
5357,0.0028592516327505257,461,2.664683465585274,False
5358,0.0008621170866644752,139,1.5297376209025761,False
5359,0.0005209916207181001,84,4.624837255194073,False
5360,6.202281199025002e-05,10,1.0934920072555543,False
5361,0.0022576303564451005,364,1.7729746100011763,False
5362,0.0025491375727992754,411,1.1975635577292338,False
5363,0.0020839664828724005,336,2.0520102204311463,False
5364,0.005637873609913726,909,1.5476924118035698,False
5365,0.0005458007455142001,88,6.492120252414183,False
5366,0.003808200656201351,614,1.2704766949923885,False
5367,0.0013769064261835503,222,1.1899155974388123,False
5368,0.016101121992668905,2596,0.6293971653344634,False
5369,0.0009923649918440003,160,5.094528456032276,False
5370,0.0023816759804256007,384,2.397774032006661,False
5371,0.14179035049091054,22861,0.907932823971758,False
5372,0.0023568668556295004,380,1.0555560940190365,False
5373,0.0020219436708821506,326,0.7131521844425084,False
5374,0.0021956075444548506,354,1.5601121005365404,False
5375,0.004490451588094101,724,0.7365351625568959,False
5376,0.005644075891112751,910,0.7482915333339146,False
5377,0.03719508035055293,5997,0.8301926129894375,False
5378,0.027823433458826156,4486,1.4015114657112493,False
5379,0.00016746159237367503,27,14.549470512955278,False
5380,3.721368719415001e-05,6,4.142749488353729,False
5381,0.0024995193232070756,403,0.8405573013106883,False
5382,0.010959430878677177,1767,3.3499636892956666,False
5383,0.05297988600207156,8542,1.8914348412051298,False
5384,7.442737438830002e-05,12,1.0885471006234486,False
5385,0.0004899802147229751,79,2.0128633553468727,False
5386,7.442737438830002e-05,12,2.3616101145744324,False
5387,0.0017118296109309005,276,1.0174716546915579,False
5388,0.0008931284926596002,144,6.193917663560973,False
5389,0.040804808008385485,6579,0.828368686038793,False
5390,0.0018606843597075004,300,0.9884487350781759,False
5391,0.10303849755940235,16613,1.3911785046972345,False
5392,0.0017614478605231004,284,1.5597413560034523,False
5393,0.0019289094528967753,311,1.5945740298059592,False
5394,0.0004651710899268751,75,1.3290126180648805,False
5395,0.02103193554589378,3391,1.9634049395761177,False
5396,6.202281199025001e-06,1,0.20260143280029297,False
5397,0.0020839664828724005,336,2.414832726830528,False
5398,0.007281478127655352,1174,2.060729496929877,False
5399,0.004229955777735051,682,0.8818913172067435,False
5400,0.004657913180467776,751,0.763716890713505,False
5401,0.0004527665275288251,73,1.3732086942620474,False
5402,0.0019103026092997003,308,1.3491283496478936,False
5403,0.0016932227673338255,273,1.0254747387253758,False
5404,9.923649918440002e-05,16,5.137446328997612,False
5405,0.0004155528403346751,67,8.546920671391844,False
5406,0.0012218493962079253,197,4.233668894332072,False
5407,0.00018606843597075004,30,2.6714868942896524,False
5408,0.0020715619204743504,334,1.6878986308674613,False
5409,0.0035911208142354756,579,0.890352924458927,False
5410,0.0021770007008577756,351,1.1661196264446292,False
5411,9.303421798537502e-05,15,4.790755939483643,False
5412,0.0011970402714118252,193,1.6256721600349704,False
5413,0.00014885474877660004,24,1.346311906973521,False
5414,0.04994697049574834,8053,0.6603839456938845,False
5415,0.0020281459520811755,327,1.1409402214423596,False
5416,0.0026855877591778258,433,9.308571461992505,False
5417,0.008292449963096428,1337,0.730352635693889,False
5418,0.00016125931117465003,26,2.5193355725361752,False
5419,0.0025677444163963504,414,6.015755010687786,False
5420,0.0013024790517952502,210,1.3880696376164754,False
5421,0.009377849172925803,1512,2.0404848252970074,False
5422,0.004354001401715551,702,1.4488937323249642,False
5423,0.0018854934845036005,304,1.148259250741256,False
5424,0.0019909322648870255,321,1.6515648944355616,False
5425,0.0028220379455563757,455,1.1396299592741244,False
5426,0.0008435102430674002,136,1.3168458088355905,False
5427,0.0006326326823005501,102,7.1726403142891675,False
5428,0.0005395984643151751,87,1.0804084087240284,False
5429,0.008199415745111053,1322,0.7484554822434095,False
5430,0.010798171567502528,1741,0.6724880975529355,False
5431,0.0017738524229211504,286,0.8250078267150825,False
5432,0.012082043775700702,1948,1.3573258861868778,False
5433,0.018854934845036003,3040,0.747404220229701,False
5434,0.0020405505144792256,329,5.666361297517562,False
5435,6.822509318927501e-05,11,2.1630789149891245,False
5436,0.0003473277471454001,56,9.789312545742307,False
5437,8.683193678635003e-05,14,11.991689460618156,False
5438,0.0022080121068529003,356,1.0615253060051564,False
5439,0.002989499537930051,482,7.418977999093622,False
5440,0.0017676501417221253,285,1.5123768710253531,False
5441,0.004688924586462901,756,1.1697150796809523,False
5442,0.0022142143880519256,357,2.5423080507112816,False
5443,0.0014575360817708754,235,4.3657358240573965,False
5444,6.202281199025002e-05,10,0.9340150117874145,False
5445,0.0011536243030186503,186,4.626875643448163,False
5446,9.923649918440002e-05,16,0.7096516788005829,False
5447,0.0008497125242664252,137,5.427031683225701,False
5448,0.0023506645744304755,379,1.3900630109228371,False
5449,0.0014265246757757502,230,2.248916108711906,False
5450,6.822509318927501e-05,11,1.59660944071683,False
5451,0.0003101140599512501,50,11.418066711425782,False
5452,0.0029274767259398005,472,0.8954085222745346,False
5453,4.961824959220001e-05,8,3.277901202440262,False
5454,0.0028530493515515004,460,1.2914522523465364,False
5455,0.0017800547041201755,287,2.295428987994842,False
5456,0.003622132220230601,584,1.3035821236976206,False
5457,0.0049122067096278015,792,1.6280406325152426,False
5458,0.004149326122147726,669,0.801999675140609,False
5459,0.004633104055671676,747,4.083629353138976,False
5460,0.0003473277471454001,56,3.4069847421986714,False
5461,0.0020467527956782505,330,2.261022547158328,False
5462,0.009452276547314103,1524,4.299692807782666,False
5463,0.0020219436708821506,326,1.9731697304848512,False
5464,0.0026111603847895257,421,1.8670727263720188,False
5465,0.0049308135532248765,795,0.9799444465517247,False
5466,0.003727571000614026,601,0.8030511472070475,False
5467,8.062965558732502e-05,13,1.308526846078726,False
5468,0.0007628805874800752,123,1.1610809768118509,False
5469,0.00013024790517952503,21,12.078168846312023,False
5470,0.0018420775161104254,297,3.181238905749337,False
5471,0.0026855877591778258,433,1.5290345226094024,False
5472,0.0024871147608090255,401,1.5243080571999872,False
5473,0.003851616624594526,621,1.7267770552212873,False
5474,0.0007628805874800752,123,1.4439098117797355,False
5475,0.0011288151782225502,182,1.69180488717425,False
5476,0.0003101140599512501,50,1.5604811811447143,False
5477,0.004626901774472651,746,1.1413388175555272,False
5478,0.007746649217582227,1249,4.542751627411243,False
5479,0.0019537185776928754,315,1.7641091698691957,False
5480,0.00021707984196587504,35,12.212296090807234,False
5481,0.0018234706725133503,294,2.24176131543659,False
5482,0.00016125931117465003,26,1.4800382210658147,False
5483,0.0004093505591356501,66,1.4990619926741628,False
5484,0.0022886417624402257,369,2.032741883582862,False
5485,0.0020963710452704507,338,1.5382810259711812,False
5486,0.0010916014910284002,176,2.8357796262611044,False
5487,0.0024623056360129256,397,1.1429907428827935,False
5488,6.202281199025002e-05,10,2.8694402456283568,False
5489,0.0007876897122761752,127,1.2406315212174663,False
5490,0.009160769330959927,1477,0.7750851192745553,False
5491,0.0026359695095856256,425,1.5515512623506433,False
5492,0.0021894052632558253,353,1.313900975937884,False
5493,0.01924567856057458,3103,0.6341951319835588,False
5494,4.341596839317501e-05,7,2.310601302555629,False
5495,0.0005954189951064002,96,7.188199874013662,False
5496,0.0019413140152948255,313,1.19765485056673,False
5497,0.00013024790517952503,21,1.6406219743546986,False
5498,0.0017986615477172505,290,1.5722214263060996,False
5499,0.0009489490234508252,153,1.4888183291441475,False
5500,0.0026483740719836757,427,0.8879902122729835,False
5501,0.0027290037275710007,440,5.345442065596581,False
5502,0.0017056273297318754,275,1.1675479698181153,False
5503,0.0003721368719415001,60,1.2835966348648071,False
5504,0.0028344425079544254,457,1.040252402000928,False
5505,0.0009551513046498502,154,1.2251409787636298,False
5506,0.004502856150492151,726,0.8609341031592083,False
5507,0.0006078235575044501,98,2.6193093243910344,False
5508,0.00015505702997562504,25,2.1809443855285644,False
5509,0.0024685079172119505,398,1.3337460313011054,False
5510,0.0007814874310771502,126,3.7555303289776756,False
5511,0.003026713225124201,488,1.0079276933044683,False
5512,0.0036097276578325507,582,1.5470407664571022,False
5513,6.202281199025001e-06,1,2.85249662399292,False
5514,0.006456574728185027,1041,0.8866702234596158,False
5515,0.00022948440436392506,37,1.0886949075234902,False
5516,0.009563917608896553,1542,0.9475452422941086,False
5517,0.004664115461666801,752,1.05477921886647,False
5518,0.009384051454124827,1513,1.2392523227270598,False
5519,0.0006884532130917751,111,0.6999175473376438,False
5520,0.00025429352916002504,41,1.2274098454452143,False
5521,0.004310585433322376,695,0.8380316744605414,False
5522,0.004937015834423901,796,0.7660943215815865,False
5523,0.0028468470703524756,459,0.7661024578775976,False
5524,0.0018792912033045754,303,1.6247265268080304,False
5525,2.4809124796100004e-05,4,19.045331716537476,False
5526,1.8606843597075006e-05,3,1.176839550336202,False
5527,0.0010171741166401002,164,1.2661615268486301,False
5528,0.0024188896676197507,390,0.7561135301223167,False
5529,0.0020405505144792256,329,1.4099708204936112,False
5530,0.00033492318474735006,54,9.223596424968154,False
5531,0.003981864529774051,642,0.6989823888024066,False
5532,0.0013520973013874504,218,1.1986368347745422,False
5533,0.0032872090354832506,530,3.496706051871462,False
5534,0.00013024790517952503,21,3.094662836619786,False
5535,0.0014699406441689253,237,1.2161617570788548,False
5536,0.003715166438215976,599,1.090217245640062,False
5537,0.019338712778559954,3118,1.5338227306901835,False
5538,0.0006512395258976251,105,5.842623349598476,False
5539,0.0017242341733289504,278,2.188042371821918,False
5540,0.003969459967376001,640,0.7405025720596313,False
5541,0.0008435102430674002,136,4.474994073895847,False
5542,0.0022514280752460756,363,2.2256078431100557,False
5543,0.0037027618758179257,597,1.308325612764662,False
5544,0.0010233763978391252,165,0.8768806912682273,False
5545,3.101140599512501e-05,5,3.5065444231033327,False
5546,3.101140599512501e-05,5,3.8547035217285157,False
5547,0.0024561033548139008,396,0.9710116603157737,False
5548,0.0007318691814849501,118,2.776303258992858,False
5549,0.0010978037722274253,177,4.6831955216025225,False
5550,0.0007132623378878751,115,3.111751581274945,False
5551,0.00013645018637855003,22,1.366884556683627,False
5552,0.03279766298044421,5288,0.8955479245322916,False
5553,0.0024747101984109753,399,1.4430142321383446,False
5554,0.0021645961384597254,349,1.1408305735164521,False
5555,0.0015629748621543004,252,1.170837920809549,False
5556,0.017701310542017352,2854,1.9359997500050043,False
5557,0.0022576303564451005,364,2.0190098544398505,False
5558,0.0004651710899268751,75,1.0819860204060872,False
5559,0.0034732774714540007,560,1.2224865466356278,False
5560,0.0018358752349114005,296,1.4497210600891628,False
5561,0.0004031482779366251,65,1.432172080186697,False
5562,0.008267640838300326,1333,1.7348172129854973,False
5563,0.0031879725362988507,514,0.8138514404630847,False
5564,0.00017366387357270005,28,0.9624805109841483,False
5565,0.0018916957657026255,305,1.6488332779681096,False
5566,0.0009923649918440003,160,1.4140948414802552,False
5567,0.0012838722081981752,207,1.423730258780401,False
5568,0.0016063908305474753,259,1.2742451737746308,False
5569,0.0018482797973094504,298,0.8584639270033613,False
5570,5.582053079122501e-05,9,3.8913762039608426,False
5571,0.0006264304011015251,101,1.6441133482621448,False
5572,0.0005023847771210251,81,1.129417085353239,False
5573,0.0016187953929455254,261,1.418481165421877,False
5574,0.0020715619204743504,334,0.7212623200730649,False
5575,0.00014885474877660004,24,2.660067250331243,False
5576,0.0008621170866644752,139,1.3232060293499515,False
5577,0.0007318691814849501,118,1.2583129224130662,False
5578,0.0004651710899268751,75,2.5429477151234945,False
5579,0.0016932227673338255,273,0.7761291007855873,False
5580,0.0004775756523249251,77,1.8451088094092034,False
5581,0.0015815817057513754,255,1.201429422228944,False
5582,0.04357722770434966,7026,1.3095606221047826,False
5583,5.582053079122501e-05,9,1.1168803109063044,False
5584,0.0006078235575044501,98,1.52119750149396,False
5585,0.00022948440436392506,37,3.8778066764006742,False
5586,0.0006698463694947001,108,9.245500799682405,False
5587,0.0019413140152948255,313,2.9878339089524633,False
5588,0.00011164106158245002,18,1.4018341435326471,False
5589,0.00029150721635417507,47,0.9315043637093078,False
5590,0.006003808200656201,968,0.8016111358138155,False
5591,0.0027910265395612506,450,1.6568043775028654,False
5592,0.0008931284926596002,144,1.2295804280373785,False
5593,8.683193678635003e-05,14,2.6012844698769704,False
5594,0.0005147893395190752,83,6.545683488788375,False
5595,0.0018296729537123754,295,0.8246805890131805,False
5596,0.0016932227673338255,273,1.2150924869509407,False
5597,0.0005209916207181001,84,1.4663263275509788,False
5598,0.0003101140599512501,50,2.4136848306655883,False
5599,0.0016994250485328503,274,0.8519835585225237,False
5600,6.822509318927501e-05,11,3.219337723471902,False
5601,0.0017428410169260254,281,1.5187744245834622,False
5602,0.0009489490234508252,153,1.5937382426916384,False
5603,0.004174135246943826,673,0.9839963112330897,False
5604,0.0002480912479610001,40,1.7375249087810516,False
5605,0.018457988848298405,2976,0.9255397806885421,False
5606,0.0024995193232070756,403,1.1149876727063956,False
5607,0.00032251862234930007,52,1.0613734630437999,False
5608,0.0011598265842176752,187,2.3944322215044562,False
5609,0.00010543878038342502,17,1.1597415629555197,False
5610,0.0020777642016733757,335,1.4506930084370855,False
5611,0.0024499010736148755,395,1.2566315681119509,False
5612,0.0036097276578325507,582,0.9392734331773319,False
5613,0.0009117353362566752,147,1.354721220983129,False
5614,0.002933679007138826,473,0.9442313337426861,False
5615,9.303421798537502e-05,15,1.139923667907715,False
5616,0.0004651710899268751,75,1.2222515614827474,False
5617,0.0020467527956782505,330,2.266794216271603,False
5618,4.961824959220001e-05,8,1.0483082234859467,False
5619,0.003789593812604276,611,2.3897853754155958,False
5620,0.004155528403346751,670,0.7978265867304446,False
5621,8.062965558732502e-05,13,1.1539925795335035,False
5622,0.0015195588937611253,245,1.3075649835625474,False
5623,0.00030391177875222506,49,1.368908624259793,False
5624,0.0021770007008577756,351,1.3268909077359061,False
5625,0.010270977665585402,1656,0.7867103521374689,False
5626,0.004775756523249251,770,0.975743666562167,False
5627,0.0004093505591356501,66,1.2773527683633747,False
5628,0.004670317742865826,753,0.8849013921907382,False
5629,3.721368719415001e-05,6,2.461931904157003,False
5630,0.0007752851498781252,125,6.524353424072266,False
5631,0.0018296729537123754,295,1.1314910565392446,False
5632,0.0020467527956782505,330,1.6338421402555523,False
5633,0.0024374965112168257,393,0.917888274326276,False
5634,5.582053079122501e-05,9,1.481639517678155,False
5635,0.005854953451879601,944,0.7687965303154315,False
5636,0.0008000942746742252,129,1.2267318751460823,False
5637,0.00013645018637855003,22,1.1948356736790051,False
5638,9.303421798537502e-05,15,1.4075736204783122,False
5639,0.009644547264483877,1555,0.7044179049335492,False
5640,0.009812008856857552,1582,1.0913528654578362,False
5641,0.0005147893395190752,83,1.3650044920932816,False
5642,0.0012094448338098754,195,1.071993662760808,False
5643,0.003907437155385751,630,1.4169823570856972,False
5644,0.003882628030589651,626,2.503406192547978,False
5645,0.00017366387357270005,28,1.4355832380907876,False
5646,0.005129286551593676,827,0.7929565877695326,False
5647,0.0019537185776928754,315,1.4985796561316838,False
5648,0.0005023847771210251,81,3.526393528337832,False
5649,0.00011784334278147503,19,1.897878885269165,False
5650,0.020591573580763006,3320,13.926475398583584,False
5651,0.0007070600566888501,114,1.1202418469546134,False
5652,0.011480422499395277,1851,0.8570417389233392,False
5653,4.961824959220001e-05,8,1.2686216980218887,False
5654,0.0010978037722274253,177,1.7667941811394556,False
5655,0.0006884532130917751,111,1.3658906876503885,False
5656,0.0018110661101153004,292,1.6764064643481007,False
5657,0.00011164106158245002,18,1.5424364275402493,False
5658,1.8606843597075006e-05,3,1.5764153798421223,False
5659,0.0006140258387034752,99,1.567882163356049,False
5660,0.0010543878038342502,170,1.5114202162798713,False
5661,0.003764784687808176,607,1.0173192299178249,False
5662,0.0025553398539983007,412,0.8468084885078726,False
5663,0.010382618727167852,1674,1.0050181100587834,False
5664,0.003764784687808176,607,1.457868662854592,False
5665,0.007628805874800752,1230,1.471836271324778,False
5666,0.0010543878038342502,170,2.4740015492719762,False
5667,0.006624036320558702,1068,2.3041302927870877,False
5668,0.002778621977163201,448,1.0774249445114816,False
5669,0.003615929939031576,583,0.816267873983236,False
5670,0.0022514280752460756,363,1.0187090651719695,False
5671,0.0014699406441689253,237,1.24375570172499,False
5672,0.00012404562398050004,20,8.464252990484237,False
5673,0.0028964653199446758,467,1.182833989120908,False
5674,0.0004217551215337001,68,1.5290890914552353,False
5675,0.0006326326823005501,102,1.1279641623590506,False
5676,0.0013955132697806253,225,1.7206174776289198,False
5677,0.0020467527956782505,330,0.8630134055108735,False
5678,0.0006698463694947001,108,11.681290992984065,False
5679,0.0004031482779366251,65,5.780831382824824,False
5680,0.0027352060087700255,441,1.323404739232831,False
5681,0.0005209916207181001,84,1.7265969273589907,False
5682,0.0021894052632558253,353,1.0090211778457037,False
5683,0.0009985672730430252,161,1.270080492363213,False
5684,0.0022514280752460756,363,1.7318643341379718,False
5685,0.0007566783062810502,122,1.1157234203620034,False
5686,0.0021770007008577756,351,1.4485245470987087,False
5687,8.683193678635003e-05,14,8.088039568492345,False
5688,0.00021087756076685005,34,6.234329188571257,False
5689,0.0012404562398050003,200,1.4330355393886567,False
5690,0.0005333961831161502,86,8.193232688792916,False
5691,0.0023506645744304755,379,1.5778549573037743,False
5692,0.0006202281199025002,100,1.2226951360702514,False
5693,0.003392647815866676,547,1.0341024660323177,False
5694,0.004577283524880451,738,1.1089889391004877,False
5695,0.0018172683913143255,293,13.113446735277925,False
5696,8.683193678635003e-05,14,1.6452535561152868,False
5697,3.721368719415001e-05,6,2.347144921620687,False
5698,0.00017366387357270005,28,1.5205268348966325,False
5699,0.0010543878038342502,170,3.606960179525263,False
5700,0.0005954189951064002,96,3.7175634453694024,False
5701,0.0030577246311193256,493,0.7894386384356578,False
5702,0.007690828686791002,1240,0.7005237771618751,False
5703,5.582053079122501e-05,9,1.36916364563836,False
5704,0.0009241398986547252,149,2.565537103870571,False
5705,0.00021707984196587504,35,1.9282216821398055,False
5706,0.007417928314033902,1196,3.3968966413899806,False
5707,0.00020467527956782505,33,1.8741234432567249,False
5708,0.0019847299836880006,320,1.5439177304506302,False
5709,0.0006760486506937252,109,2.3290790024153685,False
5710,0.036016646922738184,5807,0.8012899507522911,False
5711,0.0013210858953923252,213,1.0987934159560941,False
5712,0.004515260712890201,728,0.7597133933187841,False
5713,0.0006636440882956752,107,4.872672497669113,False
5714,0.008062965558732501,1300,0.9321891145522778,False
5715,0.007070600566888501,1140,1.7442446173283093,False
5716,0.0008373079618683752,135,3.5721212528370043,False
5717,0.0020095391084841005,324,2.3899586016749157,False
5718,0.002778621977163201,448,1.7265454711658614,False
5719,0.0025119238856051254,405,1.6142216764850381,False
5720,0.004639306336870701,748,2.5435236107538093,False
5721,0.005073466020802451,818,2.8016790097674997,False
5722,0.008466113836669127,1365,0.6371861739909692,False
5723,0.004273371746128226,689,0.780129951731733,False
5724,0.00030391177875222506,49,2.159938082403066,False
5725,0.0006822509318927502,110,0.9371442838148637,False
5726,0.0021397870136636256,345,4.639810406988945,False
5727,0.0017738524229211504,286,2.7389455525191515,False
5728,0.005668885015908851,914,0.804553652748759,False
5729,0.02357487083749403,3801,0.6031089828880609,False
5730,0.0037213687194150007,600,1.5936319506168366,False
5731,0.0022390235128480255,361,1.8089571715722124,False
5732,0.00010543878038342502,17,1.3407606096828686,False
5733,0.0019847299836880006,320,4.192459077388048,False
5734,0.0034980865962501006,564,0.8501656074473198,False
5735,0.0061402583870347515,990,0.8071669405156916,False
5736,0.006059628731447426,977,0.813366385296887,False
5737,0.0008683193678635002,140,1.2133745329720633,False
5738,4.961824959220001e-05,8,2.0049889087677,False
5739,0.00017366387357270005,28,1.1724347259317125,False
5740,0.0013458950201884253,217,1.7347358448714154,False
5741,0.00017986615477172505,29,1.2331483281891922,False
5742,0.0006822509318927502,110,1.747836668924852,False
5743,0.0012032425526108503,194,1.1927930350156175,False
5744,0.010239966259590278,1651,2.855174463781568,False
5745,0.0034980865962501006,564,1.939761702050554,False
5746,0.0005085870583200501,82,2.7462368796511396,False
5747,0.0017304364545279755,279,5.1813565479811805,False
5748,0.0022700349188431506,366,2.068668973576176,False
5749,0.005582053079122501,900,1.112492384645674,False
5750,0.0017924592665182254,289,1.3542899883329662,False
5751,0.013818682511427703,2228,0.7685336698535529,False
5752,0.0004961824959220001,80,5.576219980418682,False
5753,0.01980388386848683,3193,0.7861850546177673,False
5754,0.0005706098703103001,92,1.330513780531676,False
5755,0.0009303421798537502,150,3.3103202247619627,False
5756,0.0031693656927017757,511,1.0231353102831457,False
5757,0.013353511421500827,2153,0.5681708907726694,False
5758,0.00021707984196587504,35,1.507659571511405,False
5759,0.0018792912033045754,303,1.2703692488151022,False
5760,0.010078706948415627,1625,0.9078565233670748,False
5761,0.004918408990826826,793,1.1785836772990859,False
5762,0.0015939862681494253,257,1.0457209172415827,False
5763,0.0002791026539561251,45,9.595114458931818,False
5764,0.004999038646414151,806,1.4778357202894339,False
5765,0.005147893395190751,830,0.7742281207119126,False
5766,0.00010543878038342502,17,2.0025943868300495,False
5767,0.0021832029820568004,352,1.452452828599648,False
5768,0.0017242341733289504,278,1.2277671634722098,False
5769,0.00017986615477172505,29,11.077865333392703,False
5770,0.004000471373371126,645,1.2572373617527097,False
5771,0.0036097276578325507,582,0.7874157959243276,False
5772,0.0008249033994703252,133,1.4901223200604432,False
5773,0.00011164106158245002,18,1.5982187059190538,False
5774,0.0011722311466157253,189,2.1057784431195135,False
5775,0.0019599208588919003,316,1.6715462939648689,False
5776,0.004025280498167226,649,1.2332726031863266,False
5777,0.0022700349188431506,366,2.0505762393357325,False
5778,0.005265736737972226,849,0.830680949949123,False
5779,0.003870223468191601,624,0.8537782682822301,False
5780,0.0024499010736148755,395,4.2423022074035455,False
5781,0.0023196531684353504,374,2.103245469975599,False
5782,6.822509318927501e-05,11,4.791328256780451,False
5783,0.0017552455793240754,283,1.5193003833083298,False
5784,0.0014947497689650254,241,1.9176605153380588,False
5785,0.0015319634561591754,247,2.2436943922930883,False
5786,0.0065992271957626015,1064,0.8243945917688814,False
5787,0.00036593459074247506,59,2.1941943572739424,False
5788,0.0012528608022030503,202,1.3508349875412364,False
5789,0.0011722311466157253,189,2.1864330087389265,False
5790,0.006444170165786976,1039,0.8158091801192694,False
5791,0.0037771892502062258,609,0.9682080630206905,False
5792,0.004664115461666801,752,0.7711710130914728,False
5793,0.0016746159237367505,270,1.3703315787845187,False
5794,4.961824959220001e-05,8,9.018956005573273,False
5795,0.0025739466975953757,415,1.080789208124919,False
5796,0.014606372223703878,2355,0.9005347249867304,False
5797,0.008391686462280827,1353,0.7706081830212916,False
5798,0.0005644075891112751,91,1.543826238139645,False
5799,0.0009241398986547252,149,0.9410024409326131,False
5800,0.004657913180467776,751,0.8533572744275536,False
5801,0.004093505591356501,660,0.9715145587921142,False
5802,0.003826807499798426,617,2.7212020817606724,False
5803,0.00011164106158245002,18,1.7112911542256672,False
5804,0.011598265842176752,1870,11.404189327311387,False
5805,0.15449262238651376,24909,8.01012224536375,False
5806,0.0003907437155385751,63,1.273142731378949,False
5807,3.101140599512501e-05,5,1.7937006950378418,False
5808,0.0011040060534264502,178,0.8915335469031602,False
5809,0.0012528608022030503,202,1.1337884930100772,False
5810,0.0026483740719836757,427,1.1604901186476269,False
5811,0.0013520973013874504,218,1.1300307140437835,False
5812,0.0025553398539983007,412,1.886155646692202,False
5813,0.002778621977163201,448,1.5907144386853491,False
5814,0.0004837779335239501,78,2.7896985014279685,False
5815,0.0020095391084841005,324,1.2551539812558963,False
5816,0.0015629748621543004,252,0.8907349790845599,False
5817,0.0023568668556295004,380,1.4797524348685616,False
5818,0.0011102083346254752,179,3.794749577618178,False
5819,0.0014327269569747753,231,3.4963812167510326,False
5820,0.0013582995825864753,219,0.9220204946657294,False
5821,0.0024126873864207254,389,1.2295822631424067,False
5822,0.0017862569853192003,288,1.57892787290944,False
5823,0.0018606843597075004,300,2.763501782019933,False
5824,0.006506192977777226,1049,0.858057373017783,False
5825,0.0007814874310771502,126,4.53601020101517,False
5826,0.0002791026539561251,45,2.483345794677734,False
5827,0.0017924592665182254,289,3.4979581032657294,False
5828,0.0019041003281006755,307,1.8504119024214605,False
5829,0.010097313792012702,1628,1.931849846456209,False
5830,0.00021087756076685005,34,1.5301428822910084,False
5831,0.004552474400084351,734,0.7402625863493626,False
5832,0.003833009780997451,618,1.4673769701645984,False
5833,0.0011722311466157253,189,1.22056930405753,False
5834,0.0018420775161104254,297,1.4944844446599683,False
5835,0.0026049581035905004,420,3.736775095689864,False
5836,0.004260967183730176,687,3.1645207209011006,False
5837,0.0034918843150510757,563,1.6582620177768688,False
5838,0.0012156471150089002,196,1.4481472932562536,False
5839,0.003696559594618901,596,1.1539005299142544,False
5840,0.0010667923662323003,172,1.283068173153456,False
5841,0.010351607321172728,1669,10.535904686132401,False
5842,0.007138825660077777,1151,0.9588659501510739,False
5843,0.0003411254659463751,55,3.2120478630065916,False
5844,0.0009861627106449752,159,5.12849963236155,False
5845,0.0026607786343817255,429,1.1150352315747099,False
5846,0.0007814874310771502,126,1.5521294919271318,False
5847,0.003541502564643276,571,0.987990472654954,False
5848,0.004713733711259001,760,2.5287392388833196,False
5849,0.0017552455793240754,283,1.3198373372478958,False
5850,0.004540069837686301,732,1.2518719493365678,False
5851,0.0009241398986547252,149,2.435228099758993,False
5852,0.0022080121068529003,356,1.6868472507830417,False
5853,8.683193678635003e-05,14,2.439281259264265,False
5854,0.0018792912033045754,303,3.1698528028557402,False
5855,0.0014451315193728252,233,1.5714341499263125,False
5856,0.0016311999553435754,263,1.1806672022823146,False
5857,0.0007752851498781252,125,7.766168196678161,False
5858,0.00035353002834442507,57,5.159127505202043,False
5859,0.0004651710899268751,75,1.7691671339670818,False
5860,0.0018544820785084755,299,0.9976758271156745,False
5861,0.0022018098256538754,355,1.3115942726672536,False
5862,0.019090621530598956,3078,1.5246514286446524,False
5863,0.0013396927389894002,216,3.463960235869443,False
5864,0.0005706098703103001,92,2.1815289077551467,False
5865,0.0029150721635417508,470,3.7293103431133514,False
5866,0.004130719278550651,666,1.4500275388494268,False
5867,0.028753775638679906,4636,0.8374100098638724,False
5868,0.0009303421798537502,150,1.2345933532714843,False
5869,0.0006016212763054251,97,2.1365152118132285,False
5870,0.0017180318921299253,277,1.3609369128189361,False
5871,0.0006512395258976251,105,1.5432500634874617,False
5872,0.019772872462491705,3188,2.78526546844425,False
5873,0.00035353002834442507,57,1.1666001269691868,False
5874,0.0015009520501640503,242,1.603881625597142,False
5875,0.004316787714521401,696,1.7157835124552936,False
5876,0.0028220379455563757,455,1.696860303721585,False
5877,0.0008993307738586252,145,5.861291803162674,False
5878,0.0007070600566888501,114,1.9755923476135522,False
5879,0.0016932227673338255,273,1.1002060498073425,False
5880,9.923649918440002e-05,16,21.38097731024027,False
5881,0.008676991397435977,1399,1.8258162165131204,False
5882,0.0019785277024889753,319,1.8065371573158193,False
5883,0.006072033293845477,979,0.8116527129729507,False
5884,4.341596839317501e-05,7,5.153356994901385,False
5885,0.0014017155509796504,226,1.1681643328835478,False
5886,0.004670317742865826,753,1.7414038022992462,False
5887,0.003671750469822801,592,1.11850098339287,False
5888,0.0015443680185572254,249,0.9378493550312088,False
5889,0.0004527665275288251,73,1.154121650408392,False
5890,0.0033058158790803256,533,1.0881839576850019,False
5891,0.005613064485117626,905,0.9460154970706497,False
5892,0.008385484181081803,1352,0.7140362911675808,False
5893,0.006382147353796727,1029,0.9861976532709031,False
5894,0.0005271939019171251,85,3.1126365044537714,False
5895,0.004124516997351626,665,2.193208566644138,False
5896,0.0004341596839317501,70,3.0559638449123927,False
5897,0.0009427467422518002,152,1.3260352705654346,False
5898,0.008825846146212577,1423,1.4405564383897493,False
5899,0.0033182204414783758,535,1.5846426384471288,False
5900,0.0005706098703103001,92,1.0844039165455361,False
5901,5.582053079122501e-05,9,1.7611946794721816,False
5902,0.0026359695095856256,425,1.6265288891511804,False
5903,0.0007008577754898252,113,1.2208785578212906,False
5904,0.003386445534667651,546,1.6303394124621438,False
5905,0.0022266189504499753,359,1.3880688898410638,False
5906,0.0022080121068529003,356,1.8059783999839525,False
5907,0.0015319634561591754,247,1.25760565306011,False
5908,0.0029088698823427255,469,0.7926296232097438,False
5909,0.0065434066649713764,1055,1.6413408422922071,False
5910,0.0020963710452704507,338,1.9194414291156114,False
5911,0.0027041946027749008,436,2.1615944562155174,False
5912,0.0004031482779366251,65,2.1719046794451202,False
5913,0.0030515223499203007,492,0.9959372417713569,False
5914,0.0006202281199025002,100,2.139196825027466,False
5915,0.015363050529984929,2477,1.0889625664819957,False
5916,0.0002666980915580751,43,1.9738791681999384,False
5917,0.00025429352916002504,41,1.031777189999092,False
5918,0.0020901687640714254,337,1.2275730067261603,False
5919,0.0002977094975532001,48,2.7616452227036157,False
5920,0.003200377098696901,516,2.080823439960332,False
5921,0.011492827061793328,1853,1.8915948224466554,False
5922,0.00018606843597075004,30,1.5829407930374146,False
5923,0.010785767005104478,1739,1.3496572694400044,False
5924,0.0034174569406627757,551,0.9820268842139824,False
5925,0.029721331505727807,4792,1.6893484405364736,False
5926,1.8606843597075006e-05,3,0.8666399319966634,False
5927,0.0019661231400909256,317,1.7449395874697327,False
5928,0.0004589688087278501,74,1.4257089350674603,False
5929,0.00018606843597075004,30,8.295618879795075,False
5930,0.005910773982670826,953,0.8504987828754053,False
5931,0.0025925535411924507,418,0.9237471197210431,False
5932,0.011071071940259627,1785,1.1669958921373724,False
5933,0.004087303310157476,659,1.2780155773770647,False
5934,0.0010047695542420502,162,1.3666042332296018,False
5935,0.0005706098703103001,92,10.15621552000875,False
5936,0.0013520973013874504,218,1.106315656539497,False
5937,0.0048749930224336515,786,1.0875474155404186,False
5938,0.0029212744447407756,471,6.812509251248305,False
5939,3.721368719415001e-05,6,3.5856522917747498,False
5940,8.683193678635003e-05,14,1.3477088042667933,False
5941,1.8606843597075006e-05,3,10.437386314074198,False
5942,0.011312960907021602,1824,0.648382122056526,False
5943,0.0010171741166401002,164,1.6785882275278976,False
5944,0.0020095391084841005,324,1.2150001890129514,False
5945,0.004552474400084351,734,1.6200781791021779,False
5946,0.0010978037722274253,177,3.300028193468428,False
5947,0.0018048638289162753,291,1.5044895418730797,False
5948,0.0016187953929455254,261,2.298717781958452,False
5949,0.00039694599673760006,64,7.402119144797325,False
5950,9.303421798537502e-05,15,6.102426568667094,False
5951,8.062965558732502e-05,13,1.7173881989258986,False
5952,0.00022328212316490004,36,3.44432971212599,False
5953,0.00023568668556295006,38,1.727920413017273,False
5954,0.0009117353362566752,147,1.3901342015688112,False
5955,2.4809124796100004e-05,4,4.349662244319916,False
5956,0.0032437930670900757,523,3.7817192927829164,False
5957,0.0025429352916002505,410,1.3967593460548215,False
5958,0.0021583938572607006,348,3.5626843126340844,False
5959,0.002933679007138826,473,1.0777517756246362,False
5960,0.0014451315193728252,233,0.9553987191982024,False
5961,0.0016187953929455254,261,0.7831978478194197,False
5962,0.00039694599673760006,64,3.9840954411774874,False
5963,0.0005271939019171251,85,2.7389911819906794,False
5964,0.0004465642463298001,72,2.7188989503516092,False
5965,0.011697502341361153,1886,2.1712873310703995,False
5966,0.006772891069335302,1092,1.0823445442395332,False
5967,0.0021707984196587503,350,0.9773593248639788,False
5968,0.004279574027327251,690,1.07331281952236,False
5969,0.0008931284926596002,144,1.658850759267807,False
5970,0.0026049581035905004,420,1.886543026992253,False
5971,0.0020095391084841005,324,1.9456776873565014,False
5972,0.0027352060087700255,441,1.2149136452988432,False
5973,4.341596839317501e-05,7,1.7202821969985962,False
5974,0.0,0,0.0,True
5975,0.006388349634995751,1030,7.668990200815849,False
5976,0.005892167139073751,950,1.2647125570397628,False
5977,0.007306287252451452,1178,1.0198579337479505,False
5978,0.011592063560977727,1869,0.7135256700429004,False
5979,0.008391686462280827,1353,0.8312470692664892,False
5980,0.0006512395258976251,105,2.1761746043250674,False
5981,0.00014265246757757502,23,1.970539258873981,False
5982,0.003864021186992576,623,0.9930535931839798,False
5983,0.007721840092786127,1245,6.0479880110805775,False
5984,0.0010916014910284002,176,1.3319372934373943,False
5985,0.007200848472068026,1161,1.0890051506389122,False
5986,0.017205128046095353,2774,2.276868391054177,False
5987,0.0027476105711680757,443,0.7831534435194717,False
5988,0.0005768121515093252,93,1.004641371388589,False
5989,0.0016746159237367505,270,1.0377024646158572,False
5990,0.010128325198007828,1633,0.7014272448042749,False
5991,0.0005768121515093252,93,1.4883384063679685,False
5992,0.0053153549875644265,857,0.8910683219602533,False
5993,0.0025181261668041507,406,0.97543574377821,False
5994,0.0004651710899268751,75,2.2649449062347413,False
5995,0.0010171741166401002,164,7.76508185340137,False
5996,0.0004217551215337001,68,1.8387054695802576,False
5997,0.0015133566125621004,244,4.932753264904022,False
5998,0.0021273824512655754,343,1.7785981153260166,False
5999,0.0009799604294459501,158,4.964832938170131,False
6000,0.008348270493887653,1346,0.9372877128765452,False
6001,0.0012280516774069504,198,1.1855165079386547,False
6002,0.0003473277471454001,56,6.5806479432753155,False
6003,0.004124516997351626,665,0.9577017576174629,False
6004,0.0003783391531405251,61,1.8461931670298342,False
6005,0.0022576303564451005,364,1.185741513640016,False
6006,0.0005582053079122502,90,2.181749074988895,False
6007,0.00027290037275710005,44,6.912388400598005,False
6008,0.0006264304011015251,101,1.988686160285874,False
6009,0.0028592516327505257,461,1.2508777646335758,False
6010,0.00024188896676197505,39,1.5387601607885115,False
6011,0.0011288151782225502,182,1.1942042531547965,False
6012,0.0003783391531405251,61,4.492116079955805,False
6013,0.006996173192500201,1128,1.8873202800750732,False
6014,0.0014141201133777003,228,0.972979521019417,False
6015,0.0009179376174557002,148,5.406509663607623,False
6016,0.0011226128970235252,181,1.3712255467367436,False
6017,0.0010171741166401002,164,7.033494132321056,False
6018,0.00022328212316490004,36,10.036680340766907,False
6019,0.0030019041003281005,484,1.4569130712304235,False
6020,0.0003473277471454001,56,9.037586974246162,False
6021,0.006078235575044501,980,0.8327279694226324,False
6022,0.00030391177875222506,49,10.273724195908526,False
6023,0.0003473277471454001,56,4.265572658606938,False
6024,0.0025491375727992754,411,1.313125334226882,False
6025,0.02311590202876618,3727,1.3692046276263459,False
6026,0.0030515223499203007,492,1.1693391683625012,False
6027,0.0011722311466157253,189,4.737684642196332,False
6028,0.00010543878038342502,17,1.2602299942689783,False
6029,0.0008187011182713002,132,1.1856059395905696,False
6030,0.0031383542867066505,506,0.9225828543953274,False
6031,4.961824959220001e-05,8,1.6391654908657074,False
6032,0.0015567725809552753,251,1.0755651671572986,False
6033,0.004099707872555526,661,1.6450417763166096,False
6034,0.0009799604294459501,158,2.7250447137446345,False
6035,0.0034980865962501006,564,1.8289445966270799,False
6036,0.0018854934845036005,304,1.7463079718382735,False
6037,0.0026607786343817255,429,4.121305976992165,False
6038,0.0018730889221055505,302,1.867852226787845,False
6039,0.0005209916207181001,84,8.948673398721786,False
6040,0.0018482797973094504,298,1.1869172369873764,False
6041,0.0010978037722274253,177,1.6325938513049971,False
6042,0.0019227071716977505,310,2.1774848953370127,False
6043,0.0005768121515093252,93,6.2945034785937235,False
6044,0.0018606843597075004,300,1.548859654267629,False
6045,0.00022948440436392506,37,2.000203274391793,False
6046,0.0021645961384597254,349,2.156693203401429,False
6047,0.00031631634115027505,51,6.189705264334585,False
6048,5.582053079122501e-05,9,2.0387824376424155,False
6049,3.721368719415001e-05,6,8.307098150253296,False
6050,0.0020715619204743504,334,1.0931638147302731,False
6051,9.303421798537502e-05,15,2.0270033200581867,False
6052,0.0023754736992265754,383,3.242117054468658,False
6053,0.004031482779366251,650,1.061093054184547,False
6054,0.0012280516774069504,198,0.9801971220006847,False
6055,0.00016125931117465003,26,2.4502606208507833,False
6056,0.0026049581035905004,420,0.9086881455920991,False
6057,0.0009365444610527753,151,6.65383448190247,False
6058,0.0032996135978813007,532,1.0521480338017744,False
6059,0.04922130359546241,7936,1.6173763121328046,False
6060,0.0023320577308334005,376,2.176925487340765,False
6061,0.0021273824512655754,343,1.8037484724389568,False
6062,0.0013831087073825753,223,2.1700880511459215,False
6063,0.0025057216044061005,404,0.8713414869686165,False
6064,0.004012875935769176,647,0.7688017775876076,False
6065,0.0010357809602371752,167,1.0900971061455276,False
6066,0.00010543878038342502,17,1.264028079369489,False
6067,0.004527665275288251,730,0.6267883823342519,False
6068,0.0034980865962501006,564,1.0420233425519145,False
6069,0.0019103026092997003,308,7.306080064216218,False
6070,0.0016374022365426004,264,1.2140082147988407,False
6071,0.0021956075444548506,354,1.4230867886947374,False
6072,0.0023320577308334005,376,0.9524179475104555,False
6073,0.0003721368719415001,60,7.806251970926921,False
6074,0.005098275145598551,822,1.5828955411330916,False
6075,0.0014327269569747753,231,1.1561482334549809,False
6076,0.03680433663501436,5934,0.727482371752938,False
6077,0.008540541211057427,1377,0.8655502347731469,False
6078,0.00033492318474735006,54,1.3794878677085594,False
6079,0.0026545763531827006,428,1.4110419739072568,False
6080,0.0020219436708821506,326,1.7098641739301155,False
6081,0.0020095391084841005,324,0.9238025880890128,False
6082,0.0002666980915580751,43,0.9387457620265872,False
6083,0.004564878962482401,736,0.9462149520607098,False
6084,0.0008745216490625251,141,0.9613949525440838,False
6085,0.03199756870576998,5159,1.6653785693088596,False
6086,0.00017366387357270005,28,1.4235068815095084,False
6087,8.683193678635003e-05,14,2.59763833454677,False
6088,0.0015877839869504003,256,1.1742593003436923,False
6089,0.003008106381527126,485,0.923408206467776,False
6090,0.0008187011182713002,132,1.6689687569936116,False
6091,0.004068696466560401,656,1.391131424322361,False
6092,0.0017862569853192003,288,1.6024663001298904,False
6093,0.0002480912479610001,40,1.3970490992069244,False
6094,0.0020963710452704507,338,1.9297982076921407,False
6095,0.0017552455793240754,283,2.06251848038852,False
6096,0.0020095391084841005,324,1.5794198097270211,False
6097,0.005761919233894226,929,1.1832270132070979,False
6098,0.0024312942300178005,392,1.458895783339228,False
6099,0.0003411254659463751,55,1.7417351484298706,False
6100,0.0034918843150510757,563,1.1350000052850158,False
6101,0.0025305307292022004,408,1.7035669354247112,False
6102,0.004105910153754551,662,0.797808755200435,False
6103,0.0019413140152948255,313,1.4266013847753263,False
6104,0.00011784334278147503,19,3.5854073260959827,False
6105,0.006239494886219152,1006,0.7608272360996982,False
6106,0.0020715619204743504,334,1.195289803122332,False
6107,0.00029150721635417507,47,9.89381217956543,False
6108,0.0021335847324646007,344,2.341757809699968,False
6109,0.0011412197406206002,184,1.8009094751399497,False
6110,0.00018606843597075004,30,2.4765090386072797,False
6111,0.0019661231400909256,317,2.197243977796392,False
6112,9.303421798537502e-05,15,3.0136442025502523,False
6113,0.017105891546910956,2758,0.9699250457077635,False
6114,0.0017428410169260254,281,2.1081946142203445,False
6115,0.00022948440436392506,37,4.1247992515563965,False
6116,0.00017366387357270005,28,2.157516189983913,False
6117,0.003950853123778926,637,1.139503163857213,False
6118,0.0006450372446986001,104,1.3841723306820943,False
6119,6.822509318927501e-05,11,0.9541598991914229,False
6120,0.0005395984643151751,87,1.4980139773467491,False
6121,0.0002480912479610001,40,8.833231848478317,False
6122,0.003690357313419876,595,1.1705273672312249,False
6123,0.004149326122147726,669,2.601671012171359,False
6124,0.003522895721046201,568,1.0732831967548586,False
6125,0.0020529550768772753,331,1.4207529467038158,False
6126,0.00015505702997562504,25,2.325138750076294,False
6127,0.0035725139706384006,576,1.2875304768482845,False
6128,0.0019413140152948255,313,1.146181720514267,False
6129,0.0005147893395190752,83,8.396372140172016,False
6130,0.0017304364545279755,279,1.4315017363503841,False
6131,0.0024064851052217006,388,0.9186567879214729,False
6132,0.004248562621332126,685,1.3070278066788277,False
6133,0.0009985672730430252,161,1.5206255557374184,False
6134,0.0012094448338098754,195,2.2905918744894174,False
6135,0.013607804950660853,2194,1.610146309531811,False
6136,0.0036097276578325507,582,0.9897343604425385,False
6137,0.00011164106158245002,18,3.2672256893581815,False
6138,0.0015319634561591754,247,1.6969061322540406,False
6139,0.0023258554496343757,375,1.2198390041987102,False
6140,0.002952285850735901,476,1.30227362809061,False
6141,0.0020839664828724005,336,3.4841253800051555,False
6142,0.0010978037722274253,177,1.8392233579172252,False
6143,0.0022328212316490006,360,2.651913713746601,False
6144,0.0058115374834864265,937,0.6539041392958406,False
6145,0.0012900744893972003,208,1.3037745224741788,False
6146,0.0013334904577903754,215,1.4611082054847895,False
6147,9.303421798537502e-05,15,2.454414653778076,False
6148,0.0009303421798537502,150,1.5356419420242309,False
6149,0.0061402583870347515,990,0.8753605630662706,False
6150,0.04060633501001668,6547,3.0973317810683207,False
6151,0.0015195588937611253,245,2.7960170775043722,False
6152,8.062965558732502e-05,13,2.2725729117026696,False
6153,8.062965558732502e-05,13,3.2622449764838586,False
6154,0.0023878782616246256,385,2.2904592959911794,False
6155,0.0012590630834020753,203,1.8145204242227113,False
6156,0.0016808182049357753,271,1.6285043404990895,False
6157,0.0028220379455563757,455,0.9252299258997152,False
6158,0.0017180318921299253,277,1.11068075744684,False
6159,0.012962767705962252,2090,7.907703369770323,False
6160,0.00036593459074247506,59,1.867126497171693,False
6161,0.003746177844211101,604,1.4813869481055153,False
6162,0.0018978980469016504,306,1.5967615893463682,False
6163,0.0008000942746742252,129,4.3680680038393005,False
6164,0.0017490432981250503,282,1.0306052645892962,False
6165,0.010612103131531778,1711,0.722197473571706,False
6166,0.0031321520055076256,505,1.272997279450445,False
6167,0.0024995193232070756,403,1.0400370631561089,False
6168,0.0016063908305474753,259,1.4108973129375562,False
6169,4.961824959220001e-05,8,3.6191468238830566,False
6170,0.007374512345640727,1189,0.7390265946031318,False
6171,7.442737438830002e-05,12,4.322779218355815,False
6172,0.0017304364545279755,279,1.2760120446536702,False
6173,0.0003845414343395501,62,1.883875519998612,False
6174,0.003622132220230601,584,1.4675406074687227,False
6175,0.0004837779335239501,78,8.025835141157492,False
6176,0.004546272118885326,733,1.2570191794170364,False
6177,0.0005085870583200501,82,8.505506611451871,False
6178,0.0029832972567310255,481,0.9458902462108715,False
6179,0.0013645018637855003,220,0.9367488275874745,False
6180,0.006357338229000626,1025,1.4015767842967335,False
6181,4.341596839317501e-05,7,1.464093600000654,False
6182,0.003833009780997451,618,1.4996942285580928,False
6183,0.0006140258387034752,99,1.2123103117701983,False
6184,0.0010233763978391252,165,1.7340450171268347,False
6185,0.0011288151782225502,182,1.2799074073414227,False
6186,1.2404562398050002e-05,2,8.498177528381348,False
6187,0.113123406789017,18239,0.9406960616673063,False
6188,0.0018048638289162753,291,1.470357782652288,False
6189,0.0023196531684353504,374,0.779187457446746,False
6190,0.0015133566125621004,244,1.4558843325396054,False
6191,0.014593967661305829,2353,0.8684995418602084,False
6192,0.0004837779335239501,78,1.2379502791624803,False
6193,0.00025429352916002504,41,1.3668789950812734,False
6194,0.0023754736992265754,383,1.3879536891419333,False
6195,0.0012156471150089002,196,0.9262014372008187,False
6196,0.0023258554496343757,375,1.5411339511871338,False
6197,0.00018606843597075004,30,1.812326709429423,False
6198,0.0008435102430674002,136,1.3240304562975378,False
6199,0.012491394334836353,2014,1.5292779984990321,False
6200,0.0015815817057513754,255,1.1404509422825833,False
6201,0.00015505702997562504,25,1.2858717298507691,False
6202,0.00027290037275710005,44,8.651355816559358,False
6203,0.0015505702997562505,250,1.6071732788085937,False
6204,0.0003783391531405251,61,5.03926860309038,False
6205,8.062965558732502e-05,13,1.77866386450254,False
6206,0.0020591573580763006,332,1.4004829974777728,False
6207,0.00020467527956782505,33,1.338813102606571,False
6208,0.005073466020802451,818,0.9885856907058753,False
6209,0.06565734877287867,10586,0.9493133109615405,False
6210,0.0021459892948626504,346,1.7489034864254769,False
6211,0.0007814874310771502,126,1.4324266437500242,False
6212,0.003653143626225726,589,1.178401322032883,False
6213,0.0020219436708821506,326,2.246452190393319,False
6214,0.025503780290390805,4112,0.9547214072038227,False
6215,0.0014699406441689253,237,5.6139128157861125,False
6216,0.0020095391084841005,324,1.2073334727758243,False
6217,0.006313922260607451,1018,1.9500220866474984,False
6218,0.0032686021918861756,527,1.4340541125248687,False
6219,6.822509318927501e-05,11,1.5801637389443137,False
6220,0.0022080121068529003,356,2.8442648548758434,False
6221,0.0013893109885816004,224,1.3673187345266342,False
6222,7.442737438830002e-05,12,2.265729457139969,False
6223,0.003715166438215976,599,0.9092424745750746,False
6224,0.0027103968839739256,437,1.6866263786769842,False
6225,0.0019475162964938504,314,3.0996472683681806,False
6226,0.00013645018637855003,22,2.795361643487757,False
6227,0.0023816759804256007,384,2.9018853455781937,False
6228,0.0020901687640714254,337,0.9557718579776209,False
6229,0.0009179376174557002,148,4.651447861581235,False
6230,0.0029646904131339505,478,1.2612993674796995,False
6231,0.00032251862234930007,52,0.9613445263642532,False
6232,0.0021770007008577756,351,1.5037886383187058,False
6233,0.0019413140152948255,313,4.207865391295558,False
6234,0.005606862203918601,904,0.9331140539287466,False
6235,0.0021832029820568004,352,2.5069315524941143,False
6236,0.00011784334278147503,19,1.7462492742036517,False
6237,6.202281199025002e-05,10,1.117565655708313,False
6238,0.0014761429253679504,238,1.0017967905317033,False
6239,0.0028406447891534507,458,0.9985316372334176,False
6240,0.00026049581035905006,42,1.9158455786250888,False
6241,0.0022266189504499753,359,1.954601161659262,False
6242,0.005327759549962476,859,0.853301347897966,False
6243,0.008937487207795027,1441,6.166652416206746,False
6244,0.0006264304011015251,101,5.263939420775611,False
6245,0.0021211801700665505,342,0.9498454876113356,False
6246,0.0023940805428236504,386,1.1408147132458464,False
6247,0.009204185299353101,1484,0.9032983657806067,False
6248,0.004732340554856076,763,1.1834090271596047,False
6249,0.0003101140599512501,50,1.0752639627456666,False
6250,0.0024499010736148755,395,1.8739891058282008,False
6251,0.0006326326823005501,102,1.4267266614764345,False
6252,0.0009055330550576502,146,6.9798534390044535,False
6253,0.0018854934845036005,304,1.9783078549723876,False
6254,0.0018792912033045754,303,1.177625274500831,False
6255,0.015561523528353728,2509,0.7657133619734945,False
6256,0.0019289094528967753,311,1.8877084853181503,False
6257,0.0015567725809552753,251,0.960903860183351,False
6258,0.0011288151782225502,182,4.352430331183004,False
6259,0.0017924592665182254,289,1.0096187434806956,False
6260,0.014178414820971152,2286,0.7838523027047919,False
6261,0.0011226128970235252,181,1.6093072878063055,False
6262,0.0004155528403346751,67,8.496364009914114,False
6263,0.0025801489787944006,416,2.412518331637749,False
6264,0.00022948440436392506,37,1.3080122825261709,False
6265,0.012007616401312402,1936,0.7791570533405651,False
6266,0.0006450372446986001,104,1.32206053344103,False
6267,0.011430804249803077,1843,1.1793607190712212,False
6268,0.0011908379902128004,192,1.0635217701395352,False
6269,0.0037213687194150007,600,0.9999750014146169,False
6270,8.062965558732502e-05,13,20.68947816812075,False
6271,0.0015381657373582003,248,1.1343000670594554,False
6272,0.00010543878038342502,17,7.527084203327403,False
6273,0.0007752851498781252,125,11.365609817504883,False
6274,0.003101140599512501,500,1.5114771380424499,False
6275,0.006741879663340176,1087,1.1362402178107212,False
6276,0.0013024790517952502,210,1.9899832634698778,False
6277,0.003045320068721276,491,1.3294303980475772,False
6278,0.0009427467422518002,152,1.2352904677391052,False
6279,8.683193678635003e-05,14,4.475473540169852,False
6280,8.062965558732502e-05,13,1.615888155423678,False
6281,0.009024319144581378,1455,0.8479483150534614,False
6282,0.0012590630834020753,203,4.736581938607352,False
6283,0.0009489490234508252,153,5.717392693937215,False
6284,2.4809124796100004e-05,4,3.37450709939003,False
6285,0.00033492318474735006,54,4.266205990755999,False
6286,0.0022514280752460756,363,0.8634319174059824,False
6287,0.0015691771433533252,253,0.9315930746289581,False
6288,0.0002666980915580751,43,11.43468089159145,False
6289,3.721368719415001e-05,6,2.0148969888687134,False
6290,0.0033988500970657007,548,1.337129934860842,False
6291,0.0033244227226774006,536,1.1974914661094325,False
6292,0.0013582995825864753,219,4.197928243576119,False
6293,0.0003411254659463751,55,1.5667541763999246,False
6294,0.0019661231400909256,317,3.006415880064859,False
6295,0.008739014209426226,1409,1.313834717799959,False
6296,0.003913639436584776,631,1.4057636438572274,False
6297,0.0017366387357270004,280,7.214460209863526,False
6298,0.00025429352916002504,41,2.076954039131723,False
6299,0.0014885474877660003,240,1.5670386652151744,False
6300,0.0018420775161104254,297,1.781077038559448,False
6301,0.0024809124796100006,400,0.9981884056329727,False
6302,0.0013148836141933004,212,1.06538218372273,False
6303,0.0011412197406206002,184,3.443168758698132,False
6304,0.008956094051392102,1444,0.665716947445909,False
6305,0.0005768121515093252,93,1.6429367219248125,False
6306,4.961824959220001e-05,8,18.70724657177925,False
6307,0.0023816759804256007,384,1.1164348448316257,False
6308,0.00021087756076685005,34,2.9528502155752743,False
6309,0.0014265246757757502,230,1.03018856463225,False
6310,0.0053711755183556515,866,0.7493474015462757,False
6311,0.0012218493962079253,197,1.7214406801359303,False
6312,0.0022700349188431506,366,1.3214883029135198,False
6313,0.0074427374388300015,1200,1.0923644049962362,False
6314,0.0029460835695368755,475,0.7757323588823017,False
6315,0.0015753794245523503,254,1.2225047650299674,False
6316,0.0021645961384597254,349,2.710852273214171,False
6317,0.005842548889481551,942,1.1109234977932745,False
6318,0.0016436045177416253,265,1.458992356174397,False
6319,3.101140599512501e-05,5,0.9206093311309814,False
6320,0.00036593459074247506,59,1.0659147985910966,False
6321,0.005160297957588801,832,0.8549248805412879,False
6322,0.004217551215337001,680,1.0151353808010326,False
6323,0.017310566826478777,2791,0.8398531712498215,False
6324,0.0018482797973094504,298,1.4642105542573354,False
6325,0.06424322865950097,10358,0.6483658317157858,False
6326,0.0013210858953923252,213,1.3575572743662085,False
6327,0.02304147465437788,3715,0.6196198680359133,False
6328,1.8606843597075006e-05,3,1.3008071978886921,False
6329,0.0022700349188431506,366,1.8573254109080373,False
6330,0.0021397870136636256,345,1.287052947887476,False
6331,0.0007566783062810502,122,1.9806174274350776,False
6332,0.0008683193678635002,140,2.5708306295531136,False
6333,0.004881195303632676,787,1.7910396849791006,False
6334,0.0026173626659885506,422,0.7991848579515213,False
6335,0.00035353002834442507,57,1.702049589993661,False
6336,0.0020343482332802003,328,1.3998706646081878,False
6337,0.0025243284480031755,407,1.2243206553728634,False
6338,0.0010667923662323003,172,4.947602281043696,False
6339,0.004354001401715551,702,1.4264519201045023,False
6340,5.582053079122501e-05,9,1.0306068526373968,False
6341,0.0006760486506937252,109,2.141734624127729,False
6342,0.0020963710452704507,338,1.5625319495003605,False
6343,0.0009613535858488752,155,1.8226840957518546,False
6344,0.00023568668556295006,38,14.931585688340036,False
6345,0.0004775756523249251,77,2.0817034306464257,False
6346,0.0028158356643573504,454,0.7547866405369427,False
6347,0.0027662174147651507,446,2.4034591905204703,False
6348,0.005619266766316651,906,0.7904941504101617,False
6349,0.00013645018637855003,22,1.7742642597718672,False
6350,0.00020467527956782505,33,13.772217519355543,False
6351,0.00015505702997562504,25,1.385753984451294,False
6352,0.0016808182049357753,271,1.0431792304964522,False
6353,0.0003721368719415001,60,11.185054246584574,False
6354,0.011610670404574802,1872,1.679364139198238,False
6355,0.0022142143880519256,357,1.367122700234421,False
6356,0.0006512395258976251,105,2.971299986612229,False
6357,0.0023506645744304755,379,1.7621900550922807,False
6358,0.0006946554942908002,112,6.111493278826986,False
6359,0.0013272881765913503,214,1.0034495809367885,False
6360,0.0025181261668041507,406,2.751994330307533,False
6361,0.013458950201884253,2170,1.4518145934777327,False
6362,0.025801489787944006,4160,0.9444886262600238,False
6363,0.017130700671707053,2762,1.0378219161147575,False
6364,0.003708964157016951,598,1.1894384692345177,False
6365,0.0018668866409065254,301,1.289963816487512,False
6366,0.013738052855840378,2215,1.7544136753469772,False
6367,3.101140599512501e-05,5,1.3381315231323243,False
6368,0.0004465642463298001,72,7.055998292234209,False
6369,0.02087067623471913,3365,0.6398995953541454,False
6370,0.0018420775161104254,297,2.917409976323446,False
6371,0.00017986615477172505,29,7.789346875815556,False
6372,0.0025119238856051254,405,1.5380119064707816,False
6373,0.00023568668556295006,38,8.427417513571287,False
6374,0.020852069391122056,3362,0.6574315009267467,False
6375,0.0015381657373582003,248,3.122781109906012,False
6376,0.008664586835037926,1397,0.9470822109694812,False
6377,0.0071140165352816765,1147,0.6846761612031599,False
6378,0.00021087756076685005,34,1.0740139975267298,False
6379,0.0010543878038342502,170,1.7796786757076488,False
6380,0.0018730889221055505,302,1.6722619300646497,False
6381,0.0003473277471454001,56,1.6978132937635695,False
6382,0.00016125931117465003,26,1.2026629402087285,False
6383,0.00012404562398050004,20,3.5573395490646362,False
6384,0.0020467527956782505,330,0.9776398210814505,False
6385,0.0022204166692509505,358,0.9426806119567189,False
6386,0.008298652244295452,1338,1.2560024216927042,False
6387,0.0005520030267132251,89,1.195123467552528,False
6388,0.0028530493515515004,460,1.7991925991099813,False
6389,0.0022824394812412004,368,1.5825996327659357,False
6390,0.0018792912033045754,303,2.1776190504382544,False
6391,0.21954214760188798,35397,17.977533013267593,False
6392,7.442737438830002e-05,12,1.0749919414520264,False
6393,0.0006698463694947001,108,1.3647148002077032,False
6394,0.0024561033548139008,396,1.4440253292671357,False
6395,0.005563446235525426,897,1.3673435788489505,False
6396,0.0014389292381738004,232,6.894311532378197,False
6397,0.007876897122761751,1270,12.00917262430266,False
6398,9.923649918440002e-05,16,3.1879198849201202,False
6399,0.0020467527956782505,330,1.5204507676037875,False
6400,0.0005395984643151751,87,1.6593607897045968,False
6401,0.0025925535411924507,418,1.7043737714940852,False
6402,0.008521934367460352,1374,0.7605899633104971,False
6403,0.005321557268763451,858,0.9165443300089359,False
6404,0.011864963933734828,1913,2.4981920069820647,False
6405,0.0016684136425377254,269,1.0226496856895078,False
6406,7.442737438830002e-05,12,11.610856572786966,False
6407,0.00015505702997562504,25,1.2977786779403686,False
6408,0.0075171648132183015,1212,0.9091670385288326,False
6409,0.012578226271622703,2028,0.8570784864105887,False
6410,0.0004899802147229751,79,12.27868357187585,False
6411,0.01701285732892558,2743,0.8479567307692307,False
6412,0.0005954189951064002,96,2.50761878490448,False
6413,8.062965558732502e-05,13,2.8737390683247495,False
6414,6.822509318927501e-05,11,1.1795093796469949,False
6415,0.0009613535858488752,155,7.35627876404793,False
6416,0.010246168540789302,1652,1.8371122042145624,False
6417,0.008180808901513978,1319,1.1801334589697177,False
6418,0.004006673654570151,646,0.9095106905458882,False
6419,0.0,0,0.0,True
6420,0.010469450663954202,1688,0.9182403754284032,False
6421,0.0074799511260241515,1206,0.8469405767336413,False
6422,4.961824959220001e-05,8,3.391734689474106,False
6423,0.006642643164155777,1071,0.7812135146111667,False
6424,0.0016932227673338255,273,1.0927206046415336,False
6425,0.003237590785891051,522,2.355776805530563,False
6426,0.0011846357090137753,191,1.1638736843438673,False
6427,0.0015009520501640503,242,1.5488679812959403,False
6428,0.00025429352916002504,41,1.5660272342402761,False
6429,4.961824959220001e-05,8,2.352868676185608,False
6430,0.015375455092382978,2479,1.5287742414701462,False
6431,0.0024747101984109753,399,1.4973570541630412,False
6432,0.0007752851498781252,125,1.7435271425247192,False
6433,0.0018792912033045754,303,1.2125189217797208,False
6434,0.003789593812604276,611,1.1814669905239548,False
6435,0.0007566783062810502,122,1.3255600069389968,False
6436,0.006264304011015251,1010,2.1890294544767626,False
6437,0.006630238601757726,1069,1.439670622293028,False
6438,0.0005458007455142001,88,5.142933707345616,False
6439,0.0003101140599512501,50,1.4428334164619445,False
6440,0.008708002803431102,1404,2.1878545875223274,False
6441,0.0026979923215758755,435,1.0116789697230548,False
6442,0.0005892167139073751,95,9.106079515657926,False
6443,0.0027538128523671005,444,1.1027358517990455,False
6444,0.00026049581035905006,42,1.2517599037715368,False
6445,3.101140599512501e-05,5,4.158184504508972,False
6446,0.00016125931117465003,26,1.5524488183168264,False
6447,0.0020963710452704507,338,1.5628270803118598,False
6448,0.02682486618578313,4325,4.381371731620304,False
6449,0.003622132220230601,584,1.000862958496564,False
6450,0.0013707041449845254,221,1.6609797051589414,False
6451,0.0035539071270413256,573,1.7255676539572538,False
6452,0.00019847299836880003,32,0.9223836660385132,False
6453,0.004459440182098976,719,0.924302375034762,False
6454,0.010122122916808802,1632,0.7666133625396326,False
6455,0.005172702519986851,834,0.9221959697256843,False
6456,4.341596839317501e-05,7,1.5779989787510462,False
6457,0.0021894052632558253,353,1.2028895042435643,False
6458,0.0014389292381738004,232,1.0989231662503605,False
6459,0.0022886417624402257,369,2.7398128829351287,False
6460,0.0023754736992265754,383,1.9796287857832549,False
6461,0.11775651084468867,18986,0.9355350800991109,False
6462,0.0027041946027749008,436,0.9501546697879056,False
6463,0.003522895721046201,568,0.9777206753341245,False
6464,0.0005582053079122502,90,2.0443069563971625,False
6465,0.0014141201133777003,228,5.856265011586641,False
6466,0.0006946554942908002,112,4.16998744223799,False
6467,0.0024374965112168257,393,1.3818302858270155,False
6468,0.0011660288654167003,188,1.337667813960542,False
6469,0.012776699269991502,2060,1.048143362767488,False
6470,0.0029274767259398005,472,0.9294822013984292,False
6471,0.0005644075891112751,91,1.7949243351653381,False
6472,8.062965558732502e-05,13,3.751283498910757,False
6473,0.0024064851052217006,388,3.1927201929166147,False
6474,0.0028282402267554006,456,2.9196106613728037,False
6475,0.0012838722081981752,207,2.9463734442485126,False
6476,0.0004837779335239501,78,2.633888207949125,False
6477,1.2404562398050002e-05,2,0.5546669960021973,False
6478,0.0021583938572607006,348,1.0366932722343796,False
6479,0.0009055330550576502,146,1.6698709726333618,False
6480,0.0005644075891112751,91,1.477968223802336,False
6481,0.0005830144327083501,94,2.0174126295333212,False
6482,0.0003411254659463751,55,2.4226906819777057,False
6483,0.00019227071716977504,31,2.893675358064713,False
6484,1.8606843597075006e-05,3,3.695954998334249,False
6485,0.0024995193232070756,403,1.5369249656241821,False
6486,0.0021397870136636256,345,1.0338796712350153,False
6487,0.0006450372446986001,104,1.2430817129520269,False
6488,0.0022328212316490006,360,1.6015395177735223,False
6489,0.0013272881765913503,214,1.3257086984465056,False
6490,0.0015443680185572254,249,1.592573080196917,False
6491,0.014606372223703878,2355,1.3329129877110701,False
6492,0.0023320577308334005,376,1.4483127999813,False
6493,0.005185107082384901,836,2.4752124037468834,False
6494,0.0012156471150089002,196,3.748573070277973,False
6495,0.0016932227673338255,273,1.928054072481372,False
6496,0.0023320577308334005,376,1.2791134642159685,False
6497,0.00018606843597075004,30,1.357870372136434,False
6498,0.0022886417624402257,369,2.285276900462019,False
6499,0.005668885015908851,914,0.9316926659849071,False
6500,0.010202752572396128,1645,1.0931764562803923,False
6501,0.1265451433037071,20403,0.8074110611007534,False
6502,0.00031631634115027505,51,7.076022751191083,False
6503,0.004738542836055101,764,1.1714243436358986,False
6504,0.00013024790517952503,21,2.20458485966637,False
6505,0.0007132623378878751,115,1.0585976486620696,False
6506,0.00010543878038342502,17,1.702170119566076,False
6507,0.005166500238787826,833,0.7840108012809616,False
6508,0.004229955777735051,682,0.9296402039765612,False
6509,0.0003907437155385751,63,2.5984412450639027,False
6510,0.0014203223945767254,229,1.4664242173907018,False
6511,0.007244264440461202,1168,0.8003100675262816,False
6512,8.062965558732502e-05,13,1.4913105231065016,False
6513,0.0009985672730430252,161,1.5142211166227826,False
6514,0.00014265246757757502,23,3.4665707297947095,False
6515,0.006258101729816227,1009,0.6930498514468417,False
6516,0.0014575360817708754,235,1.2242902598482497,False
6517,0.00021087756076685005,34,12.329861903891844,False
6518,0.0019537185776928754,315,4.024457578431992,False
6519,0.0015319634561591754,247,1.0520165550563982,False
6520,0.0018544820785084755,299,3.1383393157684685,False
6521,0.00017986615477172505,29,2.506630252147543,False
6522,3.721368719415001e-05,6,1.3669657309850056,False
6523,0.0018048638289162753,291,1.36827336717717,False
6524,0.0028406447891534507,458,1.5901317008197569,False
6525,0.0034360637842598507,554,1.1407875067920892,False
6526,0.0016125931117465003,260,1.6645028352737428,False
6527,0.0004961824959220001,80,3.3698356539011,False
6528,0.0002791026539561251,45,1.4141479121314156,False
6529,0.00032251862234930007,52,1.457482085778163,False
6530,0.007219455315665101,1164,0.8377319119640232,False
6531,0.02085827167232108,3363,1.5768846709778577,False
6532,0.016795777486959703,2708,2.154030802462971,False
6533,0.0009117353362566752,147,1.0205206603420025,False
6534,0.0027041946027749008,436,1.3385726454061107,False
6535,0.0003783391531405251,61,2.2164820549918,False
6536,4.961824959220001e-05,8,1.1423830389976501,False
6537,0.004924611272025851,794,1.0173179436690862,False
6538,0.0038950325929877007,628,1.518349088680972,False
6539,0.0010357809602371752,167,4.484336960815384,False
6540,0.0015753794245523503,254,1.5406879139697458,False
6541,0.0004961824959220001,80,3.6322325855493545,False
6542,0.00031631634115027505,51,2.0403933899075377,False
6543,0.0017738524229211504,286,6.723922416046783,False
6544,0.0029088698823427255,469,1.5697168421897807,False
6545,0.0052781413003702765,851,1.3805772944426844,False
6546,0.006921745818111902,1116,0.8278401013343565,False
6547,0.0013148836141933004,212,1.5359181964172508,False
6548,0.003045320068721276,491,1.256458959851391,False
6549,0.002933679007138826,473,6.663994086973259,False
6550,0.0021397870136636256,345,2.9421330939168517,False
6551,0.012131662025292903,1956,0.850530076368211,False
6552,0.006220888042622077,1003,0.902101164919548,False
6553,0.0009737581482469252,157,1.480938462694739,False
6554,0.00027290037275710005,44,2.0099168853326277,False
6555,0.0020467527956782505,330,1.1644454804333773,False
6556,9.923649918440002e-05,16,0.7999597415328026,False
6557,0.008720407365829151,1406,0.780920562839101,False
6558,0.0003287209035483251,53,4.243423790301916,False
6559,0.00011784334278147503,19,2.4460255848734,False
6560,0.0003101140599512501,50,3.4353137040138244,False
6561,0.005997605919457177,967,1.2326478908818905,False
6562,0.0027848242583622257,449,0.7865455283354014,False
6563,0.0016684136425377254,269,1.2306583326545346,False
6564,0.0011536243030186503,186,0.9782281575664398,False
6565,0.007374512345640727,1189,0.8619712193138566,False
6566,4.961824959220001e-05,8,0.8406716287136078,False
6567,0.004968027240419026,801,1.1809197597289354,False
6568,0.007287680408854377,1175,0.7255811009508498,False
6569,0.010146932041604903,1636,0.8433403464576142,False
6570,0.00012404562398050004,20,5.908088845014572,False
6571,0.0016187953929455254,261,1.4666322684379374,False
6572,0.0038392120621964757,619,1.1278665801434986,False
6573,0.0003845414343395501,62,5.247008881261272,False
6574,0.02257010128325198,3639,1.5608871975715555,False
6575,6.202281199025002e-05,10,2.268561315536499,False
6576,0.0023816759804256007,384,1.439083203052481,False
6577,0.0037213687194150007,600,1.9050069024165472,False
6578,0.0003101140599512501,50,9.239414081573486,False
6579,0.00022328212316490004,36,7.107179151640998,False
6580,0.0023816759804256007,384,2.762309370562434,False
6581,0.0017056273297318754,275,1.3452168117869985,False
6582,0.0012156471150089002,196,6.5813177459093986,False
6583,0.0035911208142354756,579,1.0360044376837776,False
6584,0.003293411316682276,531,2.6150561898890636,False
6585,0.0012466585210040252,201,0.955584822602533,False
6586,6.202281199025002e-05,10,14.801905012130737,False
6587,0.010395023289565902,1676,0.747188453315835,False
6588,0.0025739466975953757,415,1.5400489623288074,False
6589,0.0003597323095434501,58,1.6936188196313793,False
6590,0.0005768121515093252,93,1.552882581628779,False
6591,0.003181770255099826,513,1.0481687024322868,False
6592,0.009861627106449753,1590,0.9378874232933956,False
6593,0.0005085870583200501,82,15.19573064257459,False
6594,0.0021025733264694755,339,1.7433425898397215,False
6595,0.0021770007008577756,351,1.1735053700938862,False
6596,0.0003907437155385751,63,1.2604277663760715,False
6597,0.0023940805428236504,386,1.177604066275562,False
6598,0.0018792912033045754,303,1.8796887185313913,False
6599,0.00014885474877660004,24,2.4476378113031387,False
6600,0.00010543878038342502,17,1.4765031548107372,False
6601,0.0016063908305474753,259,1.1982106426047543,False
6602,0.014302460444951653,2306,0.8564881773896561,False
6603,0.0020901687640714254,337,1.172861246397658,False
6604,0.0005830144327083501,94,6.465323006853144,False
6605,0.00022948440436392506,37,2.1753448151253365,False
6606,0.01810445881995398,2919,1.502926535376052,False
6607,5.582053079122501e-05,9,1.6610859764946833,False
6608,0.0038578189057935507,622,2.8813219710561624,False
6609,0.005557243954326402,896,1.2079758963414602,False
6610,0.011499029342992352,1854,0.709086422266955,False
6611,0.010450843820357127,1685,2.250175253573794,False
6612,0.008428900149474977,1359,0.7447351602353621,False
6613,0.0053153549875644265,857,0.9658423861099653,False
6614,0.0006636440882956752,107,1.487096519113701,False
6615,0.0021397870136636256,345,1.6130485289338705,False
6616,0.0021583938572607006,348,1.3925197408802208,False
6617,0.0003845414343395501,62,1.7450058383326377,False
6618,0.0004031482779366251,65,1.1907430722163275,False
6619,9.303421798537502e-05,15,0.915004285176595,False
6620,0.0009055330550576502,146,3.7690133542230684,False
6621,0.003882628030589651,626,1.1989964494309104,False
6622,0.0009179376174557002,148,1.268453757505159,False
6623,0.022290998629295854,3594,1.2831582741798397,False
6624,0.0012714676458001253,205,1.527166748046875,False
6625,0.0025677444163963504,414,1.0879691395782618,False
6626,0.00022948440436392506,37,8.197146383491722,False
6627,0.0011598265842176752,187,1.2017821704640108,False
6628,0.0015753794245523503,254,1.2237537015141464,False
6629,0.0023444622932314507,378,1.4553502627781458,False
6630,0.0009427467422518002,152,4.233858850441481,False
6631,0.009024319144581378,1455,1.1635215633103937,False
6632,0.0003473277471454001,56,9.043102094105311,False
6633,0.004484249306895076,723,1.0133877730468497,False
6634,0.0004651710899268751,75,0.8731089353561401,False
6635,7.442737438830002e-05,12,4.105746428171794,False
6636,0.010531473475944452,1698,0.6487613622937242,False
6637,0.00022948440436392506,37,2.779072526338938,False
6638,0.004291978589725301,692,0.7422618872857507,False
6639,0.016076312867872804,2592,1.0375980624446162,False
6640,0.0017056273297318754,275,1.5270425614443692,False
6641,0.0006884532130917751,111,6.6638213138322575,False
6642,0.010605900850332752,1710,0.7941928980643289,False
6643,0.0015567725809552753,251,1.2465255972873641,False
6644,0.0004775756523249251,77,1.0856527662896491,False
6645,0.0013334904577903754,215,1.1188594069591788,False
6646,0.00011784334278147503,19,4.568452533922698,False
6647,0.015629748621543003,2520,1.4852083297002883,False
6648,0.005172702519986851,834,0.8382164374244013,False
6649,0.0010605900850332753,171,1.0611875154818708,False
6650,0.004105910153754551,662,0.9287462313729831,False
6651,0.0021894052632558253,353,1.9348323953050393,False
6652,0.005507625704734201,888,1.0165799007759437,False
6653,0.00013645018637855003,22,0.8070517453280363,False
6654,0.0030701291935173757,495,1.0167342580930152,False
6655,0.016249976741445505,2620,0.608390147449406,False
6656,0.00020467527956782505,33,1.3635480909636526,False
6657,0.0028840607575466256,465,0.8693281935107323,False
6658,0.011399792843807953,1838,0.798243492614717,False
6659,0.016659327300581155,2686,1.0003495560771747,False
6660,6.202281199025001e-06,1,1.1006792783737183,False
6661,0.0028654539139495506,462,8.769373101073427,False
6662,3.721368719415001e-05,6,6.774645845095317,False
6663,0.0035663116894393758,575,1.343132671273273,False
6664,0.003994269092172101,644,1.1177870472025426,False
6665,0.0024126873864207254,389,1.5904766900373914,False
6666,4.961824959220001e-05,8,0.9976462721824646,False
6667,0.013136431579534954,2118,0.7614972285778597,False
6668,0.005364973237156626,865,0.7691683642437003,False
6669,0.0025491375727992754,411,0.8332762825518049,False
6670,0.00022948440436392506,37,5.857429130657299,False
6671,0.0060844378562435264,981,1.0616609279776446,False
6672,0.0033616364098715506,542,1.769415557384491,False
6673,0.0007194646190869002,116,2.468346143590993,False
6674,4.341596839317501e-05,7,0.837424635887146,False
6675,0.00014885474877660004,24,1.0021402835845947,False
6676,0.002722801446371976,439,1.4007873562310986,False
6677,0.008596361741848652,1386,0.6694757859256188,False
6678,0.0016311999553435754,263,3.4306213175842517,False
6679,0.0017800547041201755,287,1.5032862171478802,False
6680,0.00035353002834442507,57,9.53866255910773,False
6681,0.0006450372446986001,104,13.254290030552792,False
6682,0.00018606843597075004,30,11.656504074732462,False
6683,0.0030701291935173757,495,0.8310871071285671,False
6684,0.009787199732061453,1578,0.7485068711642228,False
6685,0.016708945550173354,2694,0.663995438358389,False
6686,0.0022204166692509505,358,1.9223812172532748,False
6687,0.0020095391084841005,324,1.192994123623695,False
6688,0.00027290037275710005,44,9.0229914161292,False
6689,0.0017552455793240754,283,1.401228846593796,False
6690,0.00014265246757757502,23,1.94433361551036,False
6691,0.0006078235575044501,98,1.5849570802279882,False
6692,0.0023134508872363255,373,1.9584792794874462,False
6693,0.012603035396418803,2032,0.8126654136837936,False
6694,0.004236158058934076,683,1.1726183437498212,False
6695,0.0013831087073825753,223,3.18699320175188,False
6696,0.007070600566888501,1140,1.0443039166299921,False
6697,0.0028654539139495506,462,1.7716631249431924,False
6698,0.0022638326376441253,365,0.8164441552880692,False
6699,0.0016498067989406504,266,1.2969300962032233,False
6700,0.0024188896676197507,390,1.4581837354562222,False
6701,0.0005458007455142001,88,1.5581979345191608,False
6702,7.442737438830002e-05,12,1.0918435355027516,False
6703,0.0025801489787944006,416,1.2198716333279243,False
6704,0.0011288151782225502,182,1.9358494740266066,False
6705,0.0008373079618683752,135,1.4255908966064452,False
6706,0.0011474220218196253,185,2.7888938633171287,False
6707,0.008683193678635001,1400,3.58503347831113,False
6708,0.0020281459520811755,327,0.909327204438889,False
6709,0.13241870359918378,21350,1.184887136419149,False
6710,0.0010233763978391252,165,1.1742783430850867,False
6711,0.0017490432981250503,282,1.056109256778203,False
6712,0.00020467527956782505,33,0.8919226111787738,False
6713,3.101140599512501e-05,5,1.6821451425552367,False
6714,0.005606862203918601,904,0.9817939258254735,False
6715,0.0023816759804256007,384,1.6038898828749855,False
6716,0.0008062965558732502,130,1.2714080636317913,False
6717,0.0007752851498781252,125,3.1768438625335693,False
6718,0.0018978980469016504,306,1.1728134268249562,False
6719,3.721368719415001e-05,6,7.209698438644409,False
6720,0.0018420775161104254,297,1.3330199373290195,False
6721,0.005402186924350776,871,1.1487222467853884,False
6722,0.0003783391531405251,61,2.074211341435792,False
6723,0.00027290037275710005,44,1.4051856777884744,False
6724,0.00033492318474735006,54,9.0821117427614,False
6725,0.0025863512599934254,417,2.5932877449680576,False
6726,0.0022638326376441253,365,1.4534390580164243,False
6727,0.0003907437155385751,63,2.3893378159356495,False
6728,3.721368719415001e-05,6,2.8307183186213174,False
6729,0.008025751871538351,1294,0.9119743269046271,False
6730,0.0024064851052217006,388,6.405721397744012,False
6731,0.0005147893395190752,83,2.898188096931182,False
6732,0.003045320068721276,491,1.1555790211663954,False
6733,0.0006326326823005501,102,2.508495571566563,False
6734,0.007207050753267052,1162,1.9744901911527073,False
6735,0.005073466020802451,818,1.3667340422900789,False
6736,0.004062494185361376,655,0.9503719216994657,False
6737,0.0002977094975532001,48,2.0935983633001647,False
6738,0.0020529550768772753,331,1.4503216512973935,False
6739,0.0005147893395190752,83,8.398904287671469,False
6740,0.0009427467422518002,152,0.9743764980843193,False
6741,0.0010729946474313252,173,4.149519205093384,False
6742,9.923649918440002e-05,16,1.8808907717466354,False
6743,0.0021025733264694755,339,2.268410877843874,False
6744,0.006729475100942127,1085,0.7654392224852391,False
6745,0.0011226128970235252,181,0.9006927158292486,False
6746,0.0024995193232070756,403,3.872518259005866,False
6747,0.004614497212074601,744,1.3799266573241962,False
6748,0.0003783391531405251,61,2.2098071751047352,False
6749,0.0006760486506937252,109,1.5247992725547301,False
6750,0.007051993723291426,1137,1.1947586819490217,False
6751,0.007399321470436827,1193,0.7004174806446162,False
6752,0.00024188896676197505,39,3.2502716657442923,False
6753,4.341596839317501e-05,7,6.917716366904123,False
6754,0.0019971345460860503,322,1.2669352670634015,False
6755,0.0035911208142354756,579,0.8629164522793626,False
6756,0.006171269793029876,995,2.534505619116165,False
6757,0.004124516997351626,665,1.8929558431295523,False
6758,0.006400754197393802,1032,3.5199859112270118,False
6759,0.0006450372446986001,104,2.355273582614385,False
6760,0.0011660288654167003,188,1.4014838876876425,False
6761,0.006952757224107027,1121,0.7829937258540893,False
6762,0.0005830144327083501,94,1.6968519053560622,False
6763,0.0022886417624402257,369,1.7133975875409961,False
6764,0.00025429352916002504,41,11.616974426478874,False
6765,0.0022824394812412004,368,4.044722487421139,False
6766,0.0011226128970235252,181,1.1280980729266425,False
6767,0.00019227071716977504,31,1.611676723726334,False
6768,0.0018606843597075004,300,1.1631007512410483,False
6769,0.0008311056806693502,134,1.3083905604348254,False
6770,0.00020467527956782505,33,0.9977866086092863,False
6771,0.0011226128970235252,181,2.0498829691449583,False
6772,0.0009365444610527753,151,1.4476731368248037,False
6773,0.0008000942746742252,129,1.2024938884631609,False
6774,0.0003597323095434501,58,2.1538429650767097,False
6775,0.006704665976146026,1081,0.8748102817791242,False
6776,0.0017614478605231004,284,4.75124516663417,False
6777,0.0005768121515093252,93,2.2466474143407678,False
6778,0.0006326326823005501,102,1.12987706006742,False
6779,4.341596839317501e-05,7,2.4742744309561595,False
6780,0.0023940805428236504,386,1.5106830627807064,False
6781,0.0005830144327083501,94,2.3584845142161592,False
6782,0.00016125931117465003,26,2.0839423674803514,False
6783,0.0024126873864207254,389,3.0955993326280296,False
6784,0.011629277248171878,1875,0.6325532455444336,False
6785,0.0031507588491047006,508,5.028638684374141,False
6786,0.0005395984643151751,87,4.437537519411109,False
6787,0.00021087756076685005,34,1.8847245819428389,False
6788,0.00011784334278147503,19,9.606312224739476,False
6789,0.0036655481886237757,591,0.8689980700536428,False
6790,0.0006326326823005501,102,5.67003618034662,False
6791,0.0010916014910284002,176,1.0248155045238407,False
6792,0.00016746159237367503,27,2.0435276649616383,False
6793,0.00016125931117465003,26,1.3100004012768085,False
6794,0.004019078216968201,648,1.05683281318641,False
6795,0.0016001885493484504,258,1.1093228149783703,False
6796,0.0002666980915580751,43,1.2084910703259846,False
6797,0.00018606843597075004,30,12.938449796040853,False
6798,0.004174135246943826,673,0.8668630108967933,False
6799,1.8606843597075006e-05,3,5.331996242205302,False
6800,0.00036593459074247506,59,7.757518218735517,False
6801,0.0023940805428236504,386,2.1515845690366517,False
6802,0.007876897122761751,1270,0.8099591848418468,False
6803,0.00028530493515515004,46,0.8793233555296193,False
6804,0.0015071543313630753,243,4.047331292442824,False
6805,0.0011536243030186503,186,4.210825966250512,False
6806,0.0005271939019171251,85,1.4159587930230533,False
6807,0.0020095391084841005,324,1.361060873961743,False
6808,0.0004837779335239501,78,5.62631356716156,False
6809,5.582053079122501e-05,9,2.699161794450548,False
6810,0.0023196531684353504,374,0.9177065278119582,False
6811,0.0005892167139073751,95,1.7024008274078368,False
6812,0.00017986615477172505,29,0.9952738038424788,False
6813,0.0006016212763054251,97,1.9842364665159244,False
6814,0.006152662949432801,992,0.6789782252763549,False
6815,0.0020219436708821506,326,1.6478996722976123,False
6816,0.010512866632347377,1695,3.273679572502069,False
6817,0.0048191724916424265,777,0.7740670612880162,False
6818,0.0011474220218196253,185,1.4864626085436021,False
6819,0.006258101729816227,1009,0.7534809055838759,False
6820,0.005253332175574176,847,0.9519280117827577,False
6821,0.0021894052632558253,353,1.9143699539281829,False
6822,0.0074799511260241515,1206,0.8047521679753292,False
6823,0.008770025615421352,1414,1.4235737979664997,False
6824,0.0002791026539561251,45,1.2340093241797554,False
6825,0.0023692714180275506,382,1.5984742834930021,False
6826,0.004924611272025851,794,1.2807292553880052,False
6827,9.303421798537502e-05,15,8.629617110888164,False
6828,0.037002809633383156,5966,1.1234633052185243,False
6829,0.0019165048904987254,309,1.4431148794476654,False
6830,0.00031631634115027505,51,0.8982188795127121,False
6831,0.0004899802147229751,79,1.3647198465806019,False
6832,0.006828711600126527,1101,1.6937225260158542,False
6833,0.0023010463248382754,371,1.8742862657074015,False
6834,0.008007145027941276,1291,1.6264206941140704,False
6835,0.0004527665275288251,73,2.2291758746316988,False
6836,0.003504288877449126,565,1.5030176483424365,False
6837,0.0020343482332802003,328,1.213188837214214,False
6838,0.0025429352916002505,410,0.9307862491142459,False
6839,0.0011784334278147502,190,3.8250172012730648,False
6840,0.0021894052632558253,353,1.2338210590838035,False
6841,7.442737438830002e-05,12,17.222764134407043,False
6842,0.0028654539139495506,462,4.064650493782836,False
6843,0.0019165048904987254,309,1.3560133443295377,False
6844,0.002797228820760276,451,0.8410647771839557,False
6845,0.002989499537930051,482,1.76873482510262,False
6846,0.00035353002834442507,57,8.640638581493445,False
6847,5.582053079122501e-05,9,2.2477697001563177,False
6848,0.0016932227673338255,273,8.507277477355231,False
6849,0.0029770949755320007,480,0.9305921415487926,False
6850,0.0006946554942908002,112,7.16618948323386,False
6851,0.0024809124796100006,400,2.5382037031650544,False
6852,0.00017986615477172505,29,1.4292980391403725,False
6853,0.18792912033045756,30300,1.0780645711665893,False
6854,0.0027165991651729505,438,0.8218906600725705,False
6855,0.003715166438215976,599,0.869550192893447,False
6856,0.0016063908305474753,259,1.2767794795017906,False
6857,0.0032810067542842257,529,2.320980726433161,False
6858,0.0018668866409065254,301,1.610241363610936,False
6859,0.005935583107466926,957,0.9585298911406578,False
6860,9.923649918440002e-05,16,1.4675818383693695,False
6861,0.006896936693315802,1112,1.3666736582200305,False
6862,0.008205618026310077,1323,0.7614135880949636,False
6863,0.0007876897122761752,127,1.419083945394501,False
6864,3.101140599512501e-05,5,2.734772872924805,False
6865,0.0017118296109309005,276,1.1095459798107976,False
6866,0.0004093505591356501,66,2.062058889504635,False
6867,3.721368719415001e-05,6,1.9046141306559246,False
6868,0.0022576303564451005,364,1.9807984295127157,False
6869,0.00012404562398050004,20,22.865328454971312,False
6870,0.0016622113613387003,268,1.6135862536394774,False
6871,0.05139210201512116,8286,11.24919819191634,False
6872,0.0020467527956782505,330,2.3316955891522495,False
6873,0.0019103026092997003,308,2.3872253697413903,False
6874,0.004409821932506776,711,0.9230032262252186,False
6875,0.00013024790517952503,21,1.7496804282778786,False
6876,0.009576322171294602,1544,2.161872287333938,False
6877,0.009681760951678027,1561,2.3734050785250425,False
6878,0.0009117353362566752,147,1.4112367840851245,False
6879,0.003888830311788676,627,1.0298322471515224,False
6880,0.0019165048904987254,309,1.249100420853081,False
6881,0.00022328212316490004,36,1.8395645287301805,False
6882,0.012113055181695828,1953,1.8170330987120675,False
6883,0.0015257611749601504,246,1.1823628123213605,False
6884,0.009080139675372603,1464,0.8071827181701452,False
6885,0.0035539071270413256,573,1.6263625005985014,False
6886,5.582053079122501e-05,9,5.242165486017863,False
6887,0.00013024790517952503,21,2.42120015053522,False
6888,0.0016498067989406504,266,1.2310847321847327,False
6889,0.0006140258387034752,99,1.622839123311669,False
6890,0.0005520030267132251,89,2.113992776763573,False
6891,0.00024188896676197505,39,3.4660353599450526,False
6892,0.0016994250485328503,274,0.8057408767895107,False
6893,0.0012280516774069504,198,1.1195325056711833,False
6894,0.0003597323095434501,58,5.689216276694989,False
6895,0.0020219436708821506,326,1.436248360601671,False
6896,0.0009117353362566752,147,9.286993642242587,False
6897,4.961824959220001e-05,8,3.574045419692993,False
6898,9.923649918440002e-05,16,2.2288366854190826,False
6899,0.0002791026539561251,45,1.1044276661343044,False
6900,0.0012032425526108503,194,1.1123516184767497,False
6901,0.0033430295662744756,539,0.9568087112483377,False
6902,0.009687963232877052,1562,0.6083298153822309,False
6903,1.8606843597075006e-05,3,9.802736838658651,False
6904,0.0024747101984109753,399,1.0953772492277294,False
6905,0.011877368496132877,1915,4.893541532272458,False
6906,0.0002791026539561251,45,9.700509638256497,False
6907,0.00035353002834442507,57,1.6513799805390208,False
6908,0.009365444610527752,1510,0.7182725072696509,False
6909,0.004161730684545776,671,5.810677515589889,False
6910,0.00023568668556295006,38,1.8450061114210832,False
6911,0.003864021186992576,623,0.7296962368737063,False
6912,0.004093505591356501,660,4.1537591029297225,False
6913,0.0019289094528967753,311,1.3816009786734627,False
6914,0.0025739466975953757,415,3.283409424287727,False
6915,0.004242360340133101,684,0.8936891315276163,False
6916,0.0024747101984109753,399,1.4088405558937473,False
6917,0.00022948440436392506,37,1.8415083756317963,False
6918,0.00022328212316490004,36,2.141298827197817,False
6919,0.005551041673127376,895,1.2428462404112577,False
6920,0.0018482797973094504,298,1.8616387456055457,False
6921,0.00022948440436392506,37,9.192238949440622,False
6922,0.0024623056360129256,397,0.7739297088507742,False
6923,0.003615929939031576,583,1.1171121732243952,False
6924,0.006444170165786976,1039,0.846242392487659,False
6925,0.0026545763531827006,428,1.5197629928588867,False
6926,0.00021707984196587504,35,0.8425726413726806,False
6927,0.006605429476961627,1065,2.915913675872373,False
6928,0.00020467527956782505,33,11.80520749092102,False
6929,0.0015257611749601504,246,1.8752827024072167,False
6930,0.0012404562398050003,200,1.18520836353302,False
6931,0.0011288151782225502,182,1.4897810928114168,False
6932,0.0014203223945767254,229,2.223288242473352,False
6933,0.0004837779335239501,78,2.013098404957698,False
6934,0.0011846357090137753,191,1.4561128566402415,False
6935,3.721368719415001e-05,6,1.3016328016916912,False
6936,0.006847318443723602,1104,1.5372886035753333,False
6937,0.03604145604753428,5811,0.9525131333245609,False
6938,0.0014885474877660003,240,1.8189280798037848,False
6939,0.0022266189504499753,359,1.6102718440271022,False
6940,0.0019165048904987254,309,2.4276563449970725,False
6941,0.007244264440461202,1168,0.8470899732145545,False
6942,0.0021335847324646007,344,1.6990357062151267,False
6943,0.01953098349572973,3149,1.0937983433228895,False
6944,0.00021707984196587504,35,1.6396262986319405,False
6945,0.0021335847324646007,344,1.9555238020974537,False
6946,6.202281199025001e-06,1,11.3568115234375,False
6947,0.0025367330104012257,409,1.5177963616504062,False
6948,4.341596839317501e-05,7,1.280045015471322,False
6949,0.0003783391531405251,61,2.699053994944838,False
6950,0.0005768121515093252,93,8.632955676765851,False
6951,0.00017366387357270005,28,1.5572113650185722,False
6952,0.0024995193232070756,403,2.2394545592977746,False
6953,0.0007566783062810502,122,2.97439634018257,False
6954,0.0034546706278569257,557,1.4541400628201195,False
6955,0.0037399755630120757,603,0.9938286240421125,False
6956,0.0024126873864207254,389,1.8370473479856868,False
6957,0.002760015133566126,445,1.154527120375901,False
6958,0.003584918533036451,578,1.0286145325763003,False
6959,0.0017490432981250503,282,1.605338012073057,False
6960,0.003981864529774051,642,1.6144522324529393,False
6961,0.003274804473085201,528,1.1098862265547116,False
6962,0.004645508618069726,749,0.9805920471018242,False
6963,0.0017490432981250503,282,1.207592249762082,False
6964,0.008776227896620376,1415,2.1740792304803964,False
6965,0.0023072486060373007,372,2.577348824149819,False
6966,0.0009055330550576502,146,1.8620914767866266,False
6967,0.0010791969286303503,174,1.514792073732135,False
6968,0.0066550477265538265,1073,0.8252671731484903,False
6969,0.003727571000614026,601,1.4316987471651912,False
6970,0.0025181261668041507,406,1.6463207881438908,False
6971,0.00014885474877660004,24,0.9027679860591888,False
6972,0.0021211801700665505,342,1.6081855352859051,False
6973,0.0013955132697806253,225,1.0555577362908257,False
6974,0.0006760486506937252,109,5.517911881481836,False
6975,5.582053079122501e-05,9,2.4903333716922336,False
6976,0.0021459892948626504,346,1.4258606623362944,False
6977,0.006444170165786976,1039,1.5549196770147593,False
6978,0.0002666980915580751,43,1.2921638516492622,False
6979,0.0007318691814849501,118,2.568266339221243,False
6980,0.0018234706725133503,294,1.4350809175141004,False
6981,3.101140599512501e-05,5,1.5932558059692383,False
6982,0.0004279574027327251,69,1.2606156425199646,False
6983,0.013955132697806252,2250,0.8833829600016276,False
6984,0.0003597323095434501,58,1.759249362452277,False
6985,3.721368719415001e-05,6,3.920414904753367,False
6986,0.006555811227369426,1057,0.811532701764788,False
6987,4.341596839317501e-05,7,1.1061508655548096,False
6988,0.0011660288654167003,188,1.4187210658763318,False
6989,0.0011040060534264502,178,1.202279976244723,False
6990,0.0010109718354410753,163,3.9161417923090647,False
6991,0.0022576303564451005,364,1.5145805910393433,False
6992,0.0006574418070966502,106,1.568999027306179,False
6993,0.0015505702997562505,250,1.4141258029937744,False
6994,0.0016063908305474753,259,1.6262600242401182,False
6995,0.0003783391531405251,61,3.364193032999508,False
6996,0.0010481855226352253,169,1.498039566553556,False
6997,0.0017428410169260254,281,1.4433953507515036,False
6998,0.011827750246540678,1907,1.116468947785152,False
6999,0.0004031482779366251,65,5.328293231817392,False
7000,0.0015009520501640503,242,1.6490210856287932,False
7001,0.00030391177875222506,49,1.5356005357236278,False
7002,0.0011598265842176752,187,2.0076440923354206,False
7003,0.0007814874310771502,126,1.029922226118663,False
7004,1.8606843597075006e-05,3,8.642695109049479,False
7005,0.004397417370108726,709,0.843443592109196,False
7006,0.00020467527956782505,33,1.8921604048122058,False
7007,8.683193678635003e-05,14,1.7057634421757288,False
7008,0.0008745216490625251,141,3.009705452208823,False
7009,0.0020033368272850756,323,1.488475206466651,False
7010,0.0004155528403346751,67,11.049792965846276,False
7011,0.005092072864399526,821,1.2367813301144506,False
7012,0.0026917900403768506,434,1.31785036946222,False
7013,0.0006760486506937252,109,1.8180596172262768,False
7014,0.0010978037722274253,177,1.6767123243903037,False
7015,0.0015071543313630753,243,1.2806837077984594,False
7016,0.0005147893395190752,83,2.207553939646985,False
7017,0.0013396927389894002,216,1.911294154546879,False
7018,0.0012280516774069504,198,1.2313696025597929,False
7019,0.0012714676458001253,205,1.470960626951078,False
7020,0.0005395984643151751,87,1.8041770006048268,False
7021,0.0008497125242664252,137,1.488715770470835,False
7022,0.0004589688087278501,74,1.0752765939042375,False
7023,0.006481383852981126,1045,1.477090253442098,False
7024,3.101140599512501e-05,5,1.2125718593597412,False
7025,0.005687491859505926,917,1.069812722658513,False
7026,0.0018420775161104254,297,2.3744922519131544,False
7027,0.0009489490234508252,153,3.6367823430915283,False
7028,0.0037399755630120757,603,1.5971122863478526,False
7029,0.0029584881319349257,477,0.9374496871820286,False
7030,0.0003597323095434501,58,7.253278793959782,False
7031,0.0008435102430674002,136,2.6347551152986637,False
7032,0.0006078235575044501,98,1.3974409066900915,False
7033,0.003671750469822801,592,1.492888045874802,False
7034,0.0022514280752460756,363,0.9137747422394346,False
7035,0.0015133566125621004,244,5.324959987499675,False
7036,0.009235196705348227,1489,2.7445512247053547,False
7037,0.0005644075891112751,91,2.756323386024643,False
7038,0.0006264304011015251,101,2.0284751559248066,False
7039,0.00024188896676197505,39,1.3448186837709868,False
7040,0.00016125931117465003,26,1.1201226986371553,False
7041,0.003932246280181851,634,1.3067286040880703,False
7042,0.0020653596392753255,333,0.9315688159014728,False
7043,0.00020467527956782505,33,2.9644874514955464,False
7044,0.010283382227983452,1658,0.9034711845821293,False
7045,0.008745216490625252,1410,0.7775413912238804,False
7046,0.0011164106158245003,180,1.1136739128165776,False
7047,0.0004341596839317501,70,5.245027915069035,False
7048,0.0024933170420080504,402,1.0808178898113876,False
7049,7.442737438830002e-05,12,1.1931029458840687,False
7050,0.007188443909669977,1159,1.1333592458466604,False
7051,0.0007256669002859252,117,1.616112003978501,False
7052,0.0025367330104012257,409,1.7424817621562183,False
7053,0.0009799604294459501,158,1.0358693629880495,False
7054,0.0012404562398050003,200,1.3738462269306182,False
7055,0.0021707984196587503,350,1.3881340054103306,False
7056,0.0031755679739008005,512,1.5325596644543111,False
7057,0.0026731831967797756,431,2.122731168972644,False
7058,0.00017986615477172505,29,1.1765546387639538,False
7059,0.003063926912318351,494,3.683642528317718,False
7060,0.00017366387357270005,28,6.388881406613758,False
7061,6.202281199025001e-06,1,2.1898937225341797,False
7062,0.002989499537930051,482,1.1167222414768583,False
7063,0.0020529550768772753,331,1.7406800823269293,False
7064,0.0010357809602371752,167,1.4408568879087529,False
7065,0.0014079178321786752,227,1.6669342801434353,False
7066,0.00027290037275710005,44,11.336172903125936,False
7067,0.0029646904131339505,478,1.3959911498065773,False
7068,0.0026111603847895257,421,1.3596037368593192,False
7069,0.0011164106158245003,180,14.815079501602385,False
7070,0.0026421717907846505,426,0.9437901162205727,False
7071,0.0006450372446986001,104,2.6765477737555137,False
7072,0.0005582053079122502,90,1.4416343278355068,False
7073,0.0021087756076685004,340,2.159053236246109,False
7074,0.0004403619651307751,71,1.4290033310232029,False
7075,0.0011474220218196253,185,2.0049651274809968,False
7076,0.0016622113613387003,268,1.4487875788959104,False
7077,0.0032437930670900757,523,0.9286502679492957,False
7078,0.0003101140599512501,50,5.322912821769714,False
7079,0.003460872909055951,558,1.4312163305111683,False
7080,0.0024436987924158506,394,1.788934779651274,False
7081,0.0010729946474313252,173,1.2994212380723458,False
7082,0.0037585824066091508,606,1.856452203819854,False
7083,0.00016746159237367503,27,1.9525232756579365,False
7084,0.0003411254659463751,55,2.0293624942952935,False
7085,0.003988066810973076,643,1.4083283277544227,False
7086,0.0009551513046498502,154,1.2009253045181176,False
7087,0.006735677382141152,1086,1.2213876699654875,False
7088,0.0026855877591778258,433,2.2625692534942274,False
7089,0.0017180318921299253,277,1.2802130414260424,False
7090,0.0020653596392753255,333,1.0997935032343362,False
7091,0.0004589688087278501,74,5.72372175390656,False
7092,0.0017118296109309005,276,1.323920852896096,False
7093,0.00016125931117465003,26,8.821771754668308,False
7094,0.0009737581482469252,157,6.993040161527646,False
7095,0.0023134508872363255,373,0.915934623406336,False
7096,0.00014265246757757502,23,3.716725468635559,False
7097,0.0019971345460860503,322,1.4619032077907776,False
7098,0.007852087997965652,1266,0.8560179503984737,False
7099,0.016907418548542153,2726,0.9351914112653613,False
7100,0.0028902630387456505,466,1.8343865927708507,False
7101,0.00016125931117465003,26,1.2545283345075755,False
7102,0.010531473475944452,1698,0.7876887169827842,False
7103,0.003932246280181851,634,0.9256320902225723,False
7104,0.0036469413450267007,588,0.9237702395640263,False
7105,0.003833009780997451,618,1.1266321889019322,False
7106,0.007256669002859251,1170,0.7594999794267182,False
7107,3.101140599512501e-05,5,2.738888955116272,False
7108,0.04745985573493931,7652,0.5965055425754094,False
7109,0.0015443680185572254,249,1.3434811816158065,False
7110,0.0022204166692509505,358,1.183908289371256,False
7111,0.0004899802147229751,79,1.5754326068902318,False
7112,0.0021707984196587503,350,2.1049246658597673,False
7113,0.0027662174147651507,446,1.5713669804714185,False
7114,4.341596839317501e-05,7,1.0995766946247645,False
7115,0.0017986615477172505,290,1.638497661311051,False
7116,0.004397417370108726,709,1.929073523062745,False
7117,0.003293411316682276,531,0.8052309744775632,False
7118,0.004533867556487276,731,1.2555927718223854,False
7119,0.0019909322648870255,321,1.6097616053815942,False
7120,2.4809124796100004e-05,4,2.1622800827026367,False
7121,0.0005892167139073751,95,1.6742171024021348,False
7122,0.0053339618311615015,860,1.088327944555948,False
7123,0.005650278172311776,911,1.5021482754486453,False
7124,0.012584428552821728,2029,0.7444360882499172,False
7125,0.0021707984196587503,350,1.6841208260399954,False
7126,0.003541502564643276,571,9.514790067739536,False
7127,0.004093505591356501,660,1.8042950066653165,False
7128,0.004229955777735051,682,1.2594636133339399,False
7129,0.0021335847324646007,344,1.221008847619212,False
7130,0.0012900744893972003,208,1.4258361963125377,False
7131,0.0062518994486172015,1008,0.8621649731482778,False
7132,0.003411254659463751,550,0.7359306127374823,False
7133,0.0017056273297318754,275,1.267807070125233,False
7134,0.0004403619651307751,71,1.3319860612842398,False
7135,0.0031383542867066505,506,2.7070803380766404,False
7136,0.0017304364545279755,279,1.5655987754090286,False
7137,0.0024623056360129256,397,1.4323840480607464,False
7138,0.00021087756076685005,34,1.3440954404718735,False
7139,9.303421798537502e-05,15,1.4785043954849244,False
7140,0.004254764902531151,686,0.84413741698418,False
7141,0.0021335847324646007,344,2.6340697594853335,False
7142,0.0012342539586059752,199,1.1524010992529403,False
7143,0.0018606843597075004,300,1.0771123711268107,False
7144,7.442737438830002e-05,12,1.9502744774023693,False
7145,0.00016746159237367503,27,2.9120321450410067,False
7146,0.0015009520501640503,242,1.0637230050465292,False
7147,0.00030391177875222506,49,5.4470093152960954,False
7148,0.0011722311466157253,189,7.576253368110253,False
7149,0.002741408289969051,442,1.1704241242344025,False
7150,0.0018792912033045754,303,1.3265983845927927,False
7151,0.0052967481439673515,854,1.1729033021234516,False
7152,0.0015319634561591754,247,1.2768963435400835,False
7153,0.0022142143880519256,357,0.9172302040399289,False
7154,0.0021211801700665505,342,1.1034213109323157,False
7155,0.005420793767947851,874,1.1273539958338443,False
7156,0.0034980865962501006,564,0.7363397278261523,False
7157,0.00019847299836880003,32,4.297306843101978,False
7158,0.003405052378264726,549,1.721291890344116,False
7159,0.0014017155509796504,226,1.429582456571866,False
7160,4.961824959220001e-05,8,1.3525913059711456,False
7161,0.007889301685159802,1272,1.2840489726396476,False
7162,0.0008124988370722751,131,1.6579390536737806,False
7163,0.004174135246943826,673,0.8157753400604225,False
7164,0.0016125931117465003,260,1.872680804362664,False
7165,0.0023382600120324254,377,1.8534892999841301,False
7166,0.0004527665275288251,73,2.8593481403507597,False
7167,0.004068696466560401,656,0.9239499917844447,False
7168,0.0013272881765913503,214,1.3125137046118762,False
7169,0.004980431802817076,803,0.9341333046054484,False
7170,0.004763351960851201,768,1.1871405968753,False
7171,0.0048005656480453514,774,0.7823534615588127,False
7172,0.0010419832414362003,168,1.0326818227767944,False
7173,0.0025801489787944006,416,1.160369139451247,False
7174,0.005191309363583926,837,0.923320453511629,False
7175,0.0013520973013874504,218,19.36525377658529,False
7176,0.0023134508872363255,373,1.6248131127523673,False
7177,0.0025243284480031755,407,0.8463398168362329,False
7178,0.003845414343395501,620,1.2296974797402658,False
7179,0.0010543878038342502,170,1.4820199138977947,False
7180,0.0020901687640714254,337,1.3547649500278054,False
7181,0.0026855877591778258,433,1.777225625157081,False
7182,0.0002977094975532001,48,9.19373805820942,False
7183,0.0016498067989406504,266,1.4388244322368078,False
7184,0.005011443208812201,808,0.8073808111176632,False
7185,0.0019165048904987254,309,2.1415549597693877,False
7186,0.015369252811183953,2478,0.7116909432161037,False
7187,0.0025615421351973255,413,1.532031984652503,False
7188,0.0021211801700665505,342,1.0962879678659272,False
7189,8.062965558732502e-05,13,1.256929636001587,False
7190,1.8606843597075006e-05,3,0.9295293092727661,False
7191,0.0010916014910284002,176,1.1201877851377835,False
7192,7.442737438830002e-05,12,1.1087801853815715,False
7193,0.003597323095434501,580,1.3106798414526315,False
7194,0.0008683193678635002,140,1.3520609830107009,False
7195,0.005892167139073751,950,1.231379112444426,False
7196,0.0009365444610527753,151,1.6955380802912428,False
7197,0.0004093505591356501,66,1.8354794672041228,False
7198,0.0016436045177416253,265,1.2302593096247258,False
7199,0.0018792912033045754,303,1.4145496454175943,False
7200,0.0021211801700665505,342,1.2388615576844466,False
7201,0.008552945773455478,1379,1.227467510992414,False
7202,0.0019723254212899504,318,1.0081449687106054,False
7203,0.0007504760250820251,121,1.9650836030313792,False
7204,0.0013334904577903754,215,1.8123641291330026,False
7205,9.923649918440002e-05,16,0.7978625893592834,False
7206,0.005799132921088376,935,1.41284658462606,False
7207,0.0012900744893972003,208,1.9059027593869429,False
7208,0.0010978037722274253,177,1.4360447946914845,False
7209,0.0005395984643151751,87,1.0579727709978477,False
7210,0.00014265246757757502,23,1.1792207852653835,False
7211,0.0006884532130917751,111,2.5301670748908243,False
7212,0.004068696466560401,656,1.4701935278206337,False
7213,0.00023568668556295006,38,4.59087022668437,False
7214,0.004093505591356501,660,3.337639717622237,False
7215,0.0004589688087278501,74,1.7041569787102777,False
7216,0.007777660623577352,1254,1.07662809598579,False
7217,0.0030701291935173757,495,1.4878601931562327,False
7218,0.0012156471150089002,196,3.2798257786400464,False
7219,0.008106381527125677,1307,1.9140899197783467,False
7220,0.0005582053079122502,90,1.717176898320516,False
7221,0.00012404562398050004,20,1.438700520992279,False
7222,0.005898369420272776,951,1.1447675127837686,False
7223,0.006351135947801601,1024,0.8731953072128817,False
7224,0.0022328212316490006,360,1.2859773410691155,False
7225,0.0021025733264694755,339,1.2585856070560693,False
7226,0.0020157413896831253,325,1.7551587324876052,False
7227,0.0,0,0.0,True
7228,0.0024561033548139008,396,1.6746363793358658,False
7229,0.0020901687640714254,337,2.6022138082662747,False
7230,0.004949420396821951,798,1.2357961982115169,False
7231,0.003622132220230601,584,0.8467051541968568,False
7232,0.0021894052632558253,353,1.3975585540360838,False
7233,0.0010419832414362003,168,2.4480298722074147,False
7234,3.721368719415001e-05,6,1.7583768367767334,False
7235,0.006748081944539202,1088,2.2692141250214157,False
7236,0.014190819383369203,2288,2.5094475194395005,False
7237,0.0052781413003702765,851,4.0685475388088745,False
7238,0.0021087756076685004,340,1.075911509289461,False
7239,6.202281199025001e-06,1,11.628572463989258,False
7240,0.02728383499451098,4399,2.501289372607832,False
7241,0.0018234706725133503,294,1.753179121990593,False
7242,0.0021521915760616753,347,3.4271442718395924,False
7243,0.0026669809155807508,430,3.377307362334673,False
7244,0.0014699406441689253,237,1.3050285552624408,False
7245,0.0031693656927017757,511,1.0472965641730918,False
7246,0.0019475162964938504,314,0.9714150557852095,False
7247,0.0029088698823427255,469,1.8274438208354307,False
7248,0.0014141201133777003,228,1.406069929139656,False
7249,0.00010543878038342502,17,2.1205524767146393,False
7250,0.0022390235128480255,361,0.8839014491215967,False
7251,0.0007628805874800752,123,1.6587690880628136,False
7252,0.0003597323095434501,58,2.268310834621561,False
7253,2.4809124796100004e-05,4,3.1256139278411865,False
7254,4.961824959220001e-05,8,3.0301764458417892,False
7255,0.003640739063827676,587,1.0701268521443745,False
7256,0.00020467527956782505,33,1.2594152147119695,False
7257,9.303421798537502e-05,15,2.0590900977452598,False
7258,5.582053079122501e-05,9,2.3711409303877087,False
7259,0.0028964653199446758,467,1.174804091198286,False
7260,0.0005954189951064002,96,7.790497994671266,False
7261,0.0003783391531405251,61,1.8564586815286854,False
7262,0.0019103026092997003,308,3.9362330258666693,False
7263,0.0005209916207181001,84,1.475874423980713,False
7264,0.0022328212316490006,360,2.025145866142379,False
7265,0.0022824394812412004,368,3.364411675411722,False
7266,8.683193678635003e-05,14,1.4229923571859087,False
7267,0.01634301095943088,2635,1.9851508631878152,False
7268,0.009483287953309227,1529,0.8010915203605936,False
7269,0.0025739466975953757,415,1.103579281611615,False
7270,0.005209916207181001,840,1.1753212417875016,False
7271,0.006865925287320677,1107,0.8995433912259991,False
7272,0.24399154008844454,39339,1.4617575050512452,False
7273,0.0009241398986547252,149,1.2516285093038675,False
7274,0.0026359695095856256,425,1.850582310732673,False
7275,0.015158375250417104,2444,0.7318705675449777,False
7276,0.00023568668556295006,38,1.172747160259046,False
7277,0.0021583938572607006,348,1.8686652813834705,False
7278,0.0017366387357270004,280,1.0877207785844802,False
7279,0.003746177844211101,604,1.2563396713986301,False
7280,0.0010171741166401002,164,5.278183285056091,False
7281,0.004316787714521401,696,2.2973219067200845,False
7282,0.0070954096916846015,1144,1.1766069821127645,False
7283,0.004354001401715551,702,0.7224362745583907,False
7284,0.0018792912033045754,303,11.57483466977727,False
7285,0.0023134508872363255,373,0.8196038183513978,False
7286,0.004037685060565276,651,0.8388636297161495,False
7287,0.0071140165352816765,1147,0.7937750213543228,False
7288,0.0006512395258976251,105,9.110952344394866,False
7289,0.00012404562398050004,20,2.9061452984809875,False
7290,0.0011412197406206002,184,2.0393619355948074,False
7291,0.0021397870136636256,345,1.2261575488076695,False
7292,0.0003287209035483251,53,1.2401992779857707,False
7293,0.003541502564643276,571,0.7460527691448633,False
7294,3.101140599512501e-05,5,5.070078659057617,False
7295,0.004924611272025851,794,2.9433137781974352,False
7296,0.1368905483436808,22071,1.2055774277540203,False
7297,0.0009737581482469252,157,1.9612616368919422,False
7298,0.0017490432981250503,282,1.6166778540780358,False
7299,0.005023847771210251,810,0.7261730882856581,False
7300,0.00025429352916002504,41,1.7552887114082896,False
7301,0.00022948440436392506,37,1.6423185709360484,False
7302,0.014519540286917529,2341,1.0816952926590115,False
7303,0.003063926912318351,494,1.176589857711483,False
7304,0.0006884532130917751,111,1.0385242990545325,False
7305,0.0012342539586059752,199,2.0770627445911045,False
7306,0.003411254659463751,550,1.422888625318354,False
7307,0.0019227071716977505,310,2.119197225955225,False
7308,0.0018730889221055505,302,2.229232819664557,False
7309,0.002760015133566126,445,0.7955011121342691,False
7310,0.02094510360910743,3377,0.9519107650291436,False
7311,0.004552474400084351,734,1.066523252131179,False
7312,0.0023258554496343757,375,1.5902184867858886,False
7313,0.00011164106158245002,18,9.248792913224962,False
7314,0.0018110661101153004,292,1.590729631381492,False
7315,0.0020219436708821506,326,3.4391439962972163,False
7316,0.0003101140599512501,50,2.1953002333641054,False
7317,0.004186539809341876,675,1.0447116721117937,False
7318,0.0036469413450267007,588,1.0175440798000412,False
7319,0.003312018160279351,534,0.9938135133700424,False
7320,0.0013707041449845254,221,1.9373954766476316,False
7321,0.0008000942746742252,129,1.513394605281741,False
7322,4.961824959220001e-05,8,1.1604957580566406,False
7323,0.0022700349188431506,366,1.9052723740619388,False
7324,0.00011164106158245002,18,1.3696344362364874,False
7325,0.0012900744893972003,208,5.3865775271103935,False
7326,8.062965558732502e-05,13,0.928516149520874,False
7327,0.0005271939019171251,85,1.1555400091059067,False
7328,0.0011102083346254752,179,1.3096885627874448,False
7329,4.961824959220001e-05,8,3.0335679799318314,False
7330,4.961824959220001e-05,8,2.0735124349594116,False
7331,0.0011784334278147502,190,4.431665044081838,False
7332,0.0007008577754898252,113,1.475447672658262,False
7333,0.0047819588044482764,771,1.0958760709304909,False
7334,0.0008311056806693502,134,1.40893706012128,False
7335,0.00010543878038342502,17,1.2004916387445785,False
7336,0.0019103026092997003,308,1.0665916653422567,False
7337,0.0014575360817708754,235,1.0171180222896818,False
7338,0.00014265246757757502,23,2.8273064157237178,False
7339,0.0022080121068529003,356,2.053959602720282,False
7340,0.0014079178321786752,227,9.28257988885636,False
7341,0.007318691814849502,1180,0.8737011598328412,False
7342,0.0043043831521233505,694,0.7693753215009266,False
7343,0.0031321520055076256,505,0.830962081002717,False
7344,0.0034546706278569257,557,1.0745308332854155,False
7345,0.0024685079172119505,398,0.8438567815713547,False
7346,0.005588255360321526,901,0.7960973606257804,False
7347,0.00021087756076685005,34,1.30647011013592,False
7348,0.0031507588491047006,508,1.477089120177772,False
7349,0.005458007455142001,880,1.454842380231077,False
7350,0.0021211801700665505,342,1.129857867781879,False
7351,0.0002666980915580751,43,1.8504282735114874,False
7352,0.0025863512599934254,417,6.348808516701348,False
7353,0.006010010481855226,969,4.699674794794483,False
7354,2.4809124796100004e-05,4,0.540095865726471,False
7355,0.0007504760250820251,121,4.912490132426427,False
7356,0.0023196531684353504,374,1.1357791232552759,False
7357,6.202281199025001e-06,1,3.708695411682129,False
7358,0.0006574418070966502,106,2.0361943897211328,False
7359,0.014978509095645378,2415,0.8116811294239747,False
7360,0.00021707984196587504,35,2.283899245943342,False
7361,0.0003845414343395501,62,14.264233096953362,False
7362,0.058301443270835016,9400,1.1565932708090925,False
7363,0.0020777642016733757,335,1.5594074021524458,False
7364,0.003578716251837426,577,1.0060454261984735,False
7365,0.0005271939019171251,85,4.977343155356015,False
7366,0.018991385031414555,3062,0.8082727523195752,False
7367,0.0002977094975532001,48,3.4442193135619164,False
7368,0.0010853992098293751,175,1.0062916707992553,False
7369,0.0016436045177416253,265,0.8825109814697841,False
7370,0.006512395258976252,1050,0.933490845816476,False
7371,0.0038206052185994007,616,2.285604271215278,False
7372,0.014128796571378954,2278,0.9583026326676017,False
7373,0.0028468470703524756,459,2.245928891344008,False
7374,0.0016498067989406504,266,1.0857549341101396,False
7375,0.013124027017136903,2116,1.6328777351992343,False
7376,0.0024126873864207254,389,1.587924470325362,False
7377,0.006828711600126527,1101,0.9118537556356349,False
7378,0.0009923649918440003,160,1.4735216245055198,False
7379,0.00014265246757757502,23,2.8151400400244673,False
7380,0.0010853992098293751,175,5.718306947435652,False
7381,0.0015939862681494253,257,0.8564901092173061,False
7382,5.582053079122501e-05,9,18.230156156751846,False
7383,0.0026545763531827006,428,1.3289422186735635,False
7384,0.0003411254659463751,55,1.4117843194441362,False
7385,0.0029770949755320007,480,2.66239966104428,False
7386,0.003696559594618901,596,0.8998692915743629,False
7387,0.0023258554496343757,375,1.9438460241953532,False
7388,0.00019227071716977504,31,0.9611605636535152,False
7389,0.0010109718354410753,163,1.2381075291545844,False
7390,0.0036283345014296257,585,0.8810775365584936,False
7391,0.0026235649471875754,423,1.8270679636204497,False
7392,0.0014079178321786752,227,1.207108137366005,False
7393,0.0004651710899268751,75,2.4105850585301716,False
7394,6.202281199025002e-05,10,1.2049662351608277,False
7395,0.00017986615477172505,29,7.040956817824265,False
7396,0.005309152706365401,856,1.6714229600451818,False
7397,5.582053079122501e-05,9,1.6583509312735663,False
7398,0.0009551513046498502,154,1.0047016809513043,False
7399,0.0022762372000421755,367,1.008697188842524,False
7400,3.721368719415001e-05,6,0.9581339359283447,False
7401,0.0007566783062810502,122,6.027190305170466,False
7402,0.008943689488994051,1442,1.4702042832288598,False
7403,0.0009179376174557002,148,4.86573590620144,False
7404,0.0024436987924158506,394,1.2658379791956869,False
7405,0.0007938919934752001,128,13.767372608184814,False
7406,0.0021459892948626504,346,1.1391843081898771,False
7407,0.0016063908305474753,259,4.238996713778227,False
7408,0.0002480912479610001,40,1.7147320300340652,False
7409,0.003783391531405251,610,1.3774505157939723,False
7410,0.005557243954326402,896,1.5551772426281656,False
7411,0.00019847299836880003,32,8.976999800652266,False
7412,0.0002666980915580751,43,4.684442952621815,False
7413,0.0018420775161104254,297,2.1363759538541336,False
7414,0.0012280516774069504,198,1.5684762940262302,False
7415,0.0025367330104012257,409,0.8789960816320406,False
7416,0.0015505702997562505,250,1.3981838865280152,False
7417,0.008540541211057427,1377,1.0791962235062211,False
7418,0.010531473475944452,1698,1.7511212042279463,False
7419,0.0021521915760616753,347,3.506480965559352,False
7420,0.0003411254659463751,55,2.2624023177407007,False
7421,0.17577885146156758,28341,1.0772915441699416,False
7422,0.0004465642463298001,72,1.7405598395400577,False
7423,0.0004217551215337001,68,4.885518401861191,False
7424,0.0019723254212899504,318,1.124173861629558,False
7425,0.0004403619651307751,71,5.932608409666679,False
7426,0.00022948440436392506,37,3.842591730323998,False
7427,0.006220888042622077,1003,0.7356045567026642,False
7428,0.0022266189504499753,359,1.1077216800540934,False
7429,0.0023258554496343757,375,0.9570229949951172,False
7430,0.008534338929858403,1376,1.154402073039565,False
7431,0.004310585433322376,695,2.21537658739433,False
7432,0.010295786790381503,1660,2.3589666435517462,False
7433,0.0002666980915580751,43,1.1156055566876433,False
7434,0.0018296729537123754,295,1.5182188304804138,False
7435,0.0020033368272850756,323,1.288113742789986,False
7436,0.0006388349634995752,103,1.7780814101395097,False
7437,0.003144556567905676,507,0.9338515947556355,False
7438,0.00032251862234930007,52,1.4365877279868493,False
7439,0.0015257611749601504,246,1.1596516109094388,False
7440,0.00010543878038342502,17,1.5476672929875992,False
7441,0.0017862569853192003,288,0.9699084311723709,False
7442,0.04109631522473966,6626,1.1854532174462464,False
7443,0.005321557268763451,858,1.205820716066516,False
7444,0.0027848242583622257,449,1.1939441276286917,False
7445,0.0003783391531405251,61,9.737625593044719,False
7446,0.008881666677003802,1432,1.8310318860594788,False
7447,0.00023568668556295006,38,10.228908287851434,False
7448,0.0028034311019593007,452,1.7021256919983214,False
7449,0.0023258554496343757,375,1.954782012939453,False
7450,0.0008621170866644752,139,1.2191331086398887,False
7451,0.0011536243030186503,186,1.2963772563524143,False
7452,0.006717070538544077,1083,0.8846680509306607,False
7453,0.00028530493515515004,46,7.541230948075004,False
7454,0.07800609064013744,12577,1.3292319634537577,False
7455,0.0019599208588919003,316,1.3918372860437707,False
7456,0.00027290037275710005,44,17.48361603509296,False
7457,0.015840626182309855,2554,1.4546084159411952,False
7458,4.961824959220001e-05,8,2.220317229628563,False
7459,0.0020777642016733757,335,1.4114162480653223,False
7460,0.007293882690053401,1176,0.829386812489049,False
7461,0.0002480912479610001,40,9.431993055343629,False
7462,0.01958060174532193,3157,0.8454542670553532,False
7463,0.005532434829530301,892,1.0857419566723263,False
7464,0.0006326326823005501,102,1.883857804186204,False
7465,0.0020591573580763006,332,5.318683001291321,False
7466,0.0020529550768772753,331,5.182052582772477,False
7467,4.341596839317501e-05,7,1.8227718217032296,False
7468,0.0008931284926596002,144,0.8924337608946694,False
7469,0.0022452257940470503,362,1.6826474580975528,False
7470,0.00011784334278147503,19,1.9516792109138088,False
7471,0.0019537185776928754,315,1.9219168186187745,False
7472,0.0025367330104012257,409,1.3535455887941392,False
7473,0.0016622113613387003,268,5.874326421253717,False
7474,0.0033802432534686257,545,1.1412600976611496,False
7475,0.0022948440436392505,370,1.100980198061144,False
7476,0.0005395984643151751,87,3.771137433490534,False
7477,0.03434823328020046,5538,1.151313084650229,False
7478,0.0033988500970657007,548,1.6661811101175572,False
7479,0.005216118488380026,841,1.0003603662803822,False
7480,0.003467075190254976,559,1.014780420736678,False
7481,0.007318691814849502,1180,0.9508759399591866,False
7482,0.0008621170866644752,139,2.949272801550172,False
7483,0.005476614298739076,883,3.4997401053881187,False
7484,0.0013893109885816004,224,1.751636105988707,False
7485,0.00016746159237367503,27,0.9298849635654025,False
7486,0.0025305307292022004,408,1.222176881981831,False
7487,0.0066364408829567515,1070,0.6894811175693976,False
7488,0.0025491375727992754,411,1.7219560894652874,False
7489,0.003671750469822801,592,0.7532990421797778,False
7490,0.0022948440436392505,370,1.636536145210266,False
7491,0.0007442737438830002,120,3.39467917184035,False
7492,0.006344933666602577,1023,0.8380544341787448,False
7493,0.0015071543313630753,243,1.337861779295368,False
7494,0.0025057216044061005,404,1.341994295615961,False
7495,0.0070395891608933765,1135,1.6385099229308477,False
7496,0.0009179376174557002,148,1.5338332040889844,False
7497,0.0007442737438830002,120,5.640195063749949,False
7498,0.0012404562398050003,200,1.9869721555709838,False
7499,0.00021707984196587504,35,1.400265748160226,False
7500,0.0022824394812412004,368,1.7756848011327826,False
7501,0.0007814874310771502,126,9.814664764063698,False
7502,0.0003287209035483251,53,1.543973760784797,False
7503,0.0034980865962501006,564,1.2727159056680422,False
7504,0.0025119238856051254,405,1.6225178218182221,False
7505,0.0024312942300178005,392,1.1071640167917525,False
7506,0.004571081243681426,737,1.1244863616239427,False
7507,3.721368719415001e-05,6,1.5231711864471436,False
7508,0.0007132623378878751,115,1.5863770795905072,False
7509,0.003907437155385751,630,1.8063335570078047,False
7510,0.0011288151782225502,182,1.1361371219813168,False
7511,0.004614497212074601,744,1.33242953144094,False
7512,0.005873560295476676,947,0.7920320273200965,False
7513,0.014773833816077553,2382,1.403138322954314,False
7514,0.007194646190869002,1160,0.9029500237826643,False
7515,0.0019165048904987254,309,6.269026820713648,False
7516,0.004347799120516526,701,1.29879378796304,False
7517,0.0007814874310771502,126,1.346552048410688,False
7518,0.0002666980915580751,43,1.8606559953024222,False
7519,0.00017986615477172505,29,1.7210148367388496,False
7520,0.0012156471150089002,196,0.9678241318585922,False
7521,0.007721840092786127,1245,2.609170869268088,False
7522,0.0007318691814849501,118,2.3714740397566456,False
7523,0.0023320577308334005,376,1.1942406842049131,False
7524,0.004540069837686301,732,1.0327282697776627,False
7525,0.0033430295662744756,539,1.3731509018032804,False
7526,0.0011536243030186503,186,1.3270519260437257,False
7527,0.0052409276131761265,845,6.700361409554115,False
7528,1.2404562398050002e-05,2,0.5772229433059692,False
7529,0.003485682033852051,562,1.2862826517892478,False
7530,0.0003721368719415001,60,1.713232199350993,False
7531,0.0018172683913143255,293,1.5548693014900026,False
7532,0.004087303310157476,659,2.0769284996168746,False
7533,3.101140599512501e-05,5,1.635797929763794,False
7534,0.0015815817057513754,255,1.2520654958837172,False
7535,0.003063926912318351,494,3.6317684780730892,False
7536,0.0037027618758179257,597,0.9431399803864496,False
7537,0.0022638326376441253,365,2.7843841660512636,False
7538,0.0012466585210040252,201,1.065871780784569,False
7539,0.006996173192500201,1128,0.7920189657321213,False
7540,0.006537204383772351,1054,2.8237320085178066,False
7541,0.0016932227673338255,273,1.2029824003631815,False
7542,0.0005954189951064002,96,1.909162126481533,False
7543,0.0022700349188431506,366,9.865223904450735,False
7544,0.0008062965558732502,130,1.4657305442369901,False
7545,0.0013893109885816004,224,1.1113009128187383,False
7546,0.0018110661101153004,292,1.3584454157581067,False
7547,0.003026713225124201,488,1.1503643559627845,False
7548,0.0028034311019593007,452,2.0084222866370616,False
7549,0.0004093505591356501,66,1.6924366427190376,False
7550,0.0004031482779366251,65,9.428678971070509,False
7551,0.0006698463694947001,108,1.2198794550365872,False
7552,0.0005706098703103001,92,1.978031135123709,False
7553,0.0023320577308334005,376,1.3931197346524988,False
7554,0.0010916014910284002,176,1.8420953222296454,False
7555,7.442737438830002e-05,12,3.0137040615081787,False
7556,0.0007070600566888501,114,6.396923408173678,False
7557,0.0021025733264694755,339,1.8166328046174176,False
7558,0.0002977094975532001,48,10.446575924754143,False
7559,0.003405052378264726,549,0.8804022449396129,False
7560,0.00028530493515515004,46,1.1521076741425886,False
7561,0.0027476105711680757,443,1.479931351024464,False
7562,0.0017366387357270004,280,1.06262440936906,False
7563,0.0006140258387034752,99,4.655958954734031,False
7564,0.002989499537930051,482,2.463332439853937,False
7565,0.003882628030589651,626,0.7115741164539569,False
7566,1.8606843597075006e-05,3,1.4488223791122437,False
7567,0.0022142143880519256,357,1.984085081004295,False
7568,0.00018606843597075004,30,8.848586479822794,False
7569,0.004167932965744801,672,1.9460712706758863,False
7570,7.442737438830002e-05,12,4.178528388341268,False
7571,0.0014327269569747753,231,1.386568419861071,False
7572,0.02893364179345163,4665,1.0213159951621953,False
7573,0.0003721368719415001,60,2.946894170840581,False
7574,0.007802469748373452,1258,1.1815501805898305,False
7575,0.0009489490234508252,153,0.9594497306674135,False
7576,3.721368719415001e-05,6,0.6067519982655843,False
7577,0.0011784334278147502,190,1.4638743394299558,False
7578,0.053066717938857914,8556,1.0623106954252681,False
7579,0.0008124988370722751,131,1.5204538025018823,False
7580,0.00024188896676197505,39,1.9068599052918263,False
7581,0.0026793854779788005,432,1.9530037796055828,False
7582,0.005687491859505926,917,0.9266882603145088,False
7583,0.002760015133566126,445,1.6371837498096937,False
7584,0.0026421717907846505,426,1.789502697931209,False
7585,7.442737438830002e-05,12,1.8039175271987915,False
7586,0.0018544820785084755,299,3.8464606513945157,False
7587,0.0011660288654167003,188,1.587297464938874,False
7588,0.0005768121515093252,93,1.1410245151929959,False
7589,0.004397417370108726,709,0.805561469875707,False
7590,0.007225657596864127,1165,0.7416900847602812,False
7591,0.024939372701279532,4021,0.9756757161772035,False
7592,0.0009737581482469252,157,1.7217379937506025,False
7593,0.0022576303564451005,364,1.6563397911223736,False
7594,0.01600808777468353,2581,0.918326218615018,False
7595,0.0004403619651307751,71,1.1543947038516191,False
7596,0.011554849873783577,1863,0.8379602079038266,False
7597,0.00023568668556295006,38,1.9357615960271735,False
7598,9.923649918440002e-05,16,1.2919752299785614,False
7599,0.003274804473085201,528,2.7481831341530336,False
7600,0.005073466020802451,818,1.3863898734300235,False
7601,0.012206089399681203,1968,1.055375785968168,False
7602,8.062965558732502e-05,13,2.2008578043717604,False
7603,0.0017986615477172505,290,2.1786297699500774,False
7604,0.0015319634561591754,247,1.3691565845659388,False
7605,0.004546272118885326,733,1.033450264559924,False
7606,0.00010543878038342502,17,1.6006386350182926,False
7607,0.0010667923662323003,172,1.5952068165291187,False
7608,0.0012218493962079253,197,1.2755040450749664,False
7609,0.0032623999106871507,526,1.1194762059490944,False
7610,0.01665312501938213,2685,1.2743332978289443,False
7611,0.0020901687640714254,337,1.6637742763457029,False
7612,0.0014079178321786752,227,3.689236784821565,False
7613,0.0021149778888675257,341,0.8598229224381209,False
7614,0.0011474220218196253,185,1.189034139143454,False
7615,0.006096842418641576,983,2.8029998258317113,False
7616,0.0004217551215337001,68,1.2774026183521046,False
7617,0.003727571000614026,601,0.9952111617102599,False
7618,0.0021335847324646007,344,1.4636526922153872,False
7619,0.002778621977163201,448,0.9486427504037108,False
7620,0.0029646904131339505,478,1.011144997185743,False
7621,0.0034732774714540007,560,3.8914769242916787,False
7622,0.0038578189057935507,622,0.8630017850943317,False
7623,0.0021894052632558253,353,1.6403189205245323,False
7624,0.0022576303564451005,364,1.437588027872882,False
7625,0.0021770007008577756,351,1.5142025580772986,False
7626,0.0020219436708821506,326,1.8412586399382609,False
7627,4.341596839317501e-05,7,1.2490950652531214,False
7628,0.0010419832414362003,168,1.7443469010648274,False
7629,0.00018606843597075004,30,1.8404341737429302,False
7630,0.0020777642016733757,335,1.7440632677789945,False
7631,0.00011164106158245002,18,1.9382316801283095,False
7632,0.0020529550768772753,331,1.9082611820849047,False
7633,3.721368719415001e-05,6,1.3987247546513875,False
7634,0.02309109290397008,3723,1.016679036819003,False
7635,0.0019847299836880006,320,2.2159422233700754,False
7636,0.003677952751021826,593,1.4599462645049843,False
7637,0.0012900744893972003,208,0.8713244423270226,False
7638,0.003677952751021826,593,1.2772546333165031,False
7639,0.0015939862681494253,257,0.8863551310528113,False
7640,0.0032872090354832506,530,0.822134245566602,False
7641,0.004775756523249251,770,0.8479262948036194,False
7642,0.00030391177875222506,49,10.943787689111671,False
7643,0.0006698463694947001,108,6.615080409579807,False
7644,0.0009737581482469252,157,3.985477774006546,False
7645,0.0021149778888675257,341,2.2709352991098535,False
7646,0.012379753273253902,1996,0.8195974248683524,False
7647,0.006115449262238651,986,1.2360490544814366,False
7648,0.003727571000614026,601,0.8590323260540573,False
7649,0.0010419832414362003,168,7.809036172571636,False
7650,0.25155832315125504,40559,1.287875445290734,False
7651,0.0007442737438830002,120,1.8593898753325144,False
7652,0.0006264304011015251,101,2.3934871489458747,False
7653,0.006276708573413301,1012,0.8288063833364856,False
7654,0.004651710899268751,750,0.9720948905944824,False
7655,0.0005520030267132251,89,1.7768777019522164,False
7656,0.0029584881319349257,477,3.207722593903292,False
7657,0.0011846357090137753,191,0.8628887468607638,False
7658,0.002797228820760276,451,0.8784103684309053,False
7659,0.008273843119499353,1334,2.0551985250241396,False
7660,0.0005209916207181001,84,1.6507542644228255,False
7661,0.0026483740719836757,427,1.7918310852184787,False
7662,0.0012590630834020753,203,1.1476563138914813,False
7663,0.007083005129286552,1142,2.7257445660238715,False
7664,0.0006264304011015251,101,1.8853371202355564,False
7665,0.0004713733711259001,76,4.565628870537407,False
7666,0.0011598265842176752,187,1.3152424281931179,False
7667,0.0008497125242664252,137,3.5830997829019586,False
7668,0.0011102083346254752,179,4.4492181759306835,False
7669,0.00027290037275710005,44,1.6491617966781964,False
7670,0.0023754736992265754,383,1.905565592078565,False
7671,0.0023258554496343757,375,2.2191055564880373,False
7672,0.0020405505144792256,329,1.737432626605396,False
7673,0.0023444622932314507,378,2.031887695272133,False
7674,0.00026049581035905006,42,1.552361772173927,False
7675,0.0028158356643573504,454,1.1201539144642028,False
7676,0.007064398285689477,1139,1.112791830243721,False
7677,0.0007690828686791001,124,1.9250441491603851,False
7678,0.00022948440436392506,37,0.9525699164416339,False
7679,0.008645979991440851,1394,0.9698466324224705,False
7680,0.0004713733711259001,76,2.2698287556045935,False
7681,0.0028778584763476008,464,1.2964121380756641,False
7682,0.0012962767705962254,209,5.509967616870643,False
7683,0.004558676681283376,735,1.0870089942906178,False
7684,0.008273843119499353,1334,1.0884111474478977,False
7685,0.0010233763978391252,165,3.9080722100806957,False
7686,0.00021707984196587504,35,1.0602237939834596,False
7687,0.0013086813329942753,211,1.3980553839443983,False
7688,0.013427938795889128,2165,0.7248957151628806,False
7689,0.0022390235128480255,361,1.5308387480944479,False
7690,0.0021956075444548506,354,0.8783245281984577,False
7691,0.004043887341764301,652,0.9544529044555009,False
7692,0.0028220379455563757,455,1.777236242870708,False
7693,0.05601900378959381,9032,0.755870702522217,False
7694,0.0019847299836880006,320,2.4532491523772477,False
7695,0.014618776786101928,2357,2.007162318171006,False
7696,0.004577283524880451,738,1.7170229177810958,False
7697,0.0007752851498781252,125,4.401075856208801,False
7698,0.0006388349634995752,103,1.7530745626653281,False
7699,0.0004899802147229751,79,0.8912657227697252,False
7700,0.0005830144327083501,94,1.2926717692233147,False
7701,0.0075543785004124515,1218,0.7849403641298291,False
7702,7.442737438830002e-05,12,1.0405496060848236,False
7703,7.442737438830002e-05,12,2.7278083165486655,False
7704,0.0005023847771210251,81,9.491191390119953,False
7705,0.0005954189951064002,96,5.5437567482392,False
7706,0.0015381657373582003,248,1.7115890792300623,False
7707,0.0008249033994703252,133,8.444828248561773,False
7708,0.00011784334278147503,19,1.4180306698146619,False
7709,0.0006698463694947001,108,4.084926456212997,False
7710,0.009830615700454627,1585,0.7395286704463537,False
7711,0.0006574418070966502,106,7.505674401544175,False
7712,0.005637873609913726,909,0.9928616050577531,False
7713,0.0011164106158245003,180,1.5492140074570975,False
7714,4.341596839317501e-05,7,2.2293201174054826,False
7715,0.00016746159237367503,27,5.020835134718153,False
7716,0.0017614478605231004,284,7.746117635512016,False
7717,0.0017056273297318754,275,2.384172022559426,False
7718,0.00013645018637855003,22,1.5142931775613264,False
7719,0.0062705062922142766,1011,0.7573929738573929,False
7720,0.0006388349634995752,103,6.886626697281032,False
7721,0.012615439958816853,2034,0.9663273652863479,False
7722,0.003367838691070576,543,1.4938915410314038,False
7723,0.0020033368272850756,323,1.5133075057168495,False
7724,0.00035353002834442507,57,9.499722121054667,False
7725,0.006028617325452301,972,0.7305397555661299,False
7726,0.01997754774205953,3221,0.8979074656685773,False
7727,0.0019041003281006755,307,0.9006168586035116,False
7728,0.0020839664828724005,336,2.1145109385252,False
7729,0.0027290037275710007,440,1.119447520646182,False
7730,0.02575807381955083,4153,1.5898319724781267,False
7731,0.0009613535858488752,155,10.435876766327889,False
7732,0.0011412197406206002,184,1.0016760404991067,False
7733,0.006741879663340176,1087,0.8651102041035699,False
7734,0.0004899802147229751,79,1.7887784137001521,False
7735,0.0016125931117465003,260,1.9581476628780365,False
7736,0.0007008577754898252,113,8.364941746787688,False
7737,0.0004899802147229751,79,1.2536647712128073,False
7738,0.0013582995825864753,219,1.7753714649644616,False
7739,0.00011164106158245002,18,0.7281215654479133,False
7740,0.004465642463298001,720,5.585940157042609,False
7741,0.0022948440436392505,370,1.5315705560349129,False
7742,0.0020653596392753255,333,1.962239540017045,False
7743,0.0019537185776928754,315,1.5941262990709335,False
7744,0.05164019326308216,8326,0.9889056892770717,False
7745,0.0007566783062810502,122,7.327738469741384,False
7746,0.009973268168032201,1608,1.8956079907085173,False
7747,0.00012404562398050004,20,1.6069525957107544,False
7748,5.582053079122501e-05,9,1.3642003536224365,False
7749,0.00017366387357270005,28,1.5304680040904455,False
7750,0.0006822509318927502,110,1.6850455609234896,False
7751,0.0027352060087700255,441,0.9128711218195978,False
7752,0.00024188896676197505,39,12.731311697226305,False
7753,0.0011660288654167003,188,0.920506977020426,False
7754,0.0005830144327083501,94,2.0909498410022005,False
7755,0.0005147893395190752,83,11.559978059975498,False
7756,0.00030391177875222506,49,3.2377155678612843,False
7757,0.00011784334278147503,19,0.8390603316457648,False
7758,0.0018358752349114005,296,1.4569237055005253,False
7759,9.303421798537502e-05,15,1.405578621228536,False
7760,0.020479932519180555,3302,0.6772082136444147,False
7761,0.0022018098256538754,355,1.645679255606423,False
7762,0.0020715619204743504,334,2.847428251169399,False
7763,0.0015691771433533252,253,2.1184005897506895,False
7764,0.0014203223945767254,229,1.4471846324387596,False
7765,0.003622132220230601,584,1.1758439018301767,False
7766,0.0023940805428236504,386,1.888252353421147,False
7767,0.0006202281199025002,100,1.4357557129859924,False
7768,2.4809124796100004e-05,4,2.0399696826934814,False
7769,0.0017676501417221253,285,0.9928956324594063,False
7770,0.0018606843597075004,300,1.0617340771357218,False
7771,0.0029832972567310255,481,0.9783932255608129,False
7772,0.0016063908305474753,259,1.6913286268020689,False
7773,0.0012218493962079253,197,5.086536460721553,False
7774,0.0005892167139073751,95,3.1986393075240285,False
7775,0.0034794797526530256,561,1.386127123858202,False
7776,0.015884042150703027,2561,1.1490657527853576,False
7777,0.003882628030589651,626,1.1514016469827475,False
7778,5.582053079122501e-05,9,3.184867514504327,False
7779,0.0005395984643151751,87,9.404671648453022,False
7780,0.00016746159237367503,27,2.0084324766088417,False
7781,0.00018606843597075004,30,2.321932792663574,False
7782,0.0021832029820568004,352,1.6354261010207913,False
7783,0.0005333961831161502,86,2.176332950592041,False
7784,0.0008931284926596002,144,4.531233463022444,False
7785,0.0023878782616246256,385,1.1573116141480284,False
7786,4.961824959220001e-05,8,2.3445917665958405,False
7787,6.822509318927501e-05,11,2.5594239885156806,False
7788,0.0014079178321786752,227,1.549181115784834,False
7789,0.0011660288654167003,188,1.5689480330081695,False
7790,0.0015009520501640503,242,1.492484272018937,False
7791,0.004298180870924326,693,0.8762745946688741,False
7792,0.0006264304011015251,101,7.008274970668377,False
7793,0.0003721368719415001,60,1.6244725624720255,False
7794,0.005147893395190751,830,3.707782164251948,False
7795,4.961824959220001e-05,8,1.4081139266490936,False
7796,0.0022700349188431506,366,1.0484024286270142,False
7797,0.0008683193678635002,140,1.2908232305731093,False
7798,0.0005395984643151751,87,2.944626769800296,False
7799,0.0004465642463298001,72,5.481501009729174,False
7800,4.341596839317501e-05,7,3.2542488064084734,False
7801,0.0019103026092997003,308,1.0851930097326057,False
7802,0.05054238949085474,8149,1.4365886332930518,False
7803,0.0004155528403346751,67,2.5275881895378456,False
7804,0.0028654539139495506,462,0.9617910601875999,False
7805,0.00017986615477172505,29,1.7461584395375744,False
7806,0.0016498067989406504,266,3.3712848738620154,False
7807,0.0021645961384597254,349,1.6953377040546056,False
7808,0.00030391177875222506,49,1.3482427694359604,False
7809,0.004025280498167226,649,0.7386149742937602,False
7810,0.02162735454100018,3487,1.2764313979240485,False
7811,0.0003783391531405251,61,1.3218349980526283,False
7812,9.923649918440002e-05,16,2.065511927008629,False
7813,2.4809124796100004e-05,4,7.317471385002136,False
7814,0.0021273824512655754,343,1.5381538221509394,False
7815,0.005489018861137126,885,0.6912142866748875,False
7816,0.003746177844211101,604,1.0483631698895763,False
7817,0.007101611972883627,1145,0.7605145933326155,False
7818,0.0022018098256538754,355,1.4210130604220108,False
7819,0.0011102083346254752,179,1.1451402975860254,False
7820,0.0013210858953923252,213,5.239939530690511,False
7821,4.341596839317501e-05,7,2.036649295261928,False
7822,0.00016125931117465003,26,2.726822839333461,False
7823,0.0010791969286303503,174,1.9260068898913505,False
7824,0.0018234706725133503,294,1.2336965920973797,False
7825,0.0032686021918861756,527,1.4502356871255662,False
7826,0.006593024914563576,1063,0.6661144285300713,False
7827,0.009731379201270228,1569,0.8753043076580235,False
7828,0.0020715619204743504,334,1.8308561173027862,False
7829,0.0036097276578325507,582,2.4121432496919666,False
7830,0.0020095391084841005,324,0.9503978604887738,False
7831,0.013917919010612102,2244,1.1921321882496119,False
7832,0.0024436987924158506,394,1.5389239999848574,False
7833,0.0010295786790381503,166,4.374224692942148,False
7834,0.00022948440436392506,37,8.579154678293177,False
7835,0.0004961824959220001,80,9.026831820607185,False
7836,0.0009179376174557002,148,1.6766987475189004,False
7837,0.0028840607575466256,465,1.6608763471726449,False
7838,1.8606843597075006e-05,3,3.403332074483236,False
7839,0.003770986969007201,608,1.281306616961956,False
7840,0.00014265246757757502,23,2.0097943544387817,False
7841,0.005464209736341027,881,1.1371491887647909,False
7842,0.0007008577754898252,113,5.053988320637593,False
7843,0.003752380125410126,605,1.184420874099101,False
7844,0.0030205109439251756,487,0.9919828484924912,False
7845,0.004788161085647301,772,0.7240220623312836,False
7846,0.0019227071716977505,310,1.3484849033817168,False
7847,0.013824884792626729,2229,0.6929238996681155,False
7848,0.004149326122147726,669,1.3291898721714903,False
7849,0.008714205084630127,1405,0.9878905102875734,False
7850,0.0010978037722274253,177,1.3382128834050928,False
7851,0.00026049581035905006,42,1.8703993871098472,False
7852,0.0021645961384597254,349,1.1009837173800756,False
7853,0.0026049581035905004,420,1.237938404083252,False
7854,0.00027290037275710005,44,2.706087824973193,False
7855,0.0014575360817708754,235,1.4622909231388823,False
7856,0.00014885474877660004,24,1.63020458817482,False
7857,0.0007504760250820251,121,1.6043370784806812,False
7858,0.0015257611749601504,246,1.0855977380178807,False
7859,0.0004961824959220001,80,1.874889874458313,False
7860,0.0028034311019593007,452,1.4346540137729813,False
7861,0.0003783391531405251,61,4.162951094205262,False
7862,0.0008869262114605752,143,7.336361883403538,False
7863,0.0022266189504499753,359,1.6963700504356107,False
7864,0.0047819588044482764,771,1.042838436774861,False
7865,0.004763351960851201,768,1.1395848202519119,False
7866,0.00036593459074247506,59,3.046161073749348,False
7867,0.0007690828686791001,124,5.116349220275879,False
7868,0.0067108682573450516,1082,0.8280053958434495,False
7869,0.011778131996948478,1899,0.8023522895784865,False
7870,0.0023196531684353504,374,1.1112231548457223,False
7871,0.00021087756076685005,34,2.449980725260342,False
7872,0.00016125931117465003,26,2.172899466294509,False
7873,0.0011164106158245003,180,1.199393223391639,False
7874,0.00017986615477172505,29,12.264564008548342,False
7875,0.0006326326823005501,102,1.1744357066995956,False
7876,0.004447035619700926,717,1.9188766798713717,False
7877,0.0018110661101153004,292,1.306139010272614,False
7878,0.008385484181081803,1352,4.743857342727791,False
7879,0.0005395984643151751,87,1.4906213584987598,False
7880,9.303421798537502e-05,15,2.3213382879892985,False
7881,0.0019909322648870255,321,1.2601882401285143,False
7882,0.0017800547041201755,287,3.1708124622650677,False
7883,0.006245697167418176,1007,1.1373252370269913,False
7884,0.008621170866644752,1390,1.5702931030191105,False
7885,0.00024188896676197505,39,1.5776473192068248,False
7886,0.014928890846053179,2407,1.854748595934663,False
7887,0.003653143626225726,589,1.2892996884363819,False
7888,0.0005830144327083501,94,1.583381103708389,False
7889,0.0013955132697806253,225,1.36555823802948,False
7890,0.007411726032834877,1195,0.7402062052962172,False
7891,0.006493788415379177,1047,1.1634582869758352,False
7892,0.0008311056806693502,134,6.452801092347102,False
7893,0.0047819588044482764,771,1.202432476283666,False
7894,0.00011784334278147503,19,11.729771526236282,False
7895,3.101140599512501e-05,5,4.690800619125366,False
7896,0.007597794468805627,1225,0.708460719828703,False
7897,0.0018730889221055505,302,2.175956934098376,False
7898,0.0060844378562435264,981,0.9397417383456449,False
7899,0.0034794797526530256,561,1.3280132494720758,False
7900,0.0007194646190869002,116,1.2338352861075566,False
7901,0.0029584881319349257,477,0.8541905265184319,False
7902,0.006531002102573327,1053,0.7274524807816783,False
7903,0.006593024914563576,1063,1.4579288194679698,False
7904,0.0027538128523671005,444,1.7306587932346102,False
7905,0.0019227071716977505,310,1.5505152217803462,False
7906,0.0002791026539561251,45,1.2450914276970757,False
7907,0.0008931284926596002,144,4.713439427316189,False
7908,0.0026049581035905004,420,1.105524331331253,False
7909,0.0022018098256538754,355,1.505396761021144,False
7910,0.0029212744447407756,471,1.006308491822261,False
7911,4.341596839317501e-05,7,5.669151544570923,False
7912,0.00015505702997562504,25,1.7747481632232667,False
7913,0.0008249033994703252,133,10.162877346339979,False
7914,0.0018544820785084755,299,2.2206550728915926,False
7915,0.007647412718397827,1233,1.3539700550657892,False
7916,0.0023816759804256007,384,1.754911129983763,False
7917,0.0003411254659463751,55,1.2186009710485286,False
7918,0.0020591573580763006,332,1.9807823070560593,False
7919,0.0052595344567732015,848,1.4845446227294095,False
7920,0.0026297672283866007,424,0.8707586032039715,False
7921,0.00031631634115027505,51,6.5702938285528445,False
7922,0.005910773982670826,953,1.6322284367752475,False
7923,0.0005520030267132251,89,1.4242233346017559,False
7924,0.0024312942300178005,392,1.8232722337148628,False
7925,0.00031631634115027505,51,2.662742212706921,False
7926,0.0005085870583200501,82,1.0526522049089757,False
7927,0.0014327269569747753,231,1.0955042890656046,False
7928,0.003833009780997451,618,1.4343827472921329,False
7929,0.0010605900850332753,171,1.3693167431312694,False
7930,0.003901234874186726,629,1.1510348028143562,False
7931,0.0004713733711259001,76,1.1844136213001453,False
7932,0.00018606843597075004,30,2.075285096963247,False
7933,0.0015133566125621004,244,1.2388030828022567,False
7934,0.010444641539158103,1684,0.7276634051510954,False
7935,0.0026297672283866007,424,3.8611936780079357,False
7936,0.06413158759791851,10340,0.8866609067935316,False
7937,0.002722801446371976,439,1.3893955313263286,False
7938,0.0004837779335239501,78,1.4931141229776235,False
7939,0.0056998964219039765,919,2.1294235581282823,False
7940,0.0035911208142354756,579,0.8259727683092029,False
7941,0.014079178321786753,2270,0.686613617279456,False
7942,0.0037399755630120757,603,0.8764573298085784,False
7943,0.00025429352916002504,41,7.927533367785012,False
7944,0.0028096333831583256,453,0.8751978963679299,False
7945,0.0002791026539561251,45,1.652127726872762,False
7946,0.0024064851052217006,388,0.8182226324204317,False
7947,0.0008993307738586252,145,1.6239657377374583,False
7948,7.442737438830002e-05,12,2.556021680434545,False
7949,0.0027290037275710007,440,1.7009243046695537,False
7950,0.00022948440436392506,37,1.8245787620544434,False
7951,0.0019723254212899504,318,2.4228891539123825,False
7952,0.0014451315193728252,233,1.3675179389413334,False
7953,0.0030019041003281005,484,0.9833182382189538,False
7954,0.0030205109439251756,487,0.9713737631725334,False
7955,0.0009365444610527753,151,4.499911628811565,False
7956,0.011790536559346528,1901,0.6527786994845788,False
7957,0.0026049581035905004,420,1.051212861992064,False
7958,0.005395984643151751,870,1.0721188413685765,False
7959,0.0071140165352816765,1147,0.8725499588193951,False
7960,0.0006512395258976251,105,4.620085216703869,False
7961,0.00016746159237367503,27,2.267298663104022,False
7962,0.00027290037275710005,44,2.528021839531985,False
7963,0.0014761429253679504,238,2.048002515019489,False
7964,0.0020901687640714254,337,1.018018461122711,False
7965,0.012553417146826602,2024,1.034496047986826,False
7966,0.0011474220218196253,185,1.0609918027310759,False
7967,0.0017676501417221253,285,1.7464988553733156,False
7968,0.0004093505591356501,66,14.33081215800661,False
7969,0.006748081944539202,1088,0.7772705511135214,False
7970,0.00016746159237367503,27,9.823491696958188,False
7971,0.008069167839931527,1301,1.323029649340126,False
7972,0.0014017155509796504,226,1.518398703727047,False
7973,0.007213253034466077,1163,0.8503335508312118,False
7974,0.18727788080455993,30195,0.9811899411636861,False
7975,0.0016249976741445503,262,0.774908188190169,False
7976,0.0031693656927017757,511,1.1830343532935514,False
7977,0.06717690766663979,10831,1.0483009381347521,False
7978,0.0015071543313630753,243,1.916855010476132,False
7979,0.0021956075444548506,354,1.9394567285553883,False
7980,0.0014513338005718503,234,1.302580381051088,False
7981,0.0007442737438830002,120,5.682335714499156,False
7982,0.0018730889221055505,302,2.2741470573753713,False
7983,0.00017366387357270005,28,8.016419044562749,False
7984,0.004695126867661926,757,1.669717628858206,False
7985,5.582053079122501e-05,9,1.4127306010988023,False
7986,0.0021521915760616753,347,1.5324303567924829,False
7987,0.003256197629488126,525,0.9842205365498861,False
7988,0.0012900744893972003,208,0.861663869367196,False
7989,0.0019785277024889753,319,2.7003785640842115,False
7990,0.0026731831967797756,431,3.399710300626998,False
7991,0.003367838691070576,543,0.8586684915461812,False
7992,0.005191309363583926,837,1.472849074800097,False
7993,0.0026731831967797756,431,1.5731643347065298,False
7994,0.00016125931117465003,26,1.56001654955057,False
7995,0.004136921559749676,667,0.7173504929492499,False
7996,0.0014389292381738004,232,1.2342107193223362,False
7997,0.0018606843597075004,300,2.0276644460360207,False
7998,0.0011040060534264502,178,1.148872147785144,False
7999,0.004136921559749676,667,0.8895446700134735,False
8000,0.00018606843597075004,30,2.0638423999150595,False
8001,0.0005458007455142001,88,11.307139870795337,False
8002,0.00022328212316490004,36,1.3583796355459425,False
8003,0.0016932227673338255,273,1.4690591153644381,False
8004,7.442737438830002e-05,12,4.303690155347188,False
8005,0.0011288151782225502,182,1.4941287846355649,False
8006,3.721368719415001e-05,6,10.154771169026693,False
8007,0.0002791026539561251,45,2.408662838406033,False
8008,0.005848751170680577,943,0.8784227750460644,False
8009,0.0021087756076685004,340,2.1098216765067157,False
8010,0.0009241398986547252,149,1.6178627270180106,False
8011,0.0023940805428236504,386,2.2629176986649866,False
8012,0.0010667923662323003,172,1.585259346074836,False
8013,0.003026713225124201,488,1.1233368760249653,False
8014,0.0002977094975532001,48,0.840649331609408,False
8015,0.0017304364545279755,279,1.0301556010400095,False
8016,0.0022390235128480255,361,1.3880937208429267,False
8017,0.0020219436708821506,326,2.8378914693381887,False
8018,0.003988066810973076,643,2.8999830693887145,False
8019,0.0012776699269991503,206,1.4605259281917684,False
8020,0.008987105457387227,1449,0.6567717763454524,False
8021,0.00011164106158245002,18,1.2602976030773587,False
8022,0.0006946554942908002,112,4.971950852445194,False
8023,0.013533377576272553,2182,0.8709590118156454,False
8024,0.0028716561951485755,463,1.5359995421786545,False
8025,0.0003411254659463751,55,1.425275154547258,False
8026,0.00017366387357270005,28,2.250206244843347,False
8027,0.00014265246757757502,23,2.0060631295909053,False
8028,8.062965558732502e-05,13,1.052523603806129,False
8029,0.0023630691368285257,381,1.2759916378757146,False
8030,0.0028654539139495506,462,4.09194806385866,False
8031,0.015915053556698155,2566,0.8946088060957328,False
8032,0.0022018098256538754,355,1.3007310061387614,False
8033,0.0022328212316490006,360,1.10999389787515,False
8034,0.0012094448338098754,195,1.5076904993790847,False
8035,0.00018606843597075004,30,1.505172061920166,False
8036,2.4809124796100004e-05,4,1.218904286623001,False
8037,0.0024747101984109753,399,1.488203585596013,False
8038,0.0021645961384597254,349,0.8679310619660299,False
8039,0.006512395258976252,1050,3.3231104857581,False
8040,0.005600659922719576,903,0.6411920644648184,False
8041,0.0014823452065669753,239,1.6236558658807347,False
8042,0.0013707041449845254,221,6.487808171440573,False
8043,0.0003101140599512501,50,1.0915206623077394,False
8044,0.0009985672730430252,161,2.071964539356113,False
8045,0.0015629748621543004,252,1.00069664962708,False
8046,0.01948136524613753,3141,0.7212165983115667,False
8047,0.0024685079172119505,398,3.4214081440738697,False
8048,0.0008993307738586252,145,1.3776737196692106,False
8049,0.0005147893395190752,83,2.6285176593137076,False
8050,0.0021956075444548506,354,1.4753678057153345,False
8051,0.00017986615477172505,29,4.739972246104274,False
8052,0.0007566783062810502,122,6.032759339105888,False
8053,3.101140599512501e-05,5,0.837270712852478,False
8054,0.003256197629488126,525,1.3985615489596412,False
8055,0.0017180318921299253,277,1.3894828484807205,False
8056,0.0011350174594215753,183,1.3020942660628771,False
8057,0.0005520030267132251,89,5.309453173969569,False
8058,0.0023816759804256007,384,1.8920420734211802,False
8059,6.202281199025002e-05,10,1.4216524839401246,False
8060,0.0053525686747585765,863,1.1591381424409903,False
8061,0.0004713733711259001,76,0.9161470438304701,False
8062,8.683193678635003e-05,14,9.795273610523768,False
8063,0.0016125931117465003,260,4.048052442532319,False
8064,0.0004279574027327251,69,2.0728434099667314,False
8065,0.004093505591356501,660,1.7748408126108575,False
8066,0.0009985672730430252,161,1.311062492939256,False
8067,0.00015505702997562504,25,8.43977264881134,False
8068,2.4809124796100004e-05,4,5.457193702459335,False
8069,0.0005023847771210251,81,1.5303332481855227,False
8070,0.007963729059548102,1284,0.7417251692382717,False
8071,0.0028592516327505257,461,0.8958467847613089,False
8072,0.0025925535411924507,418,1.563894252457687,False
8073,0.0019227071716977505,310,2.4538481939223504,False
8074,0.004999038646414151,806,0.9084648660039784,False
8075,0.00021087756076685005,34,1.9172614462235396,False
8076,0.005271939019171251,850,1.2919148595192853,False
8077,0.00019227071716977504,31,1.1918104310189523,False
8078,0.00022328212316490004,36,1.1478050814734564,False
8079,0.0043043831521233505,694,0.748652228704447,False
8080,0.04446415391581023,7169,0.7616950490182373,False
8081,0.0005147893395190752,83,7.116671727364322,False
8082,0.0014389292381738004,232,0.8260717397106105,False
8083,3.721368719415001e-05,6,2.262314796447754,False
8084,0.00029150721635417507,47,1.455760826455786,False
8085,0.0021149778888675257,341,1.2688346097895826,False
8086,0.0017552455793240754,283,1.6147337482169324,False
8087,0.0009489490234508252,153,1.8398066883772806,False
8088,0.0036283345014296257,585,0.9476001217833951,False
8089,0.0018358752349114005,296,1.4914226306451333,False
8090,0.0002977094975532001,48,1.5725018332401912,False
8091,0.0013955132697806253,225,1.7571293279859754,False
8092,0.0011846357090137753,191,1.4816856989685778,False
8093,0.0012528608022030503,202,0.8707731171409683,False
8094,0.0014947497689650254,241,1.0069827711928434,False
8095,0.0017118296109309005,276,1.0489647798780082,False
8096,0.0020901687640714254,337,1.5165435150044608,False
8097,0.004434631057302876,715,0.9516764180643575,False
8098,0.0008311056806693502,134,1.0571311320831527,False
8099,0.0054083892055498016,872,0.761132699633957,False
8100,0.0019723254212899504,318,2.073637659819621,False
8101,0.0020715619204743504,334,3.2417001021122505,False
8102,0.00025429352916002504,41,0.9386298540161877,False
8103,0.005941785388665952,958,0.7354605665784291,False
8104,0.0008187011182713002,132,4.836725045334209,False
8105,0.0004899802147229751,79,7.609339883055868,False
8106,0.00022328212316490004,36,8.562814984056685,False
8107,0.0029460835695368755,475,2.3535828505064313,False
8108,0.003888830311788676,627,1.5992405353740833,False
8109,0.00020467527956782505,33,1.0532473289605342,False
8110,0.0022948440436392505,370,1.2962124367018004,False
8111,0.0018792912033045754,303,1.1484132308771116,False
8112,0.0008869262114605752,143,1.5910725093388056,False
8113,0.003864021186992576,623,1.461040193732248,False
8114,6.822509318927501e-05,11,1.178265235640786,False
8115,6.202281199025001e-06,1,2.6315994262695312,False
8116,0.009731379201270228,1569,1.9936531693256152,False
8117,0.0004031482779366251,65,1.4960830725156344,False
8118,0.0017242341733289504,278,0.9707551624277513,False
8119,0.013855896198621853,2234,1.074650286774392,False
8120,0.003950853123778926,637,0.9935016497338024,False
8121,0.0006388349634995752,103,3.469845761373205,False
8122,0.009613535858488752,1550,0.6541049821915165,False
8123,0.0005023847771210251,81,2.3153749336431058,False
8124,0.0029274767259398005,472,1.2178743092690485,False
8125,0.003522895721046201,568,1.256736233830452,False
8126,0.0017428410169260254,281,1.1643132764673743,False
8127,0.00026049581035905006,42,1.6169955673671903,False
8128,0.003256197629488126,525,0.8016261205219087,False
8129,0.0004961824959220001,80,1.0638498827815055,False
8130,0.0024188896676197507,390,1.8370830847666815,False
8131,0.00035353002834442507,57,1.4709191196843197,False
8132,0.0011970402714118252,193,5.679480762679342,False
8133,0.00021087756076685005,34,2.7048049604191498,False
8134,0.00011164106158245002,18,1.6682722568511963,False
8135,0.00011784334278147503,19,1.3717927932739258,False
8136,0.0019723254212899504,318,1.1807844293942242,False
8137,0.0023568668556295004,380,1.3810682817509299,False
8138,0.0004527665275288251,73,4.3470871481176925,False
8139,0.005309152706365401,856,0.8632369903482009,False
8140,0.0025243284480031755,407,2.3762441812041937,False
8141,3.101140599512501e-05,5,4.8159987449646,False
8142,0.0025491375727992754,411,1.1164301503313718,False
8143,0.0018668866409065254,301,6.8283300253243935,False
8144,0.0011040060534264502,178,4.613374159577187,False
8145,0.0013272881765913503,214,0.9974218573525687,False
8146,0.0022700349188431506,366,1.9072700725878522,False
8147,0.0004899802147229751,79,1.3908977765071242,False
8148,0.02314071115356228,3731,0.8133075804085426,False
8149,0.0022638326376441253,365,0.8202568841307131,False
8150,0.0010419832414362003,168,7.704974303642909,False
8151,0.0018730889221055505,302,1.6045601083742862,False
8152,0.010475652945153227,1689,0.7657239099731806,False
8153,0.0018048638289162753,291,3.9393914864235318,False
8154,7.442737438830002e-05,12,1.7948133647441864,False
8155,0.003764784687808176,607,1.1497052458208514,False
8156,8.062965558732502e-05,13,3.8085561990737915,False
8157,0.0010419832414362003,168,1.1328629446881158,False
8158,0.0012528608022030503,202,1.3107033023739805,False
8159,0.0011660288654167003,188,0.8547634533111085,False
8160,0.00026049581035905006,42,1.4424692676180886,False
8161,0.013911716729413078,2243,1.0286969164892121,False
8162,0.002722801446371976,439,0.9852616368773858,False
8163,0.00035353002834442507,57,1.5618562280086048,False
8164,0.0019413140152948255,313,1.360395375151223,False
8165,1.2404562398050002e-05,2,2.544619619846344,False
8166,6.202281199025002e-05,10,3.1553239107131956,False
8167,0.004205146652938951,678,1.0400835198287064,False
8168,0.0016063908305474753,259,1.3155414367734695,False
8169,0.009129757924964801,1472,0.9616768982099451,False
8170,0.0021521915760616753,347,1.6296190322304323,False
8171,0.002760015133566126,445,1.8639639187394903,False
8172,0.0009055330550576502,146,2.5431643838751805,False
8173,0.0012776699269991503,206,3.8211525383504847,False
8174,0.0004217551215337001,68,16.44661776283208,False
8175,0.0008869262114605752,143,2.2444519954961497,False
8176,0.0013955132697806253,225,1.692101910909017,False
8177,0.00013645018637855003,22,2.1401272253556685,False
8178,8.683193678635003e-05,14,1.1196951099804469,False
8179,0.0020777642016733757,335,1.839861719288043,False
8180,0.025590612227177154,4126,1.1591665699709635,False
8181,0.00020467527956782505,33,2.42142746665261,False
8182,0.006512395258976252,1050,1.3929274640764508,False
8183,0.0028034311019593007,452,1.6777630696254493,False
8184,0.00010543878038342502,17,1.2703885611365824,False
8185,0.0021149778888675257,341,4.841654510092526,False
8186,0.009104948800168702,1468,1.1120178713298299,False
8187,0.003522895721046201,568,1.3510919924772962,False
8188,0.008298652244295452,1338,0.861128234007968,False
8189,0.0013272881765913503,214,2.1074395346864363,False
8190,4.961824959220001e-05,8,0.8116625249385834,False
8191,0.0020405505144792256,329,1.4297758047341576,False
8192,0.0023692714180275506,382,2.147556514640129,False
8193,5.582053079122501e-05,9,1.8679658836788602,False
8194,0.0021273824512655754,343,1.244729359712962,False
8195,0.0013334904577903754,215,3.868314472464628,False
8196,0.00021707984196587504,35,2.056839224270412,False
8197,0.0004527665275288251,73,1.6552032052654109,False
8198,0.0026979923215758755,435,1.3579840873849802,False
8199,9.303421798537502e-05,15,2.495882201194763,False
8200,0.011071071940259627,1785,2.0792589656445157,False
8201,0.0004093505591356501,66,1.5211388125564114,False
8202,0.0005892167139073751,95,2.076140883094386,False
8203,0.00017986615477172505,29,3.951960933619532,False
8204,0.0022080121068529003,356,1.2811590794766887,False
8205,0.0013334904577903754,215,2.3941327666127403,False
8206,0.0025243284480031755,407,2.0493004670600046,False
8207,0.0024871147608090255,401,2.999508807784007,False
8208,0.0005582053079122502,90,1.3353516817092896,False
8209,0.00016746159237367503,27,3.1146027247111,False
8210,0.00012404562398050004,20,0.9442674040794372,False
8211,0.008583957179450602,1384,2.9713774444050873,False
8212,0.0024685079172119505,398,1.6596270080786855,False
8213,0.0027476105711680757,443,1.9233596023533737,False
8214,3.101140599512501e-05,5,9.008521366119385,False
8215,0.0003287209035483251,53,14.182653953444284,False
8216,0.0004093505591356501,66,1.2233223355177678,False
8217,0.00016746159237367503,27,1.1340425765072857,False
8218,0.003448468346657901,556,4.467736461822935,False
8219,0.0006202281199025002,100,2.369921154975891,False
8220,0.0030887360371144507,498,0.924785335858663,False
8221,0.0029274767259398005,472,1.0224968434895498,False
8222,0.0008000942746742252,129,2.607975203861562,False
8223,0.0017304364545279755,279,2.244410481076941,False
8224,0.0028406447891534507,458,5.926353563908406,False
8225,0.0012032425526108503,194,2.1130221529105273,False
8226,0.0017056273297318754,275,2.304783776023171,False
8227,0.0017304364545279755,279,0.8984452810766022,False
8228,0.014742822410082429,2377,0.9033447614877627,False
8229,0.0006016212763054251,97,8.736889057552691,False
8230,0.005501423423535177,887,0.7333398015818977,False
8231,0.0009799604294459501,158,1.2055086101157755,False
8232,0.00030391177875222506,49,12.457000742153246,False
8233,0.0022018098256538754,355,1.3742830736536376,False
8234,0.005613064485117626,905,1.15967428302238,False
8235,0.006481383852981126,1045,1.0043245539140473,False
8236,0.0026297672283866007,424,3.6363904588627367,False
8237,0.02745749886808368,4427,1.3571747736115474,False
8238,0.0014389292381738004,232,1.3301515255508751,False
8239,0.049543822217811714,7988,1.0646841061610726,False
8240,0.011858761652535802,1912,0.8075927246564601,False
8241,0.00021707984196587504,35,1.0227877071925573,False
8242,0.0006822509318927502,110,6.51900417804718,False
8243,0.0018668866409065254,301,1.6485980570910381,False
8244,0.0011722311466157253,189,1.3648751677659454,False
8245,0.003969459967376001,640,2.126601384393871,False
8246,0.0014265246757757502,230,1.0487446391064188,False
8247,0.0005271939019171251,85,1.512558559810414,False
8248,0.0022390235128480255,361,1.203156096122932,False
8249,0.008559148054654502,1380,4.780232072913129,False
8250,0.0022700349188431506,366,9.074718839158125,False
8251,0.0023444622932314507,378,1.8656565846589508,False
8252,5.582053079122501e-05,9,3.3727230230967202,False
8253,0.0022018098256538754,355,1.4113452018146784,False
8254,8.062965558732502e-05,13,1.0721433346088116,False
8255,0.0004031482779366251,65,1.3767938393812913,False
8256,0.0019785277024889753,319,1.5672569401959267,False
8257,0.006946554942908001,1120,0.9615558015448706,False
8258,0.00029150721635417507,47,14.554665195181014,False
8259,0.00016125931117465003,26,12.400912491174845,False
8260,0.00021707984196587504,35,6.657948739188058,False
8261,0.0012342539586059752,199,1.381861176323052,False
8262,0.00019847299836880003,32,15.315100360661745,False
8263,0.0020901687640714254,337,0.8247181668833384,False
8264,0.013030992799151528,2101,0.7836707640352389,False
8265,6.202281199025001e-06,1,0.9669831991195679,False
8266,0.0017304364545279755,279,3.0113251978351223,False
8267,0.0023444622932314507,378,1.4956547248931158,False
8268,0.0020963710452704507,338,1.5641501478894928,False
8269,0.0021459892948626504,346,1.676883347117143,False
8270,0.0013210858953923252,213,2.0996049558612664,False
8271,0.0007938919934752001,128,3.9071526657789946,False
8272,0.0014699406441689253,237,1.3937701675962295,False
8273,0.0009675558670479002,156,2.1272207620816355,False
8274,0.0021770007008577756,351,1.9283814864960152,False
8275,0.0013831087073825753,223,1.4798645941131319,False
8276,0.0003411254659463751,55,1.30298640944741,False
8277,0.027054350590147058,4362,0.8877985139660527,False
8278,0.007324894096048527,1181,0.8969993861825863,False
8279,0.0008435102430674002,136,6.243528066312566,False
8280,0.0004899802147229751,79,2.084356090690516,False
8281,0.008348270493887653,1346,2.474222041876851,False
8282,0.015406466498378103,2484,0.8646349361745248,False
8283,0.0033554341286725258,541,0.9826299840112711,False
8284,0.0034360637842598507,554,1.2482420132909011,False
8285,0.006648845445354801,1072,0.9630726950604525,False
8286,0.00012404562398050004,20,1.4303712725639344,False
8287,0.00023568668556295006,38,6.233723787884963,False
8288,0.008435102430674002,1360,0.740716711212607,False
8289,0.0023630691368285257,381,0.9493550590955679,False
8290,0.008813441583814526,1421,0.9247047926320903,False
8291,0.0004217551215337001,68,5.966549277305603,False
8292,0.0012900744893972003,208,2.1558271910135565,False
8293,0.023506645744304756,3790,0.8900822460808666,False
8294,0.008633575429042802,1392,0.741369019979718,False
8295,0.0007814874310771502,126,5.09768183269198,False
8296,0.0010357809602371752,167,1.131644078357491,False
8297,5.582053079122501e-05,9,7.122140924135844,False
8298,0.0011846357090137753,191,0.956934852125757,False
8299,0.060038082006562014,9680,0.9104871292744786,False
8300,0.0007318691814849501,118,1.3668203141729711,False
8301,0.0020033368272850756,323,1.3837374304839332,False
8302,0.0021397870136636256,345,2.358687242908754,False
8303,0.0010729946474313252,173,1.9977206887537344,False
8304,0.006326326823005502,1020,0.9226193283118453,False
8305,0.0015505702997562505,250,1.4028585376739502,False
8306,0.0021025733264694755,339,1.2088128008322025,False
8307,0.0020219436708821506,326,1.4369676317905355,False
8308,0.0003845414343395501,62,13.360108983132147,False
8309,0.0005706098703103001,92,0.9965873490209165,False
8310,0.0025057216044061005,404,1.6139724773935753,False
8311,0.0024126873864207254,389,1.1040825586392518,False
8312,0.054629692801012215,8808,1.6125461394737028,False
8313,0.0023258554496343757,375,1.1105531476338704,False
8314,0.00023568668556295006,38,8.292241341189333,False
8315,0.0014079178321786752,227,0.9878938954307119,False
8316,0.0017056273297318754,275,2.343892094438726,False
8317,0.0035911208142354756,579,1.7088334078615812,False
8318,0.007721840092786127,1245,0.64569966285583,False
8319,0.0004217551215337001,68,1.523538805106107,False
8320,0.0014823452065669753,239,0.910321398758988,False
8321,0.009960863605634153,1606,1.3807514209676055,False
8322,0.0006636440882956752,107,6.818660526632149,False
8323,0.0011412197406206002,184,4.175926447562549,False
8324,0.0022204166692509505,358,1.5863509531127673,False
8325,0.0006388349634995752,103,7.779483721094224,False
8326,0.0075729853440095266,1221,0.7456621034139497,False
8327,0.0008683193678635002,140,5.454683666569846,False
8328,0.003429861503060826,553,1.3775414631552119,False
8329,0.0013086813329942753,211,1.2137635104464128,False
8330,0.0022080121068529003,356,2.6222157933738792,False
8331,0.0018854934845036005,304,1.1076273824039258,False
8332,0.0009179376174557002,148,1.972524489905383,False
8333,0.01826571813112863,2945,1.3399530828909882,False
8334,0.0013955132697806253,225,1.505424404144287,False
8335,0.00022328212316490004,36,2.1296848985883923,False
8336,0.0016994250485328503,274,1.006229933160935,False
8337,0.0036655481886237757,591,1.1580950806386983,False
8338,0.0008124988370722751,131,1.62777137028352,False
8339,0.004385012807710676,707,0.9299383959304831,False
8340,0.0012714676458001253,205,7.061497971488208,False
8341,0.0006574418070966502,106,4.308261187571399,False
8342,0.0026731831967797756,431,5.439461331356429,False
8343,6.202281199025002e-05,10,27.42735242843628,False
8344,0.0005644075891112751,91,1.731332506452288,False
8345,0.012224696243278278,1971,0.7935883315428449,False
8346,0.0002791026539561251,45,1.7893893983629015,False
8347,0.0020281459520811755,327,1.6088293480946019,False
8348,0.0011846357090137753,191,1.7191177737650447,False
8349,0.0026545763531827006,428,0.898314913856649,False
8350,0.0013769064261835503,222,1.4315330880182284,False
8351,0.0011784334278147502,190,5.167741853312442,False
8352,0.003163163411502751,510,1.8038807897006763,False
8353,0.00011164106158245002,18,4.058126164807214,False
8354,0.015530512122358604,2504,0.9554927844209031,False
8355,0.0018668866409065254,301,1.8800518326585078,False
8356,0.006264304011015251,1010,1.3609729459970303,False
8357,0.032661212794065655,5266,1.8070673788857017,False
8358,0.009117353362566753,1470,0.717589165564297,False
8359,8.683193678635003e-05,14,3.381686568260193,False
8360,0.011691300060162127,1885,1.2373990272653514,False
8361,0.0023072486060373007,372,1.1419155456686532,False
8362,0.0002977094975532001,48,4.28132180372874,False
8363,0.0018854934845036005,304,0.8683256279481085,False
8364,0.008856857552207702,1428,0.8423138987116453,False
8365,0.0013955132697806253,225,1.0968514235814413,False
8366,0.0013024790517952502,210,4.153574911753337,False
8367,0.0022514280752460756,363,1.4521682554696873,False
8368,0.0007132623378878751,115,3.436692225414774,False
8369,0.0005768121515093252,93,1.808074321798099,False
8370,0.0004279574027327251,69,5.403303205103114,False
8371,1.8606843597075006e-05,3,0.8647876183191935,False
8372,0.0006202281199025002,100,1.2673236894607545,False
8373,0.006338731385403551,1022,1.1825979727588287,False
8374,0.0022762372000421755,367,1.6448692408179717,False
8375,0.05798512692968474,9349,0.7782628892487875,False
8376,0.0018606843597075004,300,1.321097542444865,False
8377,0.0023506645744304755,379,1.5083326290024932,False
8378,0.0024995193232070756,403,1.1808662248900155,False
8379,0.0009551513046498502,154,2.146326100671446,False
8380,0.0020715619204743504,334,1.5504959229223743,False
8381,0.0006140258387034752,99,6.763606807198188,False
8382,0.0004341596839317501,70,6.357963248661586,False
8383,0.0012900744893972003,208,1.389198396068353,False
8384,0.0023444622932314507,378,3.5070759682428267,False
8385,0.004174135246943826,673,0.8272026566481342,False
8386,0.006326326823005502,1020,10.103928175743889,False
8387,0.005743312390297151,926,1.1063346289918954,False
8388,0.00030391177875222506,49,1.240491652975277,False
8389,0.00014885474877660004,24,2.037314464648565,False
8390,0.0021273824512655754,343,0.9886880490939749,False
8391,0.0008993307738586252,145,2.5771222805154737,False
8392,0.009979470449231228,1609,1.4217706682372344,False
8393,7.442737438830002e-05,12,3.6109162171681723,False
8394,0.007548176219213427,1217,1.5071136361767057,False
8395,0.0005706098703103001,92,1.3145683032015096,False
8396,0.005166500238787826,833,1.1872025217328752,False
8397,0.007238062159262176,1167,2.571647515742311,False
8398,0.0025243284480031755,407,1.8407135463756776,False
8399,0.0007628805874800752,123,1.7054333473608745,False
8400,2.4809124796100004e-05,4,1.2479515075683594,False
8401,0.0027538128523671005,444,1.8203518664514697,False
8402,0.0022018098256538754,355,1.0681336920026323,False
8403,0.004198944371739926,677,0.9832457453672784,False
8404,0.0025305307292022004,408,1.2556329369544983,False
8405,0.0011226128970235252,181,0.7849778496758055,False
8406,0.0028778584763476008,464,1.6659515744139408,False
8407,0.0019165048904987254,309,0.958513910330615,False
8408,0.0009303421798537502,150,1.0972212139765423,False
8409,0.00014885474877660004,24,1.5999268492062886,False
8410,0.0003101140599512501,50,1.8973664402961732,False
8411,0.0062705062922142766,1011,0.8065083660074794,False
8412,6.202281199025001e-06,1,6.822261810302734,False
8413,0.002778621977163201,448,0.9918369826461587,False
8414,0.00023568668556295006,38,3.67192531573145,False
8415,0.0054083892055498016,872,1.5221939805997622,False
8416,0.0061774720742289015,996,1.1054867664015438,False
8417,0.0011598265842176752,187,1.2237112152385201,False
8418,0.008664586835037926,1397,0.7274768394321395,False
8419,0.004409821932506776,711,0.9462143881914484,False
8420,5.582053079122501e-05,9,0.6439111630121866,False
8421,0.005954189951064001,960,2.6599581656356652,False
8422,0.00022948440436392506,37,2.671749991339606,False
8423,0.00020467527956782505,33,1.7210670601237903,False
8424,0.0021956075444548506,354,1.650692546434995,False
8425,0.0016994250485328503,274,1.2482177945819215,False
8426,0.0018296729537123754,295,1.6496101169262902,False
8427,0.003901234874186726,629,1.6693309666810998,False
8428,0.0021770007008577756,351,3.7300821960481825,False
8429,0.0019537185776928754,315,1.5073077550010077,False
8430,0.003330625003876426,537,2.272985413087813,False
8431,0.002722801446371976,439,1.1675431386213369,False
8432,0.0015691771433533252,253,1.0638291798090276,False
8433,0.008453709274271077,1363,0.7529307307343402,False
8434,0.00020467527956782505,33,1.5510583501873594,False
8435,0.004174135246943826,673,11.65082515897935,False
8436,0.0005768121515093252,93,2.4785729031408987,False
8437,0.0019537185776928754,315,1.1134421227470277,False
8438,0.006208483480224026,1001,0.7972385499860857,False
8439,0.002970892694332976,479,1.4128503811882036,False
8440,0.0014079178321786752,227,1.9502181429169776,False
8441,0.0019103026092997003,308,7.040608295759597,False
8442,0.0026669809155807508,430,1.5343536620916323,False
8443,1.8606843597075006e-05,3,2.592730720837911,False
8444,0.0009861627106449752,159,1.1765524846202922,False
8445,0.004589688087278501,740,0.8413978061160525,False
8446,0.0013396927389894002,216,1.2114041403487876,False
8447,0.0013210858953923252,213,4.025695475054459,False
8448,6.202281199025002e-05,10,1.5742004632949829,False
8449,0.006413158759791851,1034,0.9103784242958349,False
8450,0.0030391177875222506,490,0.8007986063859901,False
8451,0.0006388349634995752,103,1.0877400648246691,False
8452,0.00020467527956782505,33,1.680540200435754,False
8453,0.004291978589725301,692,2.411568111594702,False
8454,0.0026731831967797756,431,1.0405640148508024,False
8455,0.010153134322803927,1637,1.8088411879961857,False
8456,0.0013645018637855003,220,1.7642592630603098,False
8457,0.0014017155509796504,226,1.032463286302786,False
8458,0.0009613535858488752,155,0.9023772255066902,False
8459,0.005036252333608301,812,0.9827006438682819,False
8460,0.0023320577308334005,376,1.1123693778793862,False
8461,0.004974229521618051,802,0.8331905627191215,False
8462,0.008447506993072052,1362,0.9252219907337699,False
8463,0.02822658173676278,4551,1.5234990514940914,False
8464,0.005104477426797576,823,0.8657854145091765,False
8465,4.341596839317501e-05,7,2.877636057989938,False
8466,0.012813912957185652,2066,1.3413614862078274,False
8467,0.023903591741042354,3854,0.6747070316459208,False
8468,0.0033368272850754508,538,0.8364454423627888,False
8469,1.8606843597075006e-05,3,1.5050104856491089,False
8470,0.0005209916207181001,84,1.1656893009231204,False
8471,0.0052223207695790514,842,0.7901786523307021,False
8472,0.015902648994300102,2564,3.881604145543996,False
8473,0.003994269092172101,644,0.9760441106298695,False
8474,0.00023568668556295006,38,8.025917768478394,False
8475,0.009377849172925803,1512,0.7737531220471418,False
8476,9.303421798537502e-05,15,11.913294633229574,False
8477,0.0056626827347098264,913,1.56186555014252,False
8478,0.004843981616438526,781,1.2586214353119365,False
8479,0.00039694599673760006,64,1.6358298156410456,False
8480,0.0004837779335239501,78,5.662326618646964,False
8481,0.0016746159237367505,270,5.238133388978464,False
8482,0.0018234706725133503,294,3.713342368197279,False
8483,0.006878329849718727,1109,0.8394775356227369,False
8484,0.006307719979408427,1017,0.9005440212163485,False
8485,0.0028468470703524756,459,1.1183556835116384,False
8486,0.0008435102430674002,136,1.9570434163598454,False
8487,0.013068206486345678,2107,0.9530822245159248,False
8488,0.0008559148054654502,138,1.4652787973915322,False
8489,2.4809124796100004e-05,4,2.963782012462616,False
8490,0.0025181261668041507,406,2.2273327029984573,False
8491,1.8606843597075006e-05,3,2.095251719156901,False
8492,2.4809124796100004e-05,4,0.8655320703983307,False
8493,0.00033492318474735006,54,8.440155576776576,False
8494,0.0020529550768772753,331,1.1183125075977014,False
8495,0.003119747443109576,503,1.5299277476240578,False
8496,5.582053079122501e-05,9,1.5338692400190566,False
8497,0.0007752851498781252,125,1.3663191871643066,False
8498,0.0028468470703524756,459,1.3403614089379903,False
8499,0.010258573103187353,1654,0.7750902265274251,False
8500,0.0026111603847895257,421,1.6195438921876304,False
8501,0.0016746159237367505,270,1.1378933451793811,False
8502,0.00028530493515515004,46,8.786988553793535,False
8503,0.00010543878038342502,17,1.2216210926280302,False
8504,0.007188443909669977,1159,1.2791585453221055,False
8505,0.0023258554496343757,375,3.626512543360392,False
8506,7.442737438830002e-05,12,3.040212015310923,False
8507,0.0027662174147651507,446,1.4037691274565967,False
8508,0.004397417370108726,709,0.9042321159405836,False
8509,0.0006698463694947001,108,1.3095053445409846,False
8510,0.004595890368477526,741,1.104630976553388,False
8511,0.0026359695095856256,425,1.758315820132985,False
8512,0.0020157413896831253,325,0.9360345565355741,False
8513,0.0015319634561591754,247,1.9209572955181724,False
8514,0.00017986615477172505,29,1.2212129790207435,False
8515,0.0020963710452704507,338,0.981743080376168,False
8516,0.0002791026539561251,45,6.516195797920227,False
8517,0.0009737581482469252,157,6.376648432889562,False
8518,0.013272881765913503,2140,0.6769215708581087,False
8519,0.0008124988370722751,131,3.97906675866542,False
8520,8.683193678635003e-05,14,1.3363122344017029,False
8521,0.0002480912479610001,40,1.9365195989608766,False
8522,0.0016808182049357753,271,1.1513265542878437,False
8523,0.0022824394812412004,368,1.960209990973058,False
8524,0.003429861503060826,553,1.2595027448040237,False
8525,0.0023382600120324254,377,1.6717303067999114,False
8526,0.0019723254212899504,318,1.0325906625333823,False
8527,0.0007194646190869002,116,3.8520687612993965,False
8528,0.0066364408829567515,1070,1.0713649999315493,False
8529,0.0034546706278569257,557,1.2572265518845946,False
8530,0.0027352060087700255,441,1.7953805650442907,False
8531,0.004360203682914576,703,1.9981383805932904,False
8532,2.4809124796100004e-05,4,13.835581958293915,False
8533,0.006512395258976252,1050,0.9196304902576264,False
8534,0.006717070538544077,1083,1.4308326072640036,False
8535,0.0005520030267132251,89,5.830397980936458,False
8536,0.008031954152737377,1295,0.8204401181011126,False
8537,0.0019599208588919003,316,4.525463432450838,False
8538,0.0009737581482469252,157,3.4805391184083976,False
8539,0.009098746518969678,1467,0.8255863925918235,False
8540,9.923649918440002e-05,16,1.8268937692046165,False
8541,4.341596839317501e-05,7,2.6812741245542253,False
8542,0.0007504760250820251,121,1.2964492494409734,False
8543,0.0013210858953923252,213,2.3089230530698535,False
8544,0.0025677444163963504,414,1.4914088727195483,False
8545,0.0029584881319349257,477,1.0621589644649994,False
8546,4.341596839317501e-05,7,1.4791228090013777,False
8547,0.0014141201133777003,228,1.7267105485263623,False
8548,0.0015195588937611253,245,4.5894637565223535,False
8549,0.003913639436584776,631,0.8573874369287264,False
8550,0.0019413140152948255,313,1.482732423197347,False
8551,8.062965558732502e-05,13,1.9124595385331373,False
8552,0.0023382600120324254,377,2.8669165167315254,False
8553,0.0006078235575044501,98,5.767047812744063,False
8554,6.822509318927501e-05,11,1.632873903621327,False
8555,0.0018234706725133503,294,1.6214412665691504,False
8556,0.0003411254659463751,55,1.41541448506442,False
8557,0.00012404562398050004,20,1.618039208650589,False
8558,0.0004093505591356501,66,7.950931176994786,False
8559,0.0022886417624402257,369,5.646816616782005,False
8560,0.0015071543313630753,243,1.4129533100520633,False
8561,0.0008497125242664252,137,1.6800452653508986,False
8562,1.8606843597075006e-05,3,1.7497332096099854,False
8563,0.0004527665275288251,73,1.4884541622579914,False
8564,0.0029770949755320007,480,1.5063965566456319,False
8565,9.923649918440002e-05,16,1.0875412672758102,False
8566,0.1462435883918105,23579,0.971790760405429,False
8567,0.0024995193232070756,403,1.9929841292407318,False
8568,0.0006698463694947001,108,1.7399434314833746,False
8569,0.0009241398986547252,149,1.497728065356312,False
8570,0.00011164106158245002,18,11.343694051106771,False
8571,0.0036097276578325507,582,3.4622865560947824,False
8572,0.024486606173750706,3948,0.8860343171711992,False
8573,0.0030391177875222506,490,1.1129775490079608,False
8574,0.0025305307292022004,408,5.239049525237551,False
8575,0.005253332175574176,847,1.4284944836899127,False
8576,0.00010543878038342502,17,1.2884115050820744,False
8577,0.002797228820760276,451,1.0795506635420602,False
8578,0.006828711600126527,1101,0.6890585169155526,False
8579,0.0013458950201884253,217,1.1612162848222092,False
8580,0.00013645018637855003,22,1.2124255137010054,False
8581,0.007386916908038776,1191,0.859261055937542,False
8582,0.0022452257940470503,362,0.9677043119188171,False
8583,0.00026049581035905006,42,2.623619096619742,False
8584,0.0003845414343395501,62,8.638176677688476,False
8585,0.0006202281199025002,100,1.4058299779891967,False
8586,0.006555811227369426,1057,2.268597161645808,False
8587,0.0008621170866644752,139,1.300693433061778,False
8588,0.0003597323095434501,58,7.201271677839345,False
8589,0.0024002828240226757,387,1.2983405744074543,False
8590,0.009923649918440003,1600,0.9958920679241419,False
8591,0.004428428776103851,714,0.9525626073030531,False
8592,0.0026483740719836757,427,1.7469150059675445,False
8593,0.0025119238856051254,405,1.0036912426536466,False
8594,0.003367838691070576,543,0.7238055557616289,False
8595,0.0019289094528967753,311,2.017320156097412,False
8596,0.0014699406441689253,237,1.2866913588238165,False
8597,0.0015877839869504003,256,5.050915407948196,False
8598,0.12214152365239936,19693,0.8103534157265379,False
8599,0.0018358752349114005,296,1.38287144577181,False
8600,9.303421798537502e-05,15,1.7217052618662516,False
8601,0.0026421717907846505,426,1.3264745613778701,False
8602,0.004546272118885326,733,0.8884385773787558,False
8603,0.0008559148054654502,138,1.5672211050987244,False
8604,0.0007442737438830002,120,7.414835528532664,False
8605,0.0013086813329942753,211,0.8353149269429428,False
8606,0.0019351117340958004,312,2.197011526960593,False
8607,0.0022514280752460756,363,1.808645304241128,False
8608,9.303421798537502e-05,15,3.7513737042744952,False
8609,0.0005333961831161502,86,1.774319845576619,False
8610,0.0012466585210040252,201,1.7526076166190911,False
8611,0.005526232548331276,891,1.0132571746470818,False
8612,0.0010978037722274253,177,1.0848913125399142,False
8613,0.0012714676458001253,205,1.2798484162586492,False
8614,0.0035725139706384006,576,0.9436985521266857,False
8615,0.00027290037275710005,44,1.4158019667321986,False
8616,0.0004589688087278501,74,1.4153500424849021,False
8617,0.0005209916207181001,84,1.639971374046235,False
8618,0.0004589688087278501,74,6.598838570955637,False
8619,0.0027910265395612506,450,1.761679813861847,False
8620,0.0022576303564451005,364,1.167793137359095,False
8621,9.923649918440002e-05,16,0.7926476150751114,False
8622,0.010853992098293753,1750,0.8020386382511684,False
8623,0.00014885474877660004,24,3.7255728294452033,False
8624,0.0012652653646011002,204,0.930827700624279,False
8625,0.0012776699269991503,206,1.2462627147007914,False
8626,0.00012404562398050004,20,1.863588845729828,False
8627,0.004825374772841451,778,0.8252986599056764,False
8628,0.0004341596839317501,70,1.967341651235308,False
8629,0.003845414343395501,620,1.6194135944689474,False
8630,0.0028592516327505257,461,1.5817850310993815,False
8631,9.923649918440002e-05,16,2.5772391706705093,False
8632,0.0015629748621543004,252,0.8834254164544363,False
8633,0.0032623999106871507,526,1.1016383986962612,False
8634,0.0024436987924158506,394,4.015591931827177,False
8635,0.0012404562398050003,200,0.9477357673645019,False
8636,0.0016001885493484504,258,1.0891698617343755,False
8637,0.0007752851498781252,125,1.8505817890167235,False
8638,0.0019971345460860503,322,1.1163408956172303,False
8639,0.00011784334278147503,19,3.269015801580329,False
8640,0.0031383542867066505,506,0.9000736866072704,False
8641,0.0015381657373582003,248,2.958694581062563,False
8642,2.4809124796100004e-05,4,2.302095353603363,False
8643,0.0006264304011015251,101,1.1819642581562004,False
8644,0.0002666980915580751,43,2.0191903835119205,False
8645,0.003901234874186726,629,0.9866405094371122,False
8646,0.0007504760250820251,121,4.812629278041115,False
8647,0.0011784334278147502,190,1.198217164842706,False
8648,0.0024002828240226757,387,3.359585014732617,False
8649,0.00020467527956782505,33,2.494287360798229,False
8650,0.00016746159237367503,27,9.181485860436052,False
8651,6.202281199025002e-05,10,1.0892521619796753,False
8652,0.004366405964113601,704,3.292383213104172,False
8653,0.00026049581035905006,42,2.663443758374169,False
8654,0.021559129447810906,3476,2.0070792835793094,False
8655,9.303421798537502e-05,15,2.5003685553868613,False
8656,3.721368719415001e-05,6,2.5358237425486245,False
8657,0.012466585210040253,2010,1.590924930098045,False
8658,2.4809124796100004e-05,4,3.2652784883975983,False
8659,0.0017056273297318754,275,2.9068565247275613,False
8660,0.008193213463912026,1321,0.7410129775250166,False
8661,0.00028530493515515004,46,2.1196800859078118,False
8662,0.005513827985933226,889,0.679271840673732,False
8663,0.0031135451619105506,502,0.8709726343116913,False
8664,0.00023568668556295006,38,2.3262042309108533,False
8665,0.005209916207181001,840,1.0817385520253862,False
8666,0.0025801489787944006,416,1.389991581439972,False
8667,0.00028530493515515004,46,2.5924315452575684,False
8668,0.0016994250485328503,274,2.62037528953413,False
8669,0.003429861503060826,553,0.8552882044052345,False
8670,0.00015505702997562504,25,1.6502265453338623,False
8671,0.004087303310157476,659,0.8463144902936968,False
8672,0.0021025733264694755,339,1.6639154291434275,False
8673,0.009625940420886802,1552,0.7176311461581397,False
8674,0.0007566783062810502,122,3.3235258020338465,False
8675,0.007107814254082651,1146,1.4047782654121492,False
8676,0.01500331822044148,2419,1.586810878014062,False
8677,0.0008187011182713002,132,1.2686928844813146,False
8678,0.002760015133566126,445,0.9482935361647874,False
8679,1.8606843597075006e-05,3,0.9504086971282959,False
8680,0.004000471373371126,645,1.1392914677775183,False
8681,0.0029026676011437006,468,1.0427408564803946,False
8682,0.0033802432534686257,545,1.2254766061765339,False
8683,0.0005520030267132251,89,6.856801398684469,False
8684,0.0014575360817708754,235,5.747658022413862,False
8685,0.0003721368719415001,60,5.848025166988373,False
8686,0.006555811227369426,1057,1.063063813361111,False
8687,0.0020529550768772753,331,1.6687384404444623,False
8688,0.008720407365829151,1406,2.5485620580051904,False
8689,0.0023320577308334005,376,0.8391813699235308,False
8690,0.003485682033852051,562,1.5045318185646763,False
8691,0.00032251862234930007,52,1.9840322457827055,False
8692,0.008770025615421352,1414,0.7972376953594418,False
8693,0.0043229899957204256,697,1.5465420212602,False
8694,0.0007504760250820251,121,1.4004322319976554,False
8695,0.00030391177875222506,49,1.738704773844505,False
8696,0.0006016212763054251,97,1.518715860917396,False
8697,0.0043229899957204256,697,1.3406310635625547,False
8698,0.0028902630387456505,466,1.4702088454250615,False
8699,0.004254764902531151,686,1.5422961974283,False
8700,0.0009613535858488752,155,2.0514673748323995,False
8701,0.03826187271678523,6169,0.9659769914973051,False
8702,0.00011164106158245002,18,1.720744464132521,False
8703,0.0013272881765913503,214,2.6114864639032667,False
8704,0.004298180870924326,693,1.3250792379159089,False
8705,0.0009117353362566752,147,2.306594436671458,False
8706,0.008459911555470103,1364,1.2075938975706129,False
8707,0.0016684136425377254,269,1.6104934339629673,False
8708,0.10310672265259162,16624,0.9023075764631284,False
8709,0.0048935998660307265,789,0.8309912240399456,False
8710,0.0017614478605231004,284,1.2318090443879786,False
8711,0.0018916957657026255,305,0.8422703227058785,False
8712,6.202281199025002e-05,10,2.029528760910034,False
8713,0.012615439958816853,2034,1.1075552844954335,False
8714,0.004701329148860951,758,1.024170839063096,False
8715,0.0070768028480875265,1141,0.7539768394517021,False
8716,0.0005271939019171251,85,1.8713640858145322,False
8717,9.303421798537502e-05,15,1.531755765279134,False
8718,0.003119747443109576,503,2.659382609676414,False
8719,0.0025801489787944006,416,1.1158273690021956,False
8720,0.004416024213705801,712,1.2023050743207504,False
8721,0.0025677444163963504,414,2.1537010053505643,False
8722,0.029777152036519032,4801,0.9627436435463478,False
8723,0.00014265246757757502,23,1.6814614275227422,False
8724,0.006369742791398676,1027,0.810378899244626,False
8725,4.961824959220001e-05,8,2.0854909121990204,False
8726,0.00017986615477172505,29,1.8063311124670094,False
8727,0.0015319634561591754,247,1.3564876400024786,False
8728,0.0006264304011015251,101,1.318245533669349,False
8729,0.0019537185776928754,315,3.9264291165367005,False
8730,9.303421798537502e-05,15,0.8730222940444946,False
8731,0.0002666980915580751,43,11.643293164497198,False
8732,0.0021583938572607006,348,4.08205579341143,False
8733,0.0004713733711259001,76,4.814760120291459,False
8734,0.0017614478605231004,284,1.779799438698191,False
8735,0.0007070600566888501,114,1.522594928741455,False
8736,0.0005768121515093252,93,1.858913754904142,False
8737,0.0022576303564451005,364,0.8230933265371637,False
8738,0.0024871147608090255,401,1.6287569815381209,False
8739,0.0010853992098293751,175,1.4313702937534878,False
8740,0.0013024790517952502,210,2.3598282144183202,False
8741,0.0006016212763054251,97,2.367603166816161,False
8742,0.005823942045884476,939,1.0485277389185117,False
8743,0.00019847299836880003,32,2.4986630380153656,False
8744,0.00026049581035905006,42,1.1541860444205148,False
8745,0.006977566348903126,1125,0.90409358575609,False
8746,0.003640739063827676,587,1.1405032594930984,False
8747,0.0026235649471875754,423,1.0631308916330902,False
8748,0.0004589688087278501,74,1.4710374861150175,False
8749,0.0022328212316490006,360,2.449504691362381,False
8750,0.0011660288654167003,188,1.8831684709863459,False
8751,0.01904720556220578,3071,0.7039322197844873,False
8752,0.0029026676011437006,468,1.031987921295003,False
8753,9.303421798537502e-05,15,1.2797447681427,False
8754,0.0002480912479610001,40,1.5679438889026642,False
8755,0.003218983942293976,519,4.916411305208886,False
8756,0.00036593459074247506,59,13.965477418091337,False
8757,1.2404562398050002e-05,2,14.61037826538086,False
8758,9.923649918440002e-05,16,1.5490289777517319,False
8759,9.923649918440002e-05,16,0.8343768045306206,False
8760,0.00030391177875222506,49,8.561861624523084,False
8761,0.0024250919488187756,391,1.3614084860857796,False
8762,0.004229955777735051,682,1.5486143308301126,False
8763,0.002797228820760276,451,0.8674982931555771,False
8764,0.00023568668556295006,38,0.9600689003342077,False
8765,0.0010171741166401002,164,1.1720773657647574,False
8766,0.0017056273297318754,275,1.330995362888683,False
8767,0.0007194646190869002,116,1.2643036390173024,False
8768,1.2404562398050002e-05,2,1.2818255424499512,False
8769,0.003312018160279351,534,1.1018126667215582,False
8770,0.005030050052409276,811,1.3741950145044104,False
8771,0.0022700349188431506,366,1.476111672615093,False
8772,0.005377377799554676,867,0.7108529709889677,False
8773,0.0008559148054654502,138,1.135508037995601,False
8774,0.0011164106158245003,180,4.224007701211505,False
8775,0.0021273824512655754,343,0.8708390800320372,False
8776,0.0028840607575466256,465,0.8426109129382718,False
8777,0.0012280516774069504,198,1.7592598464753892,False
8778,0.0009985672730430252,161,1.2709144487144044,False
8779,0.0021894052632558253,353,1.1767329696893016,False
8780,0.00030391177875222506,49,1.3105477459576664,False
8781,0.0005458007455142001,88,3.3001591779968957,False
8782,0.00011784334278147503,19,1.5563352358968634,False
8783,0.004769554242050226,769,0.9993477233519634,False
8784,0.0015381657373582003,248,1.0546251506574693,False
8785,0.004682722305263876,755,0.7280972554983682,False
8786,9.303421798537502e-05,15,4.297125927607218,False
8787,0.0002480912479610001,40,2.902506721019745,False
8788,0.003392647815866676,547,1.4056537024935596,False
8789,0.003181770255099826,513,1.0400541325991148,False
8790,0.003541502564643276,571,0.7553950675523428,False
8791,0.0007690828686791001,124,1.304272634367789,False
8792,0.018817721157841853,3034,1.4301479693769859,False
8793,0.10804994076821454,17421,1.2430681671287975,False
8794,4.961824959220001e-05,8,1.8445145189762115,False
8795,0.0010916014910284002,176,1.2931701229377226,False
8796,3.101140599512501e-05,5,26.324882984161377,False
8797,0.003870223468191601,624,1.0530889592109582,False
8798,0.0005644075891112751,91,7.2406365137833815,False
8799,0.0012218493962079253,197,1.3834697232028554,False
8800,0.0020653596392753255,333,3.3971481845901534,False
8801,0.0028220379455563757,455,0.8623002618223756,False
8802,0.00033492318474735006,54,5.664435715587051,False
8803,0.004223753496536026,681,1.3093634632015367,False
8804,0.003640739063827676,587,2.021878184411148,False
8805,0.0020715619204743504,334,2.8853665411829232,False
8806,5.582053079122501e-05,9,2.196721805466546,False
8807,0.0019475162964938504,314,1.0439465501505858,False
8808,0.0023010463248382754,371,1.9003691017788376,False
8809,0.008329663650290578,1343,0.9728135274402792,False
8810,0.0006388349634995752,103,2.053971529006958,False
8811,0.0004465642463298001,72,1.2167012757725186,False
8812,0.00023568668556295006,38,11.593320407365498,False
8813,0.003640739063827676,587,1.0788231147818101,False
8814,0.0002977094975532001,48,1.9925256421168644,False
8815,0.0017056273297318754,275,5.027359444011341,False
8816,0.0028158356643573504,454,5.335456430912018,False
8817,0.003870223468191601,624,2.1774758654527173,False
8818,0.0018296729537123754,295,2.2014789573216844,False
8819,0.00017366387357270005,28,1.1318582211221968,False
8820,0.004496653869293126,725,0.9127938724386281,False
8821,2.4809124796100004e-05,4,2.074820339679718,False
8822,0.0014575360817708754,235,2.0238604362974777,False
8823,5.582053079122501e-05,9,0.8645530806647407,False
8824,0.007436535157630977,1199,1.7759457541267707,False
8825,0.00032251862234930007,52,1.3813074276997492,False
8826,0.0008807239302615502,142,1.180505525897926,False
8827,0.0012776699269991503,206,1.480210934449168,False
8828,0.0020901687640714254,337,1.8848697460016086,False
8829,0.013502366170277428,2177,0.9223548116407977,False
8830,0.006096842418641576,983,2.8318295083477683,False
8831,0.0019537185776928754,315,1.07382197909885,False
8832,0.012057234650904603,1944,0.6984135447215641,False
8833,0.010847789817094727,1749,0.640663298284619,False
8834,0.026781450217389955,4318,1.1205350390845508,False
8835,4.341596839317501e-05,7,1.3396709987095423,False
8836,0.004502856150492151,726,2.4543339326033577,False
8837,0.0022452257940470503,362,1.4961830153649682,False
8838,0.0017614478605231004,284,3.75162527258967,False
8839,0.010649316818725928,1717,0.9778425020052377,False
8840,0.0007070600566888501,114,1.6975291277232922,False
8841,0.00011164106158245002,18,14.398119158214993,False
8842,0.0010419832414362003,168,1.216050883134206,False
8843,0.0006636440882956752,107,10.25763134198768,False
8844,0.0004403619651307751,71,3.237734771110642,False
8845,0.0022948440436392505,370,1.4931624306214821,False
8846,0.00013024790517952503,21,1.0054256234850203,False
8847,0.0057185032655010515,922,0.9696211452856498,False
8848,0.00017986615477172505,29,2.2971574684669234,False
8849,0.0024002828240226757,387,1.4006240774494734,False
8850,0.00019227071716977504,31,1.2166022716029998,False
8851,0.0008993307738586252,145,10.969885586047994,False
8852,8.062965558732502e-05,13,1.1711551409501295,False
8853,0.010624507693929827,1713,0.7150921657359607,False
8854,0.003045320068721276,491,1.0819885002377077,False
8855,0.0018234706725133503,294,1.6243267322884125,False
8856,0.007697030967990026,1241,1.5352181964685223,False
8857,0.00017986615477172505,29,2.106991669227337,False
8858,0.00035353002834442507,57,1.5486286774016262,False
8859,0.0005147893395190752,83,0.9279521660632398,False
8860,0.0025739466975953757,415,1.8828091742044473,False
8861,0.0031569611303037255,509,3.872285254577757,False
8862,0.0007442737438830002,120,7.325630660851797,False
8863,0.0016125931117465003,260,4.3293481528759,False
8864,0.017775737916405653,2866,0.6569024223758887,False
8865,0.0022948440436392505,370,1.546354740374797,False
8866,3.101140599512501e-05,5,3.0012335777282715,False
8867,0.0008373079618683752,135,1.4703290188754046,False
8868,0.0030329155063232257,489,1.5752261450441825,False
8869,0.0028096333831583256,453,1.6777614489296415,False
8870,0.0037957960938033008,612,0.7993301753125159,False
8871,0.0022018098256538754,355,2.049526510775929,False
8872,0.0004465642463298001,72,7.160687673423025,False
8873,0.00025429352916002504,41,1.9650498192484787,False
8874,0.018296729537123753,2950,1.8760523185083422,False
8875,0.004167932965744801,672,1.4477730476785273,False
8876,0.0008559148054654502,138,1.2914599076561306,False
8877,0.0022080121068529003,356,1.0395727057135506,False
8878,0.0006450372446986001,104,1.6600217314866872,False
8879,0.0007194646190869002,116,1.3926896093220547,False
8880,0.0010853992098293751,175,1.8946129751205445,False
8881,0.004161730684545776,671,1.2018171635896366,False
8882,0.0024685079172119505,398,0.9742210528359341,False
8883,0.0032996135978813007,532,0.7609830552474001,False
8884,0.00033492318474735006,54,2.5859492774362915,False
8885,0.003938448561380876,635,0.8775033935787171,False
8886,0.0048191724916424265,777,1.1548854101885546,False
8887,0.0006822509318927502,110,1.2554399143565784,False
8888,0.0022390235128480255,361,2.0447302376464465,False
8889,0.0037027618758179257,597,0.9151060018108119,False
8890,0.005873560295476676,947,3.3452682798490354,False
8891,0.0009737581482469252,157,2.327780729646136,False
8892,0.00017986615477172505,29,10.76303416696088,False
8893,0.0053711755183556515,866,1.2278504278037619,False
8894,0.0026607786343817255,429,1.1196789266346219,False
8895,0.006909341255713851,1114,0.6851956557542674,False
8896,0.0016622113613387003,268,1.124534114972869,False
8897,0.0021087756076685004,340,1.2511476183638852,False
8898,0.0004155528403346751,67,3.8566217635994526,False
8899,0.006127853824636702,988,0.8348144896117299,False
8900,0.0016187953929455254,261,1.1371896020297347,False
8901,0.004291978589725301,692,1.130382786251906,False
8902,0.0020281459520811755,327,3.483451686138771,False
8903,0.025466566603196655,4106,0.8333895237807001,False
8904,0.003975662248575026,641,1.1593308521321337,False
8905,0.0015691771433533252,253,1.0772007265580972,False
8906,0.39728712220354645,64055,3.0345546589905648,False
8907,0.0002977094975532001,48,8.34502343336741,False
8908,0.0009551513046498502,154,1.62398995981588,False
8909,0.0024126873864207254,389,0.9116666899242254,False
8910,0.0024685079172119505,398,2.1663327019418306,False
8911,0.006090640137442552,982,0.8110429264620219,False
8912,0.005693694140704951,918,0.7048735623785614,False
8913,0.0019351117340958004,312,1.2867541741102169,False
8914,0.0024126873864207254,389,1.2711081802078874,False
8915,0.004291978589725301,692,0.8302691685671062,False
8916,0.00031631634115027505,51,7.336520279155058,False
8917,0.00022328212316490004,36,1.9032635887463887,False
8918,0.0020157413896831253,325,1.6564650520911584,False
8919,0.0006946554942908002,112,1.941682901765619,False
8920,0.0034794797526530256,561,0.9391303053939194,False
8921,0.0004403619651307751,71,1.323637540911285,False
8922,0.0020839664828724005,336,1.876578454105627,False
8923,0.006425563322189901,1036,1.8263381981941724,False
8924,0.0024871147608090255,401,1.1984089330544794,False
8925,7.442737438830002e-05,12,3.5511135955651603,False
8926,0.0006574418070966502,106,5.721531403514574,False
8927,6.202281199025001e-06,1,1.3773510456085205,False
8928,0.0010109718354410753,163,1.5607580612042198,False
8929,0.0013582995825864753,219,1.3470437428722644,False
8930,0.0005768121515093252,93,1.9992453154697214,False
8931,6.822509318927501e-05,11,1.7167794704437256,False
8932,0.005743312390297151,926,1.6717212231061371,False
8933,0.005823942045884476,939,1.1250437853562312,False
8934,0.0019537185776928754,315,1.9432938568175786,False
8935,0.0019227071716977505,310,9.899126899626948,False
8936,0.0014513338005718503,234,0.9687241652073004,False
8937,0.0024188896676197507,390,1.115863147760049,False
8938,0.0017304364545279755,279,1.276975302713319,False
8939,0.0030701291935173757,495,1.3421842054887252,False
8940,0.0025863512599934254,417,1.6776115328287906,False
8941,0.006779093350534326,1093,0.69315629788527,False
8942,0.014742822410082429,2377,0.7665202414031584,False
8943,0.0002791026539561251,45,0.8259363333384196,False
8944,0.009483287953309227,1529,0.6992568996234841,False
8945,0.017465623856454403,2816,0.7570141486146234,False
8946,0.008112583808324702,1308,0.8093567984548913,False
8947,0.0019475162964938504,314,1.9144460520926554,False
8948,0.0004775756523249251,77,1.1899323602775476,False
8949,0.00027290037275710005,44,2.034024569121274,False
8950,0.0015381657373582003,248,4.448098079812143,False
8951,0.0016622113613387003,268,1.2691101520808774,False
8952,0.009092544237770651,1466,0.681813842440367,False
8953,0.006586822633364552,1062,1.3529662190184082,False
8954,0.0021770007008577756,351,1.531934996955415,False
8955,0.018575832191079878,2995,0.8194473164706477,False
8956,0.0014823452065669753,239,1.0157544303638666,False
8957,0.0007876897122761752,127,1.4057787825742105,False
8958,0.00023568668556295006,38,1.7387479041752063,False
8959,5.582053079122501e-05,9,3.09436211321089,False
8960,0.0024250919488187756,391,1.6630415245700065,False
8961,0.00035353002834442507,57,2.5851228362635563,False
8962,0.0011350174594215753,183,1.3182083394358066,False
8963,0.0019227071716977505,310,1.300867651354882,False
8964,0.0015195588937611253,245,1.4810852693051708,False
8965,0.0009365444610527753,151,4.594328607944464,False
8966,0.0016001885493484504,258,1.1596802556237509,False
8967,0.0025925535411924507,418,2.6143950320887224,False
8968,0.004713733711259001,760,0.8631318155087923,False
8969,0.0026483740719836757,427,2.128727017856035,False
8970,0.0003101140599512501,50,1.8187139129638672,False
8971,0.0021956075444548506,354,2.1577819808054777,False
8972,0.0015691771433533252,253,3.3187189059766387,False
8973,0.011505231624191377,1855,0.6438998805866087,False
8974,0.0004093505591356501,66,1.3455089691913489,False
8975,0.004465642463298001,720,3.520848791135682,False
8976,0.011517636186589427,1857,0.809872656531018,False
8977,0.0005892167139073751,95,1.867035584700735,False
8978,0.0007442737438830002,120,4.690802777806918,False
8979,0.011368781437812827,1833,1.5394706305947645,False
8980,0.0021087756076685004,340,1.2284445296315585,False
8981,4.341596839317501e-05,7,5.9222429139273505,False
8982,0.0028158356643573504,454,0.939852940353528,False
8983,0.0006140258387034752,99,7.799216776183157,False
8984,0.0029832972567310255,481,8.277337606632289,False
8985,0.0024188896676197507,390,1.0198042869567872,False
8986,0.0020219436708821506,326,0.9900209874463227,False
8987,0.02355006171269793,3797,0.7653193148556966,False
8988,0.0021583938572607006,348,1.4396663397208027,False
8989,0.006977566348903126,1125,0.6669955359564887,False
8990,0.0006078235575044501,98,4.254697532069926,False
8991,0.0023382600120324254,377,1.2292585625888814,False
8992,0.0006388349634995752,103,1.32146611954402,False
8993,0.0020963710452704507,338,1.362814698698958,False
8994,0.0010543878038342502,170,1.488509525972254,False
8995,6.822509318927501e-05,11,2.293275063688105,False
8996,0.00015505702997562504,25,2.6423271226882936,False
8997,0.0005023847771210251,81,2.534457857226148,False
8998,0.0016001885493484504,258,4.619160187336826,False
8999,0.0018110661101153004,292,1.5203098254661038,False
9000,0.0012590630834020753,203,2.2071897525505477,False
9001,0.0002480912479610001,40,8.120673921704292,False
9002,0.0020095391084841005,324,1.857523794895337,False
9003,0.00013024790517952503,21,1.830804086866833,False
9004,0.00012404562398050004,20,1.5341671109199524,False
9005,0.004186539809341876,675,1.4847093977751555,False
9006,0.0023444622932314507,378,1.080228203503543,False
9007,0.009005712300984303,1452,0.7809643679742314,False
9008,0.007653614999596852,1234,0.7535458940354507,False
9009,0.003026713225124201,488,0.7911401410571864,False
9010,0.0029646904131339505,478,2.6473267856502134,False
9011,0.0032065793798959257,517,3.965602989122992,False
9012,0.011095881065055728,1789,0.892295531549555,False
9013,8.683193678635003e-05,14,1.7144877059119088,False
9014,0.0027538128523671005,444,1.4591299832404196,False
9015,0.0022328212316490006,360,0.9111694773038228,False
9016,0.00028530493515515004,46,1.8580514995948127,False
9017,0.003578716251837426,577,1.807978089595378,False
9018,0.0008807239302615502,142,1.0272065073671475,False
9019,0.0023878782616246256,385,2.102923631668091,False
9020,0.0004899802147229751,79,8.2993329657784,False
9021,0.003504288877449126,565,0.9982645195142358,False
9022,3.721368719415001e-05,6,1.2044672966003418,False
9023,0.0007380714626839752,119,4.1914198618977005,False
9024,0.005036252333608301,812,0.7919033642472892,False
9025,0.0015877839869504003,256,1.5826289989054203,False
9026,0.00022328212316490004,36,1.0548984275923834,False
9027,0.0025987558223914756,419,2.096307614538152,False
9028,0.0009241398986547252,149,1.7830191234614226,False
9029,0.0021583938572607006,348,0.9653873786158945,False
9030,3.101140599512501e-05,5,3.532215929031372,False
9031,0.0006822509318927502,110,1.7032605517994275,False
9032,0.003460872909055951,558,1.125991762325328,False
9033,0.0011598265842176752,187,1.4116083848922647,False
9034,0.004223753496536026,681,0.9349722981277891,False
9035,4.341596839317501e-05,7,2.973395892551967,False
9036,0.0003907437155385751,63,1.3361953818608845,False
9037,0.005513827985933226,889,3.2537590210295635,False
9038,0.0015257611749601504,246,1.9142724430657985,False
9039,0.003442266065458876,555,1.067679414663229,False
9040,0.0015691771433533252,253,1.199662233058643,False
9041,0.0018110661101153004,292,1.1692470883669919,False
9042,0.0006450372446986001,104,1.666578431542103,False
9043,0.016293392709838678,2627,1.183081013737952,False
9044,0.0007070600566888501,114,1.6634489057356852,False
9045,0.006748081944539202,1088,0.839805543422699,False
9046,0.005271939019171251,850,0.9688113411735085,False
9047,0.0020405505144792256,329,1.7813152716152574,False
9048,0.0022452257940470503,362,2.2957490596981995,False
9049,0.0021832029820568004,352,1.2148059173063799,False
9050,0.00013024790517952503,21,1.6516505650111608,False
9051,0.00024188896676197505,39,1.1625959873199463,False
9052,0.003504288877449126,565,0.8340684806351113,False
9053,0.0015505702997562505,250,1.1630308990478515,False
9054,4.961824959220001e-05,8,3.807035982608795,False
9055,0.0020033368272850756,323,1.5577742831994874,False
9056,0.0021025733264694755,339,1.0176264430920987,False
9057,0.0024374965112168257,393,2.2384082597630623,False
9058,0.0014327269569747753,231,1.8322602820086789,False
9059,0.012435573804045127,2005,1.2609051835209948,False
9060,0.0033058158790803256,533,0.9439575157738089,False
9061,0.00016746159237367503,27,2.52057358512172,False
9062,0.0030887360371144507,498,3.125853812838175,False
9063,0.0011598265842176752,187,1.247896129434759,False
9064,0.0018730889221055505,302,0.9875471536686878,False
9065,0.0013520973013874504,218,2.5574693657936307,False
9066,0.0030949383183134756,499,1.049308923537841,False
9067,1.2404562398050002e-05,2,1.2623547315597534,False
9068,0.0006388349634995752,103,1.0217806621662622,False
9069,0.0003845414343395501,62,1.9405204788331063,False
9070,0.0020219436708821506,326,2.828938707983567,False
9071,0.0028468470703524756,459,1.7130716340474315,False
9072,0.0005458007455142001,88,0.8389903049577366,False
9073,0.00023568668556295006,38,1.8035983851081447,False
9074,0.004825374772841451,778,0.9369786066077362,False
9075,0.0018296729537123754,295,1.3915552026134426,False
9076,0.0024188896676197507,390,2.637234438993992,False
9077,5.582053079122501e-05,9,4.748152891794841,False
9078,0.005036252333608301,812,1.1215195274118133,False
9079,0.0025181261668041507,406,1.4033833897759762,False
9080,0.004112112434953576,663,0.9857645606563102,False
9081,0.00031631634115027505,51,5.2629760199902105,False
9082,0.003622132220230601,584,1.873575454297131,False
9083,0.006927948099310926,1117,0.65116126983424,False
9084,0.00014885474877660004,24,0.8186243772506714,False
9085,0.00017986615477172505,29,4.913058404264779,False
9086,0.0004837779335239501,78,2.131759632856418,False
9087,0.003386445534667651,546,0.7369254517467904,False
9088,0.0008497125242664252,137,1.3309751583711944,False
9089,0.0010171741166401002,164,5.67313969571416,False
9090,0.0020901687640714254,337,1.7011569925868546,False
9091,0.023568668556295004,3800,0.9443548599042391,False
9092,0.0021832029820568004,352,1.6367778452959927,False
9093,0.0017242341733289504,278,1.2739246907851678,False
9094,0.0006512395258976251,105,5.988170991625105,False
9095,0.0017490432981250503,282,1.2749438150554684,False
9096,0.009036723706979426,1457,0.8551806303926257,False
9097,0.0019847299836880006,320,1.9391772262752056,False
9098,0.005985201357059126,965,0.8513580430974614,False
9099,0.017316769107677803,2792,0.6377426423452646,False
9100,0.004955622678020976,799,1.0463851647024907,False
9101,0.0020901687640714254,337,0.8867815304934448,False
9102,6.202281199025001e-06,1,0.7620463371276855,False
9103,0.0035104911586481507,566,0.9846154548254115,False
9104,0.003746177844211101,604,0.714989628223394,False
9105,0.0027476105711680757,443,3.1411268288610215,False
9106,0.0008249033994703252,133,1.0633578784483717,False
9107,0.00020467527956782505,33,1.3917302362846606,False
9108,0.0003473277471454001,56,1.3844511296067918,False
9109,0.0016125931117465003,260,5.551011449098587,False
9110,0.0030391177875222506,490,1.2371059422590294,False
9111,0.0009737581482469252,157,1.4090037163655469,False
9112,0.0018730889221055505,302,1.0984070822103134,False
9113,0.0022886417624402257,369,4.657012012592822,False
9114,0.0018420775161104254,297,2.058481210008615,False
9115,0.0004651710899268751,75,2.3773670927683512,False
9116,0.009067735112974552,1462,2.5849495976144086,False
9117,3.101140599512501e-05,5,11.463300323486328,False
9118,0.003082533755915426,497,1.0664051653633655,False
9119,0.0020839664828724005,336,3.119072248893125,False
9120,0.0014079178321786752,227,1.2752885839487487,False
9121,0.0019351117340958004,312,1.3998666994082622,False
9122,0.0019103026092997003,308,1.5667029379250168,False
9123,0.00016125931117465003,26,1.7658307735736554,False
9124,0.0016063908305474753,259,1.119046367733635,False
9125,0.0006822509318927502,110,0.8331080480055375,False
9126,0.0006140258387034752,99,1.2729809031342014,False
9127,0.00025429352916002504,41,1.1332605728288976,False
9128,0.005011443208812201,808,1.0311348063520867,False
9129,0.0019785277024889753,319,0.9126253008468771,False
9130,0.016957036798134355,2734,0.7003573031868477,False
9131,0.0025429352916002505,410,1.5234769379220359,False
9132,0.00013645018637855003,22,1.3755432692441074,False
9133,0.0008062965558732502,130,1.682349050962008,False
9134,0.004019078216968201,648,0.9232612780214827,False
9135,0.0006636440882956752,107,1.4729625889074023,False
9136,0.0008993307738586252,145,9.130356054470457,False
9137,0.0032810067542842257,529,1.0601960129909118,False
9138,0.0019475162964938504,314,1.7360538920019841,False
9139,6.822509318927501e-05,11,3.173901156945662,False
9140,0.0002791026539561251,45,9.856156351831224,False
9141,0.010295786790381503,1660,0.6349357869251665,False
9142,0.0010729946474313252,173,1.3725949002139142,False
9143,0.0018916957657026255,305,1.1496448516845703,False
9144,0.0021335847324646007,344,3.1371207427839902,False
9145,0.0015505702997562505,250,1.6982340626716614,False
9146,0.0004155528403346751,67,1.2294641893301437,False
9147,0.0021707984196587503,350,2.312971018041883,False
9148,0.0016870204861348004,272,2.4062521159648895,False
9149,0.0014265246757757502,230,1.1463508300159289,False
9150,0.013942728135408203,2248,0.8873795555155473,False
9151,0.007610199031203677,1227,1.4123672805574723,False
9152,0.007697030967990026,1241,0.6517017116285351,False
9153,0.02161494997860213,3485,2.6025054971320043,False
9154,0.0007442737438830002,120,1.0521256446838378,False
9155,0.00017366387357270005,28,1.3651489615440369,False
9156,0.0023816759804256007,384,1.5000159945338964,False
9157,0.0006450372446986001,104,1.4914850500913768,False
9158,9.303421798537502e-05,15,2.274333381652832,False
9159,0.00012404562398050004,20,1.5782397270202637,False
9160,0.007238062159262176,1167,1.131496139132476,False
9161,0.003411254659463751,550,1.3929499092969027,False
9162,0.0009737581482469252,157,7.020904418009861,False
9163,0.005724705546700076,923,1.557782161532864,False
9164,0.011195117564240128,1805,2.099351733939469,False
9165,0.0030949383183134756,499,1.1306705319570873,False
9166,0.0025305307292022004,408,1.5433800945094986,False
9167,0.0004403619651307751,71,1.6083287873738248,False
9168,0.00013645018637855003,22,1.3822276592254639,False
9169,0.0038950325929877007,628,5.055900652507308,False
9170,0.0005085870583200501,82,1.3525588861325892,False
9171,0.00020467527956782505,33,1.7128247058752812,False
9172,0.00019847299836880003,32,2.714149810373783,False
9173,0.0004899802147229751,79,4.939324241650255,False
9174,0.0005520030267132251,89,1.3493671377053422,False
9175,0.005885964857874727,949,0.8427190911279966,False
9176,0.0020777642016733757,335,2.2563468214291245,False
9177,0.0008435102430674002,136,1.2520107688272701,False
9178,0.009570119890095577,1543,1.2006616499697476,False
9179,0.00020467527956782505,33,6.7065270091548115,False
9180,0.0014079178321786752,227,1.7488044348057146,False
9181,0.003386445534667651,546,1.2554811444474665,False
9182,0.008410293305877902,1356,1.5404117817723997,False
9183,0.0008683193678635002,140,8.35750777891704,False
9184,7.442737438830002e-05,12,2.0365260740121207,False
9185,0.0008062965558732502,130,1.9251790771117576,False
9186,0.08011486624780595,12917,1.8209441715768222,False
9187,0.0004899802147229751,79,1.96754496007026,False
9188,0.0006822509318927502,110,4.210408393903212,False
9189,0.0026793854779788005,432,1.5868224970720433,False
9190,0.0017304364545279755,279,1.5392592025914074,False
9191,0.00010543878038342502,17,1.5497850951026468,False
9192,0.003708964157016951,598,1.2839003661803179,False
9193,0.0009179376174557002,148,1.8148278569852985,False
9194,0.003063926912318351,494,0.9231123625025576,False
9195,0.00011164106158245002,18,2.2817070881525674,False
9196,0.0027662174147651507,446,1.2197505636600101,False
9197,1.8606843597075006e-05,3,0.6134970188140869,False
9198,8.062965558732502e-05,13,2.3952710261711707,False
9199,0.0021583938572607006,348,1.7634639914693504,False
9200,6.202281199025001e-06,1,17.879440307617188,False
9201,0.006661250007752852,1074,1.2838825307078867,False
9202,0.0015009520501640503,242,3.4211571093433157,False
9203,0.017868772134391028,2881,1.0483837637459392,False
9204,0.0012404562398050003,200,1.505452481508255,False
9205,0.00039694599673760006,64,1.9190184064209461,False
9206,0.004645508618069726,749,0.8267300278545222,False
9207,0.0006078235575044501,98,1.929259713815183,False
9208,0.0004279574027327251,69,1.3251614242360212,False
9209,0.003405052378264726,549,0.75908692417249,False
9210,0.0022018098256538754,355,2.2926701505419236,False
9211,0.004143123840948701,668,1.5606236543484078,False
9212,0.0009055330550576502,146,1.5705699210297572,False
9213,0.0024312942300178005,392,2.1433660521799203,False
9214,0.010184145728799053,1642,1.0307244784068248,False
9215,0.0011846357090137753,191,3.561427573258964,False
9216,0.0009985672730430252,161,1.1778634098005591,False
9217,0.0027103968839739256,437,14.92869022018031,False
9218,0.0023506645744304755,379,1.5837174317453027,False
9219,0.0005147893395190752,83,2.236099705638656,False
9220,0.0015257611749601504,246,1.34574929388558,False
9221,0.005489018861137126,885,0.914950070138705,False
9222,0.00017986615477172505,29,1.6687504834142224,False
9223,0.0027538128523671005,444,1.9437148023296047,False
9224,0.00014265246757757502,23,1.9113066507422405,False
9225,0.0027290037275710007,440,1.3408524992791089,False
9226,0.0031383542867066505,506,1.2579111977528206,False
9227,0.0024374965112168257,393,1.8223834310779135,False
9228,0.004571081243681426,737,1.443548649266423,False
9229,0.006481383852981126,1045,1.3485416266336396,False
9230,0.0011226128970235252,181,1.177063573131245,False
9231,0.0012776699269991503,206,2.260908443950912,False
9232,0.0018854934845036005,304,1.203952162673599,False
9233,0.0004465642463298001,72,4.63042430082957,False
9234,0.0019537185776928754,315,7.880604368542868,False
9235,0.004074898747759426,657,1.7462430813178262,False
9236,0.20705695554825065,33384,1.1670763594853402,False
9237,0.0023692714180275506,382,1.3659566257012452,False
9238,0.0009675558670479002,156,15.89535895601297,False
9239,0.004167932965744801,672,1.9219648282797563,False
9240,0.002722801446371976,439,0.9776189131725893,False
9241,0.0022204166692509505,358,1.8728908833178728,False
9242,0.015282420874397603,2464,0.9176492818764278,False
9243,0.0020529550768772753,331,1.4880612206242956,False
9244,0.0028902630387456505,466,2.528743831129033,False
9245,0.025243284480031755,4070,0.5258451578950999,False
9246,0.009166971612158951,1478,6.848656058230807,False
9247,0.003783391531405251,610,0.8831401074518923,False
9248,0.0028530493515515004,460,1.015730543240257,False
9249,0.0016932227673338255,273,1.6422000053601387,False
9250,0.00024188896676197505,39,1.741205945993081,False
9251,0.0006078235575044501,98,10.013854149652987,False
9252,0.003864021186992576,623,1.0469212815237274,False
9253,0.0014327269569747753,231,1.5798385334221317,False
9254,0.00013024790517952503,21,2.804892891929263,False
9255,0.0024995193232070756,403,4.5733209880942445,False
9256,0.004335394558118476,699,1.2098252258246207,False
9257,0.0023382600120324254,377,1.0885097917258266,False
9258,0.0019847299836880006,320,3.7023461796343327,False
9259,0.00015505702997562504,25,4.349581394195557,False
9260,0.004391215088909701,708,0.8103399115093683,False
9261,0.0004775756523249251,77,2.301013726692695,False
9262,0.0008993307738586252,145,2.447690521437546,False
9263,0.0020653596392753255,333,2.00129353964293,False
9264,0.0009055330550576502,146,1.7544450572092238,False
9265,0.0004961824959220001,80,4.603611548244953,False
9266,0.0024312942300178005,392,1.5958702804482714,False
9267,0.0009737581482469252,157,1.4027632649537105,False
9268,0.0008683193678635002,140,1.0857437184878758,False
9269,0.019723254212899506,3180,1.8870379753832547,False
9270,0.00025429352916002504,41,5.1866354040983245,False
9271,0.0028964653199446758,467,2.5302865959592244,False
9272,0.0016311999553435754,263,1.3893809953116645,False
9273,0.004986634084016101,804,0.8306989634214942,False
9274,0.0022576303564451005,364,1.771602858881374,False
9275,1.2404562398050002e-05,2,0.7762107849121094,False
9276,8.683193678635003e-05,14,0.9951815264565604,False
9277,1.2404562398050002e-05,2,1.1800419092178345,False
9278,0.005526232548331276,891,0.7510196656891794,False
9279,0.003963257686176976,639,0.9095316050757825,False
9280,0.0008187011182713002,132,1.544910161784201,False
9281,0.0009055330550576502,146,1.0789645763292706,False
9282,0.0017924592665182254,289,1.3594667565038872,False
9283,0.0006202281199025002,100,1.433871204853058,False
9284,0.0017614478605231004,284,1.0698118394529317,False
9285,0.0003101140599512501,50,2.1522223424911497,False
9286,0.00014885474877660004,24,1.823143760363261,False
9287,3.101140599512501e-05,5,22.477602529525758,False
9288,0.003975662248575026,641,2.281858651016878,False
9289,6.202281199025001e-06,1,1.0003082752227783,False
9290,1.8606843597075006e-05,3,1.1284801562627156,False
9291,9.923649918440002e-05,16,1.0979748144745827,False
9292,0.0,0,0.0,True
9293,0.006878329849718727,1109,0.9971282951889864,False
9294,0.0025863512599934254,417,1.5425840710564482,False
9295,0.003640739063827676,587,0.9367330559676916,False
9296,0.0020529550768772753,331,0.8928836789376066,False
9297,0.0006946554942908002,112,6.315101968390601,False
9298,0.0075915921876066016,1224,0.743925026039672,False
9299,0.0008062965558732502,130,3.7093341258855967,False
9300,4.961824959220001e-05,8,1.082258552312851,False
9301,0.0016870204861348004,272,1.4417218662360136,False
9302,4.961824959220001e-05,8,3.874417021870613,False
9303,0.0029584881319349257,477,0.9308410163195628,False
9304,0.0019165048904987254,309,2.1443407466110673,False
9305,0.00032251862234930007,52,1.6050287164174593,False
9306,0.00021087756076685005,34,2.633739005116855,False
9307,0.0034360637842598507,554,0.9139680518140001,False
9308,0.00027290037275710005,44,1.3380640772255985,False
9309,0.018209897600337404,2936,0.8298423974406817,False
9310,0.002760015133566126,445,2.068213051356626,False
9311,0.0019723254212899504,318,1.2900276521466814,False
9312,0.0016870204861348004,272,1.6947921759942,False
9313,0.00025429352916002504,41,1.4331698185060082,False
9314,0.049971779620544436,8057,5.2874748586972125,False
9315,0.008925082645396976,1439,0.9332327136900626,False
9316,0.003578716251837426,577,1.332612380824428,False
9317,0.0017490432981250503,282,2.3821547411857766,False
9318,0.0015567725809552753,251,1.3781779192358374,False
9319,0.0012838722081981752,207,1.860179691498982,False
9320,0.006686059132548951,1078,1.7902879108966834,False
9321,0.0025615421351973255,413,3.8673195931293773,False
9322,0.003677952751021826,593,1.183217418535564,False
9323,1.8606843597075006e-05,3,3.978033264478048,False
9324,0.012379753273253902,1996,1.882224897344509,False
9325,0.0024374965112168257,393,3.9619236268463327,False
9326,0.0017862569853192003,288,2.4986350871622562,False
9327,0.0004899802147229751,79,3.1705131349684317,False
9328,3.721368719415001e-05,6,2.1157477299372354,False
9329,0.009018116863382351,1454,0.7310832415847044,False
9330,0.0004527665275288251,73,1.525933365299277,False
9331,0.0025181261668041507,406,1.853544674483426,False
9332,0.0020963710452704507,338,8.921679892130857,False
9333,0.0021397870136636256,345,1.0556428142215895,False
9334,0.0006760486506937252,109,1.1944349151138867,False
9335,0.0019537185776928754,315,2.047456465827094,False
9336,0.0010729946474313252,173,1.1704860339964056,False
9337,0.0024933170420080504,402,3.919617107258507,False
9338,0.0004341596839317501,70,10.072212324823653,False
9339,6.822509318927501e-05,11,2.0550134723836724,False
9340,0.03938448561380876,6350,0.9442452786663386,False
9341,0.00024188896676197505,39,1.3141121986584785,False
9342,0.0010109718354410753,163,2.4157711245530953,False
9343,0.0003597323095434501,58,1.4824317529283721,False
9344,0.003578716251837426,577,0.7971158643322553,False
9345,4.341596839317501e-05,7,4.725267444338117,False
9346,0.0007566783062810502,122,1.84244746458335,False
9347,0.0031135451619105506,502,1.0492576916379284,False
9348,0.00011784334278147503,19,2.6732266200216195,False
9349,0.011852559371336778,1911,1.8893155587524222,False
9350,0.0014513338005718503,234,1.032229596733028,False
9351,0.0005954189951064002,96,3.721960060298443,False
9352,0.0003287209035483251,53,11.02391775823989,False
9353,0.0003287209035483251,53,1.0861975674359303,False
9354,0.0032872090354832506,530,1.0543423922556752,False
9355,0.0037027618758179257,597,1.0914128138192336,False
9356,0.0070581960044904515,1138,0.8492708474345283,False
9357,0.0024126873864207254,389,3.1528193984362645,False
9358,0.0006760486506937252,109,5.711674261530605,False
9359,0.0018048638289162753,291,1.4256364082552724,False
9360,0.0037957960938033008,612,0.8824241161346436,False
9361,0.0017924592665182254,289,1.166289441725787,False
9362,0.0014699406441689253,237,0.8910369088378134,False
9363,0.00021707984196587504,35,4.183406203133719,False
9364,0.00026049581035905006,42,2.4792528663362776,False
9365,0.0008931284926596002,144,1.2239391009012859,False
9366,0.0032686021918861756,527,19.111031931310723,False
9367,0.0009985672730430252,161,6.383397774666733,False
9368,0.0010667923662323003,172,5.711070523705593,False
9369,0.0005768121515093252,93,1.238158449049919,False
9370,0.0048563861788365765,783,1.4868614828906297,False
9371,0.003969459967376001,640,1.5238986920565367,False
9372,0.004012875935769176,647,1.1222723626648257,False
9373,0.00032251862234930007,52,2.2499188436911655,False
9374,0.0004775756523249251,77,0.819617096479837,False
9375,0.00020467527956782505,33,1.8389457680962302,False
9376,0.0025553398539983007,412,2.363718294981614,False
9377,0.0031879725362988507,514,1.166371401645794,False
9378,0.0023196531684353504,374,1.1534998126845946,False
9379,5.582053079122501e-05,9,1.6392299996482,False
9380,0.008552945773455478,1379,1.2978472996657098,False
9381,0.016535281676600653,2666,0.6723053149504493,False
9382,0.0018916957657026255,305,0.9105065705346279,False
9383,0.010841587535895703,1748,0.8257935674566972,False
9384,0.0005147893395190752,83,2.651874206152307,False
9385,0.0012838722081981752,207,2.8840634995612544,False
9386,0.0032686021918861756,527,0.9176026033043183,False
9387,0.0016311999553435754,263,6.86260710832284,False
9388,0.0019165048904987254,309,1.1337185469260107,False
9389,0.0022018098256538754,355,1.45313214718456,False
9390,0.0008062965558732502,130,5.374194485407609,False
9391,0.0014761429253679504,238,4.58847610489661,False
9392,0.003994269092172101,644,7.611469112197805,False
9393,0.0009055330550576502,146,3.2898036470151926,False
9394,0.0019971345460860503,322,1.147205290587052,False
9395,5.582053079122501e-05,9,2.3442797131008573,False
9396,0.008881666677003802,1432,0.7628716766501272,False
9397,0.005228523050778076,843,0.8212050885350961,False
9398,0.0020529550768772753,331,1.428024092109542,False
9399,0.009390253735323852,1514,1.2277266629620933,False
9400,0.0013955132697806253,225,4.153707491556803,False
9401,0.015232802624805404,2456,0.6082500155274954,False
9402,0.0029584881319349257,477,3.3562958213018423,False
9403,0.0018668866409065254,301,1.2493097813818541,False
9404,0.0006884532130917751,111,2.9458514580855497,False
9405,0.0024374965112168257,393,1.2111796653301055,False
9406,0.0008807239302615502,142,1.6841506420726506,False
9407,0.0012218493962079253,197,1.072220248619312,False
9408,0.00016125931117465003,26,3.0042202289287863,False
9409,0.00029150721635417507,47,2.5685477282138582,False
9410,0.0017428410169260254,281,1.2443586587905884,False
9411,0.00016746159237367503,27,1.1608569666191384,False
9412,0.0013582995825864753,219,1.8969413287019077,False
9413,0.05870459154877164,9465,5.601694217284899,False
9414,0.00027290037275710005,44,2.242997640913183,False
9415,0.0020095391084841005,324,1.4667663920072862,False
9416,0.0010047695542420502,162,4.358961823545856,False
9417,0.007293882690053401,1176,0.8209801791679292,False
9418,0.003913639436584776,631,0.8276999287673297,False
9419,0.0019413140152948255,313,1.6085526295744192,False
9420,0.007808672029572476,1259,0.5367632203863385,False
9421,0.004447035619700926,717,1.1671494307045824,False
9422,0.0015071543313630753,243,4.499237851350887,False
9423,0.00011164106158245002,18,1.855420966943105,False
9424,0.00012404562398050004,20,1.4299827635288238,False
9425,0.0023320577308334005,376,1.3773564233424815,False
9426,0.0004899802147229751,79,3.8184349340728567,False
9427,0.00015505702997562504,25,7.7411661624908445,False
9428,0.00020467527956782505,33,2.7842351017576275,False
9429,0.0015009520501640503,242,1.2645166930088327,False
9430,0.0038019983750023256,613,1.2473065392228169,False
9431,3.101140599512501e-05,5,2.578572940826416,False
9432,0.0020095391084841005,324,1.8682906219252833,False
9433,0.011288151782225503,1820,0.8808015246967693,False
9434,0.003008106381527126,485,1.0986448474766053,False
9435,8.062965558732502e-05,13,0.9881807473989633,False
9436,0.0053339618311615015,860,0.8560988758885584,False
9437,0.00024188896676197505,39,2.166237351221916,False
9438,0.0003287209035483251,53,7.563187225809637,False
9439,0.0019909322648870255,321,1.9248461827310817,False
9440,3.721368719415001e-05,6,2.303701957066854,False
9441,6.202281199025001e-06,1,11.701111793518066,False
9442,0.0026483740719836757,427,2.1696424729930155,False
9443,0.0014079178321786752,227,1.433035819015839,False
9444,0.0017304364545279755,279,0.948606597907227,False
9445,0.0034918843150510757,563,1.5548500464186998,False
9446,0.0018544820785084755,299,1.4147417373880495,False
9447,4.341596839317501e-05,7,3.892803805215018,False
9448,0.0013024790517952502,210,1.3101215339842296,False
9449,0.012559619428025628,2025,0.8224717586423144,False
9450,0.00019847299836880003,32,12.362178608775139,False
9451,0.00021707984196587504,35,1.8187173843383788,False
9452,0.0007876897122761752,127,3.337052212925408,False
9453,0.0025925535411924507,418,1.602861152596451,False
9454,0.003814402937400376,615,1.3349111841946113,False
9455,0.0022948440436392505,370,1.0560186102583602,False
9456,0.0018482797973094504,298,5.807055868558436,False
9457,0.012367348710855854,1994,0.7843511059147903,False
9458,0.0025181261668041507,406,2.457769064774067,False
9459,0.0027041946027749008,436,1.2106414891164237,False
9460,0.00028530493515515004,46,1.168243996475054,False
9461,0.0011412197406206002,184,0.8412870829520018,False
9462,0.0003597323095434501,58,13.873373933907214,False
9463,0.003008106381527126,485,0.8000998973846436,False
9464,0.0030329155063232257,489,1.0284652066377042,False
9465,0.00014885474877660004,24,2.109556198120117,False
9466,0.007120218816480702,1148,0.6542472897506342,False
9467,0.0018978980469016504,306,0.6402580761441997,False
9468,0.004502856150492151,726,1.1447663195533857,False
9469,0.0066364408829567515,1070,2.2211334970509893,False
9470,0.0002666980915580751,43,1.0233140324437342,False
9471,0.00014265246757757502,23,2.8460301316302754,False
9472,0.0013210858953923252,213,3.2266971426950373,False
9473,0.0018792912033045754,303,2.2494073834749733,False
9474,0.0006884532130917751,111,4.2339824148126555,False
9475,0.011232331251434278,1811,0.760428078460272,False
9476,0.00039694599673760006,64,1.373066870495677,False
9477,0.0028344425079544254,457,1.623743846066932,False
9478,0.0015257611749601504,246,4.059809804931889,False
9479,0.006723272819743101,1084,1.2718998548949336,False
9480,0.0009799604294459501,158,1.3192962800400168,False
9481,0.0006698463694947001,108,1.1114817879818104,False
9482,0.0025367330104012257,409,0.8774823396305,False
9483,0.0010729946474313252,173,1.3693736908752794,False
9484,0.0022638326376441253,365,1.5596234511022697,False
9485,0.0004837779335239501,78,3.9828282044484067,False
9486,0.005327759549962476,859,0.6743936588655944,False
9487,0.0007938919934752001,128,2.4111059587448835,False
9488,0.00039694599673760006,64,2.0031973719596863,False
9489,0.004521462994089226,729,0.720743147597555,False
9490,0.0018172683913143255,293,1.0593204042610456,False
9491,0.0012590630834020753,203,2.6888865120892453,False
9492,0.006468979290583076,1043,0.9426806953700826,False
9493,0.009700367795275102,1564,1.069473621561704,False
9494,0.0019413140152948255,313,1.863694734085863,False
9495,0.009557715327697527,1541,2.0341157585208407,False
9496,0.0005023847771210251,81,7.075612907056455,False
9497,0.0019599208588919003,316,1.2688529295257376,False
9498,6.202281199025002e-05,10,1.296091651916504,False
9499,6.202281199025002e-05,10,1.4120627403259278,False
9500,0.0005768121515093252,93,1.7512406790128319,False
9501,0.00011784334278147503,19,2.3476311282107702,False
9502,0.0002977094975532001,48,1.879627821346124,False
9503,0.015772401089120577,2543,0.8661294247848145,False
9504,0.0023506645744304755,379,1.281081858914257,False
9505,0.003789593812604276,611,1.1518057914490396,False
9506,0.0003101140599512501,50,7.949786529541016,False
9507,0.0020839664828724005,336,1.712193964492707,False
9508,0.0016001885493484504,258,1.003277860870657,False
9509,0.004360203682914576,703,1.3012166158912193,False
9510,0.006723272819743101,1084,0.9114321940939365,False
9511,0.00022948440436392506,37,1.8447429167257774,False
9512,0.0005830144327083501,94,2.1488997733339352,False
9513,0.0009551513046498502,154,1.2177408608523281,False
9514,2.4809124796100004e-05,4,6.52178767323494,False
9515,0.0024685079172119505,398,1.5759566507147784,False
9516,0.0026607786343817255,429,1.6192097324869295,False
9517,0.0005954189951064002,96,1.228900062541167,False
9518,0.0014265246757757502,230,1.2103803194087484,False
9519,0.0005147893395190752,83,1.090310987219753,False
9520,0.0021583938572607006,348,4.101599352113132,False
9521,0.009247601267746278,1491,0.7179974224006146,False
9522,0.0011102083346254752,179,1.5224867866025957,False
9523,0.00014885474877660004,24,6.96330772837003,False
9524,0.00015505702997562504,25,10.940405807495118,False
9525,0.0013707041449845254,221,1.5028140771442948,False
9526,0.0019041003281006755,307,1.921521618622522,False
9527,0.008534338929858403,1376,0.7164656131766564,False
9528,0.0027165991651729505,438,1.328692860799293,False
9529,0.011368781437812827,1833,1.1166667480385506,False
9530,0.0011908379902128004,192,0.9799223026881615,False
9531,0.0010605900850332753,171,1.3934877852947392,False
9532,0.0016560090801396754,267,1.04840854134006,False
9533,0.00015505702997562504,25,2.0876559734344484,False
9534,0.004670317742865826,753,1.1422880268983473,False
9535,0.007969931340747126,1285,1.329199829361318,False
9536,0.0008497125242664252,137,2.512472508597548,False
9537,0.0022700349188431506,366,1.337047320897462,False
9538,0.0010853992098293751,175,2.083192070552281,False
9539,0.008664586835037926,1397,2.325931262099581,False
9540,0.0018730889221055505,302,1.8940327641190282,False
9541,0.0025925535411924507,418,1.2977399846013082,False
9542,0.0003473277471454001,56,0.7451011879103524,False
9543,0.0010667923662323003,172,1.0505436083605124,False
9544,0.005873560295476676,947,0.9259327855256191,False
9545,0.0017428410169260254,281,1.6029419122641622,False
9546,0.0021583938572607006,348,2.162509661296318,False
9547,0.005569648516724451,898,0.7393504529859547,False
9548,0.005644075891112751,910,1.9494015431666112,False
9549,0.00030391177875222506,49,1.4999595515582027,False
9550,0.010351607321172728,1669,0.6858478212442278,False
9551,0.0033182204414783758,535,2.121978265771242,False
9552,0.0016684136425377254,269,2.5597331320042946,False
9553,0.005743312390297151,926,0.9213308144851585,False
9554,0.0008745216490625251,141,2.2370371615633053,False
9555,0.0019413140152948255,313,2.1670871218934225,False
9556,0.013862098479820877,2235,0.8303288709397284,False
9557,0.008112583808324702,1308,1.1017847039283963,False
9558,0.0006078235575044501,98,1.554131794948967,False
9559,0.005209916207181001,840,0.9183904193696522,False
9560,0.005327759549962476,859,1.3445848158546598,False
9561,0.0010295786790381503,166,1.27139528688178,False
9562,0.00011164106158245002,18,9.482929786046347,False
9563,0.003919841717783801,632,1.4277053358434122,False
9564,0.0008062965558732502,130,1.2018922310609084,False
9565,0.005036252333608301,812,0.8684602171329442,False
9566,0.0021397870136636256,345,0.7654529920522718,False
9567,0.0033430295662744756,539,0.883233608252927,False
9568,0.0004775756523249251,77,3.9869808066974985,False
9569,0.006313922260607451,1018,3.346084733843101,False
9570,0.0005395984643151751,87,5.263365899009266,False
9571,0.005668885015908851,914,1.4747467584891705,False
9572,0.009284814954940428,1497,1.2871786725465346,False
9573,0.0003411254659463751,55,18.513960586894644,False
9574,0.0005333961831161502,86,2.3433635609094488,False
9575,0.0020219436708821506,326,1.7895200091636985,False
9576,3.101140599512501e-05,5,0.7412209510803223,False
9577,0.0028530493515515004,460,0.996663617051166,False
9578,3.101140599512501e-05,5,1.6646766662597656,False
9579,0.0019413140152948255,313,3.2383971001012637,False
9580,0.00013645018637855003,22,1.8752545768564397,False
9581,0.0006450372446986001,104,1.5065653530450969,False
9582,0.004459440182098976,719,1.6890732257190433,False
9583,0.0018296729537123754,295,2.4328488244848736,False
9584,0.0010667923662323003,172,3.9327593002208445,False
9585,0.0015815817057513754,255,0.9189103556614296,False
9586,0.0024250919488187756,391,4.866276201384757,False
9587,0.0006202281199025002,100,1.4052848708629608,False
9588,0.003708964157016951,598,2.1235161138617475,False
9589,0.0009055330550576502,146,3.1881339982764363,False
9590,0.0019723254212899504,318,1.049128034579679,False
9591,0.0024436987924158506,394,0.8592104887599268,False
9592,0.0021335847324646007,344,1.5292922833631204,False
9593,0.0014017155509796504,226,2.0547315589094586,False
9594,0.0012094448338098754,195,2.6959173777164556,False
9595,0.0023010463248382754,371,0.9233049112510167,False
9596,0.00014885474877660004,24,12.857510790228844,False
9597,0.00021087756076685005,34,2.0598379689104416,False
9598,0.0018978980469016504,306,1.1430543127402761,False
9599,0.00016125931117465003,26,14.833609947791466,False
9600,0.005054859177205376,815,1.3996042468065133,False
9601,0.00020467527956782505,33,15.561343431472778,False
9602,0.0008807239302615502,142,5.446195709873253,False
9603,0.005600659922719576,903,0.9941602598129052,False
9604,0.0009117353362566752,147,4.1113253466937,False
9605,0.006816307037728476,1099,1.6241746707001634,False
9606,0.016882609423746055,2722,0.7417102928638107,False
9607,0.0008373079618683752,135,1.161661728223165,False
9608,0.0008807239302615502,142,2.133478429955496,False
9609,0.0005582053079122502,90,1.5968046188354492,False
9610,0.0011350174594215753,183,1.2875538816868932,False
9611,0.0006574418070966502,106,1.9547091744980722,False
9612,0.0004527665275288251,73,1.7093111456257024,False
9613,0.0004465642463298001,72,10.541247349646357,False
9614,0.0009675558670479002,156,4.60228368639946,False
9615,0.007120218816480702,1148,0.8895369996592558,False
9616,0.044662626914179035,7201,0.8934110237018812,False
9617,0.0004341596839317501,70,1.2222026382173812,False
9618,0.004440833338501901,716,1.9327446964865955,False
9619,0.0005023847771210251,81,6.665038077919571,False
9620,0.0019909322648870255,321,1.864676766677809,False
9621,0.0004403619651307751,71,1.8385925897410218,False
9622,0.0003597323095434501,58,2.089498793256694,False
9623,0.0027041946027749008,436,3.195379408127671,False
9624,0.0013396927389894002,216,1.498505633186411,False
9625,0.0011412197406206002,184,1.1264698725679647,False
9626,0.007703233249189052,1242,0.8946937831319665,False
9627,0.01920846487338043,3097,1.083178879062245,False
9628,0.0011784334278147502,190,1.847207374321787,False
9629,0.00017366387357270005,28,2.815396215234484,False
9630,0.0065247998213743014,1052,1.1427764602487078,False
9631,0.00035353002834442507,57,2.0172394242203024,False
9632,0.0019227071716977505,310,0.7137313265954295,False
9633,0.0010047695542420502,162,12.49767929536325,False
9634,0.0019909322648870255,321,3.565793909759165,False
9635,0.0021149778888675257,341,1.120508197116013,False
9636,0.0003783391531405251,61,1.9557506803606377,False
9637,0.0022700349188431506,366,0.9635653039796757,False
9638,0.0023568668556295004,380,2.772783592500185,False
9639,0.009390253735323852,1514,3.041617251607827,False
9640,0.007951324497150051,1282,0.7582472166665445,False
9641,1.2404562398050002e-05,2,4.511435866355896,False
9642,0.006512395258976252,1050,1.5296086033185323,False
9643,0.003963257686176976,639,1.5467750966455642,False
9644,0.0019723254212899504,318,1.7321122288703918,False
9645,0.00014265246757757502,23,2.6875596772069517,False
9646,0.0008807239302615502,142,4.612176722204182,False
9647,0.0016746159237367505,270,2.4832424172648677,False
9648,0.0020653596392753255,333,0.9552792725978313,False
9649,8.062965558732502e-05,13,2.0010479046748233,False
9650,0.0025367330104012257,409,1.429401314346015,False
9651,0.0007194646190869002,116,1.2490450554880603,False
9652,0.003640739063827676,587,1.0562709714119438,False
9653,0.009018116863382351,1454,1.1927947276560116,False
9654,0.0029026676011437006,468,1.5238428872365217,False
9655,0.003770986969007201,608,1.3365117915366824,False
9656,3.101140599512501e-05,5,1.1062651872634888,False
9657,2.4809124796100004e-05,4,9.918776750564575,False
9658,0.00027290037275710005,44,1.2686507864431902,False
9659,0.0016746159237367505,270,1.3601098555105704,False
9660,0.0022328212316490006,360,1.2375932898786333,False
9661,0.004012875935769176,647,0.8178054317256214,False
9662,0.0032127816610949505,518,1.1179823074561748,False
9663,0.0005768121515093252,93,2.808594360146471,False
9664,0.005023847771210251,810,1.0595518521320673,False
9665,0.005656480453510801,912,0.7997697800920721,False
9666,3.721368719415001e-05,6,4.059661348660787,False
9667,0.0005147893395190752,83,8.579592411776623,False
9668,0.0074613442824270765,1203,1.212795878883609,False
9669,0.0034174569406627757,551,1.2317739861413917,False
9670,0.0017986615477172505,290,0.9783872456386171,False
9671,0.0005395984643151751,87,7.510790600173775,False
9672,0.0005147893395190752,83,2.340820099934038,False
9673,0.0020777642016733757,335,1.033711034860184,False
9674,0.0003721368719415001,60,1.0874895493189494,False
9675,0.0009365444610527753,151,1.1186207122360634,False
9676,0.0023816759804256007,384,1.0426367145652573,False
9677,0.00029150721635417507,47,5.238889407604299,False
9678,0.0008683193678635002,140,2.10493848494121,False
9679,0.009117353362566753,1470,1.0554808913444986,False
9680,0.010295786790381503,1660,0.7522788951913995,False
9681,0.0016932227673338255,273,1.5970098972320557,False
9682,0.0008124988370722751,131,2.382966285443488,False
9683,0.0019413140152948255,313,1.9729307467183366,False
9684,0.0015567725809552753,251,4.631633558121336,False
9685,8.062965558732502e-05,13,2.0223363179426928,False
9686,0.0004217551215337001,68,1.4098408572814043,False
9687,3.721368719415001e-05,6,1.6888656616210938,False
9688,9.303421798537502e-05,15,2.8993153969446817,False
9689,0.0011226128970235252,181,1.0107479385249523,False
9690,0.0014017155509796504,226,0.8444847163900865,False
9691,0.0012218493962079253,197,1.9859300936539162,False
9692,0.00014885474877660004,24,1.254345566034317,False
9693,0.0004589688087278501,74,1.3487962838765737,False
9694,0.0010109718354410753,163,0.7650245406144968,False
9695,0.0012218493962079253,197,1.026476046155552,False
9696,0.0017366387357270004,280,1.1189927007470812,False
9697,0.0020653596392753255,333,1.2115610082586248,False
9698,0.0021087756076685004,340,1.855412831025965,False
9699,6.822509318927501e-05,11,2.1026517261158335,False
9700,0.009563917608896553,1542,0.7879840502015347,False
9701,0.00023568668556295006,38,2.1276239062610425,False
9702,0.00013645018637855003,22,1.737223592671481,False
9703,0.00011164106158245002,18,1.879384458065033,False
9704,0.0026855877591778258,433,7.3515999647541355,False
9705,0.0006140258387034752,99,2.4669213583975127,False
9706,0.00023568668556295006,38,3.034677028656006,False
9707,0.0025739466975953757,415,0.9305044260369726,False
9708,0.00019847299836880003,32,1.1582337021827698,False
9709,0.0005582053079122502,90,1.5024109522501627,False
9710,0.007107814254082651,1146,1.48563978622097,False
9711,0.0004155528403346751,67,11.83944456612886,False
9712,0.004465642463298001,720,1.1242772777875265,False
9713,0.0006078235575044501,98,1.988836562146946,False
9714,0.003386445534667651,546,1.1092374455797804,False
9715,0.00012404562398050004,20,2.040785640478134,False
9716,0.00032251862234930007,52,1.9849712390166063,False
9717,0.0003411254659463751,55,2.6244076360355724,False
9718,0.0010978037722274253,177,1.4569097615904727,False
9719,0.003994269092172101,644,1.4142371134728378,False
9720,0.00033492318474735006,54,1.4872739381260343,False
9721,0.0009861627106449752,159,4.5389006737643065,False
9722,0.004453237900899951,718,1.2401393969078913,False
9723,0.0038764257493906257,625,1.0920125717163085,False
9724,0.0012838722081981752,207,1.0793372001049024,False
9725,0.00014885474877660004,24,1.0087913672129314,False
9726,0.0005147893395190752,83,6.250287202467401,False
9727,0.004453237900899951,718,1.0253743248729652,False
9728,0.0032623999106871507,526,1.1551327016417066,False
9729,0.0023506645744304755,379,1.3970291042076253,False
9730,0.0006326326823005501,102,8.51635565477259,False
9731,0.0018730889221055505,302,1.7485624685982206,False
9732,0.00032251862234930007,52,1.7697741939471319,False
9733,0.0012094448338098754,195,1.2606750830625877,False
9734,0.004136921559749676,667,0.8986977601516014,False
9735,0.0035290980022452258,569,1.2179404428009408,False
9736,0.007238062159262176,1167,0.8161083268833242,False
9737,0.0020033368272850756,323,1.2377593583735889,False
9738,0.003864021186992576,623,1.4590696810145247,False
9739,0.0007566783062810502,122,0.96770143118061,False
9740,0.0024561033548139008,396,1.6698757476276822,False
9741,0.004025280498167226,649,1.5216201960764975,False
9742,0.0008745216490625251,141,0.8678615456777261,False
9743,0.0024188896676197507,390,1.0245405460015322,False
9744,0.0014947497689650254,241,1.0646915737524072,False
9745,0.0026049581035905004,420,1.4326378686087473,False
9746,0.0010419832414362003,168,1.0599387316476732,False
9747,0.0009551513046498502,154,1.6531678097588676,False
9748,0.0022080121068529003,356,1.941309320123008,False
9749,0.0011722311466157253,189,1.34290214694997,False
9750,0.0028654539139495506,462,0.9288831185468863,False
9751,0.005265736737972226,849,1.0372846098474113,False
9752,0.005067263739603426,817,0.6803480802580367,False
9753,0.0021397870136636256,345,2.2017914599266604,False
9754,0.005402186924350776,871,1.253958152301276,False
9755,0.0008062965558732502,130,1.5478884605260996,False
9756,0.004161730684545776,671,0.8836020655852317,False
9757,0.0012404562398050003,200,1.631380989551544,False
9758,0.0005023847771210251,81,1.2336387133892672,False
9759,0.0006760486506937252,109,1.3862991486120662,False
9760,0.0005892167139073751,95,1.7001854720868563,False
9761,0.010221359415993203,1648,1.2502984798070296,False
9762,0.00012404562398050004,20,1.0835596084594727,False
9763,0.0009675558670479002,156,7.879782759226286,False
9764,0.0005458007455142001,88,4.059492214159532,False
9765,0.0028344425079544254,457,1.2475011299162517,False
9766,0.0029770949755320007,480,1.5828786273797353,False
9767,0.0027290037275710007,440,0.802160090749914,False
9768,0.0007132623378878751,115,2.315861411716627,False
9769,0.00014265246757757502,23,2.2664165444996045,False
9770,0.0004713733711259001,76,3.243066320293828,False
9771,0.00031631634115027505,51,8.767110567466885,False
9772,0.0022886417624402257,369,3.334509260609221,False
9773,0.00039694599673760006,64,1.366975987330079,False
9774,0.0027041946027749008,436,1.0293961205613722,False
9775,7.442737438830002e-05,12,3.160352478424708,False
9776,0.0007008577754898252,113,2.4180186406701014,False
9777,0.0020033368272850756,323,1.1255185928876186,False
9778,0.007368310064441701,1188,1.2180242313680425,False
9779,0.003826807499798426,617,1.3248069933592983,False
9780,0.00026049581035905006,42,1.8646269128436135,False
9781,0.0022886417624402257,369,2.2546610958207913,False
9782,0.0029150721635417508,470,1.4519106702601656,False
9783,0.0004837779335239501,78,1.0612302193274865,False
9784,0.0010233763978391252,165,1.8010702097054683,False
9785,0.03497466368130198,5639,1.192349126267505,False
9786,0.0006326326823005501,102,6.825020319106532,False
9787,6.202281199025002e-05,10,7.174620914459228,False
9788,0.0018730889221055505,302,1.4464717396837197,False
9789,0.0028096333831583256,453,1.0409209986133028,False
9790,0.0004899802147229751,79,1.8348206658906574,False
9791,0.0015133566125621004,244,7.870259112999087,False
9792,0.004682722305263876,755,0.9699021775201456,False
9793,0.006989970911301177,1127,1.5886666362224264,False
9794,0.003907437155385751,630,0.8481266755906363,False
9795,0.008062965558732501,1300,1.8432284202942482,False
9796,0.0026793854779788005,432,3.5045006711173943,False
9797,0.02694891180976363,4345,1.3415164593585753,False
9798,0.0019909322648870255,321,1.6375976841769115,False
9799,0.005470412017540051,882,0.623232274909679,False
9800,0.0019971345460860503,322,2.912471818627778,False
9801,0.010239966259590278,1651,1.5527311619089128,False
9802,0.0057743237962922765,931,0.717195408428778,False
9803,0.0008745216490625251,141,1.3855638926756297,False
9804,0.0016125931117465003,260,3.3909375296189235,False
9805,0.0032810067542842257,529,0.8943170094985817,False
9806,0.003312018160279351,534,1.018943096368054,False
9807,0.0023258554496343757,375,3.1681565465927126,False
9808,0.0015505702997562505,250,1.3158302621841431,False
9809,4.961824959220001e-05,8,1.0014705061912537,False
9810,0.005606862203918601,904,0.6905655264854431,False
9811,4.961824959220001e-05,8,0.6962641775608063,False
9812,0.004440833338501901,716,1.753563568578752,False
9813,0.0009861627106449752,159,1.0583202996343937,False
9814,0.0023754736992265754,383,1.8228933826750315,False
9815,0.0007008577754898252,113,1.1212784136291098,False
9816,0.0022142143880519256,357,1.4063755120215964,False
9817,0.0007628805874800752,123,1.9633003977256092,False
9818,0.0020095391084841005,324,2.282491182471499,False
9819,6.202281199025002e-05,10,0.7916892290115356,False
9820,0.007473748844825127,1205,0.8534786366822809,False
9821,0.0052595344567732015,848,1.1789161984650594,False
9822,0.006375945072597701,1028,0.7081805893187393,False
9823,3.721368719415001e-05,6,0.9715371529261271,False
9824,0.003119747443109576,503,1.0364871034565313,False
9825,0.00011164106158245002,18,14.008445448345608,False
9826,8.683193678635003e-05,14,13.152133873530797,False
9827,4.341596839317501e-05,7,1.7285974877221244,False
9828,0.006431765603388926,1037,1.3765183819409392,False
9829,0.007362107783242677,1187,6.9403753661265775,False
9830,0.0005023847771210251,81,1.1794377889162229,False
9831,0.0008931284926596002,144,8.440771996974945,False
9832,0.0029646904131339505,478,0.974273962954597,False
9833,1.8606843597075006e-05,3,2.984865665435791,False
9834,0.0013334904577903754,215,1.9467183462409086,False
9835,0.0023010463248382754,371,1.839434511256668,False
9836,0.0003597323095434501,58,1.5273153370824353,False
9837,0.0049308135532248765,795,1.3294817021807785,False
9838,0.0011846357090137753,191,0.9847690110431292,False
9839,0.0019165048904987254,309,1.8074161041901722,False
9840,0.019673635963307304,3172,0.9689258007804803,False
9841,0.0017118296109309005,276,1.7385614747586458,False
9842,0.0027103968839739256,437,1.4949278766012302,False
9843,0.0011412197406206002,184,1.4079654326905375,False
9844,0.00030391177875222506,49,0.8238803780808741,False
9845,0.0019041003281006755,307,1.566044947223477,False
9846,0.021943670882150455,3538,0.9297013226169998,False
9847,7.442737438830002e-05,12,0.916382908821106,False
9848,0.0004589688087278501,74,1.7457274488500647,False
9849,0.0013458950201884253,217,1.0736624634210965,False
9850,0.00013024790517952503,21,2.011888708387102,False
9851,0.03756721722249443,6057,0.7042644356508272,False
9852,0.010587294006735677,1707,5.968409404952972,False
9853,0.0025677444163963504,414,2.036023849450448,False
9854,0.0004899802147229751,79,4.666117891480651,False
9855,0.00018606843597075004,30,1.930019235610962,False
9856,0.002722801446371976,439,1.2817454272902364,False
9857,0.00022328212316490004,36,2.470798432826996,False
9858,0.0012280516774069504,198,0.9096521488343826,False
9859,0.0016622113613387003,268,1.2103567443676848,False
9860,0.004639306336870701,748,1.449141460943987,False
9861,0.0009923649918440003,160,1.1221366301178932,False
9862,0.0008869262114605752,143,1.5781586136851278,False
9863,0.0018854934845036005,304,1.228660821522537,False
9864,0.007337298658446577,1183,0.6889923963119494,False
9865,0.004236158058934076,683,0.6706730994787258,False
9866,0.0012218493962079253,197,1.2797690103501838,False
9867,0.0020777642016733757,335,0.8453296447867777,False
9868,0.00010543878038342502,17,3.976735171149759,False
9869,0.004533867556487276,731,1.2929098351709494,False
9870,0.0022452257940470503,362,1.4343249619995033,False
9871,0.0006140258387034752,99,1.1327037100840096,False
9872,0.0023506645744304755,379,1.026413046904793,False
9873,0.002797228820760276,451,1.0607353546666993,False
9874,0.004757149679652176,767,0.8879207091350133,False
9875,0.00010543878038342502,17,6.913302603889914,False
9876,0.005216118488380026,841,1.5090250679769073,False
9877,0.0005395984643151751,87,9.223383945980292,False
9878,0.00013645018637855003,22,2.1634427959268745,False
9879,0.0026979923215758755,435,1.8590382559546108,False
9880,1.8606843597075006e-05,3,0.8246901035308838,False
9881,0.0005023847771210251,81,0.8457528544060978,False
9882,0.0005830144327083501,94,1.105795276925919,False
9883,0.0005706098703103001,92,8.376350034838138,False
9884,0.0020963710452704507,338,1.6012482519685869,False
9885,0.0027476105711680757,443,2.1984310128618847,False
9886,0.0002480912479610001,40,1.47757688164711,False
9887,0.0033182204414783758,535,1.2985460807229872,False
9888,6.202281199025002e-05,10,0.7758090019226074,False
9889,8.062965558732502e-05,13,1.467883220085731,False
9890,6.822509318927501e-05,11,1.7889863361011853,False
9891,0.006220888042622077,1003,0.8100422493600893,False
9892,0.0007752851498781252,125,6.831793474197387,False
9893,0.0037027618758179257,597,1.5656490144218431,False
9894,0.0016436045177416253,265,1.1593342349214373,False
9895,0.00019227071716977504,31,2.152777002703759,False
9896,0.0012032425526108503,194,1.2373488453245653,False
9897,0.0017986615477172505,290,0.9107444639863639,False
9898,0.006245697167418176,1007,0.7920149544618336,False
9899,0.0026359695095856256,425,11.789487031487857,False
9900,0.00010543878038342502,17,1.331329906688017,False
9901,0.0014823452065669753,239,1.5336878828423792,False
9902,0.0013148836141933004,212,1.2355179910389882,False
9903,0.00019847299836880003,32,2.0791542902588844,False
9904,0.003994269092172101,644,1.1988398221708974,False
9905,0.0009489490234508252,153,4.299488067626953,False
9906,0.056310511005947986,9079,1.1357053774991137,False
9907,4.961824959220001e-05,8,2.7677911818027496,False
9908,0.0033244227226774006,536,1.0835052604105935,False
9909,0.0036097276578325507,582,1.8196691794903417,False
9910,0.0032686021918861756,527,0.8895608152791264,False
9911,0.0019847299836880006,320,1.0859783276915551,False
9912,0.0020963710452704507,338,1.6452208859680673,False
9913,0.0007256669002859252,117,12.027731152681204,False
9914,0.0004837779335239501,78,1.8699754216732123,False
9915,0.005569648516724451,898,0.9379426424115697,False
9916,0.0011474220218196253,185,1.836747525189374,False
9917,0.0021087756076685004,340,2.250808420602013,False
9918,0.0019103026092997003,308,3.092750253228398,False
9919,0.0021707984196587503,350,1.392670910017831,False
9920,0.0016249976741445503,262,1.2222151542437896,False
9921,0.0019661231400909256,317,1.669579349481721,False
9922,0.006332529104204526,1021,0.9922055460213447,False
9923,0.0014885474877660003,240,1.4765988528728484,False
9924,0.0005333961831161502,86,5.529331734014112,False
9925,7.442737438830002e-05,12,1.2011778752009075,False
9926,0.0025677444163963504,414,1.866458789162014,False
9927,0.00015505702997562504,25,1.1408888578414917,False
9928,0.0029832972567310255,481,0.9747393775630642,False
9929,0.0004527665275288251,73,8.120049711776106,False
9930,0.0028096333831583256,453,2.4583231187024652,False
9931,8.683193678635003e-05,14,2.575839034148625,False
9932,0.0018730889221055505,302,0.7892289094577561,False
9933,0.00035353002834442507,57,2.3416315693604317,False
9934,0.0003597323095434501,58,6.514227690367863,False
9935,0.006642643164155777,1071,0.9197310911618473,False
9936,0.0029646904131339505,478,2.455916638154864,False
9937,1.8606843597075006e-05,3,1.4906118710835774,False
9938,0.0022390235128480255,361,1.4512325178553194,False
9939,0.0012218493962079253,197,4.952788488513927,False
9940,0.008484720680266202,1368,1.0126046547067096,False
9941,0.004955622678020976,799,1.1480987071990967,False
9942,0.0010667923662323003,172,1.0166364499302798,False
9943,0.005904571701471802,952,1.063683125652185,False
9944,0.00011784334278147503,19,9.285442791487041,False
9945,1.2404562398050002e-05,2,0.8653753995895386,False
9946,0.0002791026539561251,45,1.6046909756130643,False
9947,0.0029212744447407756,471,1.316241025418486,False
9948,0.0037957960938033008,612,1.6544466377083773,False
9949,0.010822980692298628,1745,2.3746422057848604,False
9950,0.0005209916207181001,84,1.5751521700904483,False
9951,7.442737438830002e-05,12,1.0158757865428925,False
9952,0.00028530493515515004,46,2.142314874607584,False
9953,0.0029646904131339505,478,1.253980036559963,False
9954,0.00019227071716977504,31,1.4828008759406306,False
9955,0.0036469413450267007,588,1.2707301493810148,False
9956,0.0020715619204743504,334,1.3573878896450569,False
9957,0.00014885474877660004,24,1.7555286685625713,False
9958,0.0004651710899268751,75,7.494112585385641,False
9959,0.0017428410169260254,281,1.814641677187855,False
9960,0.0027165991651729505,438,1.5463029785787679,False
9961,0.0025801489787944006,416,4.36733243155938,False
9962,0.00032251862234930007,52,7.203754590107844,False
9963,0.0023506645744304755,379,1.6338749800005186,False
9964,0.0023568668556295004,380,1.1516535037442257,False
9965,0.00033492318474735006,54,1.882368635248255,False
9966,3.721368719415001e-05,6,1.9723421335220337,False
9967,0.00021087756076685005,34,11.160338373745189,False
9968,0.0011350174594215753,183,1.0466746886571248,False
9969,0.0005209916207181001,84,1.1082542098703838,False
9970,0.0014761429253679504,238,2.7473044275235727,False
9971,0.0025615421351973255,413,1.6861319160923254,False
9972,0.0021087756076685004,340,2.1718578047612134,False
9973,0.0053711755183556515,866,1.0222557356396118,False
9974,0.0018296729537123754,295,0.8454448926246773,False
9975,0.0003411254659463751,55,1.3054568420756947,False
9976,0.0004403619651307751,71,7.513393939380914,False
9977,0.0019289094528967753,311,1.466424742695603,False
9978,0.0009551513046498502,154,1.0550093542445789,False
9979,0.0006326326823005501,102,9.9413496279249,False
9980,9.303421798537502e-05,15,2.457118193308512,False
9981,0.0013024790517952502,210,10.682302595320202,False
9982,0.0010916014910284002,176,1.2470162361860275,False
9983,0.004254764902531151,686,0.9934210252483802,False
9984,0.006282910854612326,1013,1.8023004569517778,False
9985,0.0004899802147229751,79,2.406335236151007,False
9986,0.006735677382141152,1086,0.9631645051594377,False
9987,0.00013024790517952503,21,20.032615003131685,False
9988,0.00013645018637855003,22,2.644799167459661,False
9989,0.00029150721635417507,47,1.3887425179177142,False
9990,0.0013210858953923252,213,1.0863814650566925,False
9991,0.0049308135532248765,795,0.7458508797411648,False
9992,0.0005706098703103001,92,2.7614531828009565,False
9993,0.0019103026092997003,308,3.5675768236835284,False
9994,0.0009861627106449752,159,1.336639203365494,False
9995,0.0020467527956782505,330,1.7256792368310871,False
9996,0.0024499010736148755,395,1.8178220036663586,False
9997,0.0021707984196587503,350,1.6390038156509399,False
9998,0.0007504760250820251,121,1.7669479787842302,False
9999,0.004248562621332126,685,2.913884434734818,False
10000,0.0012590630834020753,203,1.3998460992803714,False
10001,0.0025615421351973255,413,1.6934680234433375,False
10002,0.010829182973497652,1746,0.936306016142016,False
10003,0.0009985672730430252,161,1.1243715152977416,False
10004,1.2404562398050002e-05,2,11.088643074035645,False
10005,0.0034360637842598507,554,1.2390933295019266,False
10006,0.0026545763531827006,428,1.3431970580158947,False
10007,0.0022948440436392505,370,1.6782965544107797,False
10008,8.683193678635003e-05,14,3.0607122778892517,False
10009,0.002760015133566126,445,0.8374864706832371,False
10010,0.004949420396821951,798,0.8841942862460488,False
10011,0.0013831087073825753,223,2.5643234092558447,False
10012,0.013359713702699854,2154,1.4887081711183794,False
10013,0.0024188896676197507,390,8.075874333809583,False
10014,0.0036097276578325507,582,1.0741642219913785,False
10015,0.0023320577308334005,376,2.412468861075158,False
10016,0.0035290980022452258,569,2.7563599658138096,False
10017,0.005867358014277652,946,1.7173963345382481,False
10018,0.00029150721635417507,47,1.0067001302191552,False
10019,0.008708002803431102,1404,2.4262857654495456,False
10020,0.0003101140599512501,50,1.6021050453186034,False
10021,0.0027848242583622257,449,4.2619700277834,False
10022,0.0016311999553435754,263,1.4196499187230158,False
10023,0.0020529550768772753,331,1.2062735388286163,False
10024,0.0006946554942908002,112,5.567485659250191,False
10025,0.0010853992098293751,175,1.0474352850232806,False
10026,0.0018730889221055505,302,1.846760599423718,False
10027,0.0031569611303037255,509,1.515496563115148,False
10028,0.006258101729816227,1009,0.8344614588470005,False
10029,6.202281199025002e-05,10,2.6443844556808473,False
10030,0.0025181261668041507,406,0.915421651501961,False
10031,3.721368719415001e-05,6,0.7882171074549357,False
10032,4.961824959220001e-05,8,2.3225653171539307,False
10033,0.0009055330550576502,146,1.7102481796316904,False
10034,0.0018358752349114005,296,2.161187712002445,False
10035,0.0007628805874800752,123,1.488204585827463,False
10036,0.015418871060776154,2486,0.787794736154791,False
10037,0.0022514280752460756,363,1.1667128213509383,False
10038,0.0011102083346254752,179,4.760576125629787,False
10039,0.0020219436708821506,326,1.2150518623597784,False
10040,0.0019723254212899504,318,1.7310205769238982,False
10041,0.0028654539139495506,462,1.8976859984459815,False
10042,0.0006450372446986001,104,1.48146757712731,False
10043,0.00023568668556295006,38,3.4708884703485587,False
10044,0.005203713925981976,839,1.9612242091398273,False
10045,0.007765256061179302,1252,7.599720146614142,False
10046,0.0013396927389894002,216,1.4040080143345728,False
10047,0.0003597323095434501,58,2.6891313647401742,False
10048,0.01594606496269328,2571,0.722741769844806,False
10049,0.003690357313419876,595,1.257461356515644,False
10050,0.0029398812883378506,474,1.0012627372258827,False
10051,0.0006264304011015251,101,1.6687406761811512,False
10052,0.02713498024573438,4375,12.675989154924665,False
10053,0.0019227071716977505,310,1.1435141671088433,False
10054,0.0032437930670900757,523,0.8875921424442678,False
10055,0.005799132921088376,935,1.3985657577208657,False
10056,0.0014327269569747753,231,1.3206942979391518,False
10057,0.0009427467422518002,152,1.386024489214546,False
10058,0.0015691771433533252,253,3.63910835345272,False
10059,0.004750947398453151,766,1.4014752818461187,False
10060,0.010605900850332752,1710,1.236094193709524,False
10061,0.003144556567905676,507,0.9043813682872163,False
10062,0.003938448561380876,635,0.724356275843823,False
10063,0.0013769064261835503,222,1.7221931960131671,False
10064,0.0022948440436392505,370,1.8118969131160427,False
10065,0.006041021887850351,974,1.542208691397242,False
10066,0.0017428410169260254,281,5.139299938262994,False
10067,0.0027103968839739256,437,3.9261869702240966,False
10068,0.00032251862234930007,52,1.0748486243761504,False
10069,0.0005830144327083501,94,1.6124622745716826,False
10070,0.0005085870583200501,82,5.837828588194963,False
10071,0.0002480912479610001,40,7.1268781334161755,False
10072,0.00013645018637855003,22,1.3199335715987466,False
10073,0.005563446235525426,897,1.0262484385682853,False
10074,0.005619266766316651,906,3.0553523911282454,False
10075,0.0007690828686791001,124,2.50858302366349,False
10076,0.00024188896676197505,39,2.05835446027609,False
10077,0.0004961824959220001,80,2.172842006385326,False
10078,0.0022700349188431506,366,1.0164495296165592,False
10079,0.0019785277024889753,319,1.2464392394481407,False
10080,0.0023320577308334005,376,1.4281164873787697,False
10081,0.0032313885046920256,521,1.0022254484399953,False
10082,0.024126873864207254,3890,0.644486489577894,False
10083,6.822509318927501e-05,11,2.3955331932414663,False
10084,0.0019971345460860503,322,1.5789494122037235,False
10085,0.0026049581035905004,420,1.19486570812407,False
10086,0.006413158759791851,1034,0.9401072284469753,False
10087,0.0022576303564451005,364,1.1989107479105938,False
10088,0.0009737581482469252,157,1.3558177295004485,False
10089,0.0012466585210040252,201,6.891456058369347,False
10090,0.006723272819743101,1084,5.605078248850094,False
10091,9.923649918440002e-05,16,2.044670544564724,False
10092,0.0022762372000421755,367,3.1424455707664385,False
10093,0.0010605900850332753,171,6.744213762339095,False
10094,0.0033988500970657007,548,1.5813096613779556,False
10095,1.2404562398050002e-05,2,0.566451907157898,False
10096,0.007250466721660227,1169,1.5540545269196824,False
10097,0.0018792912033045754,303,1.8929966566192828,False
10098,0.00017986615477172505,29,2.693410667879828,False
10099,0.0022762372000421755,367,1.4834351617568844,False
10100,0.00033492318474735006,54,0.9622192647722032,False
10101,0.0007566783062810502,122,3.921219880463647,False
10102,0.012057234650904603,1944,1.7543333037890525,False
10103,0.0011288151782225502,182,1.1934470527774685,False
10104,0.0027041946027749008,436,2.1193928281101613,False
10105,0.0008311056806693502,134,2.9801660188988075,False
10106,0.0021832029820568004,352,2.4011577543887226,False
10107,0.0014761429253679504,238,1.8111832492491777,False
10108,0.04394936457629116,7086,1.3451982391038724,False
10109,0.00032251862234930007,52,10.641283901838156,False
10110,0.0018854934845036005,304,9.069558734564405,False
10111,0.0009799604294459501,158,1.7292997633354574,False
10112,0.0012962767705962254,209,1.1603576190163645,False
10113,0.00021707984196587504,35,1.4655003990445818,False
10114,0.0022700349188431506,366,2.2830101811820693,False
10115,0.0027538128523671005,444,1.272313184566326,False
10116,0.003026713225124201,488,1.2324753520918674,False
10117,0.0022762372000421755,367,3.780268156236134,False
10118,0.0004403619651307751,71,0.9742286272451911,False
10119,5.582053079122501e-05,9,2.111165179146661,False
10120,0.0015071543313630753,243,1.4280867419615695,False
10121,0.0010853992098293751,175,1.2612035996573312,False
10122,0.0018544820785084755,299,1.901514858306451,False
10123,0.0014203223945767254,229,1.8184256590089423,False
10124,0.005594457641520552,902,1.0662287418170937,False
10125,9.923649918440002e-05,16,2.1721594780683517,False
10126,0.0006140258387034752,99,1.2136234334020903,False
10127,0.0019723254212899504,318,2.2794613939411237,False
10128,0.0011412197406206002,184,1.2587136399486791,False
10129,0.0012218493962079253,197,1.6271743120880902,False
10130,0.0007070600566888501,114,1.0747231391438268,False
10131,0.0005395984643151751,87,7.101518181548721,False
10132,0.0056626827347098264,913,4.7323359446875495,False
10133,0.003578716251837426,577,1.1748607575996703,False
10134,0.0025739466975953757,415,2.518844202340367,False
10135,0.003200377098696901,516,1.0767447384752968,False
10136,0.0006512395258976251,105,1.402172631309146,False
10137,0.0009923649918440003,160,1.787588857114315,False
10138,0.0019971345460860503,322,1.5801160983417346,False
10139,0.0024809124796100006,400,1.873985469341278,False
10140,0.0005333961831161502,86,1.7408494228540465,False
10141,0.16845395736551905,27160,1.0807499993707717,False
10142,0.0030391177875222506,490,0.7639555658612932,False
10143,0.0021087756076685004,340,1.4155867029638851,False
10144,0.0024995193232070756,403,1.6802625490477303,False
10145,0.003101140599512501,500,1.0439376196861267,False
10146,0.006518597540175276,1051,1.0135078366657986,False
10147,0.0017056273297318754,275,5.197577088962902,False
10148,0.0005892167139073751,95,7.551219020391765,False
10149,0.014054369196990654,2266,0.5949494058014752,False
10150,0.010115920635609777,1631,0.8348071053304386,False
10151,0.0012714676458001253,205,3.3587317966833345,False
10152,0.0005458007455142001,88,1.927502224391157,False
10153,0.0004527665275288251,73,0.8897202080243254,False
10154,0.0017428410169260254,281,2.48464149851816,False
10155,0.004571081243681426,737,1.0649747078583716,False
10156,0.0007814874310771502,126,1.972329176607586,False
10157,0.00018606843597075004,30,1.8121943910916647,False
10158,0.020479932519180555,3302,2.144487315131129,False
10159,0.00021087756076685005,34,13.120251795824837,False
10160,6.822509318927501e-05,11,16.64516416462985,False
10161,0.006394551916194776,1031,1.877514828187996,False
10162,0.0038019983750023256,613,0.9976827055945093,False
10163,0.005606862203918601,904,2.0944928547977346,False
10164,0.0008807239302615502,142,2.2604954536532014,False
10165,0.006189876636626951,998,1.0635460899444764,False
10166,0.0014699406441689253,237,0.9536266518041554,False
10167,0.0017676501417221253,285,1.1746414786890933,False
10168,8.062965558732502e-05,13,1.9568442381345308,False
10169,0.0002977094975532001,48,1.7893918802340825,False
10170,0.009371646891726777,1511,0.9996099667703766,False
10171,0.0017118296109309005,276,1.006723946419315,False
10172,0.0028840607575466256,465,1.421414348130585,False
10173,5.582053079122501e-05,9,0.8665422598520914,False
10174,0.005557243954326402,896,1.2717911920377187,False
10175,0.008776227896620376,1415,0.7596987060439039,False
10176,0.0016684136425377254,269,1.7306156326847006,False
10177,0.0005395984643151751,87,5.256758028063281,False
10178,0.008044358715135426,1297,0.709313761020681,False
10179,0.007027184598495327,1133,0.8423808645802268,False
10180,0.00015505702997562504,25,10.224599075317382,False
10181,0.0027910265395612506,450,0.8631711451212565,False
10182,0.0010109718354410753,163,1.9473561033880784,False
10183,0.00018606843597075004,30,1.4399910926818849,False
10184,0.0006574418070966502,106,1.241999106587104,False
10185,0.003932246280181851,634,4.961467335464826,False
10186,0.0022018098256538754,355,1.984441905626109,False
10187,0.0022018098256538754,355,1.5296033993573257,False
10188,0.0016622113613387003,268,2.215018742120088,False
10189,0.003640739063827676,587,0.8134590610734852,False
10190,0.005495221142336151,886,0.9911719767826674,False
10191,0.0011908379902128004,192,5.119133879741033,False
10192,0.0004713733711259001,76,1.654976515393508,False
10193,0.00023568668556295006,38,1.6841573589726497,False
10194,0.0027910265395612506,450,0.8705656401316325,False
10195,7.442737438830002e-05,12,4.024407734473546,False
10196,0.0009985672730430252,161,1.647531711536905,False
10197,0.0010667923662323003,172,3.9349665711092396,False
10198,0.00021707984196587504,35,1.158756344658988,False
10199,0.0006016212763054251,97,1.2922057220616292,False
10200,0.0021583938572607006,348,1.770545819710041,False
10201,0.0024747101984109753,399,1.683580206151594,False
10202,0.0015443680185572254,249,1.829102454894039,False
10203,1.2404562398050002e-05,2,1.390264630317688,False
10204,0.008261438557101302,1332,1.0484529876852178,False
10205,0.0008993307738586252,145,2.2731848815391804,False
10206,0.0009489490234508252,153,2.6569527784983316,False
10207,0.007504760250820252,1210,2.1063704676864563,False
10208,8.683193678635003e-05,14,1.1318179283823286,False
10209,0.0003845414343395501,62,10.111371386435724,False
10210,0.0017676501417221253,285,1.7184227357830917,False
10211,5.582053079122501e-05,9,2.812125629848904,False
10212,0.02871035967028673,4629,1.9327544012294267,False
10213,0.006419361040990877,1035,1.1237484365269759,False
10214,0.006958959505306051,1122,1.3809307161286979,False
10215,0.011976604995317278,1931,0.9017803121390953,False
10216,0.008906475801799901,1436,2.7101656268234042,False
10217,0.0020901687640714254,337,1.6671830390964135,False
10218,0.003845414343395501,620,1.2842884263684673,False
10219,0.07369550520681507,11882,2.481366415092829,False
10220,0.0021149778888675257,341,1.5678218942233895,False
10221,0.007932717653552976,1279,1.1466752817334376,False
10222,0.0022142143880519256,357,1.9342595368874174,False
10223,6.822509318927501e-05,11,8.831641294739462,False
10224,0.0017180318921299253,277,0.9697734810385032,False
10225,0.0009985672730430252,161,3.0359844139644077,False
10226,0.0023940805428236504,386,1.131713794303064,False
10227,6.202281199025002e-05,10,1.347321105003357,False
10228,0.0023568668556295004,380,3.0679357089494403,False
10229,0.002933679007138826,473,1.108675129065806,False
10230,0.008832048427411601,1424,5.5592719979500504,False
10231,0.0021645961384597254,349,1.7981183808990742,False
10232,0.0029460835695368755,475,2.6068829099755537,False
10233,0.0005768121515093252,93,5.478119727103941,False
10234,0.0023444622932314507,378,0.8044531963489674,False
10235,0.0024747101984109753,399,1.0962561969470261,False
10236,0.0003845414343395501,62,1.5207792578204986,False
10237,0.004329192276919451,698,1.8610608488919058,False
10238,0.007603996750004651,1226,0.6663176612791774,False
10239,0.007889301685159802,1272,0.7643310139014287,False
10240,0.008311056806693503,1340,1.222661630431218,False
10241,0.0010233763978391252,165,1.3435960524009936,False
10242,0.0005085870583200501,82,8.853970582892256,False
10243,0.0004589688087278501,74,6.84959211381706,False
10244,0.0009799604294459501,158,1.1847559296632115,False
10245,3.721368719415001e-05,6,1.3653754989306133,False
10246,0.0019475162964938504,314,1.289291316156934,False
10247,0.0026297672283866007,424,1.9983662324693967,False
10248,9.923649918440002e-05,16,0.9669072329998016,False
10249,0.010984240003473278,1771,0.9054862313321725,False
10250,0.010667923662323003,1720,0.768284824767778,False
10251,6.822509318927501e-05,11,2.8863566788760098,False
10252,0.0011908379902128004,192,3.4203208244095245,False
10253,0.0019041003281006755,307,1.403290700446511,False
10254,0.0018668866409065254,301,2.936926463513675,False
10255,0.0015505702997562505,250,4.455393577575683,False
10256,0.0018234706725133503,294,1.9248769571181057,False
10257,0.005458007455142001,880,0.7247573679143732,False
10258,0.0012590630834020753,203,0.9442966242729149,False
10259,0.0062332926050201265,1005,1.1328288785260707,False
10260,0.0010605900850332753,171,1.3342202330193325,False
10261,0.00018606843597075004,30,1.9175131559371947,False
10262,0.0024002828240226757,387,1.772571100437056,False
10263,0.0020157413896831253,325,1.0645606143657977,False
10264,0.00021707984196587504,35,1.5403270448957171,False
10265,0.0009117353362566752,147,2.979295626789534,False
10266,0.00013645018637855003,22,7.777520884167064,False
10267,0.0022700349188431506,366,1.3996522244208498,False
10268,0.0035911208142354756,579,1.0439156184748253,False
10269,0.00023568668556295006,38,1.4216390158000745,False
10270,0.010760957880308378,1735,0.7742813539092753,False
10271,0.0032437930670900757,523,1.4238304312324888,False
10272,0.0025119238856051254,405,1.3736437414899285,False
10273,7.442737438830002e-05,12,1.0490918656190236,False
10274,0.0024188896676197507,390,1.3941605237814096,False
10275,0.009340635485731653,1506,0.7570503103147307,False
10276,0.0021211801700665505,342,1.8349190096409,False
10277,0.004174135246943826,673,1.2490563029520225,False
10278,0.0006202281199025002,100,1.108675673007965,False
10279,0.00019227071716977504,31,1.3795593861610658,False
10280,0.0020281459520811755,327,2.620771966578399,False
10281,8.062965558732502e-05,13,1.2072612322293794,False
10282,3.101140599512501e-05,5,1.589585304260254,False
10283,0.0017242341733289504,278,1.021749383254017,False
10284,0.0006016212763054251,97,1.5018804675524997,False
10285,0.0020653596392753255,333,3.341746690395,False
10286,0.005495221142336151,886,0.9172292054372232,False
10287,0.00020467527956782505,33,2.0723793398250234,False
10288,0.0004589688087278501,74,2.7975821237306335,False
10289,0.003988066810973076,643,1.65314456000113,False
10290,0.005606862203918601,904,1.9557277742212853,False
10291,0.003919841717783801,632,1.0176049644434,False
10292,0.005842548889481551,942,1.5535569327652075,False
10293,0.005724705546700076,923,1.0880980106758786,False
10294,0.00011784334278147503,19,3.323125625911512,False
10295,0.004676520024064851,754,1.0060143356930356,False
10296,8.683193678635003e-05,14,1.9934686507497514,False
10297,0.0023754736992265754,383,0.9391710042330988,False
10298,0.016138335679863055,2602,1.1817836600207623,False
10299,0.0011660288654167003,188,1.4847144408428923,False
10300,0.0005395984643151751,87,5.455523085320133,False
10301,0.0027724196959641755,447,1.0111101361729156,False
10302,0.004825374772841451,778,0.9557030332732017,False
10303,0.0012404562398050003,200,1.3302449703216552,False
10304,0.0004775756523249251,77,1.8395032758836622,False
10305,0.0005085870583200501,82,1.2177274735962473,False
10306,0.0004031482779366251,65,6.039243232286894,False
10307,4.961824959220001e-05,8,3.642385020852089,False
10308,0.0018110661101153004,292,1.4851465249714786,False
10309,0.00019847299836880003,32,2.805642418563366,False
10310,0.0029957018191290757,483,1.1698795342297288,False
10311,0.0021149778888675257,341,1.043649761907516,False
10312,0.0020839664828724005,336,7.1805577625830965,False
10313,0.0020033368272850756,323,2.0220836655643333,False
10314,0.0006202281199025002,100,1.499424569606781,False
10315,0.0008435102430674002,136,1.331165478510015,False
10316,0.0005147893395190752,83,1.2469675943075893,False
10317,0.004999038646414151,806,1.359245139375218,False
10318,0.0026607786343817255,429,1.3637031953095835,False
10319,4.961824959220001e-05,8,4.046012610197067,False
10320,0.004267169464929201,688,0.751520822907603,False
10321,0.007238062159262176,1167,0.6490260960203823,False
10322,0.0031073428807115258,501,1.134973084379337,False
10323,0.0013024790517952502,210,1.0194039815948124,False
10324,0.0026545763531827006,428,0.8399508890704573,False
10325,0.0005271939019171251,85,1.2823954259648043,False
10326,0.0015567725809552753,251,1.05787171785575,False
10327,0.0009117353362566752,147,4.532789118435918,False
10328,0.0027103968839739256,437,1.5930261371883156,False
10329,0.0004589688087278501,74,2.393053080584552,False
10330,0.009197983018154077,1483,1.1777029199851017,False
10331,0.0011536243030186503,186,0.7137028222442955,False
10332,0.0015877839869504003,256,1.0983787812292576,False
10333,0.004354001401715551,702,3.6755333517351723,False
10334,0.0023072486060373007,372,2.4516820382046443,False
10335,0.0018792912033045754,303,1.1107434565478032,False
10336,0.0017800547041201755,287,4.695203354965104,False
10337,0.0020405505144792256,329,1.1763567996967166,False
10338,0.0022700349188431506,366,1.1352105681362048,False
10339,0.0036097276578325507,582,2.049489491583965,False
10340,9.923649918440002e-05,16,1.3068483397364616,False
10341,0.00033492318474735006,54,12.07269474974385,False
10342,0.0023568668556295004,380,1.9965446290216948,False
10343,0.00011164106158245002,18,4.882060799333784,False
10344,0.0003287209035483251,53,11.645944568346131,False
10345,0.00010543878038342502,17,1.8098239828558529,False
10346,0.0009551513046498502,154,3.687652597953747,False
10347,0.0016560090801396754,267,1.3194871806026844,False
10348,4.961824959220001e-05,8,26.866831123828888,False
10349,0.0007194646190869002,116,1.4989181273970111,False
10350,0.031129249337906482,5019,0.7687005094143232,False
10351,0.00022328212316490004,36,7.397915667957729,False
10352,0.0006760486506937252,109,1.500112740271682,False
10353,0.019326308216161905,3116,1.8274046686096583,False
10354,0.007027184598495327,1133,0.6824714978606113,False
10355,7.442737438830002e-05,12,1.7549851735432942,False
10356,0.009892638512444877,1595,0.7830590493253032,False
10357,0.0003907437155385751,63,3.781482696533203,False
10358,6.202281199025002e-05,10,1.8957228183746337,False
10359,0.0011040060534264502,178,9.317810073327482,False
10360,0.0033368272850754508,538,0.6983668254653761,False
10361,0.004968027240419026,801,9.433530280057262,False
10362,0.0026111603847895257,421,0.9541253273390817,False
10363,0.0014451315193728252,233,1.1972902261136427,False
10364,0.0010357809602371752,167,1.515417395237677,False
10365,0.0011970402714118252,193,1.703187398342271,False
10366,0.0067108682573450516,1082,1.04571941423328,False
10367,4.961824959220001e-05,8,3.141079917550087,False
10368,0.005110679707996601,824,0.9197481801208941,False
10369,0.00026049581035905006,42,8.822559328306289,False
10370,0.0014141201133777003,228,1.0627599170333462,False
10371,0.0022762372000421755,367,0.8947834292939313,False
10372,0.0014947497689650254,241,1.6942134477290869,False
10373,0.0016125931117465003,260,0.9426059979658861,False
10374,0.18877263057352495,30436,1.2447099930072272,False
10375,0.0019661231400909256,317,1.90179985930867,False
10376,0.0019599208588919003,316,2.6405148513709444,False
10377,0.0021894052632558253,353,2.190399449540265,False
10378,0.0015567725809552753,251,1.0603533788506254,False
10379,0.0009861627106449752,159,1.1225571939780277,False
10380,0.007796267467174427,1257,0.9970743792722788,False
10381,0.0025119238856051254,405,1.77613698405984,False
10382,0.00010543878038342502,17,2.9520341368282543,False
10383,0.0006016212763054251,97,3.0720025731116225,False
10384,6.202281199025002e-05,10,12.890435361862183,False
10385,0.0005023847771210251,81,5.435912328001893,False
10386,0.003919841717783801,632,1.4035892973217783,False
10387,0.0007442737438830002,120,3.7227772851785024,False
10388,0.0019351117340958004,312,0.9884101519217858,False
10389,0.005916976263869851,954,1.0600325516434836,False
10390,0.006183674355427927,997,4.253028282071786,False
10391,0.0020033368272850756,323,4.627706345020802,False
10392,0.0012590630834020753,203,2.0992188500653346,False
10393,0.0013396927389894002,216,1.9022260617326807,False
10394,0.0021273824512655754,343,1.0912662414350593,False
10395,0.0018048638289162753,291,1.4202330808868933,False
10396,0.018743293783453553,3022,0.5859319622511898,False
10397,0.0013582995825864753,219,1.2108439696978217,False
10398,0.0009799604294459501,158,1.8925570076024985,False
10399,0.00031631634115027505,51,1.491720157511094,False
10400,0.0007070600566888501,114,2.6759781628324273,False
10401,0.0015009520501640503,242,2.8673284216360613,False
10402,0.0021025733264694755,339,1.3033482522036122,False
10403,0.00021707984196587504,35,8.24388644354684,False
10404,0.0028902630387456505,466,1.7198231427454642,False
10405,0.0025925535411924507,418,1.153530821275483,False
10406,0.0003597323095434501,58,1.3021890212749612,False
10407,0.0019661231400909256,317,1.6646043607489167,False
10408,0.0005147893395190752,83,2.4063874325120307,False
10409,0.003448468346657901,556,3.923359352478878,False
10410,0.004019078216968201,648,0.8715313128483149,False
10411,0.003504288877449126,565,1.0763847078897257,False
10412,0.0027165991651729505,438,1.6672304003206018,False
10413,0.0019103026092997003,308,2.076166829505524,False
10414,0.0006884532130917751,111,1.0169666608174641,False
10415,0.03860920046393063,6225,1.1703712261153991,False
10416,0.004583485806079476,739,1.1293553002632357,False
10417,0.0023072486060373007,372,0.9025421652101702,False
10418,0.0020343482332802003,328,2.816517408301191,False
10419,0.0014203223945767254,229,3.2397672161785276,False
10420,0.013421736514690103,2164,0.5929150123032095,False
10421,0.14244779229800722,22967,1.1609251462738999,False
10422,0.08379281899882778,13510,0.702385665927438,False
10423,0.005216118488380026,841,1.1596011072220047,False
10424,3.721368719415001e-05,6,1.870610276858012,False
10425,0.0007194646190869002,116,8.773519213857321,False
10426,0.0005706098703103001,92,6.388080215972403,False
10427,0.0015939862681494253,257,0.9703423290401118,False
10428,0.0016932227673338255,273,1.3369020481249352,False
10429,0.0013024790517952502,210,1.2455846025830224,False
10430,0.006326326823005502,1020,1.2677089852445267,False
10431,0.008354472775086677,1347,10.019653910340958,False
10432,0.0027165991651729505,438,2.800566159426894,False
10433,0.003808200656201351,614,0.8409553824496192,False
10434,0.006332529104204526,1021,1.167580133320419,False
10435,0.0019661231400909256,317,1.4297076324559161,False
10436,0.0004837779335239501,78,2.2736737666985927,False
10437,2.4809124796100004e-05,4,0.7800996899604797,False
10438,5.582053079122501e-05,9,2.600146677758959,False
10439,0.004285776308526276,691,1.21249457430391,False
10440,0.0043229899957204256,697,1.6623769114315081,False
10441,0.005085870583200501,820,0.622448598175514,False
10442,0.0020343482332802003,328,1.1606607371714057,False
10443,0.0005644075891112751,91,1.7098638041988834,False
10444,0.0070023754736992265,1129,1.0246286333082417,False
10445,0.0007566783062810502,122,6.869503511757147,False
10446,0.0026979923215758755,435,1.566232395172119,False
10447,0.010357809602371752,1670,0.9434510670736165,False
10448,0.004409821932506776,711,2.072637659252612,False
10449,6.202281199025002e-05,10,1.1263188123703003,False
10450,0.0020219436708821506,326,1.0776650123069622,False
10451,0.0025181261668041507,406,2.097735800472974,False
10452,0.0023320577308334005,376,1.8809390553134553,False
10453,0.0017614478605231004,284,1.2699759497608938,False
10454,0.0026855877591778258,433,1.7196328105882464,False
10455,0.00014265246757757502,23,1.3126049456389055,False
10456,0.0017304364545279755,279,1.2624154377154553,False
10457,0.00027290037275710005,44,1.3886612491174177,False
10458,3.721368719415001e-05,6,0.9620683193206787,False
10459,0.00013024790517952503,21,1.2834458351135254,False
10460,0.0015877839869504003,256,1.1636797045357525,False
10461,0.00017366387357270005,28,1.7154952798570906,False
10462,0.004701329148860951,758,1.1881566469147211,False
10463,0.0008435102430674002,136,2.385711676934186,False
10464,0.0014947497689650254,241,1.330317794040031,False
10465,0.0023444622932314507,378,2.9559730783341425,False
10466,0.0026917900403768506,434,0.7301772206609699,False
10467,6.202281199025002e-05,10,2.838549244403839,False
10468,0.0025367330104012257,409,1.0739114497285018,False
10469,0.008218022588708128,1325,1.026909183286271,False
10470,0.0011226128970235252,181,1.3216349986376683,False
10471,0.0021770007008577756,351,1.243599211048876,False
10472,0.0012590630834020753,203,1.2190998780903557,False
10473,0.0021521915760616753,347,0.8535427593703916,False
10474,0.0012652653646011002,204,1.7405643106675615,False
10475,0.0020529550768772753,331,1.7311988975346269,False
10476,8.062965558732502e-05,13,2.239234685897827,False
10477,0.00020467527956782505,33,1.747619917898467,False
10478,0.008627373147843776,1391,0.6881970502248691,False
10479,0.00012404562398050004,20,3.513047730922699,False
10480,5.582053079122501e-05,9,1.7301808463202581,False
10481,3.101140599512501e-05,5,1.4394510746002198,False
10482,0.0033182204414783758,535,1.7027630208808684,False
10483,4.961824959220001e-05,8,1.2816931903362274,False
10484,0.007157432503674852,1154,0.9971287457120687,False
10485,0.0003845414343395501,62,8.760668131612963,False
10486,0.00036593459074247506,59,1.964065325462212,False
10487,2.4809124796100004e-05,4,8.872182697057724,False
10488,0.0016374022365426004,264,1.3267380965478492,False
10489,0.0025863512599934254,417,1.2265753322939792,False
10490,0.0016622113613387003,268,1.2885036286133438,False
10491,8.683193678635003e-05,14,2.669023411614554,False
10492,0.0019041003281006755,307,1.2756466228721197,False
10493,6.202281199025001e-06,1,2.4155571460723877,False
10494,0.003975662248575026,641,0.9884038931122064,False
10495,0.0004031482779366251,65,1.3934870169712947,False
10496,0.00014265246757757502,23,0.3091483686281287,False
10497,0.00031631634115027505,51,9.004550901113772,False
10498,0.0033368272850754508,538,1.144606006189793,False
10499,0.0009923649918440003,160,4.689043970406056,False
10500,0.22877114202603718,36885,1.5354806522277857,False
10501,0.0021583938572607006,348,1.231462380324287,False
10502,0.0021211801700665505,342,1.646462859466062,False
10503,0.0008311056806693502,134,0.9622191840143346,False
10504,0.003374040972269601,544,1.4785354345598642,False
10505,0.0025491375727992754,411,1.2871635151605536,False
10506,0.008273843119499353,1334,0.7044718757026021,False
10507,0.0004465642463298001,72,0.9055690765380859,False
10508,0.0007442737438830002,120,5.7038428048292795,False
10509,0.009669356389279977,1559,0.9368619367508952,False
10510,0.02103193554589378,3391,0.625100919751072,False
10511,0.0014823452065669753,239,1.1797079202021514,False
10512,0.0012342539586059752,199,1.2301773977040047,False
10513,0.0007938919934752001,128,1.8871873132884502,False
10514,0.0006698463694947001,108,5.717877714722245,False
10515,0.003144556567905676,507,1.3954713546783026,False
10516,0.003367838691070576,543,0.8253352567416309,False
10517,0.009272410392542377,1495,0.7973147746312579,False
10518,0.0006202281199025002,100,5.459120370149613,False
10519,0.0007318691814849501,118,3.0615172396271917,False
10520,0.00031631634115027505,51,1.4513530403959984,False
10521,0.00027290037275710005,44,1.4136130755597895,False
10522,0.0017738524229211504,286,1.4662362203731403,False
10523,0.005402186924350776,871,0.8909905802642437,False
10524,0.0019537185776928754,315,0.8833588914265709,False
10525,0.013012385955554453,2098,0.7646782620960014,False
10526,0.0014017155509796504,226,1.0105751631534206,False
10527,1.2404562398050002e-05,2,1.6252195835113525,False
10528,0.003696559594618901,596,1.191246305936135,False
10529,0.0004031482779366251,65,1.2600550504831167,False
10530,1.8606843597075006e-05,3,1.316783348719279,False
10531,0.0004713733711259001,76,2.1018688082695007,False
10532,0.0021087756076685004,340,2.054878428403069,False
10533,0.01909682381179798,3079,0.7615899064007344,False
10534,0.0026235649471875754,423,0.7999048311941449,False
10535,0.00036593459074247506,59,0.9081115197327178,False
10536,0.007219455315665101,1164,0.7913912465072579,False
10537,0.0014141201133777003,228,1.670549800521449,False
10538,0.0030949383183134756,499,2.704614677983439,False
10539,0.0027910265395612506,450,1.9649776220321655,False
10540,0.0026855877591778258,433,1.1863371444904778,False
10541,0.0065434066649713764,1055,0.7474784417175003,False
10542,0.004335394558118476,699,0.9170421972465788,False
10543,0.0021273824512655754,343,1.0819424505483999,False
10544,0.0010543878038342502,170,1.776432984716752,False
10545,4.961824959220001e-05,8,2.3344168663024902,False
10546,0.00014265246757757502,23,1.3461841811304507,False
10547,0.004099707872555526,661,1.8141475818521497,False
10548,2.4809124796100004e-05,4,1.4593879282474518,False
10549,0.00019847299836880003,32,7.137797929346561,False
10550,0.0014017155509796504,226,0.8434371853296736,False
10551,0.0014141201133777003,228,1.083818979430617,False
10552,1.2404562398050002e-05,2,14.387588322162628,False
10553,0.0014265246757757502,230,1.0083886737408845,False
10554,0.0018730889221055505,302,2.282094342819113,False
10555,0.0010481855226352253,169,4.022857790162577,False
10556,0.0004899802147229751,79,5.370751608776141,False
10557,0.003460872909055951,558,0.8642079847260615,False
10558,0.009477085672110202,1528,0.72466885762689,False
10559,0.0004713733711259001,76,8.629388467261666,False
10560,0.0016870204861348004,272,1.1009390985264498,False
10561,0.011523838467788452,1858,0.6695254544523996,False
10562,0.0026669809155807508,430,1.2107926091482473,False
10563,0.0007070600566888501,114,1.1616363870470148,False
10564,0.007870694841562727,1269,2.18606854405715,False
10565,8.683193678635003e-05,14,2.0853487082890103,False
10566,0.012187482556084128,1965,0.7545819231572042,False
10567,0.008292449963096428,1337,0.6953203658515513,False
10568,0.0007380714626839752,119,2.147594270585966,False
10569,0.0015319634561591754,247,1.0731124916539985,False
10570,0.0021025733264694755,339,2.1074543456412345,False
10571,0.0009365444610527753,151,1.482003231711735,False
10572,1.8606843597075006e-05,3,2.5381906827290854,False
10573,0.00016125931117465003,26,2.8855992693167467,False
10574,0.0025677444163963504,414,1.8225331058824696,False
10575,0.0028034311019593007,452,1.2324774645071115,False
10576,0.0019785277024889753,319,1.432478998522026,False
10577,3.721368719415001e-05,6,1.9791580239931743,False
10578,0.003870223468191601,624,1.570172952917906,False
10579,0.0035539071270413256,573,1.4060546748509166,False
10580,0.010022886417624402,1616,1.5308857105746128,False
10581,0.0008000942746742252,129,1.7029967954916547,False
10582,8.683193678635003e-05,14,2.180964861597334,False
10583,0.037133057538562685,5987,1.4878288690845138,False
10584,0.003677952751021826,593,2.010563064586453,False
10585,0.004223753496536026,681,1.3108116369065383,False
10586,0.0006388349634995752,103,4.802378811882537,False
10587,0.009613535858488752,1550,0.7565456402686335,False
10588,0.003926043998982826,633,0.8510163165570058,False
10589,0.057464135308966637,9265,0.6525674407184928,False
10590,0.00015505702997562504,25,2.3789180278778077,False
10591,9.923649918440002e-05,16,2.110405281186104,False
10592,0.0024374965112168257,393,2.941913701802416,False
10593,0.0017242341733289504,278,1.8658918888448812,False
10594,0.004285776308526276,691,1.1579400102584994,False
10595,0.011629277248171878,1875,0.723914766438802,False
10596,0.0019661231400909256,317,2.0736589743887963,False
10597,0.0027910265395612506,450,1.1216606087154812,False
10598,3.721368719415001e-05,6,2.173838973045349,False
10599,5.582053079122501e-05,9,4.696920977698432,False
10600,0.0032251862234930007,520,1.4071403537805265,False
10601,0.010022886417624402,1616,2.902260190263243,False
10602,0.010674125943522027,1721,0.9889084518406018,False
10603,0.00028530493515515004,46,1.1949787839599277,False
10604,0.00022948440436392506,37,14.670708462998673,False
10605,0.0029398812883378506,474,1.3583330114682515,False
10606,0.0022266189504499753,359,1.3673669501599495,False
10607,0.0002791026539561251,45,1.4783091439141167,False
10608,0.0007070600566888501,114,8.388183961834823,False
10609,0.004595890368477526,741,0.910063830464475,False
10610,0.0004775756523249251,77,7.48211822881327,False
10611,0.0010791969286303503,174,2.2758678814460493,False
10612,4.341596839317501e-05,7,1.6777757235935755,False
10613,0.0004527665275288251,73,2.116739942602915,False
10614,0.0013086813329942753,211,0.932808899201488,False
10615,0.0011288151782225502,182,1.368438537959214,False
10616,0.0014141201133777003,228,1.459078103826757,False
10617,0.06041642115970254,9741,1.0461064119283185,False
10618,0.0015505702997562505,250,1.1990303058624268,False
10619,0.00011164106158245002,18,2.3748787111706204,False
10620,0.0007380714626839752,119,7.113309717979751,False
10621,0.0030515223499203007,492,1.15342917844532,False
10622,0.0010667923662323003,172,1.2883306755576023,False
10623,0.0030887360371144507,498,1.0030889396207878,False
10624,0.0035663116894393758,575,1.374664219358693,False
10625,0.0019909322648870255,321,1.6726137165711306,False
10626,0.0016249976741445503,262,0.9204444271007567,False
10627,0.0031879725362988507,514,2.818087725787775,False
10628,0.0009179376174557002,148,9.694073437033472,False
10629,0.003119747443109576,503,2.6468265075569835,False
10630,0.0017180318921299253,277,5.561159451515666,False
10631,0.0019971345460860503,322,1.4845994622070597,False
10632,0.00036593459074247506,59,2.159501791000366,False
10633,0.0005582053079122502,90,1.4916909654935202,False
10634,0.0029460835695368755,475,0.9849696560909874,False
10635,0.006332529104204526,1021,1.079430892581921,False
10636,0.0020901687640714254,337,1.560315986415399,False
10637,0.0011040060534264502,178,1.0635572511158633,False
10638,0.0012280516774069504,198,1.4811672754962035,False
10639,0.004757149679652176,767,0.7663390160850316,False
10640,0.0018048638289162753,291,1.3040569635600978,False
10641,5.582053079122501e-05,9,0.9335432714886136,False
10642,0.005563446235525426,897,2.675663683060951,False
10643,0.0026669809155807508,430,1.170986898555312,False
10644,0.0021459892948626504,346,1.5872552022768582,False
10645,0.00013024790517952503,21,2.495776965504601,False
10646,0.0007504760250820251,121,1.1533485631312221,False
10647,0.0024064851052217006,388,0.8675743596455485,False
10648,0.00021707984196587504,35,2.997489731652396,False
10649,0.003200377098696901,516,0.8200632934422456,False
10650,0.0002480912479610001,40,2.7847652554512026,False
10651,0.0019909322648870255,321,2.1126202512010237,False
10652,0.00014265246757757502,23,1.8887124579885732,False
10653,0.004056291904162351,654,0.8055370874725715,False
10654,0.0022266189504499753,359,1.7574546735598848,False
10655,0.0034360637842598507,554,2.663576204208691,False
10656,0.0009365444610527753,151,1.0663976148264298,False
10657,0.0021707984196587503,350,1.1085571840831212,False
10658,0.00011164106158245002,18,2.5731078849898443,False
10659,0.00023568668556295006,38,1.8060618670363175,False
10660,0.0021025733264694755,339,1.5687571479155955,False
10661,0.003560109408240351,574,1.4246637937499256,False
10662,0.009011914582183327,1453,1.0855808564899547,False
10663,0.00013645018637855003,22,7.421431471001018,False
10664,1.2404562398050002e-05,2,2.546355724334717,False
10665,3.101140599512501e-05,5,1.2586899757385255,False
10666,0.0019289094528967753,311,1.3441155991753582,False
10667,0.0023568668556295004,380,0.8968602337335285,False
10668,0.0025429352916002505,410,1.6663506243287063,False
10669,6.822509318927501e-05,11,1.8869919560172341,False
10670,0.00015505702997562504,25,2.11485089302063,False
10671,0.0024188896676197507,390,2.125304383192307,False
10672,8.683193678635003e-05,14,2.9259177276066373,False
10673,0.0026855877591778258,433,0.9491163852859039,False
10674,0.0030019041003281005,484,0.8585552716058148,False
10675,1.8606843597075006e-05,3,1.0565714836120605,False
10676,0.004242360340133101,684,0.9578892752441049,False
10677,0.00019227071716977504,31,1.7631308878621748,False
10678,0.0018048638289162753,291,1.6372889227064205,False
10679,0.0003287209035483251,53,1.4711757403499675,False
10680,0.006239494886219152,1006,0.9118958924921085,False
10681,0.0005085870583200501,82,1.8074526728653326,False
10682,0.004149326122147726,669,2.2220144086532705,False
10683,0.0027165991651729505,438,1.9720614816500173,False
10684,0.00014885474877660004,24,1.0322055419286091,False
10685,0.0016994250485328503,274,1.1854341112784226,False
10686,6.202281199025001e-06,1,0.21902620792388916,False
10687,6.202281199025001e-06,1,2.728972911834717,False
10688,0.006574418070966501,1060,0.7015861673175164,False
10689,0.0005395984643151751,87,7.822417446936684,False
10690,0.0011040060534264502,178,0.9768596499153738,False
10691,3.101140599512501e-05,5,2.6291746139526366,False
10692,0.0021087756076685004,340,1.0317453678916482,False
10693,0.0004589688087278501,74,2.4178793639750094,False
10694,0.0015319634561591754,247,1.6988817361684947,False
10695,0.0025429352916002505,410,1.9894141615890875,False
10696,0.0022266189504499753,359,1.3678436398838223,False
10697,0.00011784334278147503,19,1.001815118287739,False
10698,0.0019847299836880006,320,2.0082419343292712,False
10699,0.0005644075891112751,91,6.264098150389535,False
10700,0.005185107082384901,836,0.6843276982102098,False
10701,0.0009117353362566752,147,3.892666529635994,False
10702,1.2404562398050002e-05,2,1.2805655002593994,False
10703,0.0004093505591356501,66,1.5267186471910188,False
10704,0.003584918533036451,578,1.4553343519620003,False
10705,0.003615929939031576,583,1.2963412315113467,False
10706,0.00021087756076685005,34,7.112013960585875,False
10707,0.0023878782616246256,385,1.109763224713214,False
10708,0.00010543878038342502,17,4.131685256958008,False
10709,0.0004403619651307751,71,1.4133053245678755,False
10710,0.0024809124796100006,400,1.53015145778656,False
10711,0.0024685079172119505,398,1.7846676839056925,False
10712,0.0010729946474313252,173,1.1786371049164348,False
10713,0.003932246280181851,634,1.0789907548329807,False
10714,0.004037685060565276,651,0.7261336840425952,False
10715,0.0034360637842598507,554,1.3320896552357864,False
10716,0.0017676501417221253,285,1.9664124911291558,False
10717,0.0005892167139073751,95,5.419156339294032,False
10718,0.008534338929858403,1376,0.7047655568566433,False
10719,0.002970892694332976,479,0.9422764031523703,False
10720,0.0026793854779788005,432,1.0478263508390497,False
10721,0.0010109718354410753,163,1.4933565511293938,False
10722,0.0020715619204743504,334,1.2286592243674272,False
10723,0.0034360637842598507,554,13.775643688246662,False
10724,0.0004341596839317501,70,2.576034106527056,False
10725,0.04367026192233504,7041,2.3381912447549187,False
10726,0.0018606843597075004,300,1.1367455891768137,False
10727,0.003256197629488126,525,0.8741915675571986,False
10728,0.0011660288654167003,188,7.217917889990705,False
10729,0.0020095391084841005,324,1.7376513613594904,False
10730,0.0002791026539561251,45,1.2898984538184273,False
10731,0.0016498067989406504,266,2.1227332026438606,False
10732,0.005420793767947851,874,1.0957497846616489,False
10733,0.0008000942746742252,129,1.3948647421459819,False
10734,9.923649918440002e-05,16,12.115677908062935,False
10735,9.303421798537502e-05,15,2.7824305057525636,False
10736,0.004465642463298001,720,4.991968327263991,False
10737,0.0003101140599512501,50,7.925594873428345,False
10738,0.006704665976146026,1081,0.98691741412266,False
10739,0.0031693656927017757,511,1.2527179447405492,False
10740,7.442737438830002e-05,12,1.5897354483604431,False
10741,8.683193678635003e-05,14,2.330951622554234,False
10742,0.003349231847473501,540,0.8705748354947126,False
10743,0.0004651710899268751,75,1.8770930433273316,False
10744,1.8606843597075006e-05,3,3.185819904009501,False
10745,0.0021521915760616753,347,0.8234744738433134,False
10746,0.0019475162964938504,314,1.2376252777257544,False
10747,0.0025305307292022004,408,1.5703995929044836,False
10748,0.0013086813329942753,211,1.7263211559910345,False
10749,0.002797228820760276,451,0.9281339803979032,False
10750,0.0026359695095856256,425,1.4527506671232335,False
10751,3.721368719415001e-05,6,8.072909116744995,False
10752,0.007746649217582227,1249,2.542288905625538,False
10753,0.00016746159237367503,27,1.3139673338996039,False
10754,0.009644547264483877,1555,1.6889386643167477,False
10755,0.0014947497689650254,241,1.6440710319028355,False
10756,0.005433198330345901,876,0.862446384751089,False
10757,0.0017924592665182254,289,1.3618728652544914,False
10758,0.003913639436584776,631,1.0113985440243631,False
10759,0.0008000942746742252,129,3.3029943307240806,False
10760,0.0009613535858488752,155,1.0806008069745956,False
10761,0.0006760486506937252,109,2.7357735972885693,False
10762,0.0030701291935173757,495,1.0632333859048708,False
10763,9.303421798537502e-05,15,1.3652056535085042,False
10764,0.25164515508804136,40573,2.189249656928657,False
10765,0.0004279574027327251,69,9.462369238120923,False
10766,0.0021770007008577756,351,2.989817395848766,False
10767,0.0005768121515093252,93,3.4337408722087903,False
10768,0.0009861627106449752,159,1.622940834213353,False
10769,0.0008993307738586252,145,2.32284888563485,False
10770,0.0020529550768772753,331,1.1246638283628712,False
10771,0.0007442737438830002,120,4.7020132660865785,False
10772,0.0024250919488187756,391,2.741105348557767,False
10773,0.005575850797923477,899,0.8435255937502036,False
10774,0.0014823452065669753,239,7.532447669795368,False
10775,0.0025677444163963504,414,2.2950797826771576,False
10776,0.0029150721635417508,470,2.6262862464214893,False
10777,0.00031631634115027505,51,1.6580235630858178,False
10778,0.0013707041449845254,221,1.6558417022497944,False
10779,0.005123084270394651,826,1.5677519691769783,False
10780,0.00026049581035905006,42,1.425285986491612,False
10781,0.0027041946027749008,436,2.5292256635810255,False
10782,0.0006698463694947001,108,5.111710690789753,False
10783,0.004378810526511651,706,1.5713024983662722,False
10784,0.0022204166692509505,358,2.008054211818972,False
10785,0.0009427467422518002,152,1.6790193570287604,False
10786,0.0016125931117465003,260,1.311764737734428,False
10787,0.0009923649918440003,160,1.3716148748993873,False
10788,0.00014265246757757502,23,2.665276164593904,False
10789,0.0007132623378878751,115,1.621047471917194,False
10790,0.0021832029820568004,352,2.355283807963133,False
10791,2.4809124796100004e-05,4,1.2065669298171997,False
10792,0.00031631634115027505,51,1.5828076063417922,False
10793,0.0009489490234508252,153,1.9288507006526772,False
10794,0.00014885474877660004,24,1.6825954963763554,False
10795,0.008987105457387227,1449,0.714665116483874,False
10796,0.007380714626839752,1190,0.8368529439974232,False
10797,0.00031631634115027505,51,2.237091209374222,False
10798,0.0011350174594215753,183,1.448430461310298,False
10799,0.00015505702997562504,25,1.8983607578277588,False
10800,0.006332529104204526,1021,1.0167670443756223,False
10801,4.961824959220001e-05,8,0.7242472767829895,False
10802,0.0009799604294459501,158,1.6764608847944042,False
10803,0.0021025733264694755,339,2.0668184683386204,False
10804,0.0008062965558732502,130,14.137118787031907,False
10805,0.004136921559749676,667,1.113486611682257,False
10806,0.049097257971481914,7916,5.631808149898938,False
10807,0.00025429352916002504,41,7.506639826588515,False
10808,0.0025181261668041507,406,1.669702859347677,False
10809,0.00027290037275710005,44,1.4476410313086077,False
10810,0.0006760486506937252,109,0.9780257251284538,False
10811,0.0052967481439673515,854,1.5340207050220749,False
10812,0.0003597323095434501,58,5.5181098559807085,False
10813,0.0004465642463298001,72,6.278098937537935,False
10814,0.0016125931117465003,260,1.389611274920977,False
10815,0.0006078235575044501,98,1.267163937189141,False
10816,0.0011970402714118252,193,2.060344041937991,False
10817,0.0014203223945767254,229,0.904254267829995,False
10818,0.00029150721635417507,47,12.559416344825257,False
10819,0.0012280516774069504,198,1.385959804660142,False
10820,0.0005582053079122502,90,13.012648946709103,False
10821,0.0024126873864207254,389,1.86825290069482,False
10822,0.0030515223499203007,492,1.4597019931165183,False
10823,0.0015071543313630753,243,1.1819916394512349,False
10824,0.008019549590339327,1293,0.6710108726041223,False
10825,4.961824959220001e-05,8,4.264575809240341,False
10826,0.0011474220218196253,185,1.5800194817620354,False
10827,0.0004713733711259001,76,7.5525147052187664,False
10828,0.0010667923662323003,172,1.0944966985735782,False
10829,0.0019103026092997003,308,1.0290171805914345,False
10830,0.0008311056806693502,134,1.1538846430493825,False
10831,0.0022948440436392505,370,2.5862492509790367,False
10832,0.0020281459520811755,327,1.2176510503897244,False
10833,0.0007504760250820251,121,0.9147587837266528,False
10834,0.0012156471150089002,196,3.035946258476802,False
10835,0.0014823452065669753,239,1.1338422188698996,False
10836,0.0020467527956782505,330,1.1865135330142398,False
10837,0.0023940805428236504,386,1.896233359149083,False
10838,0.0024126873864207254,389,2.2861503892815205,False
10839,0.0031507588491047006,508,1.0030744122707937,False
10840,0.0009427467422518002,152,1.395862844429518,False
10841,0.0026607786343817255,429,0.9503210041072819,False
10842,0.0006388349634995752,103,8.526786695406274,False
10843,0.0019723254212899504,318,1.149293562526223,False
10844,0.004999038646414151,806,2.7164816940688614,False
10845,0.006313922260607451,1018,4.427021931571436,False
10846,0.00013024790517952503,21,1.5469030198596774,False
10847,0.0018048638289162753,291,2.1547951407448944,False
10848,0.003045320068721276,491,1.0977881704959753,False
10849,0.0003721368719415001,60,1.7900027990341187,False
10850,0.009415062860119953,1518,0.8530477899493594,False
10851,0.006723272819743101,1084,0.8339967437335926,False
10852,0.0003597323095434501,58,2.243432073757566,False
10853,0.0019661231400909256,317,1.3098546849440325,False
10854,0.05196271188543146,8378,1.0362321512600663,False
10855,0.0002977094975532001,48,13.078471091886362,False
10856,0.0006264304011015251,101,5.780457430546827,False
10857,0.0028778584763476008,464,0.8340175675934759,False
10858,0.0027910265395612506,450,1.6348349624209935,False
10859,2.4809124796100004e-05,4,7.855349659919739,False
10860,0.002952285850735901,476,0.868408695990298,False
10861,0.005439400611544926,877,1.4518128542427053,False
10862,0.003733773281813051,602,0.7222823356077125,False
10863,0.0007628805874800752,123,2.175103084827826,False
10864,0.0008497125242664252,137,5.28253790844966,False
10865,0.010010481855226351,1614,0.7121342206385352,False
10866,6.202281199025002e-05,10,2.9987403750419617,False
10867,0.0048935998660307265,789,1.3999296553687903,False
10868,0.0011908379902128004,192,1.2008199399958055,False
10869,0.013049599642748603,2104,0.7619543256868427,False
10870,0.0023010463248382754,371,0.9345238363003795,False
10871,0.004763351960851201,768,0.7680195290595293,False
10872,0.0028096333831583256,453,1.148553105379572,False
10873,0.0002480912479610001,40,8.73909887969494,False
10874,0.0005395984643151751,87,1.7590261793684685,False
10875,0.005092072864399526,821,1.7529700420951146,False
10876,0.0009923649918440003,160,5.793710160255432,False
10877,0.0007008577754898252,113,2.4924193620681763,False
10878,0.018197493037939355,2934,0.7603921025646082,False
10879,0.006419361040990877,1035,6.896001594423672,False
10880,0.0011536243030186503,186,0.7909485454200417,False
10881,0.00031631634115027505,51,9.047178560612249,False
10882,0.0023754736992265754,383,1.1497551068935943,False
10883,0.003864021186992576,623,0.8564064177425869,False
10884,0.005098275145598551,822,0.9750788565679769,False
10885,0.0010295786790381503,166,6.055841703730893,False
10886,0.0016560090801396754,267,1.0876739730549216,False
10887,0.0028034311019593007,452,1.0063165816585575,False
10888,0.0012714676458001253,205,7.5918703590951315,False
10889,0.0021459892948626504,346,1.9936098559743407,False
10890,0.0021087756076685004,340,0.7657043537672829,False
10891,0.0018296729537123754,295,2.0613500724404545,False
10892,0.0021583938572607006,348,1.3271408690803352,False
10893,0.0024623056360129256,397,1.2240628715726531,False
10894,0.0021335847324646007,344,4.567045185455056,False
10895,0.0019971345460860503,322,1.398457239873661,False
10896,0.015449882466771278,2491,2.1118031059197757,False
10897,0.0022204166692509505,358,1.976183495708018,False
10898,0.0004403619651307751,71,5.061225850817183,False
10899,0.006053426450248402,976,1.1887485555938033,False
10900,0.015164577531616128,2445,1.5031815705367637,False
10901,0.004099707872555526,661,0.8405367956579903,False
10902,0.005675087297107876,915,0.9861243117702463,False
10903,0.009204185299353101,1484,0.9852800446379217,False
10904,0.013080611048743728,2109,1.2062729102505956,False
10905,0.0019041003281006755,307,1.4497489905900987,False
10906,0.0025305307292022004,408,1.9109403315712423,False
10907,0.010333000477575653,1666,0.7597217479673755,False
10908,0.0012962767705962254,209,1.8531938386305669,False
10909,0.005228523050778076,843,1.7251889872522683,False
10910,0.0013582995825864753,219,1.5703014989966126,False
10911,0.00035353002834442507,57,1.797178030014038,False
10912,0.0035104911586481507,566,0.9260160554424192,False
10913,0.005445602892743952,878,1.0832950574661986,False
10914,0.0003287209035483251,53,2.7307469439956376,False
10915,0.006574418070966501,1060,1.0080421168849154,False
10916,0.0014203223945767254,229,5.680747857260392,False
10917,0.06155143861912411,9924,1.084663444928035,False
10918,0.0009799604294459501,158,1.067139441453958,False
10919,0.0016436045177416253,265,2.4279080022056148,False
10920,0.0024685079172119505,398,1.8106949299424138,False
10921,0.010661721381123977,1719,1.3150523409308077,False
10922,0.00032251862234930007,52,1.3102215322164388,False
10923,0.0011908379902128004,192,1.5920653982708852,False
10924,0.005575850797923477,899,1.0329136185439198,False
10925,0.0025677444163963504,414,2.030745011596864,False
10926,0.0004279574027327251,69,1.1728251429571621,False
10927,0.0013086813329942753,211,5.6100835003559055,False
10928,1.8606843597075006e-05,3,2.336598038673401,False
10929,0.0011784334278147502,190,1.4108786193948044,False
10930,0.0018730889221055505,302,1.555810737294077,False
10931,0.0003101140599512501,50,13.258695006370544,False
10932,0.0007442737438830002,120,6.815670557816824,False
10933,0.0012466585210040252,201,1.0503831763765705,False
10934,6.202281199025001e-06,1,19.720684051513672,False
10935,0.0035725139706384006,576,1.1671575498249795,False
10936,0.00012404562398050004,20,1.440122163295746,False
10937,0.0018358752349114005,296,1.0811102474863465,False
10938,0.0009117353362566752,147,1.6886278171928562,False
10939,0.0010047695542420502,162,4.814436677061481,False
10940,0.0016125931117465003,260,0.9612495527817653,False
10941,0.0007132623378878751,115,1.6212386856908383,False
10942,0.0032499953482891006,524,1.154113304069024,False
10943,0.0026111603847895257,421,2.1035501220730306,False
10944,0.0021025733264694755,339,2.244846390411917,False
10945,0.0012280516774069504,198,1.8848108474654381,False
10946,0.0014947497689650254,241,1.3050944122536055,False
10947,0.0019351117340958004,312,2.4094350047600575,False
10948,0.0024312942300178005,392,1.057451745685266,False
10949,0.0014513338005718503,234,1.2474536671597733,False
10950,0.0035104911586481507,566,0.8250017056616793,False
10951,0.00010543878038342502,17,1.7717523224213545,False
10952,0.0019165048904987254,309,2.222040562182183,False
10953,1.8606843597075006e-05,3,1.3382801214853923,False
10954,0.0020033368272850756,323,1.864270473043247,False
10955,0.00035353002834442507,57,1.2988714816277487,False
10956,0.0020839664828724005,336,2.0698050877877643,False
10957,0.00017366387357270005,28,9.674889568771635,False
10958,5.582053079122501e-05,9,3.892758462164137,False
10959,0.0016311999553435754,263,1.1275837657116212,False
10960,0.004130719278550651,666,0.9123795247292733,False
10961,0.008354472775086677,1347,0.7644067741626267,False
10962,0.003715166438215976,599,1.912231844733275,False
10963,6.202281199025001e-06,1,0.7211403846740723,False
10964,0.0005023847771210251,81,1.6382318161152027,False
10965,0.0021335847324646007,344,2.0729771800512493,False
10966,0.00013645018637855003,22,1.9277423186735674,False
10967,0.003770986969007201,608,0.9801127361623865,False
10968,0.0002977094975532001,48,1.458295834561189,False
10969,0.005538637110729327,893,0.9785012369860727,False
10970,0.0022018098256538754,355,1.6069723451641245,False
10971,0.0015567725809552753,251,1.3389804952173119,False
10972,0.0018420775161104254,297,1.2628063019678648,False
10973,0.0017862569853192003,288,1.6191977514988847,False
10974,0.006797700194131401,1096,0.7744156391951289,False
10975,0.0005644075891112751,91,1.2497753494388455,False
10976,0.0025305307292022004,408,1.091139332336538,False
10977,0.00011784334278147503,19,0.7011062847940546,False
10978,0.0024561033548139008,396,2.5731743110550775,False
10979,0.0003721368719415001,60,1.4923007249832154,False
10980,0.0010047695542420502,162,0.9888617425789068,False
10981,0.0026235649471875754,423,1.0009236696482269,False
10982,0.0007752851498781252,125,1.8201420917510986,False
10983,0.0008311056806693502,134,1.4404437933395158,False
10984,0.003677952751021826,593,0.9423306744175054,False
10985,0.0017490432981250503,282,6.697709181630019,False
10986,2.4809124796100004e-05,4,4.623710095882416,False
10987,0.0017366387357270004,280,1.41988879101617,False
10988,8.683193678635003e-05,14,1.2877180065427507,False
10989,0.0019041003281006755,307,1.9310067794998615,False
10990,0.0007628805874800752,123,1.6736820441920583,False
10991,0.0005644075891112751,91,1.7335092366396725,False
10992,0.009979470449231228,1609,1.2999965544440422,False
10993,0.0026359695095856256,425,3.6059839386098527,False
10994,1.2404562398050002e-05,2,1.9716603755950928,False
10995,0.004434631057302876,715,0.9832445091300911,False
10996,0.0004527665275288251,73,1.1430225274334216,False
10997,0.0021211801700665505,342,1.6152133112065277,False
10998,0.0009427467422518002,152,1.4152391898004633,False
10999,0.0007938919934752001,128,1.4919370273128152,False
11000,0.00016125931117465003,26,1.915954929131728,False
11001,0.005309152706365401,856,0.7736590361205217,False
11002,0.0020653596392753255,333,1.5719009748808257,False
11003,0.0004713733711259001,76,1.2111664947710539,False
11004,0.008447506993072052,1362,0.803601204561242,False
11005,0.0003783391531405251,61,1.0134165013422731,False
11006,0.0011102083346254752,179,1.8051193419781477,False
11007,0.005848751170680577,943,0.7456287442689736,False
11008,0.0019537185776928754,315,2.353817920079307,False
11009,0.0020529550768772753,331,1.133657402862595,False
11010,0.00018606843597075004,30,1.2397383213043214,False
11011,0.0018172683913143255,293,2.0637458306530636,False
11012,0.0013831087073825753,223,0.8406384237144026,False
11013,0.004533867556487276,731,1.7039596325069382,False
11014,0.0021459892948626504,346,3.070881092479463,False
11015,0.004626901774472651,746,0.8598552434118439,False
11016,0.0025429352916002505,410,1.161512671738136,False
11017,0.006977566348903126,1125,1.0474979044596353,False
11018,0.005625469047515676,907,1.056638656666681,False
11019,0.15441199273092643,24896,0.9236319414447696,False
11020,0.025789085225545957,4158,0.9053913940312256,False
11021,0.0014513338005718503,234,1.689676963365995,False
11022,0.0019475162964938504,314,1.0437796852391237,False
11023,0.0002977094975532001,48,1.5483751247326534,False
11024,0.0010667923662323003,172,3.580397781244544,False
11025,0.0029832972567310255,481,1.1314535101337393,False
11026,0.005867358014277652,946,1.416176466684765,False
11027,0.0012280516774069504,198,3.562755266825358,False
11028,0.0015877839869504003,256,0.9504632195457816,False
11029,0.0009551513046498502,154,1.0866950734869225,False
11030,1.2404562398050002e-05,2,1.556127905845642,False
11031,0.0018172683913143255,293,1.2425805391305136,False
11032,0.0018668866409065254,301,1.6298038337713856,False
11033,0.0012280516774069504,198,0.9486424031883779,False
11034,0.0009055330550576502,146,1.4093000709194026,False
11035,0.0020281459520811755,327,1.1146351543770654,False
11036,0.0017676501417221253,285,1.0471010308516653,False
11037,0.00014265246757757502,23,1.422852671664694,False
11038,0.0011784334278147502,190,1.1991749914068925,False
11039,0.008546743492256452,1378,8.37564877415257,False
11040,6.202281199025001e-06,1,0.613884687423706,False
11041,0.0019599208588919003,316,1.531209106686749,False
11042,1.8606843597075006e-05,3,2.7269678513209024,False
11043,0.018395966036308154,2966,2.0578123389750176,False
11044,0.0003907437155385751,63,7.462488516928658,False
11045,0.006183674355427927,997,2.3766914290434857,False
11046,0.003293411316682276,531,1.1501690780151137,False
11047,0.0022452257940470503,362,3.0210274234002465,False
11048,0.0012776699269991503,206,1.4049983394956125,False
11049,0.0024374965112168257,393,2.591817453617358,False
11050,0.0032251862234930007,520,0.8976982171718891,False
11051,0.00023568668556295006,38,16.28234817793495,False
11052,4.961824959220001e-05,8,3.0857562124729156,False
11053,0.0019041003281006755,307,0.9006093557960436,False
11054,0.007318691814849502,1180,0.7542594728833538,False
11055,0.0004403619651307751,71,1.4630287768135608,False
11056,0.0030143086627261507,486,1.1395259389170893,False
11057,0.0026979923215758755,435,0.9449213006030555,False
11058,0.004099707872555526,661,1.1362232923868385,False
11059,0.00035353002834442507,57,0.8770670660755091,False
11060,1.2404562398050002e-05,2,0.9930140972137451,False
11061,0.0016560090801396754,267,1.7914387902963473,False
11062,0.0024002828240226757,387,3.154700075317107,False
11063,0.00027290037275710005,44,1.7237864434719086,False
11064,0.0021397870136636256,345,2.935127165352089,False
11065,0.0016063908305474753,259,1.7317841559303313,False
11066,0.00020467527956782505,33,5.087871616536921,False
11067,0.004025280498167226,649,1.4507126775103836,False
11068,0.0012032425526108503,194,1.0666140047545285,False
11069,0.0036283345014296257,585,1.3328686689719176,False
11070,0.0015009520501640503,242,1.9651097936078536,False
11071,0.006661250007752852,1074,0.814159723189512,False
11072,0.004000471373371126,645,0.7709060668945312,False
11073,0.2019586804026521,32562,1.2786835430954313,False
11074,0.0022638326376441253,365,1.4668153377428448,False
11075,0.00017986615477172505,29,3.238195739943406,False
11076,0.008689395959834027,1401,1.457810046160587,False
11077,0.00018606843597075004,30,10.819741674264272,False
11078,0.00011164106158245002,18,2.314951525794135,False
11079,0.0017180318921299253,277,1.368047381996678,False
11080,0.00035353002834442507,57,2.462609048475299,False
11081,0.0035166934398471756,567,1.1413193201051608,False
11082,0.0024250919488187756,391,5.687802738850684,False
11083,0.0005520030267132251,89,1.3591746319545788,False
11084,5.582053079122501e-05,9,0.6590551800198026,False
11085,0.010562484881939577,1703,0.7210561393361475,False
11086,6.202281199025002e-05,10,1.4277774333953857,False
11087,0.003659345907424751,590,0.7955907029620671,False
11088,0.003082533755915426,497,1.3669880690948824,False
11089,0.0026235649471875754,423,1.7363967450234343,False
11090,0.0019785277024889753,319,2.3945591565583566,False
11091,0.0014141201133777003,228,1.250061647933826,False
11092,0.0020405505144792256,329,2.1777799267174625,False
11093,0.00018606843597075004,30,1.2779083410898844,False
11094,0.0003473277471454001,56,1.7980648534638541,False
11095,0.006363540510199652,1026,1.1173872631660446,False
11096,0.0008311056806693502,134,3.562408324497849,False
11097,0.004329192276919451,698,1.6755243746462387,False
11098,0.0007132623378878751,115,5.908348165387693,False
11099,0.0005333961831161502,86,1.0526119706242583,False
11100,0.0018234706725133503,294,2.0117085823396437,False
11101,0.005594457641520552,902,5.041361343041228,False
11102,0.003460872909055951,558,1.1260348443062074,False
11103,0.0061960789178259765,999,3.759084359303609,False
11104,0.0009799604294459501,158,1.1215220199355596,False
11105,0.0018110661101153004,292,1.1233357329891152,False
11106,0.0004775756523249251,77,9.865588277965397,False
11107,0.0024747101984109753,399,1.7491512322485596,False
11108,0.0008869262114605752,143,0.9888968117587216,False
11109,0.005966594513462051,962,1.0232781541074885,False
11110,0.005991403638258151,966,0.9237159567096466,False
11111,0.005557243954326402,896,1.1343215487099119,False
11112,0.0010419832414362003,168,1.587412069241206,False
11113,0.0004341596839317501,70,1.0699308327266148,False
11114,0.007399321470436827,1193,0.8604340397402307,False
11115,0.0023010463248382754,371,2.0378163811974126,False
11116,0.006748081944539202,1088,1.3289910893449013,False
11117,0.0021770007008577756,351,1.5424227952277898,False
11118,0.00029150721635417507,47,1.9867042708904186,False
11119,6.822509318927501e-05,11,4.260307203639638,False
11120,0.008956094051392102,1444,0.850254514540992,False
11121,0.0020343482332802003,328,1.7040977885083455,False
11122,0.0004093505591356501,66,1.3298350536462031,False
11123,0.0017738524229211504,286,1.6569059178545757,False
11124,0.0009613535858488752,155,5.384732960116478,False
11125,0.0013645018637855003,220,1.0127296366474845,False
11126,0.0012280516774069504,198,1.4304457264717179,False
11127,0.0006574418070966502,106,1.7445003379066035,False
11128,0.010587294006735677,1707,1.1290509515012574,False
11129,0.0005333961831161502,86,1.303506798522417,False
11130,0.00031631634115027505,51,11.733735734341192,False
11131,0.0031135451619105506,502,1.6214268578001227,False
11132,0.012851126644379802,2072,1.690720020574032,False
11133,0.0014017155509796504,226,1.0792413791724011,False
11134,0.0019847299836880006,320,1.5628086600452662,False
11135,0.0019723254212899504,318,2.129859985045667,False
11136,0.0020219436708821506,326,1.5376400786674826,False
11137,8.062965558732502e-05,13,2.281484548862164,False
11138,0.009011914582183327,1453,0.9071016423224747,False
11139,0.0019227071716977505,310,2.4953142919848044,False
11140,0.00019227071716977504,31,1.7601332856762795,False
11141,0.00024188896676197505,39,1.6803487630990834,False
11142,0.0026111603847895257,421,1.6051726363900156,False
11143,0.0015691771433533252,253,1.1788302900291714,False
11144,0.0022266189504499753,359,1.6945099013761558,False
11145,0.00039694599673760006,64,7.989431632682681,False
11146,0.0026359695095856256,425,1.0817041467217838,False
11147,0.0018358752349114005,296,2.886296985922633,False
11148,0.0016870204861348004,272,1.211857136558084,False
11149,0.0015257611749601504,246,1.7460891027760699,False
11150,0.0074985579696212265,1209,0.6960058756560901,False
11151,0.0022328212316490006,360,1.611536537276374,False
11152,0.0015567725809552753,251,1.2005946683693691,False
11153,2.4809124796100004e-05,4,0.6339245438575745,False
11154,0.00027290037275710005,44,2.3593535287813707,False
11155,0.0018172683913143255,293,5.01950305557902,False
11156,0.00031631634115027505,51,2.3821731455185833,False
11157,0.0018916957657026255,305,0.8529467402911577,False
11158,0.0004651710899268751,75,1.4926456340154013,False
11159,0.00015505702997562504,25,0.7945448541641236,False
11160,6.202281199025001e-06,1,3.272918462753296,False
11161,0.0030577246311193256,493,1.1579193295136427,False
11162,0.009836817981653652,1586,0.9418217874264807,False
11163,0.00019847299836880003,32,4.343602243810892,False
11164,3.721368719415001e-05,6,1.475066363811493,False
11165,0.004484249306895076,723,2.078784390933616,False
11166,0.004025280498167226,649,1.387705406716498,False
11167,0.012813912957185652,2066,0.8748103674475937,False
11168,0.022923631311596405,3696,1.8254240952528917,False
11169,0.0023382600120324254,377,2.080829722179342,False
11170,0.012510001178433428,2017,1.0632908692972225,False
11171,0.012410764679249028,2001,0.7730757824365405,False
11172,0.005464209736341027,881,0.9537619775865189,False
11173,0.0004961824959220001,80,1.070069794356823,False
11174,0.0011660288654167003,188,7.480159733523714,False
11175,0.006462777009384051,1042,1.4625275816889962,False
11176,0.003522895721046201,568,1.0068351815284138,False
11177,0.003783391531405251,610,0.8917557692918621,False
11178,0.013905514448214053,2242,0.7826694675474481,False
11179,0.0021894052632558253,353,1.2336711208138182,False
11180,0.00024188896676197505,39,8.74327526642726,False
11181,0.0029398812883378506,474,1.7612785226685086,False
11182,0.0002791026539561251,45,1.8194670253329808,False
11183,0.0009365444610527753,151,1.093014133687051,False
11184,0.010667923662323003,1720,0.7589197070099587,False
11185,0.0003907437155385751,63,1.5009668251824757,False
11186,0.0013955132697806253,225,1.238599836561415,False
11187,0.0008683193678635002,140,1.2166296797139304,False
11188,0.0003597323095434501,58,1.2681331819501416,False
11189,0.003764784687808176,607,1.547022997842,False
11190,0.0017676501417221253,285,2.69793510604323,False
11191,0.00016746159237367503,27,2.068523084675824,False
11192,0.004124516997351626,665,0.966527005245811,False
11193,0.030465605249610807,4912,0.77703774946132,False
11194,0.00019847299836880003,32,1.1161564849317074,False
11195,0.0020963710452704507,338,1.9635384223870271,False
11196,4.341596839317501e-05,7,1.218888861792428,False
11197,0.0024436987924158506,394,1.387650559396308,False
11198,0.0009303421798537502,150,3.8293594026565554,False
11199,0.011765727434550427,1897,0.7707284315045909,False
11200,0.0015753794245523503,254,1.2564497106657253,False
11201,0.0014203223945767254,229,1.1576229448401771,False
11202,0.0028220379455563757,455,1.1050654804313575,False
11203,0.0022142143880519256,357,1.1451843345866484,False
11204,0.009191780736955053,1482,0.762309782257286,False
11205,0.0006822509318927502,110,1.4993049404837868,False
11206,0.0027041946027749008,436,2.403586655581763,False
11207,0.0024747101984109753,399,4.678537378335059,False
11208,0.005104477426797576,823,1.2352375343967035,False
11209,0.0021956075444548506,354,2.003996235839391,False
11210,0.0026607786343817255,429,0.700469319359128,False
11211,0.019983750023258553,3222,0.7710071199063112,False
11212,0.0022824394812412004,368,1.8136270622844282,False
11213,0.0005706098703103001,92,9.353357495173164,False
11214,0.00016746159237367503,27,1.7455529283594202,False
11215,0.0012218493962079253,197,1.1975699118551264,False
11216,0.009080139675372603,1464,0.8547236860775557,False
11217,0.0012466585210040252,201,16.3894399428249,False
11218,0.00011164106158245002,18,10.688392029868233,False
11219,0.0015443680185572254,249,1.2599971572079334,False
11220,0.013440343358287178,2167,0.818829980488466,False
11221,0.0015133566125621004,244,2.24369595676172,False
11222,0.003733773281813051,602,0.8880677223205566,False
11223,0.0012776699269991503,206,1.2746335337462935,False
11224,0.033889264471472606,5464,0.9477788106937883,False
11225,0.0066922614137479765,1079,0.6930786528114481,False
11226,0.005724705546700076,923,0.8356622482043563,False
11227,0.004806767929244376,775,1.1620421943356913,False
11228,0.0017490432981250503,282,1.2900711855989822,False
11229,0.0005830144327083501,94,0.9416869764632367,False
11230,0.0010419832414362003,168,1.036473225979578,False
11231,0.0018544820785084755,299,1.4727057605284113,False
11232,0.0015939862681494253,257,4.327517685259362,False
11233,0.005495221142336151,886,1.1896051047348815,False
11234,0.00011164106158245002,18,0.7078910734918382,False
11235,0.0004589688087278501,74,10.587514402093115,False
11236,0.0004899802147229751,79,2.1668537900417664,False
11237,0.0014079178321786752,227,0.9174090419046679,False
11238,0.0008559148054654502,138,8.44495613851409,False
11239,0.00019847299836880003,32,2.9825543612241745,False
11240,0.0015939862681494253,257,0.9989652485235192,False
11241,0.0022762372000421755,367,1.5472787056696837,False
11242,0.0025677444163963504,414,1.3320612262412546,False
11243,0.00012404562398050004,20,0.9207915186882019,False
11244,0.0024499010736148755,395,1.5877274042443383,False
11245,0.00025429352916002504,41,2.1397125226695364,False
11246,0.003969459967376001,640,1.2068194508552552,False
11247,0.004676520024064851,754,0.9736615945869163,False
11248,0.00021707984196587504,35,1.5514982904706682,False
11249,0.0006388349634995752,103,7.343650026228821,False
11250,0.00024188896676197505,39,9.260497716756968,False
11251,0.003504288877449126,565,1.4080908965220493,False
11252,0.004056291904162351,654,1.1313577062857625,False
11253,0.0017180318921299253,277,0.9850823831902514,False
11254,0.00019847299836880003,32,1.711200337857008,False
11255,0.0009117353362566752,147,2.3730738227870187,False
11256,0.003423659221861801,552,2.2808972014033277,False
11257,0.003994269092172101,644,1.1074208828233043,False
11258,0.0019103026092997003,308,1.6656925875645179,False
11259,0.0021707984196587503,350,1.4212804310662406,False
11260,0.0007628805874800752,123,2.18895348494615,False
11261,0.004031482779366251,650,1.2729877789203938,False
11262,2.4809124796100004e-05,4,2.0453206300735474,False
11263,0.0020591573580763006,332,3.622238315372582,False
11264,0.0004775756523249251,77,6.477260673200929,False
11265,0.007194646190869002,1160,0.6865993680625126,False
11266,0.013055801923947627,2105,0.8632299282771675,False
11267,0.0012838722081981752,207,1.5141650121569057,False
11268,0.00011164106158245002,18,2.9073022537761264,False
11269,0.008292449963096428,1337,0.8006488283623843,False
11270,0.0020343482332802003,328,1.4837734110471679,False
11271,0.0027352060087700255,441,1.3340274671308037,False
11272,0.003218983942293976,519,1.299486303605096,False
11273,0.0065992271957626015,1064,0.7220054201613691,False
11274,0.0022080121068529003,356,1.4915167056442646,False
11275,0.0015319634561591754,247,1.1362507879010095,False
11276,0.006853520724922626,1105,1.0207763404328358,False
11277,5.582053079122501e-05,9,1.9975088569853041,False
11278,0.00032251862234930007,52,8.860373299855452,False
11279,0.0019289094528967753,311,2.520539687760773,False
11280,0.019896918086472204,3208,0.9264141924660699,False
11281,6.202281199025002e-05,10,2.2919667959213257,False
11282,0.0016436045177416253,265,0.858366856485043,False
11283,0.0017056273297318754,275,1.164416343082081,False
11284,0.00039694599673760006,64,1.4971767663955688,False
11285,0.0004651710899268751,75,2.701936543782552,False
11286,0.004136921559749676,667,0.8181589732820662,False
11287,0.00010543878038342502,17,9.563385879292207,False
11288,0.0018420775161104254,297,1.0505621328899757,False
11289,0.009749986044867303,1572,1.0356253315777573,False
11290,0.0005768121515093252,93,6.965710238743854,False
11291,0.0022576303564451005,364,1.3546040948930678,False
11292,0.0011722311466157253,189,1.402228317563496,False
11293,0.0024064851052217006,388,1.3559872059477973,False
11294,0.00020467527956782505,33,6.3964017376755224,False
11295,0.0015753794245523503,254,1.1136411728821403,False
11296,0.00014265246757757502,23,1.0867315686267356,False
11297,0.0020591573580763006,332,1.1573965405843345,False
11298,0.0012838722081981752,207,1.3597798105599224,False
11299,0.022762372000421756,3670,0.4531499021384632,False
11300,0.009427467422518002,1520,0.8824476733019477,False
11301,0.0012466585210040252,201,1.231155792872111,False
11302,0.00013024790517952503,21,3.004674576577686,False
11303,0.0007256669002859252,117,1.2722216182284884,False
11304,0.0009489490234508252,153,1.1202011334350686,False
11305,0.00020467527956782505,33,1.6804286169283318,False
11306,0.0026855877591778258,433,8.941371663338042,False
11307,0.0023816759804256007,384,1.0007497482001781,False
11308,0.0022824394812412004,368,1.794355452708576,False
11309,0.0006264304011015251,101,1.7262150497719793,False
11310,0.004589688087278501,740,1.3560486613093197,False
11311,0.0016125931117465003,260,1.1420590629944434,False
11312,0.0025119238856051254,405,1.547288609728401,False
11313,0.011554849873783577,1863,0.8181317662655252,False
11314,0.00018606843597075004,30,2.3886685331662494,False
11315,0.0005706098703103001,92,7.4195098358651865,False
11316,0.00021087756076685005,34,1.4964632952914518,False
11317,2.4809124796100004e-05,4,3.100306123495102,False
11318,0.0021335847324646007,344,2.3794788825650546,False
11319,0.0032313885046920256,521,0.8394423757542118,False
11320,0.0006326326823005501,102,2.221627008681204,False
11321,0.0009489490234508252,153,6.0408910216848835,False
11322,0.0019227071716977505,310,1.9216406387667502,False
11323,0.0007628805874800752,123,1.7517513027036093,False
11324,0.0010295786790381503,166,7.913885724831776,False
11325,0.004459440182098976,719,0.9411556816896908,False
11326,0.4405356290043478,71028,2.0424747216766628,False
11327,0.007287680408854377,1175,0.8774972989711356,False
11328,2.4809124796100004e-05,4,1.2944384217262268,False
11329,0.0005209916207181001,84,1.3336008673622495,False
11330,0.0004775756523249251,77,1.1768027172460185,False
11331,0.0031941748174978755,515,0.7420960884649777,False
11332,9.303421798537502e-05,15,4.891729140281678,False
11333,0.0011970402714118252,193,0.8710624689882901,False
11334,0.0020963710452704507,338,1.909848534143888,False
11335,0.0023630691368285257,381,1.2888590297673943,False
11336,0.0032127816610949505,518,0.8345140223337416,False
11337,4.341596839317501e-05,7,1.6177236522947038,False
11338,0.0025429352916002505,410,2.413563410537999,False
11339,0.0016374022365426004,264,1.9230746008229977,False
11340,0.0020343482332802003,328,1.8896270158087336,False
11341,0.00018606843597075004,30,1.5251238107681275,False
11342,0.0020157413896831253,325,0.914919049189641,False
11343,0.0012714676458001253,205,1.839828511563743,False
11344,0.0024374965112168257,393,1.8467415480213312,False
11345,0.002933679007138826,473,1.6115537682749,False
11346,0.0004651710899268751,75,0.9558823760350545,False
11347,0.0021707984196587503,350,1.844790496826172,False
11348,0.00015505702997562504,25,2.674554023742676,False
11349,0.003218983942293976,519,1.5577042888354704,False
11350,0.0007504760250820251,121,1.7439563924616033,False
11351,0.0012032425526108503,194,0.8811074501460361,False
11352,0.00011164106158245002,18,1.0774192545149062,False
11353,0.013837289355024778,2231,0.9602617206513642,False
11354,0.0022638326376441253,365,2.5060271223930464,False
11355,0.006605429476961627,1065,1.218494624822912,False
11356,0.0022762372000421755,367,1.3555142665104256,False
11357,0.0007008577754898252,113,6.152849985434946,False
11358,0.0006884532130917751,111,5.495406583622769,False
11359,0.0009303421798537502,150,3.550431010723114,False
11360,0.0022452257940470503,362,1.9847588522658164,False
11361,0.0021521915760616753,347,2.1868395468687116,False
11362,0.0019661231400909256,317,1.5066628471157903,False
11363,0.0018854934845036005,304,1.2135231914488893,False
11364,0.0017986615477172505,290,2.093388782287466,False
11365,0.00035353002834442507,57,2.3895319930294106,False
11366,0.006282910854612326,1013,4.132781313061126,False
11367,0.0015381657373582003,248,1.3765369932497702,False
11368,0.0002666980915580751,43,2.798560846683591,False
11369,6.822509318927501e-05,11,4.0405184247277,False
11370,0.0022886417624402257,369,4.704456953175345,False
11371,0.00025429352916002504,41,5.224123111585292,False
11372,0.0018172683913143255,293,1.3877438001665239,False
11373,0.0007256669002859252,117,1.221289110998822,False
11374,0.0003721368719415001,60,1.232599143187205,False
11375,0.0018544820785084755,299,0.9875620551731276,False
11376,0.0023444622932314507,378,1.8058791110124537,False
11377,0.003746177844211101,604,1.2421773466842854,False
11378,3.721368719415001e-05,6,8.066515366236368,False
11379,0.0013520973013874504,218,1.9614835736948415,False
11380,0.006648845445354801,1072,1.4271024253163764,False
11381,6.822509318927501e-05,11,1.6838524341583252,False
11382,0.0023506645744304755,379,0.8041471255486119,False
11383,0.0022452257940470503,362,1.173240196639003,False
11384,5.582053079122501e-05,9,1.8867912689844768,False
11385,0.0028158356643573504,454,2.1370495867624157,False
11386,0.0021894052632558253,353,4.988731051301821,False
11387,0.0002666980915580751,43,3.1993456164071725,False
11388,0.004006673654570151,646,1.3973305181084033,False
11389,0.0027041946027749008,436,1.3764672323104439,False
11390,0.0003473277471454001,56,1.7417650818824768,False
11391,0.0021770007008577756,351,1.9256036101583063,False
11392,5.582053079122501e-05,9,2.0274980862935386,False
11393,0.0011412197406206002,184,1.4786285025917965,False
11394,0.0020405505144792256,329,1.8864764036740937,False
11395,0.00013645018637855003,22,1.6482076861641624,False
11396,0.00030391177875222506,49,1.681719300698261,False
11397,0.0005954189951064002,96,6.922980733215809,False
11398,0.004726138273657051,762,1.3109196017733395,False
11399,0.0018544820785084755,299,1.8853113866570004,False
11400,0.0006078235575044501,98,1.5970252630661945,False
11401,0.0017552455793240754,283,2.241222056820199,False
11402,0.0014327269569747753,231,1.2656345444840271,False
11403,0.0018110661101153004,292,1.5899644751254827,False
11404,0.0011288151782225502,182,4.617679362768655,False
11405,0.0004341596839317501,70,5.316740764890398,False
11406,0.0029770949755320007,480,0.8796690834065278,False
11407,0.00010543878038342502,17,13.08332317015704,False
11408,8.683193678635003e-05,14,1.6984635932104928,False
11409,0.0008497125242664252,137,1.1505478002729208,False
11410,0.0007752851498781252,125,1.123403081893921,False
11411,0.00014265246757757502,23,2.1475465816000234,False
11412,0.0,0,0.0,True
11413,6.202281199025001e-06,1,6.636732578277588,False
11414,0.004484249306895076,723,2.9517199803519873,False
11415,0.00032251862234930007,52,6.843376026703761,False
11416,0.0006140258387034752,99,2.6224423249562583,False
11417,0.004428428776103851,714,1.0347200882535021,False
11418,0.0023568668556295004,380,1.2788462569839076,False
11419,0.0074055237516358514,1194,0.6639187248108575,False
11420,0.00021707984196587504,35,1.339433172770909,False
11421,0.0015567725809552753,251,1.1176258116604323,False
11422,0.0017924592665182254,289,1.1605175292203171,False
11423,6.202281199025002e-05,10,3.940463733673096,False
11424,0.0009985672730430252,161,6.0054300512586325,False
11425,7.442737438830002e-05,12,1.2704506317774455,False
11426,0.0021149778888675257,341,1.214574725746759,False
11427,0.0003597323095434501,58,3.0365524456418793,False
11428,1.8606843597075006e-05,3,0.73001495997111,False
11429,0.00025429352916002504,41,1.749789264143967,False
11430,0.0019785277024889753,319,1.2050486903952955,False
11431,0.0014327269569747753,231,1.0889661879766555,False
11432,0.0012714676458001253,205,2.302875005908129,False
11433,0.0007256669002859252,117,2.7553205490112305,False
11434,0.0002480912479610001,40,5.984931403398514,False
11435,0.00014885474877660004,24,2.0873582859834037,False
11436,0.0002480912479610001,40,3.3775183141231535,False
11437,0.0013769064261835503,222,1.1982018614674474,False
11438,0.0023258554496343757,375,2.7405998808542886,False
11439,0.009129757924964801,1472,1.066969871520996,False
11440,0.0018544820785084755,299,3.5563313961029053,False
11441,0.0017428410169260254,281,1.040817134320948,False
11442,0.005085870583200501,820,1.3601821373148661,False
11443,0.015021925064038554,2422,0.7411617480655233,False
11444,0.0008807239302615502,142,1.132778416217213,False
11445,0.00024188896676197505,39,1.6868944871119964,False
11446,0.0012280516774069504,198,1.2194367436447529,False
11447,0.005619266766316651,906,1.9079934471753524,False
11448,0.00016746159237367503,27,2.3865920349403664,False
11449,0.0007876897122761752,127,1.1496351262715858,False
11450,0.007374512345640727,1189,0.6980126720200676,False
11451,0.00017986615477172505,29,1.8348586394869049,False
11452,0.005805335202287401,936,0.8057345100957104,False
11453,0.0038019983750023256,613,1.3901922185502666,False
11454,0.0007380714626839752,119,0.6664550865397734,False
11455,0.012844924363180778,2071,1.3323396805229537,False
11456,0.004205146652938951,678,1.8173563374882251,False
11457,0.004881195303632676,787,0.9352088210846297,False
11458,0.0025615421351973255,413,1.3836348564803744,False
11459,0.00011164106158245002,18,1.024601896603902,False
11460,0.0018420775161104254,297,1.7441428715131098,False
11461,0.0021335847324646007,344,1.3328384510999502,False
11462,0.0024499010736148755,395,2.5162736053708232,False
11463,0.0023010463248382754,371,1.3624142225219233,False
11464,9.923649918440002e-05,16,2.2208124697208405,False
11465,0.005668885015908851,914,1.428503943220009,False
11466,0.00030391177875222506,49,1.4374572452233763,False
11467,0.0012962767705962254,209,1.255240814537523,False
11468,0.0006016212763054251,97,7.524363065503307,False
11469,0.004980431802817076,803,0.8986050165159765,False
11470,6.822509318927501e-05,11,1.407693949612704,False
11471,0.0008435102430674002,136,1.7605580477153553,False
11472,0.0004961824959220001,80,1.6256348505616187,False
11473,0.003950853123778926,637,1.0128998947293268,False
11474,0.0011908379902128004,192,2.9299569247911372,False
11475,9.923649918440002e-05,16,1.6495667770504951,False
11476,0.00035353002834442507,57,1.4625882307688396,False
11477,0.0020653596392753255,333,1.5704582711239834,False
11478,0.0,0,0.0,True
11479,0.0021894052632558253,353,0.9874672626300844,False
11480,1.2404562398050002e-05,2,2.3279629945755005,False
11481,0.1293423721244674,20854,1.4835085518993283,False
11482,0.0011164106158245003,180,1.183921323219935,False
11483,0.0004837779335239501,78,6.851325050378457,False
11484,0.004775756523249251,770,1.5060575039355786,False
11485,0.003733773281813051,602,0.8409579441792941,False
11486,0.009018116863382351,1454,0.6872492717089647,False
11487,0.0014575360817708754,235,1.3911308329156105,False
11488,0.0006016212763054251,97,1.7115160644668894,False
11489,0.008869262114605751,1430,0.7950501768739073,False
11490,0.004037685060565276,651,1.0120368860833655,False
11491,0.0016125931117465003,260,1.07224248280892,False
11492,0.0034918843150510757,563,3.2082827493521924,False
11493,0.00016746159237367503,27,6.162804727201109,False
11494,6.202281199025002e-05,10,1.0309109926223754,False
11495,0.00013024790517952503,21,2.7438066800435386,False
11496,0.005458007455142001,880,1.2837105004624887,False
11497,0.0002666980915580751,43,8.859059112016546,False
11498,0.003870223468191601,624,1.19762257200021,False
11499,0.00017366387357270005,28,1.778580801827567,False
11500,0.005854953451879601,944,0.9018054326712075,False
11501,0.0018854934845036005,304,1.1813419045586335,False
11502,0.0018172683913143255,293,1.0413631554756555,False
11503,0.008180808901513978,1319,1.2525096181850708,False
11504,0.009756188326066327,1573,1.282289428613933,False
11505,0.00013024790517952503,21,1.2036617653710502,False
11506,0.0024809124796100006,400,8.288694298267364,False
11507,0.0014575360817708754,235,1.219013632104752,False
11508,3.101140599512501e-05,5,1.1790242671966553,False
11509,0.007380714626839752,1190,0.896286463537136,False
11510,0.0019041003281006755,307,3.390188507614384,False
11511,0.00017366387357270005,28,8.504312242780413,False
11512,0.0008559148054654502,138,1.4181181365165159,False
11513,0.00016746159237367503,27,1.9438675686165139,False
11514,0.00018606843597075004,30,2.104701860745748,False
11515,0.0016746159237367505,270,2.0909758382373385,False
11516,0.0009489490234508252,153,1.3248594337039523,False
11517,0.0003473277471454001,56,1.460598805121013,False
11518,0.0010916014910284002,176,1.005568348548629,False
11519,0.0037399755630120757,603,2.3820963534549695,False
11520,0.0022700349188431506,366,2.284295419200522,False
11521,0.0030143086627261507,486,1.5095347759654982,False
11522,0.005123084270394651,826,5.047697845151869,False
11523,0.0031383542867066505,506,1.5176067564327256,False
11524,0.0005209916207181001,84,5.386064001492092,False
11525,0.0007938919934752001,128,2.3445703145116568,False
11526,0.004924611272025851,794,0.8361193308001501,False
11527,0.004037685060565276,651,2.3906735952731832,False
11528,0.0021832029820568004,352,1.959610324014317,False
11529,0.0003721368719415001,60,6.426887146631876,False
11530,0.015542916684756653,2506,1.6022415983134617,False
11531,0.0017614478605231004,284,1.3229008761929795,False
11532,0.0021397870136636256,345,2.1452514019565307,False
11533,3.101140599512501e-05,5,2.0752914905548097,False
11534,0.008062965558732501,1300,0.8258033913832444,False
11535,0.0026917900403768506,434,0.9614715334457187,False
11536,0.018619248159473054,3002,0.8654842008200587,False
11537,0.0018606843597075004,300,2.010207901795705,False
11538,0.007560580781611477,1219,0.8823298103404495,False
11539,0.0003101140599512501,50,1.0326301956176758,False
11540,0.004012875935769176,647,1.1772874488712648,False
11541,0.00021707984196587504,35,0.8589947496141707,False
11542,0.0020901687640714254,337,4.409925722580636,False
11543,0.0012156471150089002,196,1.4539946865062325,False
11544,0.0025553398539983007,412,1.38467203066187,False
11545,0.00013645018637855003,22,3.0554901415651496,False
11546,0.0029398812883378506,474,1.669905819973362,False
11547,0.0019661231400909256,317,1.7820284742662207,False
11548,0.0025491375727992754,411,1.8812467785067222,False
11549,0.0010543878038342502,170,1.7775240961243124,False
11550,0.00033492318474735006,54,5.322292332296018,False
11551,0.0017304364545279755,279,1.695985905158477,False
11552,0.0060844378562435264,981,1.278719219592733,False
11553,0.0011102083346254752,179,1.8885777209724128,False
11554,0.004447035619700926,717,1.2612842595726874,False
11555,0.0008373079618683752,135,1.2125611269915546,False
11556,0.00030391177875222506,49,4.940844696395251,False
11557,0.009793402013260477,1579,0.7803771578865462,False
11558,0.0004279574027327251,69,0.9840490662533304,False
11559,0.0005209916207181001,84,6.170200705528259,False
11560,0.0003287209035483251,53,8.283930288170868,False
11561,5.582053079122501e-05,9,0.9253856076134576,False
11562,0.005414591486748826,873,1.1944990215432603,False
11563,0.0022514280752460756,363,0.9197591457813568,False
11564,0.010413630133162977,1679,0.9128158130838873,False
11565,0.004670317742865826,753,0.8736877447738749,False
11566,0.011561052154982602,1864,0.6411612555704403,False
11567,9.923649918440002e-05,16,1.4663009345531464,False
11568,0.0037585824066091508,606,1.3824867429119525,False
11569,0.00021087756076685005,34,1.3877096807255465,False
11570,0.0003783391531405251,61,1.2049214976732847,False
11571,0.0008683193678635002,140,2.924765075956072,False
11572,3.721368719415001e-05,6,2.809277673562368,False
11573,0.0032251862234930007,520,0.8680467312152569,False
11574,0.003603525376633526,581,1.3079665907483913,False
11575,0.0017676501417221253,285,1.202008967650564,False
11576,4.961824959220001e-05,8,0.9245980978012085,False
11577,0.0005768121515093252,93,1.5578405139266804,False
11578,0.008025751871538351,1294,0.8060609362040642,False
11579,0.0019661231400909256,317,0.8777081609148333,False
11580,0.0006760486506937252,109,8.90535159942207,False
11581,0.003330625003876426,537,1.0227514614162054,False
11582,0.0037771892502062258,609,1.1250594296478873,False
11583,0.0022018098256538754,355,2.3838676116835904,False
11584,0.0008124988370722751,131,1.4835372808325382,False
11585,0.0012714676458001253,205,1.9480035496921073,False
11586,0.0014203223945767254,229,1.0539450312285443,False
11587,0.0004279574027327251,69,1.453091379525005,False
11588,0.004012875935769176,647,1.3302297621642971,False
11589,6.822509318927501e-05,11,2.1167223020033403,False
11590,0.0007690828686791001,124,2.297888458736481,False
11591,0.0030701291935173757,495,0.8182100088909419,False
11592,1.2404562398050002e-05,2,1.0875369310379028,False
11593,0.0036655481886237757,591,1.5910866538885282,False
11594,0.0009985672730430252,161,4.855602485792978,False
11595,4.341596839317501e-05,7,0.8642959594726562,False
11596,0.0002480912479610001,40,1.615625298023224,False
11597,0.0024188896676197507,390,2.139818678758083,False
11598,0.0022328212316490006,360,1.4754250592655607,False
11599,0.007343500939645602,1184,0.8835706469174978,False
11600,0.016349213240629903,2636,1.1830870202531945,False
11601,0.0008062965558732502,130,3.3034254184136023,False
11602,0.008602564023047677,1387,1.0943469581796526,False
11603,0.0016560090801396754,267,3.7325334923990656,False
11604,0.005873560295476676,947,0.8641952738213061,False
11605,0.004924611272025851,794,0.8601280525889745,False
11606,0.0007504760250820251,121,1.3792640246635626,False
11607,0.00030391177875222506,49,1.261789998229669,False
11608,0.0023506645744304755,379,1.6393138374690959,False
11609,3.721368719415001e-05,6,2.673983891805013,False
11610,6.202281199025001e-06,1,9.571029663085938,False
11611,0.0009117353362566752,147,1.0193453143243076,False
11612,0.004571081243681426,737,0.7473125224844571,False
11613,0.0019785277024889753,319,1.303703896304283,False
11614,0.0009303421798537502,150,1.4530910849571228,False
11615,0.0015009520501640503,242,1.2414369942728154,False
11616,0.006946554942908001,1120,1.8185534630502973,False
11617,0.009191780736955053,1482,0.8867857094235748,False
11618,0.0031755679739008005,512,1.2816752959042788,False
11619,0.0005458007455142001,88,6.6393495418808675,False
11620,0.0014451315193728252,233,1.0009607838970398,False
11621,0.0028654539139495506,462,0.8838312646527311,False
11622,0.00022948440436392506,37,9.447656554144782,False
11623,0.0006760486506937252,109,1.206488292151635,False
11624,0.0015877839869504003,256,1.4220849154517055,False
11625,0.0025987558223914756,419,1.1809783596412093,False
11626,0.0026607786343817255,429,5.725035320073019,False
11627,0.0006698463694947001,108,1.4356853476277105,False
11628,0.003901234874186726,629,1.4094807876122963,False
11629,0.0013831087073825753,223,1.8123980797994297,False
11630,0.0005892167139073751,95,1.1626548591412995,False
11631,0.0010667923662323003,172,1.6265038057815198,False
11632,0.0066922614137479765,1079,1.480687546000865,False
11633,0.03103001283872208,5003,0.6116577581527256,False
11634,0.00033492318474735006,54,1.540888497123012,False
11635,0.0018482797973094504,298,2.031112729302989,False
11636,0.0005954189951064002,96,6.723334148526192,False
11637,0.0007194646190869002,116,1.3623992492412698,False
11638,0.0018916957657026255,305,3.569335178469048,False
11639,0.008720407365829151,1406,1.1818296985639787,False
11640,0.004167932965744801,672,1.3969366862660362,False
11641,0.0018606843597075004,300,2.1952291349569957,False
11642,0.0028530493515515004,460,1.7098897420841714,False
11643,0.003690357313419876,595,1.518727820460536,False
11644,0.0037213687194150007,600,0.9034140602747599,False
11645,0.0018854934845036005,304,1.4571379932918047,False
11646,0.004167932965744801,672,1.308125359139272,False
11647,0.011957998151720203,1928,0.7916521993910128,False
11648,0.0026793854779788005,432,1.383568709095319,False
11649,0.0004093505591356501,66,2.141623303745732,False
11650,0.0015877839869504003,256,1.3328140848316252,False
11651,0.0011970402714118252,193,1.0598320207447585,False
11652,0.0028716561951485755,463,3.475586761408697,False
11653,0.0053711755183556515,866,1.0303949505847816,False
11654,0.0005209916207181001,84,1.140106045064472,False
11655,0.00010543878038342502,17,1.4290601225460278,False
11656,0.0006450372446986001,104,8.438317695489296,False
11657,0.0008497125242664252,137,4.796259876585355,False
11658,0.0022638326376441253,365,1.4439885361553872,False
11659,0.0004961824959220001,80,6.676544895768165,False
11660,3.101140599512501e-05,5,4.379548168182373,False
11661,0.005185107082384901,836,0.8580094296396064,False
11662,0.01939453330935118,3127,0.7737824220721394,False
11663,0.005458007455142001,880,0.8522741317749023,False
11664,0.0007194646190869002,116,2.56379774829437,False
11665,0.0008249033994703252,133,1.4589267063857918,False
11666,0.005960392232263027,961,0.7446990255014457,False
11667,0.0020467527956782505,330,1.2167085857102364,False
11668,0.012671260489608078,2043,1.1876614683116702,False
11669,6.202281199025001e-06,1,1.1128075122833252,False
11670,0.004434631057302876,715,1.1488317112822632,False
11671,0.0018296729537123754,295,0.9656548120207705,False
11672,4.961824959220001e-05,8,4.349163621664047,False
11673,0.010153134322803927,1637,0.9086384968416823,False
11674,0.0022018098256538754,355,1.0915135558222382,False
11675,0.0024064851052217006,388,1.3517873560644917,False
11676,0.0026979923215758755,435,1.509806764262846,False
11677,0.0018048638289162753,291,1.010995197541935,False
11678,0.0005333961831161502,86,7.519559698049412,False
11679,0.0009551513046498502,154,1.418903771933023,False
11680,0.00016125931117465003,26,1.1623694850848272,False
11681,0.0035663116894393758,575,2.020769782066345,False
11682,0.0016870204861348004,272,1.1078651854220558,False
11683,0.00018606843597075004,30,2.0080750147501627,False
11684,0.0011660288654167003,188,1.289067378703584,False
11685,0.0006078235575044501,98,8.98394399029868,False
11686,0.007083005129286552,1142,1.0199258430826685,False
11687,0.004310585433322376,695,2.0035670379940553,False
11688,0.0020653596392753255,333,1.0574371148874093,False
11689,0.0008373079618683752,135,3.926687886979845,False
11690,0.0014699406441689253,237,0.8884930972811542,False
11691,0.0017118296109309005,276,2.1389891924201576,False
11692,0.0017056273297318754,275,1.0606448676369407,False
11693,0.004434631057302876,715,1.5837295510552145,False
11694,0.0022080121068529003,356,0.9570568257503296,False
11695,0.003864021186992576,623,1.413297784845098,False
11696,0.0015319634561591754,247,1.0980070515682823,False
11697,0.0006636440882956752,107,2.4100351355900274,False
11698,0.0017428410169260254,281,1.3029354284666612,False
11699,0.0005644075891112751,91,3.853609417821025,False
11700,0.004645508618069726,749,6.587785030875569,False
11701,0.0008249033994703252,133,6.13222206714458,False
11702,0.033256631789172056,5362,1.3742305975447657,False
11703,0.004726138273657051,762,1.1790456509026956,False
11704,0.0007256669002859252,117,1.5278045662447937,False
11705,0.0012404562398050003,200,3.049836440682411,False
11706,0.0011102083346254752,179,1.2561568947477713,False
11707,0.012088246056899728,1949,0.6966915580784743,False
11708,0.003783391531405251,610,1.3064235620811337,False
11709,0.0002977094975532001,48,9.726861839493116,False
11710,0.00017986615477172505,29,1.5541983349569912,False
11711,0.0018358752349114005,296,3.1315690911299474,False
11712,0.0017924592665182254,289,1.7884016894964199,False
11713,0.0010233763978391252,165,1.1048836874239372,False
11714,0.0014327269569747753,231,4.429573700541542,False
11715,0.0021894052632558253,353,7.128787129188732,False
11716,0.0005644075891112751,91,1.683051626760881,False
11717,0.00030391177875222506,49,2.7544670542892145,False
11718,0.00016125931117465003,26,2.2667040824890137,False
11719,0.0012218493962079253,197,3.596357714101143,False
11720,0.005061061458404401,816,1.4286364866238015,False
11721,0.0008745216490625251,141,1.192397841325043,False
11722,0.0022452257940470503,362,1.8322296702400755,False
11723,0.004174135246943826,673,2.6199035247757387,False
11724,0.0019351117340958004,312,1.2775283402357347,False
11725,0.0023506645744304755,379,1.5788857263751268,False
11726,0.00039694599673760006,64,1.637771850451827,False
11727,0.006686059132548951,1078,1.0539914999910542,False
11728,8.683193678635003e-05,14,2.3984270436423167,False
11729,0.011337770031817702,1828,3.4149130876267764,False
11730,0.0005085870583200501,82,1.3729280873042782,False
11731,0.0005395984643151751,87,5.924684345037088,False
11732,9.303421798537502e-05,15,2.143980065981547,False
11733,0.00020467527956782505,33,1.9340900507840244,False
11734,0.00013024790517952503,21,18.06654729729607,False
11735,0.0054083892055498016,872,1.0123168273803291,False
11736,0.0018234706725133503,294,1.1232784767540134,False
11737,0.003845414343395501,620,0.709189836825094,False
11738,0.0021707984196587503,350,2.026480860028948,False
11739,6.822509318927501e-05,11,11.35233846577731,False
11740,0.0003845414343395501,62,3.0878462695306346,False
11741,0.0030701291935173757,495,1.1234315698797053,False
11742,0.0021273824512655754,343,1.9030175243800305,False
11743,3.101140599512501e-05,5,1.272925615310669,False
11744,0.0026669809155807508,430,1.8599048847375914,False
11745,0.0024188896676197507,390,2.6992845843999813,False
11746,2.4809124796100004e-05,4,1.1185287237167358,False
11747,0.01698804820412948,2739,1.3487144183311728,False
11748,0.0028964653199446758,467,1.6815738616714642,False
11749,0.0025553398539983007,412,1.6498071638125817,False
11750,0.008484720680266202,1368,0.8941327967838935,False
11751,0.0004589688087278501,74,1.1962099236411017,False
11752,0.0009799604294459501,158,2.3785468785068655,False
11753,0.003597323095434501,580,3.3851693136938685,False
11754,0.0019103026092997003,308,1.5067715737726781,False
11755,0.009241398986547252,1490,0.7507383231348639,False
11756,0.005885964857874727,949,1.0897167183702186,False
11757,0.008280045400698377,1335,2.813353053103672,False
11758,0.0020281459520811755,327,2.5192505635252784,False
11759,0.00036593459074247506,59,1.08363390575021,False
11760,0.0013210858953923252,213,1.046194526511179,False
11761,0.00011164106158245002,18,2.045590725209978,False
11762,0.005085870583200501,820,1.7869554508023147,False
11763,0.004236158058934076,683,1.2436871509426335,False
11764,0.0005954189951064002,96,1.3566624571879704,False
11765,0.0005209916207181001,84,2.5551580957004,False
11766,0.04168553193864703,6721,1.0973204453951757,False
11767,0.0023010463248382754,371,1.804280169890576,False
11768,0.0008311056806693502,134,1.2369943732645974,False
11769,0.003330625003876426,537,2.2530344074220854,False
11770,0.00027290037275710005,44,0.9946123334494504,False
11771,0.0019227071716977505,310,1.8702694481418978,False
11772,0.0006698463694947001,108,2.146627953758946,False
11773,0.0031259497243086008,504,1.0998831135886056,False
11774,0.0061588652306318265,993,1.747577737345316,False
11775,0.01691362082974118,2727,4.526253248773567,False
11776,0.0034732774714540007,560,0.8937059721776417,False
11777,0.0009303421798537502,150,1.253653978506724,False
11778,0.00035353002834442507,57,0.8413555245650443,False
11779,0.0017862569853192003,288,1.7817071531381872,False
11780,0.007083005129286552,1142,1.2368362157649626,False
11781,0.003671750469822801,592,0.9693544341905697,False
11782,0.0017800547041201755,287,2.815864818852122,False
11783,0.0006140258387034752,99,1.4667776473844893,False
11784,0.0035104911586481507,566,1.1309823585483294,False
11785,0.0002791026539561251,45,6.348884455362955,False
11786,0.06344933666602576,10230,0.6635769274460839,False
11787,0.0021770007008577756,351,4.07745811810181,False
11788,0.005172702519986851,834,1.25851540714145,False
11789,0.004043887341764301,652,0.8981524347527626,False
11790,0.004167932965744801,672,0.9494229299681527,False
11791,0.0011288151782225502,182,1.0442975543357513,False
11792,0.0020157413896831253,325,1.1211452894944411,False
11793,0.0024250919488187756,391,1.3844783171973265,False
11794,0.003374040972269601,544,2.077946471817353,False
11795,0.007467546563626102,1204,1.0860311573129953,False
11796,0.0009675558670479002,156,1.8267601774289057,False
11797,0.003181770255099826,513,0.8270844090984114,False
11798,0.0029584881319349257,477,1.0440596794432315,False
11799,0.006289113135811352,1014,0.9165528323758518,False
11800,0.014488528880922403,2336,0.6847185169997281,False
11801,0.009830615700454627,1585,0.65363267122383,False
11802,0.0004341596839317501,70,15.120187759399414,False
11803,0.0016870204861348004,272,1.3385141386705286,False
11804,0.0019227071716977505,310,1.0689974877142137,False
11805,0.0021211801700665505,342,1.6233314645220662,False
11806,0.009694165514076078,1563,1.0780832222922063,False
11807,0.0012032425526108503,194,1.6017465118280392,False
11808,0.0017924592665182254,289,1.9991481984775372,False
11809,0.0017986615477172505,290,1.753130160529038,False
11810,0.005823942045884476,939,0.9159838279850059,False
11811,0.007895503966358826,1273,0.7682839069231607,False
11812,0.004949420396821951,798,0.8337349724351314,False
11813,0.0025987558223914756,419,2.056556512746151,False
11814,0.0021832029820568004,352,1.6580615016547116,False
11815,0.0012900744893972003,208,2.7973684943639316,False
11816,0.0017676501417221253,285,2.6968829142419914,False
11817,0.0004527665275288251,73,1.9476817536027464,False
11818,0.004025280498167226,649,1.5353710904878166,False
11819,0.0005520030267132251,89,2.6025271911299632,False
11820,0.0020343482332802003,328,1.0652343336401917,False
11821,0.0013955132697806253,225,1.6611417166392008,False
11822,0.010500462069949328,1693,0.830351782774545,False
11823,0.0004279574027327251,69,1.0943613898926887,False
11824,0.00014265246757757502,23,1.0040536445120107,False
11825,0.0024499010736148755,395,0.7759081336516368,False
11826,0.005544839391928351,894,0.810968297706621,False
11827,0.004025280498167226,649,1.0954043865203857,False
11828,0.0014141201133777003,228,1.0702004997353805,False
11829,0.0066364408829567515,1070,0.7190197169223679,False
11830,0.003944650842579901,636,0.8579263237287413,False
11831,0.0020777642016733757,335,2.6422135253450763,False
11832,0.00011784334278147503,19,1.5743603204426013,False
11833,0.003615929939031576,583,1.67081790968239,False
11834,0.0015753794245523503,254,1.077903708135049,False
11835,0.0019847299836880006,320,1.7770475558936596,False
11836,0.0023754736992265754,383,1.5347902230120827,False
11837,0.0015381657373582003,248,1.4557028028272814,False
11838,0.02325235221514473,3749,1.207987486696078,False
11839,0.004937015834423901,796,4.506747493192778,False
11840,0.046411670212304086,7483,1.1560548677588471,False
11841,0.00021707984196587504,35,9.418377453940256,False
11842,0.0005209916207181001,84,1.2367295140311831,False
11843,0.0026855877591778258,433,2.1270479776016833,False
11844,0.00011784334278147503,19,3.9261262667806527,False
11845,0.0002977094975532001,48,10.618449211120605,False
11846,0.0021149778888675257,341,1.8876072608830292,False
11847,0.02247086478406758,3623,1.4492196849851426,False
11848,0.0022700349188431506,366,2.2813718436194246,False
11849,0.005972796794661076,963,0.8056582179024955,False
11850,0.0004527665275288251,73,1.017430654943806,False
11851,0.0004527665275288251,73,2.4924624211167634,False
11852,0.004775756523249251,770,1.2962580854242498,False
11853,0.0027476105711680757,443,1.0425773850951183,False
11854,0.0018606843597075004,300,1.317549336751302,False
11855,0.006109246981039627,985,0.8437021274857109,False
11856,0.0027041946027749008,436,1.8582483363260918,False
11857,0.0028344425079544254,457,1.5624348154735774,False
11858,0.00016125931117465003,26,7.330023650939648,False
11859,0.0027476105711680757,443,1.4959006653951468,False
11860,0.003988066810973076,643,0.9369289285472912,False
11861,0.0023382600120324254,377,2.314932844683093,False
11862,0.0012280516774069504,198,1.1722469052883109,False
11863,0.012150268868889978,1959,0.7263509293731955,False
11864,0.0061774720742289015,996,9.155397560103351,False
11865,0.004670317742865826,753,1.0544125280215604,False
11866,0.007014780036097276,1131,1.165904683839105,False
11867,0.006884532130917752,1110,0.5983761420121064,False
11868,0.00011164106158245002,18,2.1956689887576633,False
11869,0.0003287209035483251,53,2.0446619357702867,False
11870,0.0026607786343817255,429,1.6708452337549562,False
11871,0.0003287209035483251,53,1.138663278435761,False
11872,0.02063498954915618,3327,0.6027625301488355,False
11873,0.002989499537930051,482,1.0841643948772637,False
11874,0.0003907437155385751,63,1.0873160702841622,False
11875,0.007138825660077777,1151,0.7640483663146337,False
11876,0.00039694599673760006,64,2.0583188217133284,False
11877,0.0007504760250820251,121,1.4870902092988827,False
11878,0.0011784334278147502,190,4.06582101771706,False
11879,0.0004279574027327251,69,2.570610039476035,False
11880,2.4809124796100004e-05,4,2.42477285861969,False
11881,0.006574418070966501,1060,2.762326476933821,False
11882,0.0005706098703103001,92,5.2668511789778005,False
11883,0.0005706098703103001,92,1.7403329792230025,False
11884,0.0016125931117465003,260,1.1229199345295247,False
11885,0.0020343482332802003,328,1.184949047681762,False
11886,0.004223753496536026,681,0.8897915935026216,False
11887,0.0005147893395190752,83,1.524718176887696,False
11888,0.00014265246757757502,23,1.3679905870686406,False
11889,0.006363540510199652,1026,1.3817256849411634,False
11890,0.0021521915760616753,347,1.4699326310446352,False
11891,0.0003597323095434501,58,6.551423753130025,False
11892,0.003330625003876426,537,1.3295555774060042,False
11893,0.0005395984643151751,87,1.9429952207653003,False
11894,0.0015381657373582003,248,1.2644208645628345,False
11895,0.0010916014910284002,176,1.2444969524036755,False
11896,0.004025280498167226,649,1.3616990205503208,False
11897,0.0006326326823005501,102,5.08154357882107,False
11898,0.0004155528403346751,67,3.963304498302403,False
11899,0.0021025733264694755,339,2.896967121281807,False
11900,0.0006946554942908002,112,1.3122596283044135,False
11901,0.0007752851498781252,125,1.63667267036438,False
11902,0.007312489533650476,1179,0.9020948579899835,False
11903,0.0029398812883378506,474,2.1784317221822618,False
11904,0.0014885474877660003,240,0.9901152610778808,False
11905,0.0024685079172119505,398,1.5279041016521167,False
11906,0.0011660288654167003,188,2.176052343338094,False
11907,0.0038950325929877007,628,1.2084749870619196,False
11908,0.0010109718354410753,163,2.0821059335228855,False
11909,0.0008062965558732502,130,1.2796110822604252,False
11910,0.0016560090801396754,267,1.2117613290579579,False
11911,8.062965558732502e-05,13,10.848768876149105,False
11912,0.0024995193232070756,403,2.3481608715010043,False
11913,0.0061960789178259765,999,1.0356236773806888,False
11914,0.00033492318474735006,54,6.192325168185764,False
11915,0.0026297672283866007,424,0.8467163910280984,False
11916,0.0010109718354410753,163,3.0223229794414497,False
11917,0.0012218493962079253,197,1.4145196391846322,False
11918,1.2404562398050002e-05,2,0.5540086030960083,False
11919,0.0007752851498781252,125,1.8050076980590821,False
11920,0.00024188896676197505,39,1.0643257483457909,False
11921,0.008726609647028177,1407,1.018232034467685,False
11922,0.0021335847324646007,344,1.7023604283499163,False
11923,0.0028964653199446758,467,0.9935845680359344,False
11924,0.003163163411502751,510,1.3477363252172283,False
11925,0.0024374965112168257,393,1.3444812382753872,False
11926,0.00011164106158245002,18,1.7183778683344524,False
11927,0.003522895721046201,568,0.959355289667425,False
11928,0.009222792142950176,1487,0.932724035579884,False
11929,0.008931284926596002,1440,1.1959917492336698,False
11930,0.003392647815866676,547,1.2568857955322406,False
11931,0.0012528608022030503,202,1.4652052444986778,False
11932,0.003622132220230601,584,1.5093399425075478,False
11933,0.00015505702997562504,25,1.2459247970581055,False
11934,0.0006698463694947001,108,9.6562531347628,False
11935,0.0008993307738586252,145,1.457218785121523,False
11936,0.0016063908305474753,259,1.6440176103105877,False
11937,0.008025751871538351,1294,1.4607710402568304,False
11938,0.0019785277024889753,319,1.5757292161540926,False
11939,0.0017180318921299253,277,1.2108071736910713,False
11940,0.00021707984196587504,35,7.916770413943699,False
11941,0.00019847299836880003,32,3.0341146662831306,False
11942,0.0014575360817708754,235,1.662854345808638,False
11943,0.0021583938572607006,348,1.5679070894745575,False
11944,0.0033430295662744756,539,0.9877813439643449,False
11945,0.0023816759804256007,384,3.5077588508526483,False
11946,0.007194646190869002,1160,0.8933471954074399,False
11947,0.0007132623378878751,115,6.837460105315499,False
11948,0.007014780036097276,1131,1.8789625857173606,False
11949,0.0012838722081981752,207,5.358362817533926,False
11950,0.007337298658446577,1183,1.4104704062815752,False
11951,0.005823942045884476,939,0.797513848041701,False
11952,0.0016187953929455254,261,1.6796532275576244,False
11953,0.0019165048904987254,309,1.1584702328956629,False
11954,0.00012404562398050004,20,1.003299617767334,False
11955,0.0011722311466157253,189,2.0807131245022727,False
11956,0.002933679007138826,473,1.0111520456713299,False
11957,0.0020405505144792256,329,1.8479540982144944,False
11958,0.003752380125410126,605,2.05125752362338,False
11959,3.721368719415001e-05,6,1.2941830555597942,False
11960,0.0023010463248382754,371,0.9822188888919964,False
11961,7.442737438830002e-05,12,1.5069329341252644,False
11962,0.0005954189951064002,96,2.635288710395495,False
11963,0.0020591573580763006,332,1.1492865397987595,False
11964,0.0005147893395190752,83,1.0188392170940537,False
11965,0.0024436987924158506,394,1.3509919473967575,False
11966,0.00013024790517952503,21,2.568379424867176,False
11967,0.0019351117340958004,312,3.3473643970031004,False
11968,0.004341596839317501,700,1.5055711541857038,False
11969,0.00028530493515515004,46,12.915398737658625,False
11970,0.0014699406441689253,237,1.0684813718755537,False
11971,0.00011164106158245002,18,0.9243108365270827,False
11972,0.0013520973013874504,218,1.7779091027898526,False
11973,0.0021707984196587503,350,1.899435671397618,False
11974,0.0053525686747585765,863,0.791804410353182,False
11975,0.0034546706278569257,557,1.5909492083469028,False
11976,0.36664165079916394,59114,2.0792277008592506,False
11977,0.0005706098703103001,92,1.470885861179103,False
11978,3.721368719415001e-05,6,18.145952860514324,False
11979,0.00028530493515515004,46,1.2452453348947607,False
11980,0.003938448561380876,635,1.7855627570565291,False
11981,0.003423659221861801,552,1.185650711906129,False
11982,0.00017366387357270005,28,1.2790537306240626,False
11983,0.0004775756523249251,77,5.71496801871758,False
11984,0.004211348934137976,679,0.7626154965258839,False
11985,0.0011226128970235252,181,2.1044147225374674,False
11986,0.0019785277024889753,319,1.8216446511050377,False
11987,0.00018606843597075004,30,1.99942702849706,False
11988,0.0007628805874800752,123,2.302236385461761,False
11989,0.009216589861751152,1486,0.7032709968844141,False
11990,0.0017800547041201755,287,1.3421300180282327,False
11991,0.006549608946170402,1056,0.7048146440224214,False
11992,0.0026359695095856256,425,1.9269319478203268,False
11993,0.0007690828686791001,124,11.234302992782284,False
11994,0.0056998964219039765,919,1.1423809396040192,False
11995,0.00014265246757757502,23,2.813937010972396,False
11996,0.0012342539586059752,199,1.2075966938057137,False
11997,0.0012590630834020753,203,1.164654445178403,False
11998,0.0019537185776928754,315,2.2299171504520237,False
11999,0.0004279574027327251,69,10.084423680236375,False
12000,0.00032251862234930007,52,7.135720883424465,False
12001,0.0024561033548139008,396,1.2740890805167382,False
12002,0.007566783062810502,1220,1.521192665764543,False
12003,0.0013396927389894002,216,6.517249601306738,False
12004,0.0008931284926596002,144,5.369926553633478,False
12005,0.008013347309140302,1292,0.9591000021057602,False
12006,0.009197983018154077,1483,2.3757163587648646,False
12007,0.0006016212763054251,97,6.341334136490969,False
12008,0.003634536782628651,586,1.6515570600285059,False
12009,6.822509318927501e-05,11,14.704137910496105,False
12010,0.0021583938572607006,348,1.8705568704111823,False
12011,0.0007256669002859252,117,2.4377824679399147,False
12012,0.0005395984643151751,87,2.0022052499069565,False
12013,0.0006264304011015251,101,2.029085618434566,False
12014,4.961824959220001e-05,8,1.0345258116722107,False
12015,3.721368719415001e-05,6,5.057701667149861,False
12016,0.0028530493515515004,460,0.9785502019135849,False
12017,0.0,0,0.0,True
12018,0.003814402937400376,615,0.9510393838572309,False
12019,0.029367801477383382,4735,1.4166164845574367,False
12020,0.00017986615477172505,29,1.2035272779135868,False
12021,0.0025925535411924507,418,0.994324947658338,False
12022,0.004409821932506776,711,1.3391485308125384,False
12023,0.0007132623378878751,115,1.392126867045527,False
12024,0.0006636440882956752,107,1.6451257088474025,False
12025,0.016851598017750928,2717,0.7479390448667479,False
12026,0.0026049581035905004,420,1.1103515329815092,False
12027,0.0025181261668041507,406,0.9536868028452831,False
12028,0.007647412718397827,1233,1.5217738727776866,False
12029,0.0037399755630120757,603,1.0125465076756517,False
12030,0.0019103026092997003,308,2.2715427712960676,False
12031,0.004043887341764301,652,1.6076712535202868,False
12032,0.0021025733264694755,339,1.6893181308532534,False
12033,0.0004031482779366251,65,1.0244336293293879,False
12034,0.0019661231400909256,317,2.482468274865617,False
12035,0.004050089622963326,653,1.5700456698127034,False
12036,0.0038206052185994007,616,1.5656598038100578,False
12037,0.0027041946027749008,436,1.9399461757152452,False
12038,0.0006698463694947001,108,5.587158887474625,False
12039,0.0025739466975953757,415,4.10683582489749,False
12040,0.00016125931117465003,26,7.822670578956604,False
12041,0.0003783391531405251,61,7.066306731739982,False
12042,0.0018110661101153004,292,1.3931861168717685,False
12043,0.0015071543313630753,243,1.6307966954423567,False
12044,0.0003473277471454001,56,1.8949451020785741,False
12045,0.0024871147608090255,401,1.298119553009471,False
12046,0.0017614478605231004,284,1.868316885451196,False
12047,8.683193678635003e-05,14,2.2951279282569885,False
12048,0.0016374022365426004,264,1.3762554851445286,False
12049,9.303421798537502e-05,15,2.099248003959656,False
12050,0.005123084270394651,826,0.8536521851583485,False
12051,0.0021335847324646007,344,6.304040942774263,False
12052,0.0026979923215758755,435,1.212627835109316,False
12053,0.0008869262114605752,143,1.2632557428800142,False
12054,0.0019103026092997003,308,6.341646401913135,False
12055,0.0014513338005718503,234,1.0619114479448042,False
12056,3.721368719415001e-05,6,0.4113817612330119,False
12057,0.0014017155509796504,226,1.2791936460849458,False
12058,0.0026173626659885506,422,1.9407167109832943,False
12059,0.00028530493515515004,46,4.808050762052122,False
12060,0.0004465642463298001,72,6.308333095577028,False
12061,0.0012280516774069504,198,1.3779830300446712,False
12062,0.0027352060087700255,441,0.8338152837861422,False
12063,0.0019785277024889753,319,0.8323694187271932,False
12064,0.003969459967376001,640,1.1106473004445434,False
12065,0.0014761429253679504,238,1.0449332394519775,False
12066,0.00025429352916002504,41,2.0358738085118735,False
12067,0.0026731831967797756,431,1.5015788233197205,False
12068,0.0020095391084841005,324,2.156786271819362,False
12069,0.0003411254659463751,55,1.3896783980456267,False
12070,0.0010729946474313252,173,2.3220336726635176,False
12071,0.0011784334278147502,190,1.051082553989009,False
12072,8.683193678635003e-05,14,13.433753149850029,False
12073,0.00028530493515515004,46,1.974690450274426,False
12074,0.00016746159237367503,27,1.17919366006498,False
12075,0.00033492318474735006,54,1.7762177652782865,False
12076,0.00014265246757757502,23,2.0611862773480625,False
12077,0.008323461369091551,1342,0.9866597677307584,False
12078,0.014116392008980903,2276,0.8777073112124928,False
12079,0.0025987558223914756,419,2.664728210763317,False
12080,0.010084909229614651,1626,0.9384186945278267,False
12081,0.0014699406441689253,237,1.130928183406717,False
12082,0.024139278426605307,3892,1.0381811196855504,False
12083,0.0015505702997562505,250,1.2120794296264648,False
12084,0.0009799604294459501,158,9.15108720562126,False
12085,0.0016808182049357753,271,2.020052822753512,False
12086,0.0006016212763054251,97,2.186007982676791,False
12087,0.0003473277471454001,56,1.1813488900661469,False
12088,4.961824959220001e-05,8,1.3754949122667313,False
12089,0.005482816579938102,884,0.6583477609297809,False
12090,0.006537204383772351,1054,1.3624298900535483,False
12091,0.0070395891608933765,1135,3.4975702506330046,False
12092,0.0052595344567732015,848,1.760244592602523,False
12093,0.00013024790517952503,21,14.650004608290535,False
12094,0.0019661231400909256,317,1.401611041947494,False
12095,0.0011722311466157253,189,1.5625626315515508,False
12096,0.0008187011182713002,132,6.538668481689511,False
12097,0.0005644075891112751,91,9.716925497893449,False
12098,0.0007876897122761752,127,1.4960806707697591,False
12099,0.017862569853192005,2880,0.6445313566260867,False
12100,0.00010543878038342502,17,1.3485129721024458,False
12101,0.00012404562398050004,20,3.9245996356010435,False
12102,0.0016125931117465003,260,0.9924359835111178,False
12103,0.0006636440882956752,107,4.437004006911661,False
12104,0.0012652653646011002,204,1.3848577229415668,False
12105,0.003349231847473501,540,1.212216677709862,False
12106,3.721368719415001e-05,6,2.107950985431671,False
12107,0.0003287209035483251,53,3.47096235347244,False
12108,0.0020839664828724005,336,0.9458525443360919,False
12109,0.0017304364545279755,279,1.5660404744541345,False
12110,8.062965558732502e-05,13,0.8912388819914597,False
12111,0.0006264304011015251,101,3.947493055079243,False
12112,0.0013396927389894002,216,1.4386836444890057,False
12113,0.0010729946474313252,173,0.8391565511681441,False
12114,0.0009427467422518002,152,1.1137270739204006,False
12115,0.003603525376633526,581,4.657005836138832,False
12116,7.442737438830002e-05,12,2.2230132023493447,False
12117,0.0008124988370722751,131,2.6901387595038377,False
12118,0.0005768121515093252,93,2.5243906551791775,False
12119,0.0019537185776928754,315,1.0560895026676238,False
12120,0.0005644075891112751,91,2.394829739581098,False
12121,0.0016684136425377254,269,1.6807137563769259,False
12122,0.003082533755915426,497,1.5898358723527228,False
12123,0.0005333961831161502,86,1.113338857196098,False
12124,0.0008373079618683752,135,1.736559881987395,False
12125,0.035104911586481505,5660,12.701887959115497,False
12126,0.0021459892948626504,346,0.8546302663108517,False
12127,0.0020033368272850756,323,1.3999597945080453,False
12128,0.00014885474877660004,24,2.371994207302729,False
12129,0.0026545763531827006,428,0.9339429282139395,False
12130,3.101140599512501e-05,5,2.619529390335083,False
12131,0.0017056273297318754,275,3.032077017697421,False
12132,0.07835962066848187,12634,0.8058133338927015,False
12133,9.923649918440002e-05,16,3.300840839743614,False
12134,0.0020343482332802003,328,2.993792738856339,False
12135,0.004490451588094101,724,2.2107568287717703,False
12136,0.014134998852577978,2279,0.8321790691005813,False
12137,0.0004775756523249251,77,2.312057087947796,False
12138,0.0022452257940470503,362,2.1656762447146423,False
12139,0.0019289094528967753,311,1.4700637768319182,False
12140,0.0019475162964938504,314,1.3776250181684069,False
12141,0.0038206052185994007,616,0.8124406312580232,False
12142,0.005203713925981976,839,1.2614701911007833,False
12143,0.005327759549962476,859,0.78312020085327,False
12144,0.0022514280752460756,363,1.195673882797073,False
12145,0.00014265246757757502,23,1.3444819865019426,False
12146,0.0015815817057513754,255,1.837156763263777,False
12147,0.24708027612555897,39837,1.8317319529720328,False
12148,0.007014780036097276,1131,1.1685824832697025,False
12149,0.006803902475330427,1097,0.9331360041497507,False
12150,0.0022204166692509505,358,1.0480774344678698,False
12151,0.0003287209035483251,53,1.076487104847746,False
12152,0.0038764257493906257,625,1.3339836395263671,False
12153,0.003752380125410126,605,0.8524108059150128,False
12154,0.00016746159237367503,27,4.641952011320326,False
12155,0.005464209736341027,881,0.817049013769992,False
12156,0.0035539071270413256,573,1.3011330339088907,False
12157,0.02073422604834058,3343,0.6939725587726745,False
12158,0.0003101140599512501,50,1.8965855312347413,False
12159,0.0015195588937611253,245,0.9872350736540191,False
12160,0.0010543878038342502,170,1.029886592836941,False
12161,0.0026731831967797756,431,1.6642182376711108,False
12162,0.0004217551215337001,68,6.334474493475521,False
12163,0.006841116162524577,1103,1.353863348662583,False
12164,0.0004961824959220001,80,1.0976286694407462,False
12165,0.0012528608022030503,202,1.5904962001460614,False
12166,0.0023382600120324254,377,0.8775147278681991,False
12167,0.00033492318474735006,54,9.934671212125707,False
12168,3.721368719415001e-05,6,5.604735533396403,False
12169,0.0019971345460860503,322,2.478198430552986,False
12170,0.00013024790517952503,21,12.516211231549581,False
12171,0.0019475162964938504,314,0.9784809047249472,False
12172,0.0009365444610527753,151,1.840032757512781,False
12173,0.0020653596392753255,333,1.6371854221498645,False
12174,0.003256197629488126,525,1.894517611549014,False
12175,0.00022948440436392506,37,1.117481283239416,False
12176,0.0015815817057513754,255,1.1966001819161807,False
12177,0.0015257611749601504,246,1.2858864030217736,False
12178,0.0014885474877660003,240,1.484741557141145,False
12179,0.01898518275021553,3061,1.7692899492121101,False
12180,0.0009365444610527753,151,1.4388662837199029,False
12181,0.0014513338005718503,234,10.819304352132683,False
12182,0.00014885474877660004,24,0.9177276492118835,False
12183,0.004416024213705801,712,1.7963012229190785,False
12184,0.00030391177875222506,49,3.2532433247079653,False
12185,0.0003473277471454001,56,1.332210749387741,False
12186,0.007672221843193927,1237,0.7818954177893451,False
12187,1.8606843597075006e-05,3,1.4514238039652507,False
12188,0.0018358752349114005,296,1.199318793979851,False
12189,0.0020405505144792256,329,1.5752217635557644,False
12190,0.004571081243681426,737,9.311448910504863,False
12191,0.00024188896676197505,39,10.121655858480013,False
12192,0.0024126873864207254,389,0.8648635020292816,False
12193,0.0004837779335239501,78,3.838809976210961,False
12194,0.0002666980915580751,43,10.3058402371961,False
12195,0.0019723254212899504,318,2.0908137327470118,False
12196,0.0007628805874800752,123,6.526017778288058,False
12197,0.004812970210443401,776,1.3468691296491426,False
12198,0.0018668866409065254,301,1.704177663967855,False
12199,0.0011102083346254752,179,2.138710267050972,False
12200,0.0016870204861348004,272,1.0679013663355041,False
12201,0.00024188896676197505,39,11.297572484383217,False
12202,0.0010233763978391252,165,1.0072005965492943,False
12203,0.012119257462894852,1954,0.7991630425838755,False
12204,0.0015939862681494253,257,1.3035599726183404,False
12205,0.0011660288654167003,188,3.926237961713304,False
12206,0.0004899802147229751,79,4.553384839733945,False
12207,0.00021087756076685005,34,9.806235576377196,False
12208,0.00032251862234930007,52,1.563756138086319,False
12209,0.0013707041449845254,221,1.3016889133064995,False
12210,0.0004341596839317501,70,4.368863371440343,False
12211,0.005904571701471802,952,0.8237474265218783,False
12212,8.062965558732502e-05,13,1.9780280131560106,False
12213,0.004012875935769176,647,0.9583540500776476,False
12214,1.2404562398050002e-05,2,4.484584093093872,False
12215,0.0022700349188431506,366,1.8912176538686283,False
12216,0.007014780036097276,1131,0.6620977211588784,False
12217,0.00035353002834442507,57,1.1882645958348323,False
12218,0.009898840793643901,1596,1.2500727278248112,False
12219,0.0006574418070966502,106,1.370068999956239,False
12220,0.003181770255099826,513,1.302742667830246,False
12221,0.0016560090801396754,267,1.7141846690731548,False
12222,0.0022018098256538754,355,1.0541363662397358,False
12223,0.0033430295662744756,539,1.3694406429336774,False
12224,0.00012404562398050004,20,1.4571462273597717,False
12225,0.0018730889221055505,302,1.8154327940467179,False
12226,0.0025739466975953757,415,1.842410787904119,False
12227,0.0014823452065669753,239,1.3250311333764049,False
12228,0.0028344425079544254,457,1.1051376497197725,False
12229,0.0033430295662744756,539,1.746530092271228,False
12230,0.0017738524229211504,286,1.5610391585143295,False
12231,0.0005892167139073751,95,1.2757073640823364,False
12232,0.19181795064224622,30927,1.6347754847225928,False
12233,0.0010978037722274253,177,1.7281678194380077,False
12234,0.007380714626839752,1190,1.2331221812913398,False
12235,0.00014885474877660004,24,1.7101402779420216,False
12236,0.0005209916207181001,84,1.6750631502696447,False
12237,0.009204185299353101,1484,0.7088834587133156,False
12238,0.008205618026310077,1323,0.7136977649690163,False
12239,0.0019103026092997003,308,2.662352219804541,False
12240,0.00010543878038342502,17,1.7076102705562817,False
12241,0.0020529550768772753,331,1.4314933093292836,False
12242,0.0018296729537123754,295,1.0577168395963765,False
12243,0.0012590630834020753,203,1.078384439933476,False
12244,0.0019351117340958004,312,1.0556472753867125,False
12245,0.0015319634561591754,247,0.9425780039567214,False
12246,0.0004031482779366251,65,2.319921278953552,False
12247,8.683193678635003e-05,14,16.863299982888357,False
12248,0.0019413140152948255,313,1.482376657354946,False
12249,0.003640739063827676,587,2.900444220846719,False
12250,0.0014637383629699002,236,1.6046205314539246,False
12251,0.007269073565257302,1172,0.7695089985486183,False
12252,0.00011164106158245002,18,3.40034548441569,False
12253,0.00017366387357270005,28,0.757407260792596,False
12254,0.0014451315193728252,233,1.3472687082740882,False
12255,0.0013582995825864753,219,0.9079831686194084,False
12256,0.006208483480224026,1001,0.938103055620527,False
12257,0.0011908379902128004,192,1.3832297300299008,False
12258,0.0025491375727992754,411,3.4591249123106906,False
12259,0.0010295786790381503,166,4.273985513721604,False
12260,0.0013024790517952502,210,1.8994823433104016,False
12261,0.03596702867314598,5799,0.9111358358399954,False
12262,0.0027352060087700255,441,2.258218546302951,False
12263,0.0024933170420080504,402,1.2646241994639533,False
12264,8.062965558732502e-05,13,3.965577162229098,False
12265,0.0031879725362988507,514,1.919020152741369,False
12266,0.00013024790517952503,21,1.8909257366543724,False
12267,0.0020405505144792256,329,1.6338021997985144,False
12268,0.0014637383629699002,236,1.1879077750747487,False
12269,0.0009427467422518002,152,1.9873441128354323,False
12270,0.0012776699269991503,206,2.4907158647926106,False
12271,0.007083005129286552,1142,0.7644685541268197,False
12272,0.0012590630834020753,203,1.433985105876265,False
12273,0.04719315764338124,7609,1.0610875603340821,False
12274,0.0026607786343817255,429,3.304193006806718,False
12275,0.0008435102430674002,136,0.9706918588455986,False
12276,0.0026111603847895257,421,0.8683107176755783,False
12277,0.0011660288654167003,188,1.9178641077051772,False
12278,0.004843981616438526,781,1.1608691427680198,False
12279,0.010891205785487903,1756,1.569133552168931,False
12280,0.0016249976741445503,262,3.3900278706586997,False
12281,0.005575850797923477,899,0.9898276896577524,False
12282,0.00032251862234930007,52,1.1073157558074365,False
12283,0.0004093505591356501,66,3.1157956556840376,False
12284,0.003708964157016951,598,4.467748330787671,False
12285,0.006717070538544077,1083,0.9103997235813299,False
12286,0.004459440182098976,719,4.597231268385356,False
12287,0.011437006531002103,1844,1.2422245546949142,False
12288,0.0011536243030186503,186,1.0825876484635055,False
12289,0.012044830088506552,1942,15.964618091050433,False
12290,0.00021087756076685005,34,1.0281600741779102,False
12291,0.0,0,0.0,True
12292,0.005966594513462051,962,1.5472071086542523,False
12293,0.0049308135532248765,795,0.7212895327394113,False
12294,0.0002666980915580751,43,1.0242718652237293,False
12295,0.0012590630834020753,203,5.211866350596761,False
12296,0.0052409276131761265,845,2.067727656618378,False
12297,0.0019165048904987254,309,3.581355347988289,False
12298,0.0032065793798959257,517,3.4069071952794,False
12299,0.0011040060534264502,178,10.919315161329976,False
12300,0.0007628805874800752,123,1.6525958728014938,False
12301,0.0021770007008577756,351,2.1608259976759254,False
12302,0.011753322872152378,1895,1.1310621047082865,False
12303,0.004887397584831701,788,1.3582102541391015,False
12304,0.0021645961384597254,349,2.351773781216247,False
12305,0.0015567725809552753,251,1.1913560016221734,False
12306,0.007523367094417327,1213,0.9317362039224825,False
12307,0.0007504760250820251,121,1.487124679502377,False
12308,0.0018978980469016504,306,1.2920187851961922,False
12309,0.0022390235128480255,361,1.561452122606399,False
12310,0.0007132623378878751,115,1.84901326428289,False
12311,0.00017366387357270005,28,1.6695139365536826,False
12312,0.0018544820785084755,299,1.0992919609299472,False
12313,0.00010543878038342502,17,1.052645339685328,False
12314,0.017459421575255377,2815,0.9921697307861084,False
12315,0.0023320577308334005,376,0.8819016281594622,False
12316,0.0012652653646011002,204,4.362351423969455,False
12317,0.0021025733264694755,339,2.950553522700757,False
12318,0.0014017155509796504,226,3.4963416641792366,False
12319,0.0011164106158245003,180,1.605022931098938,False
12320,0.00033492318474735006,54,3.8650460795119956,False
12321,0.0005706098703103001,92,10.92385958329491,False
12322,0.0013458950201884253,217,1.6346737382598737,False
12323,0.0006822509318927502,110,0.8180431333455173,False
12324,0.012423169241647079,2003,1.5895168991964934,False
12325,4.341596839317501e-05,7,1.4778926372528076,False
12326,0.00014265246757757502,23,4.956581701403079,False
12327,0.05048656896006351,8140,0.7797321544525372,False
12328,0.0032251862234930007,520,1.3764989791008142,False
12329,5.582053079122501e-05,9,13.841478811370003,False
12330,0.0021335847324646007,344,2.1034360209176706,False
12331,0.004087303310157476,659,1.374463079370027,False
12332,0.0010233763978391252,165,1.534480366562352,False
12333,0.0022204166692509505,358,1.9668964357349459,False
12334,0.00022328212316490004,36,17.502044247256386,False
12335,0.003994269092172101,644,0.9840149810965757,False
12336,0.0057371101090981265,925,0.7529113809482472,False
12337,0.0026049581035905004,420,1.7800950317155748,False
12338,0.0003101140599512501,50,7.515447909832001,False
12339,0.0014885474877660003,240,1.5742282529671987,False
12340,0.0013210858953923252,213,1.1847674488461633,False
12341,0.0014079178321786752,227,1.0222365583092106,False
12342,0.0024685079172119505,398,0.8851088998305737,False
12343,0.02657677493782213,4285,2.295599977722524,False
12344,0.0057743237962922765,931,0.8882358122845085,False
12345,0.0025057216044061005,404,1.6077190265797152,False
12346,0.0019041003281006755,307,1.3005252894050523,False
12347,0.009489490234508253,1530,0.639806053685207,False
12348,0.0016249976741445503,262,1.4807129925443927,False
12349,0.014525742568116553,2342,0.8371574758567126,False
12350,0.0006140258387034752,99,1.28697849644555,False
12351,0.0027476105711680757,443,1.8555787174750127,False
12352,0.005650278172311776,911,1.8105189870924379,False
12353,0.0024685079172119505,398,1.8807325072623977,False
12354,0.010227561697192227,1649,0.7223020956109986,False
12355,0.0035725139706384006,576,1.0342187682787578,False
12356,0.00035353002834442507,57,1.614493683764809,False
12357,0.0011970402714118252,193,1.0081492421540572,False
12358,0.0007442737438830002,120,1.4107919712861379,False
12359,3.101140599512501e-05,5,2.554035186767578,False
12360,0.0005520030267132251,89,5.493886808331093,False
12361,0.0004031482779366251,65,1.1145569948049692,False
12362,0.0017862569853192003,288,1.1471829774479072,False
12363,0.0032499953482891006,524,1.087496771157243,False
12364,0.0009427467422518002,152,1.75611527656254,False
12365,0.0006140258387034752,99,1.6393272298755068,False
12366,0.0008869262114605752,143,2.35088399240187,False
12367,0.0030205109439251756,487,1.3663535309033716,False
12368,0.0024809124796100006,400,1.2470682644844056,False
12369,0.00013024790517952503,21,1.2491401888075329,False
12370,0.00010543878038342502,17,1.4129428583032944,False
12371,7.442737438830002e-05,12,5.675065000851949,False
12372,0.004360203682914576,703,1.2123437143152163,False
12373,0.00022328212316490004,36,1.5223594274785783,False
12374,8.062965558732502e-05,13,1.8943227712924664,False
12375,0.0018172683913143255,293,1.5374414522086395,False
12376,0.0012838722081981752,207,1.5577057617298071,False
12377,0.0023630691368285257,381,1.8959542741299926,False
12378,0.0018916957657026255,305,1.1757000735548675,False
12379,4.341596839317501e-05,7,2.3847387858799527,False
12380,0.0007628805874800752,123,2.7117947117099916,False
12381,0.0020033368272850756,323,5.709721051502523,False
12382,0.0007442737438830002,120,1.947611580292384,False
12383,0.00018606843597075004,30,3.4672496636708576,False
12384,0.0021273824512655754,343,1.2420597639445312,False
12385,0.00010543878038342502,17,4.142582122017355,False
12386,0.0005520030267132251,89,1.0213147107135043,False
12387,0.00011784334278147503,19,6.5630942896792765,False
12388,0.0022762372000421755,367,9.385262376281156,False
12389,0.0049308135532248765,795,2.109036286821905,False
12390,0.0005271939019171251,85,1.7916108103359447,False
12391,0.0031073428807115258,501,0.9797376082566922,False
12392,0.0011164106158245003,180,4.351803625954522,False
12393,0.00018606843597075004,30,1.4269177953402201,False
12394,0.0028220379455563757,455,1.0894440079783345,False
12395,0.00020467527956782505,33,1.3760576537161162,False
12396,0.0019227071716977505,310,1.4586454391479493,False
12397,0.008149797495518852,1314,0.8058452582613337,False
12398,0.0016622113613387003,268,4.89308207871309,False
12399,0.0018606843597075004,300,1.021215082804362,False
12400,5.582053079122501e-05,9,6.36765370104048,False
12401,0.0007814874310771502,126,2.091184045587267,False
12402,0.0014141201133777003,228,0.9540570143022036,False
12403,0.0005830144327083501,94,6.645236167501896,False
12404,0.006375945072597701,1028,1.6506247007893218,False
12405,0.0002791026539561251,45,8.03241163889567,False
12406,0.0007504760250820251,121,1.081780002136861,False
12407,0.0020157413896831253,325,1.1948882213005654,False
12408,0.0022204166692509505,358,1.5281277848355597,False
12409,0.0006636440882956752,107,3.105491608102745,False
12410,0.0025863512599934254,417,1.4568305001270285,False
12411,7.442737438830002e-05,12,0.9150890409946442,False
12412,3.721368719415001e-05,6,2.351425846417745,False
12413,0.0026235649471875754,423,1.1401735783750566,False
12414,0.0006078235575044501,98,1.3564224973016856,False
12415,0.0005458007455142001,88,12.395862332799219,False
12416,0.0005085870583200501,82,2.8936875884125874,False
12417,0.0005023847771210251,81,1.7454469203948975,False
12418,0.0010853992098293751,175,5.692354930468968,False
12419,0.0008373079618683752,135,1.404690878479569,False
12420,0.0024002828240226757,387,1.631690076155256,False
12421,0.010643114537526902,1716,1.0131170021626221,False
12422,0.0034546706278569257,557,1.3150031724994873,False
12423,0.0021645961384597254,349,1.4439744368665197,False
12424,0.00010543878038342502,17,1.3627655085395365,False
12425,0.0023010463248382754,371,2.100537947888644,False
12426,0.00011164106158245002,18,2.8799761136372886,False
12427,0.0020219436708821506,326,1.7034343492034023,False
12428,0.0005209916207181001,84,5.283476693289621,False
12429,0.00022948440436392506,37,0.9726260610528894,False
12430,0.0002977094975532001,48,4.097084805369377,False
12431,0.011387388281409902,1836,0.7186133575854997,False
12432,0.0030205109439251756,487,0.9779963209398963,False
12433,0.0012900744893972003,208,1.2527893202809186,False
12434,0.0004279574027327251,69,2.3844193772993227,False
12435,0.0017490432981250503,282,1.1169568376338228,False
12436,0.0005520030267132251,89,2.0325347278895003,False
12437,0.00039694599673760006,64,5.396129386499524,False
12438,0.0021025733264694755,339,1.958538725664482,False
12439,0.0005644075891112751,91,5.85672312778431,False
12440,0.01995273861726343,3217,0.8950784687377816,False
12441,2.4809124796100004e-05,4,1.82706880569458,False
12442,0.0034732774714540007,560,1.5541100623352186,False
12443,0.0016622113613387003,268,0.6651461898390927,False
12444,0.004626901774472651,746,2.1865108104237923,False
12445,0.0024374965112168257,393,1.6863446281156467,False
12446,0.00039694599673760006,64,1.8317373879253864,False
12447,0.005885964857874727,949,1.4825816596647208,False
12448,0.0014327269569747753,231,1.0133486903591074,False
12449,0.0004775756523249251,77,1.6376280351118608,False
12450,0.0004589688087278501,74,4.822960570051864,False
12451,0.0026731831967797756,431,1.682194663311102,False
12452,0.0002977094975532001,48,3.839925177395344,False
12453,0.003584918533036451,578,1.061196739698364,False
12454,0.00029150721635417507,47,0.9908747825216739,False
12455,0.004478047025696051,722,1.0498462159217559,False
12456,0.0024623056360129256,397,2.2142455238539265,False
12457,0.0004651710899268751,75,1.9080271991093953,False
12458,0.014469922037325328,2333,14.3359589460731,False
12459,0.0019971345460860503,322,1.1158503671610578,False
12460,0.0008497125242664252,137,1.2854215768131896,False
12461,0.0020281459520811755,327,1.1062581666748093,False
12462,0.00021707984196587504,35,1.1944155590874808,False
12463,0.0022390235128480255,361,2.890575938607847,False
12464,6.202281199025001e-06,1,3.3647971153259277,False
12465,0.0009241398986547252,149,6.636753940742288,False
12466,0.10747933089790425,17329,0.9994093019761852,False
12467,0.012485192053637328,2013,0.699577700126485,False
12468,0.0019847299836880006,320,1.2773181788623333,False
12469,6.202281199025001e-06,1,2.7385900020599365,False
12470,0.00022948440436392506,37,4.217835722742854,False
12471,3.721368719415001e-05,6,1.5083914001782734,False
12472,0.0021149778888675257,341,1.508520063766636,False
12473,0.013055801923947627,2105,0.7395421995403081,False
12474,0.0011970402714118252,193,0.9809262036041893,False
12475,0.0048191724916424265,777,0.9825992837375656,False
12476,0.0008807239302615502,142,1.5874749128247652,False
12477,3.101140599512501e-05,5,11.119696927070617,False
12478,0.0022018098256538754,355,4.388062976111828,False
12479,0.00014885474877660004,24,1.4917909304300945,False
12480,0.0007318691814849501,118,3.498168763467821,False
12481,0.0012900744893972003,208,1.5548559392874057,False
12482,0.003082533755915426,497,1.333295958142885,False
12483,0.0019537185776928754,315,1.4348079560294984,False
12484,0.0018296729537123754,295,1.2651853941254696,False
12485,0.0005023847771210251,81,8.986486844074578,False
12486,0.0024374965112168257,393,1.443806927319398,False
12487,0.0009427467422518002,152,6.165457642392108,False
12488,0.00014265246757757502,23,1.4573536022849705,False
12489,0.0021025733264694755,339,2.4452642961940936,False
12490,0.002760015133566126,445,0.9729232102297665,False
12491,0.0010605900850332753,171,1.0714615855300635,False
12492,0.0012218493962079253,197,10.049697492328391,False
12493,0.00016125931117465003,26,1.0165674961530244,False
12494,4.341596839317501e-05,7,3.533857362610953,False
12495,0.003541502564643276,571,1.2979135223111422,False
12496,0.0013520973013874504,218,1.286296853778559,False
12497,0.0004403619651307751,71,1.3080497543576737,False
12498,0.0025491375727992754,411,2.2576269297124116,False
12499,0.004385012807710676,707,0.8995223659099919,False
12500,0.00012404562398050004,20,3.243720418214798,False
12501,0.0031693656927017757,511,0.8392796796361994,False
12502,0.0003845414343395501,62,3.861661864865211,False
12503,0.0003783391531405251,61,1.770953315203307,False
12504,0.003653143626225726,589,0.929438026935014,False
12505,8.062965558732502e-05,13,1.338764630831205,False
12506,0.004143123840948701,668,0.8249533461953351,False
12507,0.003994269092172101,644,1.18659586269663,False
12508,0.005414591486748826,873,1.2114472577661992,False
12509,0.006624036320558702,1068,0.8395842220006364,False
12510,0.0022452257940470503,362,1.724603028587215,False
12511,0.0019723254212899504,318,1.0368884786869745,False
12512,8.062965558732502e-05,13,1.3352540272932787,False
12513,0.005439400611544926,877,0.9800997799859216,False
12514,0.0023134508872363255,373,2.574837548483473,False
12515,0.006320124541806476,1019,0.7958223567041729,False
12516,0.00026049581035905006,42,2.0637694881075905,False
12517,0.0025429352916002505,410,2.6641813368332095,False
12518,0.0020591573580763006,332,1.0256299340581319,False
12519,0.005079668302001476,819,1.0640694242111783,False
12520,8.062965558732502e-05,13,2.6651337513556848,False
12521,0.0030205109439251756,487,1.4788555452711039,False
12522,0.0011908379902128004,192,1.2691360898315907,False
12523,0.0009427467422518002,152,1.154692721210028,False
12524,0.0020405505144792256,329,1.2287212983453164,False
12525,4.341596839317501e-05,7,5.167577709470477,False
12526,0.005048656896006351,814,1.0996251229279164,False
12527,0.00021087756076685005,34,3.1711544850293327,False
12528,0.0028096333831583256,453,0.9108274893518579,False
12529,0.009923649918440003,1600,2.410057692229748,False
12530,0.0007442737438830002,120,1.0435277422269185,False
12531,0.012268112211671452,1978,0.7382522125938423,False
12532,0.0020343482332802003,328,2.431109267763975,False
12533,0.0015567725809552753,251,1.3225037282206622,False
12534,0.0018110661101153004,292,0.8980594685632889,False
12535,0.010847789817094727,1749,1.2161737663395544,False
12536,0.00024188896676197505,39,0.8163436039900168,False
12537,3.721368719415001e-05,6,5.593019723892212,False
12538,0.0014203223945767254,229,1.0997110907167327,False
12539,0.0024002828240226757,387,1.693413586579552,False
12540,0.0022080121068529003,356,1.7931490654356024,False
12541,0.004019078216968201,648,0.8961782970546205,False
12542,0.0005520030267132251,89,5.975579711828339,False
12543,0.01954338805812778,3151,0.907143196050268,False
12544,0.0021025733264694755,339,1.4176965828842119,False
12545,0.005892167139073751,950,0.9194422340393067,False
12546,0.007566783062810502,1220,2.0898830149994523,False
12547,0.0004527665275288251,73,2.062687816685193,False
12548,0.0015877839869504003,256,2.359150543808937,False
12549,0.0016249976741445503,262,0.9963695629862429,False
12550,0.0004155528403346751,67,1.7950096592974307,False
12551,0.0022886417624402257,369,3.2764325707262447,False
12552,0.0013458950201884253,217,1.202902709833488,False
12553,0.0004899802147229751,79,6.7420978561232365,False
12554,0.0025057216044061005,404,1.4775803938950642,False
12555,0.0011412197406206002,184,2.9960556742937667,False
12556,0.0006078235575044501,98,1.3888062798247045,False
12557,0.0023692714180275506,382,1.332107965858819,False
12558,0.0023134508872363255,373,1.6254911230971922,False
12559,0.0036655481886237757,591,2.1921648589891025,False
12560,0.00035353002834442507,57,7.021182892615335,False
12561,0.3380925504400519,54511,3.925414548640412,False
12562,0.0018234706725133503,294,1.1872372724572007,False
12563,0.0002480912479610001,40,1.9574060797691346,False
12564,0.0018048638289162753,291,1.3755335054037088,False
12565,0.004316787714521401,696,1.093195249636968,False
12566,0.004403619651307751,710,0.9211992841371348,False
12567,0.012962767705962252,2090,2.006456993128124,False
12568,0.0008000942746742252,129,7.235522944797841,False
12569,0.0003101140599512501,50,9.940573792457581,False
12570,0.0006326326823005501,102,10.243185143844753,False
12571,0.004825374772841451,778,2.7246105177543463,False
12572,0.015666962308737153,2526,1.0167194904076704,False
12573,0.00024188896676197505,39,6.161923163976425,False
12574,0.003374040972269601,544,1.4892204364433008,False
12575,0.00029150721635417507,47,1.5361363583422722,False
12576,0.011561052154982602,1864,0.7782081178841161,False
12577,0.0013396927389894002,216,8.588991655795663,False
12578,0.0021335847324646007,344,1.321468428123829,False
12579,0.010816778411099603,1744,0.9065483578848182,False
12580,0.003423659221861801,552,1.1060169574575147,False
12581,0.0015505702997562505,250,1.2929131197929382,False
12582,0.0011908379902128004,192,3.6851943538834653,False
12583,8.062965558732502e-05,13,2.8043533930411706,False
12584,0.0029770949755320007,480,1.9732179661591849,False
12585,0.0014389292381738004,232,1.7783664624238837,False
12586,0.0004341596839317501,70,7.263699361256191,False
12587,0.004763351960851201,768,0.7286995661755403,False
12588,0.00024188896676197505,39,6.783865708571214,False
12589,0.0017428410169260254,281,8.104112252221837,False
12590,0.0007814874310771502,126,5.575151719744244,False
12591,0.0019537185776928754,315,1.9452241170974005,False
12592,0.004453237900899951,718,2.238026135479175,False
12593,0.006363540510199652,1026,0.723880478513171,False
12594,4.341596839317501e-05,7,4.0831096683229715,False
12595,0.0021707984196587503,350,1.563090762410845,False
12596,8.062965558732502e-05,13,5.538917697392977,False
12597,0.0018854934845036005,304,0.9766986452435192,False
12598,0.0025801489787944006,416,1.1003522391502674,False
12599,0.003994269092172101,644,1.3030924375012796,False
12600,0.007827278873169552,1262,0.7887996114943938,False
12601,0.003690357313419876,595,1.4241795840383578,False
12602,0.00027290037275710005,44,9.76441152529283,False
12603,0.010221359415993203,1648,0.7656483661781237,False
12604,0.0009861627106449752,159,0.996789831785286,False
12605,0.00039694599673760006,64,1.297300698235631,False
12606,0.0029460835695368755,475,1.2999433474791677,False
12607,0.00011164106158245002,18,1.499306811226739,False
12608,0.010773362442706427,1737,0.8516999350653754,False
12609,0.0019413140152948255,313,1.2800931130735258,False
12610,0.0007318691814849501,118,1.3760190575809803,False
12611,0.0006450372446986001,104,6.475733187336188,False
12612,0.0028840607575466256,465,0.8035223501984791,False
12613,0.0038019983750023256,613,0.8823241316280396,False
12614,0.00012404562398050004,20,3.5251215159893037,False
12615,0.02269414690723248,3659,0.7680454207235556,False
12616,0.004906004428428776,791,1.2530875129133048,False
12617,0.006772891069335302,1092,0.6214642114255018,False
12618,0.0019785277024889753,319,1.1328771181614794,False
12619,8.062965558732502e-05,13,1.2750115944789007,False
12620,0.0024809124796100006,400,1.9757215225696563,False
12621,0.0018482797973094504,298,1.5468665769436216,False
12622,0.0004279574027327251,69,1.6043335924977842,False
12623,0.0035290980022452258,569,0.6497165213988829,False
12624,0.0017552455793240754,283,1.7981063721457977,False
12625,0.0007194646190869002,116,15.787902074641195,False
12626,0.0014203223945767254,229,1.6854596138000488,False
12627,0.0028592516327505257,461,1.8728772699186444,False
12628,0.0012342539586059752,199,3.9250695435845073,False
12629,0.009532906202901427,1537,0.8748191629979388,False
12630,0.008137392933120801,1312,0.7359921408862602,False
12631,0.0003907437155385751,63,8.266310865916903,False
12632,0.01575999652672253,2541,1.4411421621563585,False
12633,0.0006512395258976251,105,4.637033429599944,False
12634,0.0021273824512655754,343,4.968710171237979,False
12635,0.0007814874310771502,126,1.4961295336011857,False
12636,0.0026545763531827006,428,2.7406733386984494,False
12637,0.0029584881319349257,477,1.2108071305216983,False
12638,0.0018110661101153004,292,1.2530296375490215,False
12639,0.00016125931117465003,26,3.0177017679581275,False
12640,0.005588255360321526,901,0.7046561450196159,False
12641,0.0033058158790803256,533,3.182932127260133,False
12642,0.0036655481886237757,591,1.0774241857318911,False
12643,0.0006202281199025002,100,4.893558486700058,False
12644,0.05087731267560209,8203,1.2339172595799675,False
12645,0.0017862569853192003,288,1.4561619485418003,False
12646,0.0026731831967797756,431,1.3691216109800228,False
12647,0.0022390235128480255,361,1.113924322366054,False
12648,0.004943218115622926,797,1.3015792677961897,False
12649,0.00019227071716977504,31,1.9604789633904733,False
12650,0.0015753794245523503,254,2.3274776118946825,False
12651,4.961824959220001e-05,8,2.0380748212337494,False
12652,0.0007938919934752001,128,1.0381935276091099,False
12653,0.00016125931117465003,26,10.750223664137033,False
12654,0.0007628805874800752,123,11.495682383940473,False
12655,0.0022390235128480255,361,3.8016398329483834,False
12656,0.019375926465754104,3124,0.8528599354430136,False
12657,0.0013458950201884253,217,1.4598756166097755,False
12658,0.008459911555470103,1364,0.8234881278007261,False
12659,0.011325365469419653,1826,1.0424638923914513,False
12660,0.0007318691814849501,118,3.368662537154505,False
12661,0.012875935769175903,2076,0.6550908690472789,False
12662,0.004310585433322376,695,0.8011503123550964,False
12663,0.0021335847324646007,344,1.7887268080267795,False
12664,0.00011164106158245002,18,1.2802005741331313,False
12665,0.007374512345640727,1189,0.8841492943246391,False
12666,0.0021521915760616753,347,1.5667717937777297,False
12667,0.0009489490234508252,153,1.601578763886994,False
12668,6.822509318927501e-05,11,0.8887588110837069,False
12669,0.004750947398453151,766,1.077475597902004,False
12670,0.0037027618758179257,597,3.9869581552805813,False
12671,0.00029150721635417507,47,1.7008939753187464,False
12672,0.003764784687808176,607,1.6003501340624136,False
12673,0.0005147893395190752,83,9.70333899072854,False
12674,9.923649918440002e-05,16,2.7208813950419426,False
12675,0.0018978980469016504,306,1.3222340945324866,False
12676,0.0023382600120324254,377,1.0945582339238742,False
12677,0.0016374022365426004,264,1.150407228957523,False
12678,0.0023568668556295004,380,2.283734967206654,False
12679,0.0004093505591356501,66,3.2430523453336773,False
12680,0.0029274767259398005,472,1.1358281267901598,False
12681,0.004794363366846326,773,1.5343476883961036,False
12682,0.0015753794245523503,254,1.6362657133988507,False
12683,0.0020157413896831253,325,0.8368754452925462,False
12684,0.010891205785487903,1756,0.8385626569152693,False
12685,0.0030515223499203007,492,0.822408301558921,False
12686,0.007603996750004651,1226,1.6415851088954807,False
12687,0.003026713225124201,488,0.8727586044639838,False
12688,1.8606843597075006e-05,3,1.482627550760905,False
12689,0.0021707984196587503,350,0.9297701028415135,False
12690,0.0023754736992265754,383,1.4874459109791887,False
12691,0.0035477048458423008,572,1.1818628379931817,False
12692,0.0008993307738586252,145,8.56994805171572,False
12693,0.00014885474877660004,24,1.576472133398056,False
12694,0.011133094752249878,1795,3.421564077733287,False
12695,0.0018606843597075004,300,1.1936598308881123,False
12696,0.00013024790517952503,21,2.342601634207226,False
12697,0.016895013986144104,2724,0.8393681451962733,False
12698,0.00021087756076685005,34,1.478914085556479,False
12699,0.0030577246311193256,493,0.9297436226695837,False
12700,0.003988066810973076,643,0.9105535658484855,False
12701,0.0023320577308334005,376,1.8023120494599039,False
12702,0.06532242558813131,10532,0.8149196745730877,False
12703,0.0013458950201884253,217,2.3399790948437107,False
12704,0.0017986615477172505,290,1.0408115584274817,False
12705,0.0022886417624402257,369,1.6736668800596946,False
12706,0.004558676681283376,735,1.1529287429082962,False
12707,0.0026607786343817255,429,1.5156724783646198,False
12708,0.0007070600566888501,114,1.221047229934157,False
12709,0.015511905278761529,2501,0.9013802193966164,False
12710,0.0022390235128480255,361,1.6679011190366877,False
12711,0.0016125931117465003,260,1.6262101045021644,False
12712,0.0008745216490625251,141,1.0767183117832697,False
12713,6.822509318927501e-05,11,3.268668218092485,False
12714,0.00033492318474735006,54,11.080569876564873,False
12715,0.0014637383629699002,236,1.0820414449198772,False
12716,0.004465642463298001,720,9.703404508365525,False
12717,0.0022700349188431506,366,1.6354764706450082,False
12718,0.0022018098256538754,355,0.9469903865330656,False
12719,0.003082533755915426,497,1.8951391511759768,False
12720,0.0018792912033045754,303,1.224037489088455,False
12721,0.0018172683913143255,293,1.867938070980762,False
12722,0.00029150721635417507,47,3.983288942499364,False
12723,0.0023010463248382754,371,1.797522989887433,False
12724,0.003752380125410126,605,1.1291422977920407,False
12725,0.0019537185776928754,315,1.166836466864934,False
12726,0.0005395984643151751,87,1.5701067666897828,False
12727,0.004682722305263876,755,1.1464163268638763,False
12728,0.0012714676458001253,205,1.6281452242921037,False
12729,0.00014265246757757502,23,1.1353103803551716,False
12730,0.0018606843597075004,300,1.4946569283803304,False
12731,0.0009303421798537502,150,2.03469766775767,False
12732,3.721368719415001e-05,6,0.9679208993911743,False
12733,0.0032996135978813007,532,2.467613088905363,False
12734,0.00019227071716977504,31,1.2504853087086831,False
12735,0.00010543878038342502,17,1.9470379492815804,False
12736,0.005346366393559551,862,0.8067681031547953,False
12737,1.8606843597075006e-05,3,1.137561837832133,False
12738,6.202281199025002e-05,10,2.019251763820648,False
12739,0.00012404562398050004,20,7.36039320230484,False
12740,0.004143123840948701,668,1.7814424969478995,False
12741,0.0028716561951485755,463,0.795633962808366,False
12742,0.0005147893395190752,83,1.6748858101396675,False
12743,0.0022762372000421755,367,1.7093040118100533,False
12744,0.0006822509318927502,110,1.871994761987166,False
12745,0.00028530493515515004,46,1.4848429249680561,False
12746,0.0020343482332802003,328,1.159940630924411,False
12747,6.202281199025002e-05,10,3.126454067230225,False
12748,0.0014327269569747753,231,1.5635216803777785,False
12749,6.202281199025001e-06,1,0.6941828727722168,False
12750,0.0020653596392753255,333,1.3347194735352341,False
12751,0.0014575360817708754,235,1.866605595324902,False
12752,0.007715637811587101,1244,1.0823826467875883,False
12753,0.0015505702997562505,250,1.2122608594894408,False
12754,0.0029088698823427255,469,1.723159639820107,False
12755,0.0014079178321786752,227,1.0228067694256484,False
12756,0.00023568668556295006,38,1.5355604259591353,False
12757,0.0012528608022030503,202,1.0967780841459143,False
12758,0.0005209916207181001,84,17.94143898997988,False
12759,0.00020467527956782505,33,15.801549976522272,False
12760,0.006096842418641576,983,1.0730073672708877,False
12761,0.0003597323095434501,58,9.42192994520582,False
12762,0.0012032425526108503,194,1.1427901503966027,False
12763,0.0022886417624402257,369,1.3699172686755172,False
12764,0.006382147353796727,1029,0.8317583999782077,False
12765,6.822509318927501e-05,11,3.1557836532592773,False
12766,0.0033244227226774006,536,1.0600405433284703,False
12767,0.0028778584763476008,464,3.2183421439137954,False
12768,0.0005333961831161502,86,1.0330774201903232,False
12769,0.0017738524229211504,286,1.4137293738085073,False
12770,0.0020467527956782505,330,1.4108137304132635,False
12771,0.0003411254659463751,55,5.191754874316129,False
12772,0.0018978980469016504,306,1.091095438580108,False
12773,0.0013148836141933004,212,7.475968959196559,False
12774,0.004943218115622926,797,1.427743342320623,False
12775,0.0021025733264694755,339,1.6524057722372996,False
12776,0.003349231847473501,540,3.3392550322744583,False
12777,0.0009799604294459501,158,1.4102554426917546,False
12778,0.0025925535411924507,418,1.1441089764736485,False
12779,0.0034980865962501006,564,0.8219104003398976,False
12780,0.0035104911586481507,566,1.445121035137783,False
12781,1.8606843597075006e-05,3,1.5255563259124756,False
12782,0.0018606843597075004,300,1.3694540532430013,False
12783,0.0027165991651729505,438,1.8955465889956853,False
12784,0.00012404562398050004,20,1.8697959780693054,False
12785,0.0009737581482469252,157,2.9139318086539103,False
12786,0.006878329849718727,1109,0.9657213982426442,False
12787,0.00012404562398050004,20,1.8517670273780822,False
12788,0.0006264304011015251,101,7.318306886323608,False
12789,0.012026223244909477,1939,0.9997930269747927,False
12790,0.00013024790517952503,21,8.582832063947405,False
12791,0.0018110661101153004,292,3.756697521634298,False
12792,0.0021956075444548506,354,1.0644824504852295,False
12793,0.0016560090801396754,267,1.0754409675741017,False
12794,0.0027352060087700255,441,1.4241564527931128,False
12795,0.008354472775086677,1347,2.231439563815649,False
12796,0.0032872090354832506,530,0.776075249797893,False
12797,0.0024374965112168257,393,0.9772023402400902,False
12798,5.582053079122501e-05,9,3.0620836946699352,False
12799,0.0007504760250820251,121,3.634870945914718,False
12800,0.00030391177875222506,49,3.2781419267459793,False
12801,0.0004775756523249251,77,1.328282599325304,False
12802,0.002933679007138826,473,1.4556718472446497,False
12803,0.0018234706725133503,294,1.155851382382062,False
12804,0.00027290037275710005,44,1.1630855473605068,False
12805,0.0026297672283866007,424,1.8766559632319324,False
12806,0.0013458950201884253,217,3.536564130387548,False
12807,0.0030577246311193256,493,1.3509267957892428,False
12808,0.0005023847771210251,81,2.1394569711920655,False
12809,0.0025739466975953757,415,1.1458096386438392,False
12810,0.0014513338005718503,234,1.957833582519466,False
12811,0.010928419472682053,1762,1.551245553268883,False
12812,0.0020777642016733757,335,1.598273707503703,False
12813,0.0010233763978391252,165,1.0398031480384595,False
12814,0.0014575360817708754,235,1.0760740006223637,False
12815,0.0023878782616246256,385,0.78923948585213,False
12816,0.0032623999106871507,526,1.2892056907537772,False
12817,0.0018916957657026255,305,2.292860589261915,False
12818,0.0016374022365426004,264,1.1225586398081346,False
12819,0.0006078235575044501,98,1.1003716697498245,False
12820,0.0004961824959220001,80,1.4139355331659318,False
12821,0.0024250919488187756,391,1.5339263506862513,False
12822,0.005178904801185876,835,1.328747148285369,False
12823,0.006822509318927502,1100,3.5071895896304737,False
12824,0.0013334904577903754,215,0.9649402768112892,False
12825,0.0018730889221055505,302,1.701846600368323,False
12826,0.0017118296109309005,276,1.3899440290271372,False
12827,0.0026483740719836757,427,1.245096839842249,False
12828,0.0028158356643573504,454,0.669060563200896,False
12829,0.0011288151782225502,182,1.4213248386487856,False
12830,0.0005395984643151751,87,4.862207852560898,False
12831,0.0014389292381738004,232,2.880264790921376,False
12832,6.202281199025002e-05,10,1.166571354866028,False
12833,0.0016001885493484504,258,1.008769429007242,False
12834,0.0023444622932314507,378,1.48517965387415,False
12835,0.0023940805428236504,386,1.8176005041043375,False
12836,0.0009489490234508252,153,3.484659704507566,False
12837,0.0021149778888675257,341,1.7117399700925497,False
12838,0.006462777009384051,1042,0.8378444285401914,False
12839,5.582053079122501e-05,9,1.0007247262530856,False
12840,0.0023258554496343757,375,3.5541200879414876,False
12841,0.0008249033994703252,133,5.189569734989252,False
12842,0.00036593459074247506,59,3.087337059489751,False
12843,0.00022328212316490004,36,1.4173907902505662,False
12844,0.00019227071716977504,31,9.396299189136874,False
12845,0.01852621394148768,2987,0.6004723891151921,False
12846,0.00013645018637855003,22,10.010934775525874,False
12847,0.0013582995825864753,219,7.752276323701693,False
12848,0.004000471373371126,645,1.2227312331975893,False
12849,0.0017118296109309005,276,2.1295706672944883,False
12850,0.0023196531684353504,374,2.284538822378067,False
12851,0.0018482797973094504,298,1.7175462037924951,False
12852,0.0023320577308334005,376,8.891059005514105,False
12853,0.0025925535411924507,418,1.510934796059531,False
12854,0.00011164106158245002,18,1.7095484203762479,False
12855,0.0011164106158245003,180,1.2702318403455946,False
12856,0.008118786089523726,1309,0.7895678060486446,False
12857,0.0024126873864207254,389,1.7287684317419645,False
12858,0.0015691771433533252,253,1.4587618013615664,False
12859,0.0003287209035483251,53,1.7052587788060027,False
12860,0.0052781413003702765,851,1.1153065536333167,False
12861,0.0014327269569747753,231,1.8660936892290652,False
12862,0.0019475162964938504,314,3.610045527576641,False
12863,0.0025057216044061005,404,1.4878848091800614,False
12864,0.0004155528403346751,67,8.289944146996113,False
12865,0.0065620135085684515,1058,1.0571376128097563,False
12866,0.05523751635851666,8906,2.689247009702246,False
12867,0.002760015133566126,445,1.7929164329271639,False
12868,0.005947987669864976,959,0.7369126129945948,False
12869,0.0004651710899268751,75,4.108497482935587,False
12870,0.0023072486060373007,372,1.5596726693773781,False
12871,0.0027476105711680757,443,1.6877356958712197,False
12872,0.00021087756076685005,34,1.1569481982904322,False
12873,0.0005458007455142001,88,6.369454083117572,False
12874,0.016572495363794803,2672,1.4406655334426972,False
12875,0.0007380714626839752,119,1.9882117920563,False
12876,0.0005333961831161502,86,1.20110733287279,False
12877,0.0014699406441689253,237,1.8333940827896826,False
12878,0.0075729853440095266,1221,1.412334919952155,False
12879,0.0015877839869504003,256,1.8792852279730141,False
12880,0.003671750469822801,592,0.98201258198635,False
12881,0.004329192276919451,698,0.7035674044600873,False
12882,0.0005830144327083501,94,2.0462190978070525,False
12883,0.0021335847324646007,344,1.5894060765588007,False
12884,0.0027103968839739256,437,1.2321892338431946,False
12885,0.0061960789178259765,999,1.7117370742935318,False
12886,0.00011164106158245002,18,2.633073521984948,False
12887,0.009154567049760903,1476,0.9732294896753823,False
12888,0.0022328212316490006,360,0.919216987821791,False
12889,0.0022452257940470503,362,4.36522397547137,False
12890,0.0005644075891112751,91,4.342295841856317,False
12891,0.0009179376174557002,148,1.8859187783421696,False
12892,0.004217551215337001,680,1.9622495928231407,False
12893,0.010078706948415627,1625,0.7880126272348257,False
12894,0.0031507588491047006,508,1.6754861776753673,False
12895,8.062965558732502e-05,13,6.864321681169363,False
12896,0.00014265246757757502,23,1.7395509688750557,False
12897,0.005061061458404401,816,0.8864016988698173,False
12898,0.007603996750004651,1226,0.7532178030317409,False
12899,0.004242360340133101,684,1.8659155438517967,False
12900,0.0010295786790381503,166,1.4395306921867004,False
12901,0.0031693656927017757,511,0.921982156553847,False
12902,0.0008373079618683752,135,1.3354582574632432,False
12903,0.009687963232877052,1562,2.0892708477076436,False
12904,0.0019227071716977505,310,2.539791770135203,False
12905,0.0005954189951064002,96,1.3894296064972878,False
12906,0.0005147893395190752,83,6.69081025525748,False
12907,0.0022762372000421755,367,1.0044133500767014,False
12908,9.923649918440002e-05,16,2.5673601776361465,False
12909,0.0062332926050201265,1005,1.2665712669714173,False
12910,0.005861155733078626,945,0.7991914567493257,False
12911,0.0004837779335239501,78,1.456133634616167,False
12912,0.00020467527956782505,33,2.0505623239459414,False
12913,0.00012404562398050004,20,1.294588601589203,False
12914,0.0011164106158245003,180,9.782776447137197,False
12915,0.004639306336870701,748,3.3331023183735935,False
12916,0.0003907437155385751,63,1.6486508429996551,False
12917,0.0033554341286725258,541,1.3548441552410726,False
12918,0.0004279574027327251,69,22.785923275394715,False
12919,0.0016374022365426004,264,3.9796693297949703,False
12920,0.0031941748174978755,515,1.6203444969306873,False
12921,0.0017552455793240754,283,0.944766628447354,False
12922,0.0019351117340958004,312,3.183121748459645,False
12923,0.004223753496536026,681,0.7771207036425889,False
12924,0.007926515372353952,1278,0.8177548070468813,False
12925,0.0018730889221055505,302,2.776060761205408,False
12926,0.0020405505144792256,329,1.440170161992221,False
12927,0.007486153407223177,1207,1.4228363347231305,False
12928,0.0011474220218196253,185,1.2660957181775891,False
12929,0.009880233950046828,1593,0.692346760856978,False
12930,0.004639306336870701,748,1.106124549626029,False
12931,0.004546272118885326,733,1.7362136814799185,False
12932,0.0018544820785084755,299,1.6562003929878157,False
12933,0.0017056273297318754,275,1.0555139767039905,False
12934,0.0014327269569747753,231,1.2313222183293595,False
12935,0.0008497125242664252,137,1.0471513654193738,False
12936,0.003715166438215976,599,1.0172223041770057,False
12937,0.0008124988370722751,131,2.4131097438681217,False
12938,0.0013769064261835503,222,0.9651526819478284,False
12939,0.0020963710452704507,338,1.5857080785480477,False
12940,0.00017366387357270005,28,1.617413422891072,False
12941,0.00028530493515515004,46,5.403173913126406,False
12942,0.0018792912033045754,303,1.4736461710221698,False
12943,0.005011443208812201,808,1.4223147012514643,False
12944,0.0006264304011015251,101,8.578928140130374,False
12945,0.004447035619700926,717,1.0787646901823653,False
12946,0.00024188896676197505,39,1.3631461155720246,False
12947,0.003640739063827676,587,1.333203815114153,False
12948,0.00027290037275710005,44,1.7294630462473088,False
12949,6.822509318927501e-05,11,1.3568489876660434,False
12950,0.0013831087073825753,223,1.1019364354856345,False
12951,3.101140599512501e-05,5,2.795384407043457,False
12952,0.0003597323095434501,58,1.579714049553049,False
12953,0.0002977094975532001,48,10.692131586372852,False
12954,0.0024436987924158506,394,1.0933938220067678,False
12955,0.01923327399817653,3101,1.0718996945368555,False
12956,0.031358733742270405,5056,1.570152365708653,False
12957,0.0011908379902128004,192,5.294960842778285,False
12958,0.0017800547041201755,287,1.7736324225568605,False
12959,0.00010543878038342502,17,1.9420344829559326,False
12960,0.0007380714626839752,119,1.7774377870960396,False
12961,0.0003783391531405251,61,7.244352926973437,False
12962,0.0008373079618683752,135,2.2188833872477214,False
12963,0.006996173192500201,1128,0.8292448503751282,False
12964,0.03807580428081448,6139,1.4113998825531826,False
12965,0.003913639436584776,631,1.2717357019992714,False
12966,0.005873560295476676,947,2.2281744501532823,False
12967,0.006258101729816227,1009,1.3250832505693992,False
12968,0.0035663116894393758,575,0.8593704281682554,False
12969,0.00027290037275710005,44,1.6645323146473279,False
12970,0.0022266189504499753,359,2.2092344511850297,False
12971,0.009452276547314103,1524,0.7111575071580141,False
12972,3.101140599512501e-05,5,2.518708038330078,False
12973,0.0025305307292022004,408,1.6759732003305472,False
12974,0.00036593459074247506,59,1.6681782451726623,False
12975,0.0075543785004124515,1218,0.7641234789380104,False
12976,0.0008683193678635002,140,1.7291531264781952,False
12977,0.0024188896676197507,390,1.2496658236552507,False
12978,0.0020591573580763006,332,1.5301743989967438,False
12979,0.00032251862234930007,52,6.317844730157119,False
12980,0.00033492318474735006,54,1.8258027147363733,False
12981,0.00033492318474735006,54,1.5008774841273274,False
12982,0.0021583938572607006,348,1.530184619728176,False
12983,0.011281949501026477,1819,0.6140002501803876,False
12984,0.0013396927389894002,216,1.073696227537261,False
12985,0.0027290037275710007,440,1.9420057586648247,False
12986,0.0016125931117465003,260,1.2977441916098962,False
12987,0.003845414343395501,620,3.438526115686663,False
12988,0.0022266189504499753,359,0.9977041579222613,False
12989,0.0053525686747585765,863,1.2278049177255994,False
12990,3.101140599512501e-05,5,1.6369025707244873,False
12991,0.0006264304011015251,101,0.9088396412311214,False
12992,4.341596839317501e-05,7,1.7677917991365706,False
12993,0.0021149778888675257,341,2.0338322626880188,False
12994,0.0019475162964938504,314,2.0468143946046284,False
12995,0.00027290037275710005,44,7.2732013382694936,False
12996,1.8606843597075006e-05,3,0.8054051001866659,False
12997,0.02761875817925833,4453,0.9848420669757836,False
12998,0.0019103026092997003,308,1.1958351506815328,False
12999,0.006363540510199652,1026,1.1760814882393702,False
13000,0.0027662174147651507,446,1.1442380961815872,False
13001,0.0023568668556295004,380,1.3912161971393384,False
13002,0.010853992098293753,1750,0.7936256765638079,False
13003,0.0021521915760616753,347,1.7698737207682058,False
13004,0.0034980865962501006,564,0.9623947710010177,False
13005,0.00011784334278147503,19,2.6653652442129037,False
13006,0.0024374965112168257,393,1.1740394208874108,False
13007,0.0011970402714118252,193,1.1764684489353952,False
13008,0.0004403619651307751,71,2.9598646718011774,False
13009,0.00022948440436392506,37,1.355191997579626,False
13010,0.0007938919934752001,128,1.7949036359786987,False
13011,0.004670317742865826,753,2.6431285223637917,False
13012,0.012962767705962252,2090,0.7536930431019176,False
13013,0.0009985672730430252,161,0.964051311800939,False
13014,0.0010605900850332753,171,2.0639793175702903,False
13015,6.822509318927501e-05,11,4.667870304801247,False
13016,0.0022018098256538754,355,1.558076756101259,False
13017,0.0017986615477172505,290,1.492037561844135,False
13018,0.0017614478605231004,284,2.5845971980565032,False
13019,5.582053079122501e-05,9,6.878089043829176,False
13020,0.0019599208588919003,316,1.5891033780725696,False
13021,0.0007504760250820251,121,4.0127870957713485,False
13022,0.0013893109885816004,224,1.611291080713272,False
13023,0.00028530493515515004,46,1.0430232804754507,False
13024,0.0003411254659463751,55,10.797517481717197,False
13025,0.00035353002834442507,57,2.117321125248022,False
13026,0.0012528608022030503,202,1.6449283709620486,False
13027,0.0022948440436392505,370,1.2645201502619563,False
13028,0.011926986745725078,1923,1.1767369814360447,False
13029,0.0019413140152948255,313,1.0807336633578657,False
13030,0.0030763314747164006,496,1.3213678223471488,False
13031,0.0025057216044061005,404,1.022045113072537,False
13032,0.0019475162964938504,314,1.6414590823422572,False
13033,0.013750457418238429,2217,5.106017096708312,False
13034,0.0006512395258976251,105,1.2894450812112717,False
13035,4.341596839317501e-05,7,0.7502626350947789,False
13036,4.341596839317501e-05,7,2.429741621017456,False
13037,0.0011784334278147502,190,6.718378521266737,False
13038,0.0025491375727992754,411,1.9952454891808131,False
13039,0.0010543878038342502,170,1.3614896725205814,False
13040,0.010841587535895703,1748,1.6745749851113325,False
13041,0.007120218816480702,1148,2.5615100538689086,False
13042,0.0034980865962501006,564,1.8149428029432364,False
13043,0.0026421717907846505,426,2.976027462124265,False
13044,0.0006078235575044501,98,1.0685656824890448,False
13045,0.0012404562398050003,200,1.9375304579734802,False
13046,0.008391686462280827,1353,0.8935286759096697,False
13047,0.0016498067989406504,266,1.281770874683122,False
13048,0.003963257686176976,639,1.2089996076712213,False
13049,0.0018668866409065254,301,1.3423128076566018,False
13050,0.0037957960938033008,612,1.2930463963474323,False
13051,0.006456574728185027,1041,1.8634367078456824,False
13052,2.4809124796100004e-05,4,3.509785145521164,False
13053,0.0020157413896831253,325,1.9002189577542818,False
13054,0.0029150721635417508,470,2.952352771606851,False
13055,0.0021770007008577756,351,1.8660530419091554,False
13056,0.0053339618311615015,860,1.2916031233100005,False
13057,0.0020157413896831253,325,1.8878770083647507,False
13058,0.0012404562398050003,200,1.2995558822154998,False
13059,4.961824959220001e-05,8,1.9377709925174713,False
13060,0.004992836365215126,805,1.1790764447324764,False
13061,2.4809124796100004e-05,4,1.5419701635837555,False
13062,0.0004899802147229751,79,1.7314926597136486,False
13063,3.721368719415001e-05,6,4.632534305254619,False
13064,0.0020219436708821506,326,1.662816253176496,False
13065,0.0020715619204743504,334,1.1068601751041984,False
13066,3.721368719415001e-05,6,4.128792603810628,False
13067,0.0023506645744304755,379,2.4384025542905903,False
13068,0.0007194646190869002,116,1.1791128012640724,False
13069,5.582053079122501e-05,9,2.7983150482177734,False
13070,0.0013955132697806253,225,1.2498348082436455,False
13071,0.0020033368272850756,323,2.5748322534118273,False
13072,0.003485682033852051,562,1.2135583145338444,False
13073,0.003708964157016951,598,1.1844771665872937,False
13074,0.0020219436708821506,326,0.6974317841003278,False
13075,0.003950853123778926,637,2.9045327390943254,False
13076,0.00012404562398050004,20,1.9466822624206543,False
13077,0.0023754736992265754,383,1.316574129049834,False
13078,0.0012528608022030503,202,1.143294339132781,False
13079,0.00025429352916002504,41,1.0851523410983202,False
13080,0.0023878782616246256,385,2.0340427556595246,False
13081,1.8606843597075006e-05,3,1.1021795272827148,False
13082,0.00030391177875222506,49,6.51995752052385,False
13083,0.0031507588491047006,508,0.8462741525154415,False
13084,0.0009675558670479002,156,1.2271625399589539,False
13085,0.0025367330104012257,409,1.4418671597478443,False
13086,0.0003721368719415001,60,1.562919763724009,False
13087,0.0017924592665182254,289,1.8357599887055922,False
13088,0.00011164106158245002,18,1.0443550149599712,False
13089,0.0023630691368285257,381,1.4573103912233367,False
13090,0.0020033368272850756,323,1.031365939338141,False
13091,0.0002480912479610001,40,9.61513685286045,False
13092,0.0014327269569747753,231,4.249594411808691,False
13093,0.011089678783856702,1788,0.687729450413578,False
13094,0.0004961824959220001,80,1.2707697689533233,False
13095,0.0022452257940470503,362,1.3494160748318413,False
13096,0.0004155528403346751,67,12.643464163168153,False
13097,0.0011102083346254752,179,1.1131036894281483,False
13098,0.0028096333831583256,453,1.1563541315512416,False
13099,0.0005582053079122502,90,4.060742916001214,False
13100,0.00036593459074247506,59,1.3638402405431715,False
13101,0.0005892167139073751,95,1.268832015991211,False
13102,0.0022700349188431506,366,1.6543569734187726,False
13103,0.0019599208588919003,316,1.7348270088056974,False
13104,0.008081572402329576,1303,4.046691343588547,False
13105,0.0027290037275710007,440,1.9968459151007913,False
13106,0.0013645018637855003,220,1.2654620885849,False
13107,0.0021025733264694755,339,4.189524859805374,False
13108,0.005513827985933226,889,1.0315438765106373,False
13109,0.0038206052185994007,616,1.5125929477152886,False
13110,0.0008373079618683752,135,1.8056558520705612,False
13111,0.0016870204861348004,272,1.263982743024826,False
13112,0.017664096854823202,2848,0.9682286748809091,False
13113,0.00019847299836880003,32,4.194712944328785,False
13114,0.0019909322648870255,321,1.7553666837490236,False
13115,0.0017676501417221253,285,1.1530525475217586,False
13116,8.062965558732502e-05,13,1.7705773757054255,False
13117,0.0008000942746742252,129,1.5860645050226256,False
13118,0.007238062159262176,1167,0.7404958934179207,False
13119,0.008075370121130552,1302,1.9444857458548246,False
13120,7.442737438830002e-05,12,2.126642018556595,False
13121,0.010041493261221477,1619,1.3754553348654357,False
13122,0.007436535157630977,1199,0.7972004558763671,False
13123,0.0002480912479610001,40,1.4241942673921586,False
13124,0.0015567725809552753,251,1.0425011489495812,False
13125,0.002933679007138826,473,1.3952303396470955,False
13126,0.0032437930670900757,523,1.5752933595194187,False
13127,0.00015505702997562504,25,2.248730297088623,False
13128,0.0008807239302615502,142,1.424007882534618,False
13129,0.00019227071716977504,31,11.860403137822304,False
13130,6.822509318927501e-05,11,1.541530500758778,False
13131,0.0014141201133777003,228,1.7921310741650431,False
13132,0.0028716561951485755,463,1.1567026307206947,False
13133,0.006375945072597701,1028,0.9343115281502097,False
13134,0.007331096377247551,1182,0.9823145987418702,False
13135,0.0020529550768772753,331,1.0200217742574178,False
13136,0.00029150721635417507,47,1.4875583445772211,False
13137,0.0003101140599512501,50,1.4105996131896972,False
13138,0.0015629748621543004,252,1.081154846009754,False
13139,0.00014265246757757502,23,1.0536984257076099,False
13140,0.009042925988178453,1458,1.2695854800064705,False
13141,0.00023568668556295006,38,2.840333417842263,False
13142,0.0016249976741445503,262,1.0234262602019857,False
13143,0.003045320068721276,491,0.832235721852289,False
13144,0.00020467527956782505,33,10.637996644684762,False
13145,0.0013582995825864753,219,4.662748036319262,False
13146,0.0028964653199446758,467,2.920555806772612,False
13147,0.12263770614832135,19773,1.187956360531572,False
13148,0.0005706098703103001,92,1.0536267031794009,False
13149,0.010246168540789302,1652,1.2335254124232702,False
13150,0.0036469413450267007,588,0.9833538001086436,False
13151,0.0006512395258976251,105,1.146153129850115,False
13152,0.0003597323095434501,58,10.846073183520087,False
13153,0.0019475162964938504,314,1.1544245823173767,False
13154,0.00021707984196587504,35,1.3770309039524624,False
13155,0.0014637383629699002,236,1.141071342815787,False
13156,0.0007070600566888501,114,2.0635421830311156,False
13157,0.0011536243030186503,186,1.7501174173047465,False
13158,0.004050089622963326,653,1.0627381668339098,False
13159,0.00016125931117465003,26,1.8337545486596913,False
13160,0.0030329155063232257,489,1.3037372391160524,False
13161,0.003615929939031576,583,1.4442759077503997,False
13162,0.0020777642016733757,335,1.5589091763567569,False
13163,0.006586822633364552,1062,3.102113921314534,False
13164,9.923649918440002e-05,16,1.643802933394909,False
13165,0.007355905502043652,1186,1.0758617843986562,False
13166,0.0005458007455142001,88,1.7611570304090327,False
13167,0.0018358752349114005,296,1.3107461429931022,False
13168,0.0024312942300178005,392,1.4581194714624055,False
13169,0.003405052378264726,549,1.3523002007402791,False
13170,0.0012032425526108503,194,0.8940515174079187,False
13171,0.004118314716152601,664,1.1074769277888608,False
13172,0.0020963710452704507,338,1.6088798024950648,False
13173,0.0028778584763476008,464,1.1097419310746521,False
13174,0.0009613535858488752,155,1.850258893351401,False
13175,4.961824959220001e-05,8,1.1619336158037186,False
13176,0.0002666980915580751,43,1.263750020847764,False
13177,0.0002977094975532001,48,3.0381482541561127,False
13178,0.0015939862681494253,257,1.1358729568436916,False
13179,0.004068696466560401,656,1.1441548728361361,False
13180,0.00013024790517952503,21,1.0590308053152901,False
13181,3.721368719415001e-05,6,2.115983804066976,False
13182,0.00022948440436392506,37,1.8509895414919466,False
13183,0.0010233763978391252,165,2.3769758643526018,False
13184,0.0037399755630120757,603,0.6631490498237547,False
13185,0.0022142143880519256,357,1.830431886413852,False
13186,3.101140599512501e-05,5,6.321016597747803,False
13187,0.0024374965112168257,393,2.484863790846963,False
13188,0.00036593459074247506,59,1.9363346503952803,False
13189,0.00011784334278147503,19,3.243638408811469,False
13190,0.003460872909055951,558,2.0249335970929874,False
13191,0.0020715619204743504,334,1.7125895333861163,False
13192,0.015369252811183953,2478,0.6725684157102891,False
13193,0.0004341596839317501,70,1.42256041935512,False
13194,0.004744745117254126,765,0.8676565157821755,False
13195,0.0015071543313630753,243,1.1804521623462316,False
13196,6.202281199025001e-06,1,21.236474990844727,False
13197,0.007163634784873876,1155,2.409029722420168,False
13198,0.00017366387357270005,28,1.435665019920894,False
13199,4.341596839317501e-05,7,2.764389548982893,False
13200,0.0026607786343817255,429,1.0097403492960897,False
13201,0.0005271939019171251,85,1.48048435940462,False
13202,0.00015505702997562504,25,14.589301300048827,False
13203,0.0023010463248382754,371,2.542387514422846,False
13204,0.0017118296109309005,276,1.2134424033372297,False
13205,0.0018358752349114005,296,1.6901079504876524,False
13206,0.004000471373371126,645,1.4484634236771932,False
13207,1.8606843597075006e-05,3,0.6654831171035767,False
13208,0.007312489533650476,1179,0.8953774203882063,False
13209,0.0005085870583200501,82,1.4528864593040653,False
13210,0.0024126873864207254,389,0.8467553121571676,False
13211,0.0027041946027749008,436,1.448020130669305,False
13212,3.101140599512501e-05,5,5.557658457756043,False
13213,0.0019041003281006755,307,1.6406862021269162,False
13214,0.0009985672730430252,161,1.5607356551271048,False
13215,7.442737438830002e-05,12,4.890784998734792,False
13216,0.0021583938572607006,348,0.9196285379344019,False
13217,6.822509318927501e-05,11,23.09122826836326,False
13218,0.0009241398986547252,149,1.99406796733805,False
13219,0.0005582053079122502,90,1.9130472355418735,False
13220,0.0008249033994703252,133,1.5436687639781408,False
13221,0.0007628805874800752,123,1.552141435747224,False
13222,0.0024809124796100006,400,1.5527332791686057,False
13223,0.0015009520501640503,242,2.650956478985873,False
13224,0.0020529550768772753,331,2.3925495151306566,False
13225,3.721368719415001e-05,6,17.281917889912922,False
13226,0.0017738524229211504,286,2.3540721073017252,False
13227,0.005867358014277652,946,1.489083981665194,False
13228,0.006729475100942127,1085,0.7503641559231666,False
13229,0.0019537185776928754,315,0.8638614881606329,False
13230,0.0021956075444548506,354,2.2710208104828657,False
13231,0.0002666980915580751,43,2.1454063792561375,False
13232,0.0022824394812412004,368,1.7967558891876885,False
13233,0.0019723254212899504,318,2.599700093269348,False
13234,0.0010233763978391252,165,3.660295916326118,False
13235,0.0010295786790381503,166,1.3297164978751217,False
13236,0.0049122067096278015,792,2.7274223382424827,False
13237,0.00017986615477172505,29,5.7822370529174805,False
13238,0.005346366393559551,862,1.2676134763626932,False
13239,0.0022638326376441253,365,1.4695445122784132,False
13240,0.0005023847771210251,81,7.053271483491968,False
13241,0.0020095391084841005,324,2.250116764763255,False
13242,0.0010543878038342502,170,7.332619298205656,False
13243,0.0019351117340958004,312,5.2530811085150795,False
13244,0.00016125931117465003,26,1.0030594972463756,False
13245,0.0037027618758179257,597,1.286430924382042,False
13246,0.003950853123778926,637,0.8883222347151728,False
13247,0.005092072864399526,821,0.8711973845450509,False
13248,5.582053079122501e-05,9,1.419563849767049,False
13249,0.0015443680185572254,249,11.52327642479096,False
13250,0.029814365723713182,4807,1.4928706331612143,False
13251,0.009284814954940428,1497,0.8197813046798758,False
13252,0.003634536782628651,586,1.071088170842506,False
13253,0.0006822509318927502,110,3.168021377650174,False
13254,0.0008497125242664252,137,5.582159874213003,False
13255,0.00026049581035905006,42,1.3607000623430525,False
13256,0.004236158058934076,683,0.7640923643880149,False
13257,0.0048749930224336515,786,1.02055760376326,False
13258,0.0006388349634995752,103,1.3097362495163112,False
13259,1.8606843597075006e-05,3,1.517180601755778,False
13260,0.0008000942746742252,129,1.884516668874164,False
13261,0.006016212763054252,970,0.664233534114877,False
13262,0.00030391177875222506,49,0.908921657776346,False
13263,0.0029832972567310255,481,0.9178780210736883,False
13264,0.0003845414343395501,62,8.189297043508098,False
13265,7.442737438830002e-05,12,2.7924922506014505,False
13266,0.0011908379902128004,192,1.5937230251729488,False
13267,0.0010357809602371752,167,1.1032021845172266,False
13268,0.0018482797973094504,298,1.5564079512685738,False
13269,0.0021770007008577756,351,1.3944421921700154,False
13270,0.0022266189504499753,359,1.9900203614513854,False
13271,0.0012652653646011002,204,0.9566469321063921,False
13272,0.0017304364545279755,279,1.340241322807941,False
13273,0.0026483740719836757,427,1.111043702243921,False
13274,4.341596839317501e-05,7,1.959105099950518,False
13275,0.00013024790517952503,21,0.9854115474791754,False
13276,0.005892167139073751,950,4.993611555099488,False
13277,0.0021459892948626504,346,4.105106127744465,False
13278,5.582053079122501e-05,9,2.3831968042585583,False
13279,0.0023692714180275506,382,0.9178467258732981,False
13280,0.0021645961384597254,349,0.9350502094771596,False
13281,0.0007070600566888501,114,5.888654716182173,False
13282,0.0006264304011015251,101,3.005900989664663,False
13283,0.0013645018637855003,220,1.3488541727716272,False
13284,0.00032251862234930007,52,2.8248588007230024,False
13285,0.0014637383629699002,236,1.6768690191083035,False
13286,0.0018668866409065254,301,1.3512065814579048,False
13287,3.721368719415001e-05,6,1.9514026840527852,False
13288,0.0010605900850332753,171,0.8974742596609551,False
13289,0.0013210858953923252,213,1.6665678897374112,False
13290,0.0031321520055076256,505,1.6383221763195377,False
13291,0.0031321520055076256,505,0.807611602839857,False
13292,0.003541502564643276,571,1.302522954924094,False
13293,0.010419832414362002,1680,0.7002275466918946,False
13294,0.008422697868275953,1358,11.527192941821552,False
13295,0.02075903517313668,3347,0.7803616701826467,False
13296,0.0022328212316490006,360,2.9219855821794933,False
13297,0.0005209916207181001,84,1.2136902908484142,False
13298,0.0023196531684353504,374,1.9445201528263603,False
13299,0.0030391177875222506,490,1.0775604632436013,False
13300,0.0008745216490625251,141,3.8639439065405665,False
13301,0.0009427467422518002,152,1.3106395743395154,False
13302,0.0009489490234508252,153,1.4682413643481684,False
13303,0.0021397870136636256,345,4.17076911546182,False
13304,0.0034732774714540007,560,2.3187320470809936,False
13305,0.0014203223945767254,229,0.9632282314342182,False
13306,0.0011784334278147502,190,1.1894423660479094,False
13307,0.0013334904577903754,215,1.5531112560006075,False
13308,0.006927948099310926,1117,1.418345654875227,False
13309,0.014928890846053179,2407,0.5698624868634632,False
13310,0.0011536243030186503,186,1.1804413936471427,False
13311,0.0024747101984109753,399,2.0484585481179987,False
13312,0.0012714676458001253,205,0.972493022244151,False
13313,0.0021211801700665505,342,1.6200818625109934,False
13314,0.0037957960938033008,612,1.4137282909131517,False
13315,0.0029274767259398005,472,0.8714293057130555,False
13316,3.101140599512501e-05,5,1.8846931457519531,False
13317,3.101140599512501e-05,5,7.5943368673324585,False
13318,0.0011598265842176752,187,1.0799691198981383,False
13319,0.0006078235575044501,98,1.6771834164249653,False
13320,6.202281199025002e-05,10,2.3186756014823913,False
13321,0.0019289094528967753,311,1.302632447224338,False
13322,0.0002480912479610001,40,1.857267689704895,False
13323,0.00012404562398050004,20,1.7123788356781007,False
13324,0.0007566783062810502,122,1.6280481883736908,False
13325,0.006208483480224026,1001,0.9517898551233999,False
13326,0.0021149778888675257,341,1.6050477765522395,False
13327,0.0025739466975953757,415,1.2078262926584267,False
13328,0.009036723706979426,1457,2.5342566452373276,False
13329,0.0002480912479610001,40,1.6044915586709976,False
13330,0.0003907437155385751,63,1.7699435854715013,False
13331,0.005650278172311776,911,1.554121006987621,False
13332,0.0011474220218196253,185,1.6528902711095037,False
13333,0.0021583938572607006,348,1.4842374866036163,False
13334,0.004248562621332126,685,0.7780328475645859,False
13335,0.0023630691368285257,381,1.2571797076798488,False
13336,0.007176039347271927,1157,2.406775387279309,False
13337,0.0011536243030186503,186,1.351426859696706,False
13338,0.0010419832414362003,168,1.5057956647305262,False
13339,9.923649918440002e-05,16,3.259838789701462,False
13340,0.00021087756076685005,34,2.617520675939672,False
13341,0.0017614478605231004,284,1.282850421230558,False
13342,0.003622132220230601,584,1.2381308654399767,False
13343,0.00014885474877660004,24,1.1142972807089488,False
13344,0.0016063908305474753,259,1.4857057820876132,False
13345,0.0025553398539983007,412,1.37868618675806,False
13346,0.0009489490234508252,153,1.5706444207359762,False
13347,0.0002666980915580751,43,2.1596927254699,False
13348,0.0023320577308334005,376,1.4640812030498018,False
13349,0.0015629748621543004,252,1.2118128784119138,False
13350,0.0018606843597075004,300,2.2432102954387663,False
13351,0.0026359695095856256,425,0.9387211923038258,False
13352,0.03632055870149041,5856,1.3528004787007317,False
13353,0.004447035619700926,717,1.7025461253428227,False
13354,0.0032810067542842257,529,0.8569907799560316,False
13355,0.005209916207181001,840,1.2750817151296707,False
13356,0.00011784334278147503,19,3.6832234357532703,False
13357,0.00019227071716977504,31,1.3693058106207079,False
13358,9.303421798537502e-05,15,0.763673210144043,False
13359,0.0022142143880519256,357,1.6150975668129801,False
13360,0.0010853992098293751,175,1.235591459274292,False
13361,0.030781921590761083,4963,1.0102544604302797,False
13362,0.0023754736992265754,383,0.920729879299592,False
13363,0.0017800547041201755,287,0.8328151370590157,False
13364,0.0031259497243086008,504,1.2915600954540192,False
13365,0.00017986615477172505,29,1.54983847716759,False
13366,0.0022824394812412004,368,1.634059526026249,False
13367,0.004533867556487276,731,1.0818924238515455,False
13368,0.0011908379902128004,192,0.9545280343542496,False
13369,0.00017366387357270005,28,2.0818384204592024,False
13370,0.007343500939645602,1184,0.851463118114987,False
13371,0.0006946554942908002,112,6.845904503549848,False
13372,0.0020901687640714254,337,4.618919424911635,False
13373,4.341596839317501e-05,7,2.5120870556150163,False
13374,0.0062518994486172015,1008,0.8060478180173843,False
13375,0.009160769330959927,1477,0.658162497311891,False
13376,0.02242124653447538,3615,0.8146693523823803,False
13377,1.8606843597075006e-05,3,1.1778533458709717,False
13378,0.0019847299836880006,320,1.583383084833622,False
13379,0.003101140599512501,500,1.3004384744167328,False
13380,0.003708964157016951,598,0.7358780800299501,False
13381,0.0016311999553435754,263,1.7334961968229752,False
13382,0.0010729946474313252,173,1.0564554206208687,False
13383,0.005668885015908851,914,1.5300568563932924,False
13384,0.0015381657373582003,248,0.9385884702205658,False
13385,0.00032251862234930007,52,1.1987527379622827,False
13386,0.0008497125242664252,137,2.4296754102637297,False
13387,0.0003287209035483251,53,1.5567953878978513,False
13388,0.0018110661101153004,292,2.065601167613513,False
13389,0.0023010463248382754,371,1.4787243787811772,False
13390,0.004707531430059976,759,1.1010415601164927,False
13391,0.0006636440882956752,107,1.564537754682737,False
13392,0.00011784334278147503,19,1.4824192649439762,False
13393,0.0021459892948626504,346,1.901796264110962,False
13394,0.0010729946474313252,173,1.411663493669102,False
13395,0.0021211801700665505,342,1.21185132564857,False
13396,0.003578716251837426,577,1.5605635159556952,False
13397,0.0014637383629699002,236,1.112720274319083,False
13398,7.442737438830002e-05,12,1.373069961865743,False
13399,0.0005023847771210251,81,7.431866820947624,False
13400,0.0009179376174557002,148,3.4417045938002095,False
13401,0.005842548889481551,942,0.8482003429639617,False
13402,0.007783862904776377,1255,0.8125485591204518,False
13403,0.0026855877591778258,433,1.3716390595425083,False
13404,0.003690357313419876,595,1.646581294356274,False
13405,0.0014885474877660003,240,1.9022515217463176,False
13406,0.0013210858953923252,213,1.5119394506087325,False
13407,0.004546272118885326,733,0.8203255359342609,False
13408,0.00014265246757757502,23,1.8275094965229863,False
13409,0.00011784334278147503,19,0.9392087208597284,False
13410,0.003082533755915426,497,1.6566310770794659,False
13411,0.0014947497689650254,241,1.0595262871738291,False
13412,0.0017304364545279755,279,7.9632275976160525,False
13413,0.006803902475330427,1097,1.1928327633450002,False
13414,4.341596839317501e-05,7,5.005227088928223,False
13415,0.0008497125242664252,137,1.3712050183846132,False
13416,0.0004589688087278501,74,6.41239453489716,False
13417,0.0014575360817708754,235,1.0097971043688185,False
13418,0.004657913180467776,751,0.8917101302572319,False
13419,0.0026235649471875754,423,1.8829551940832296,False
13420,0.0022576303564451005,364,3.0201879359863617,False
13421,0.0020715619204743504,334,1.2600637845650404,False
13422,1.2404562398050002e-05,2,0.7298462390899658,False
13423,0.004688924586462901,756,0.9288596274360778,False
13424,1.8606843597075006e-05,3,3.096610347429911,False
13425,0.0033058158790803256,533,1.0558012046241403,False
13426,5.582053079122501e-05,9,1.549667517344157,False
13427,0.0010605900850332753,171,1.0832921970657439,False
13428,0.006772891069335302,1092,1.3178359903258718,False
13429,0.006499990696578201,1048,1.30894136599457,False
13430,0.0036655481886237757,591,1.8001427396299876,False
13431,0.0022390235128480255,361,2.609067352194535,False
13432,0.0030143086627261507,486,1.0965369032243641,False
13433,0.0012466585210040252,201,1.252686382526189,False
13434,2.4809124796100004e-05,4,5.907055377960205,False
13435,0.0017490432981250503,282,1.6460940871678345,False
13436,0.004589688087278501,740,1.3968760219780174,False
13437,0.0004217551215337001,68,1.6210630799041075,False
13438,0.0005333961831161502,86,1.5693480358567349,False
13439,0.0019661231400909256,317,2.6143324025421864,False
13440,0.0024933170420080504,402,16.42755279374953,False
13441,0.00011784334278147503,19,2.9309807576631246,False
13442,0.0028716561951485755,463,1.0412996901806693,False
13443,0.0012094448338098754,195,1.7231434987141536,False
13444,0.00024188896676197505,39,6.779211184917352,False
13445,0.0011040060534264502,178,2.80664059352339,False
13446,0.0026669809155807508,430,1.5465786310129388,False
13447,0.0017676501417221253,285,2.151205213446366,False
13448,0.0022142143880519256,357,1.5274756041561521,False
13449,0.0020653596392753255,333,1.1175273044689282,False
13450,2.4809124796100004e-05,4,1.2888244986534119,False
13451,0.0020839664828724005,336,7.398988251884778,False
13452,0.0010171741166401002,164,8.881429332058604,False
13453,0.00014885474877660004,24,2.0778228491544724,False
13454,0.0004031482779366251,65,2.3023622842935416,False
13455,0.004130719278550651,666,0.8493327865371475,False
13456,0.003770986969007201,608,0.935239621487103,False
13457,0.0024250919488187756,391,1.2325104377458773,False
13458,0.0004837779335239501,78,14.131781773689466,False
13459,0.0023816759804256007,384,1.8920139235754807,False
13460,0.0002666980915580751,43,1.8989431747170382,False
13461,0.0022266189504499753,359,1.2068985750416195,False
13462,0.004775756523249251,770,0.9163669254872706,False
13463,6.822509318927501e-05,11,2.668181202628396,False
13464,0.0003411254659463751,55,2.3555742393840444,False
13465,0.005551041673127376,895,0.835548306310643,False
13466,0.0022576303564451005,364,1.2770169357677081,False
13467,0.0004465642463298001,72,3.2103825791014566,False
13468,0.004000471373371126,645,1.3993390534275263,False
13469,0.0007318691814849501,118,1.2886618274753376,False
13470,0.0011288151782225502,182,1.2679115664827956,False
13471,0.0021770007008577756,351,1.653306430900878,False
13472,0.0005147893395190752,83,9.042764344847345,False
13473,0.005805335202287401,936,1.3993560488407428,False
13474,0.0021397870136636256,345,1.8135943212370942,False
13475,0.004955622678020976,799,4.272684930412283,False
13476,0.014835856628067804,2392,0.6731576620535707,False
13477,0.0014947497689650254,241,0.9669595358282699,False
13478,0.0020839664828724005,336,1.3504852237445968,False
13479,3.101140599512501e-05,5,1.2361552238464355,False
13480,3.721368719415001e-05,6,0.6793489853541056,False
13481,0.0003101140599512501,50,1.8084281587600708,False
13482,0.0015381657373582003,248,1.6281098656115993,False
13483,0.0004775756523249251,77,7.535913216603267,False
13484,0.003181770255099826,513,1.057722639154505,False
13485,0.004577283524880451,738,0.8859041002061632,False
13486,0.00013645018637855003,22,2.6330055540258233,False
13487,0.003237590785891051,522,1.2291736456626219,False
13488,0.00010543878038342502,17,2.5016841888427734,False
13489,0.003386445534667651,546,1.0119905022037772,False
13490,0.006010010481855226,969,1.4018797520144437,False
13491,4.961824959220001e-05,8,0.9113771617412567,False
13492,9.923649918440002e-05,16,5.6544472724199295,False
13493,0.0023258554496343757,375,0.7638004531860352,False
13494,0.0005333961831161502,86,8.599139790202296,False
13495,0.0035725139706384006,576,1.3281279717468553,False
13496,0.0014575360817708754,235,1.508579336835983,False
13497,0.0004093505591356501,66,10.572090502941247,False
13498,0.004750947398453151,766,0.7911178001224528,False
13499,0.0028530493515515004,460,1.400222461119942,False
13500,0.00013024790517952503,21,1.967594413530259,False
13501,0.0010171741166401002,164,4.498850863154342,False
13502,0.0016932227673338255,273,1.540317266415327,False
13503,0.0036283345014296257,585,2.529576182976747,False
13504,0.004279574027327251,690,0.8116108500439188,False
13505,0.0004899802147229751,79,6.596912088273447,False
13506,5.582053079122501e-05,9,1.1573839452531602,False
13507,0.0035477048458423008,572,1.308264930765112,False
13508,0.0013024790517952502,210,5.413370789800371,False
13509,1.8606843597075006e-05,3,1.638606866200765,False
13510,9.923649918440002e-05,16,1.5725764110684395,False
13511,0.0009365444610527753,151,1.4879256368472875,False
13512,0.0014885474877660003,240,1.4817285597324372,False
13513,0.005935583107466926,957,0.9880432559405001,False
13514,6.202281199025001e-06,1,79.7152099609375,False
13515,0.007126421097679726,1149,1.6516004306944274,False
13516,0.0022080121068529003,356,1.3672142973106898,False
13517,0.00033492318474735006,54,1.0613937510384455,False
13518,0.0019909322648870255,321,1.370795141499362,False
13519,0.0018978980469016504,306,1.226946123674804,False
13520,0.0023754736992265754,383,1.497592334647714,False
13521,0.004546272118885326,733,1.5676476073948131,False
13522,0.0012528608022030503,202,1.26596462018419,False
13523,0.0014451315193728252,233,1.6499779684860818,False
13524,0.0018544820785084755,299,0.8861267662367295,False
13525,0.003981864529774051,642,0.9102206430702566,False
13526,0.004161730684545776,671,1.3554408255348263,False
13527,0.012503798897234403,2016,0.9291869364087544,False
13528,0.0019165048904987254,309,1.731847185147233,False
13529,0.0057929306398893515,934,0.8042651897324229,False
13530,0.0015009520501640503,242,1.0252697999812355,False
13531,0.007504760250820252,1210,1.0159776159554474,False
13532,0.0004589688087278501,74,2.584490647187104,False
13533,0.0008249033994703252,133,1.7338017736162459,False
13534,0.0012466585210040252,201,0.9213059535667077,False
13535,0.0020529550768772753,331,2.343854023970866,False
13536,0.016175549367057205,2608,1.5852395625202202,False
13537,1.2404562398050002e-05,2,0.8215723037719727,False
13538,0.0062518994486172015,1008,0.7969140973356035,False
13539,0.0005395984643151751,87,1.1782685956735721,False
13540,0.0007318691814849501,118,1.979885612503957,False
13541,0.0006760486506937252,109,1.5174430729052342,False
13542,0.004186539809341876,675,1.4268262841966417,False
13543,0.00017366387357270005,28,1.7293182568890708,False
13544,0.0030143086627261507,486,1.051277306344774,False
13545,0.005805335202287401,936,0.7516214063024929,False
13546,0.003733773281813051,602,1.433845623783099,False
13547,0.0017986615477172505,290,1.3206079820106769,False
13548,0.0004403619651307751,71,3.8183460638556683,False
13549,0.005377377799554676,867,0.9356235815717,False
13550,0.0036469413450267007,588,1.6147261780946434,False
13551,0.0010667923662323003,172,5.038921819176784,False
13552,0.0022638326376441253,365,0.8824084268857355,False
13553,0.0014017155509796504,226,1.939351325541471,False
13554,0.012175077993686077,1963,2.9816475589847418,False
13555,0.0016498067989406504,266,1.5769891210068436,False
13556,0.00012404562398050004,20,1.5832865238189697,False
13557,0.0020281459520811755,327,6.783348235879834,False
13558,0.0006264304011015251,101,1.7615941987179293,False
13559,3.721368719415001e-05,6,2.3762535651524863,False
13560,0.0020405505144792256,329,1.7657182626086527,False
13561,0.0013210858953923252,213,0.8875608158783174,False
13562,0.005650278172311776,911,0.9692105304789203,False
13563,0.0024933170420080504,402,1.4799235273356461,False
13564,0.0025181261668041507,406,1.7170692142007387,False
13565,0.0016932227673338255,273,1.3011867607032859,False
13566,0.011523838467788452,1858,0.7252095638743258,False
13567,0.0009117353362566752,147,1.0832149025534286,False
13568,0.0013955132697806253,225,1.4882938602235583,False
13569,0.012981374549559327,2093,0.8457394074550725,False
13570,0.0028158356643573504,454,0.9855398386060403,False
13571,0.0017118296109309005,276,0.9815342486768529,False
13572,0.00019847299836880003,32,14.782231993973255,False
13573,0.008317259087892527,1341,1.347285915896752,False
13574,0.016479461145809428,2657,1.1845403676828048,False
13575,0.0011350174594215753,183,2.4015967898030097,False
13576,0.0019413140152948255,313,4.082217911180978,False
13577,9.923649918440002e-05,16,1.5142922848463058,False
13578,0.00015505702997562504,25,1.4846472549438476,False
13579,0.007126421097679726,1149,0.7675890677695278,False
13580,0.0022576303564451005,364,1.7522188359564477,False
13581,0.0020529550768772753,331,1.8502168702214867,False
13582,0.0019909322648870255,321,1.5146214642628701,False
13583,0.004316787714521401,696,1.0652143585270848,False
13584,0.0012714676458001253,205,1.2516835096405774,False
13585,0.00014885474877660004,24,12.46285163362821,False
13586,0.029684117818533657,4786,0.7931776210148863,False
13587,0.0019785277024889753,319,1.043693711765134,False
13588,0.0012714676458001253,205,1.1497328438409944,False
13589,0.0014637383629699002,236,1.5262759343042211,False
13590,0.0014203223945767254,229,1.3951972259704724,False
13591,0.00012404562398050004,20,3.711318725347519,False
13592,0.0008497125242664252,137,6.7789609519234535,False
13593,0.0009861627106449752,159,1.235485205860258,False
13594,0.01690121626734313,2725,3.252246878475224,False
13595,0.0005023847771210251,81,1.1319721804724798,False
13596,7.442737438830002e-05,12,13.61648847659429,False
13597,0.0028530493515515004,460,1.2542640667894611,False
13598,0.00012404562398050004,20,1.3636747598648071,False
13599,0.004688924586462901,756,2.588682963103844,False
13600,0.0023568668556295004,380,1.6403633080030742,False
13601,0.006971364067704102,1124,1.3218441925863353,False
13602,8.062965558732502e-05,13,1.8889480554140532,False
13603,0.0020157413896831253,325,1.4643071163617647,False
13604,0.007070600566888501,1140,1.7005389542956102,False
13605,0.0020529550768772753,331,1.0865887414292628,False
13606,0.013148836141933002,2120,1.0751665697907502,False
13607,0.0006574418070966502,106,1.9711001774050154,False
13608,0.0013769064261835503,222,1.4079086087845467,False
13609,0.0021832029820568004,352,1.3970934508199042,False
13610,0.00014265246757757502,23,2.460586480472399,False
13611,0.0012280516774069504,198,1.7993942306499289,False
13612,4.341596839317501e-05,7,2.8828449760164534,False
13613,0.00016746159237367503,27,1.5341589097623471,False
13614,9.303421798537502e-05,15,1.4006229082743327,False
13615,0.011374983719011852,1834,1.2447628636916566,False
13616,0.0007318691814849501,118,1.1660790170653392,False
13617,0.003715166438215976,599,1.376629079522593,False
13618,0.0016870204861348004,272,1.3545538309742422,False
13619,0.002778621977163201,448,1.680971972644329,False
13620,0.027165991651729508,4380,0.7616629613588934,False
13621,0.0027290037275710007,440,1.4650590322234414,False
13622,0.010047695542420501,1620,0.8597606270401567,False
13623,0.0020405505144792256,329,1.0752482537440615,False
13624,0.006171269793029876,995,0.7083944867004701,False
13625,0.0020343482332802003,328,1.254353527979153,False
13626,0.00011784334278147503,19,4.059003164893703,False
13627,0.00011784334278147503,19,1.9269252952776457,False
13628,0.0025553398539983007,412,2.37630454429145,False
13629,6.202281199025001e-06,1,0.6366225481033325,False
13630,0.0008497125242664252,137,5.248182899760504,False
13631,0.0009799604294459501,158,3.3775152820575087,False
13632,0.0006760486506937252,109,0.8957149238761412,False
13633,0.0006760486506937252,109,2.14519715965341,False
13634,0.027277632713311958,4398,0.6039146242926694,False
13635,0.003615929939031576,583,1.1973828424924846,False
13636,0.0022018098256538754,355,1.7545785427093505,False
13637,0.0033244227226774006,536,1.247570243344378,False
13638,0.0028840607575466256,465,1.0608173042215328,False
13639,0.0006760486506937252,109,9.160073352516244,False
13640,0.00028530493515515004,46,1.560021364170572,False
13641,0.0004155528403346751,67,6.414125817925183,False
13642,0.0005830144327083501,94,2.605876476206678,False
13643,0.0016125931117465003,260,0.9988261828055749,False
13644,0.0019475162964938504,314,2.1405447850561448,False
13645,0.0016063908305474753,259,0.9259118550532573,False
13646,0.0020467527956782505,330,1.5157869909748887,False
13647,0.0019537185776928754,315,1.2227743360731336,False
13648,4.341596839317501e-05,7,5.421452164649963,False
13649,0.0015939862681494253,257,1.0911525390491412,False
13650,0.0008931284926596002,144,1.539632984333568,False
13651,0.005470412017540051,882,1.1930997658208384,False
13652,6.822509318927501e-05,11,3.64710825139826,False
13653,0.00021087756076685005,34,1.6622041218421038,False
13654,0.0003473277471454001,56,2.1114463955163956,False
13655,0.007238062159262176,1167,1.0986917192545729,False
13656,0.014482326599723379,2335,0.6700832824380291,False
13657,0.00016125931117465003,26,1.6040041813483605,False
13658,0.0024561033548139008,396,1.6620083403105688,False
13659,0.0008745216490625251,141,6.098067993813372,False
13660,1.8606843597075006e-05,3,0.9821701447168986,False
13661,0.008137392933120801,1312,1.7677995455337734,False
13662,0.0005085870583200501,82,1.1882788102801254,False
13663,0.00017366387357270005,28,2.5751378451074873,False
13664,0.0035104911586481507,566,0.9431647965849078,False
13665,0.0004155528403346751,67,3.584611985220838,False
13666,0.00012404562398050004,20,1.0100168943405152,False
13667,0.0018854934845036005,304,0.8571180077759843,False
13668,0.006313922260607451,1018,0.8495852736452474,False
13669,0.013316297734306677,2147,0.8337002790523896,False
13670,0.0005830144327083501,94,1.142890417829473,False
13671,4.961824959220001e-05,8,1.732568621635437,False
13672,0.003770986969007201,608,1.8255414405935688,False
13673,0.0016187953929455254,261,0.8271063616449349,False
13674,0.003504288877449126,565,2.985593029039096,False
13675,0.0013955132697806253,225,1.0812668652004667,False
13676,0.0010171741166401002,164,1.5920215438051921,False
13677,7.442737438830002e-05,12,1.1797776619593303,False
13678,0.0010667923662323003,172,1.588231740995895,False
13679,0.0010791969286303503,174,1.270113131095623,False
13680,0.00013024790517952503,21,3.1662940638405934,False
13681,0.0006388349634995752,103,2.106816598512594,False
13682,0.014842058909266828,2393,1.6690572256629457,False
13683,0.00012404562398050004,20,4.659231162071228,False
13684,0.0015815817057513754,255,1.9616987167620192,False
13685,0.006034819606651327,973,0.8229417305933608,False
13686,0.0017986615477172505,290,1.2516096069894989,False
13687,0.003467075190254976,559,1.4815541806502504,False
13688,0.0024747101984109753,399,1.5832847813914592,False
13689,0.0020281459520811755,327,1.6129708476022844,False
13690,0.0013210858953923252,213,5.485806061068611,False
13691,0.0017986615477172505,290,2.6045286564991392,False
13692,0.0014761429253679504,238,0.8770680928430638,False
13693,0.0075171648132183015,1212,0.8106491565704346,False
13694,0.0026731831967797756,431,3.744475073991408,False
13695,0.0005644075891112751,91,1.8764543009328318,False
13696,0.0011536243030186503,186,1.3662291611394575,False
13697,0.0008311056806693502,134,2.7730578860240196,False
13698,0.0009923649918440003,160,1.4539473474025726,False
13699,0.023432218369916456,3778,1.0773758714069066,False
13700,0.0014513338005718503,234,1.172709161399776,False
13701,0.0011536243030186503,186,1.4498193481917023,False
13702,0.00024188896676197505,39,1.4638213316599529,False
13703,0.0019351117340958004,312,1.8936098103339856,False
13704,0.0020157413896831253,325,1.5107564607033364,False
13705,0.0024995193232070756,403,0.9233968447219053,False
13706,0.0006450372446986001,104,1.2215352952480316,False
13707,0.004719935992458026,761,0.8479640349138738,False
13708,2.4809124796100004e-05,4,0.7126109302043915,False
13709,0.005588255360321526,901,1.0758207863099567,False
13710,0.0030887360371144507,498,2.602082326709027,False
13711,0.00012404562398050004,20,2.0394158124923707,False
13712,0.004999038646414151,806,6.590890642135374,False
13713,0.003293411316682276,531,1.136039019977979,False
13714,0.0005085870583200501,82,8.646420323267215,False
13715,9.923649918440002e-05,16,2.1520492881536484,False
13716,0.0007008577754898252,113,9.49913065623393,False
13717,0.00011784334278147503,19,1.8645269494307668,False
13718,2.4809124796100004e-05,4,1.568328857421875,False
13719,0.0008000942746742252,129,2.2955753747806993,False
13720,0.002778621977163201,448,8.091466386137265,False
13721,0.0014761429253679504,238,1.040219912008077,False
13722,0.0006202281199025002,100,7.227877380847931,False
13723,0.0004155528403346751,67,1.1803602069171506,False
13724,0.0007256669002859252,117,1.752560036814111,False
13725,0.0019351117340958004,312,1.849612859579233,False
13726,0.0018420775161104254,297,1.0821840233272977,False
13727,0.011319163188220627,1825,0.8541245071202108,False
13728,0.0005706098703103001,92,1.0622904559840327,False
13729,0.0019413140152948255,313,1.5951062680814212,False
13730,0.016646922738183103,2684,1.7316829408512031,False
13731,0.0009861627106449752,159,5.34006793993824,False
13732,0.0010295786790381503,166,5.406537547168962,False
13733,0.0016249976741445503,262,1.4276863782460454,False
13734,0.0012528608022030503,202,1.4746529542573608,False
13735,4.341596839317501e-05,7,1.669328042439052,False
13736,0.00032251862234930007,52,1.6316380959290724,False
13737,0.0020963710452704507,338,2.18750382245645,False
13738,0.0009055330550576502,146,6.804302525846926,False
13739,0.0014141201133777003,228,1.5066640732581156,False
13740,0.004918408990826826,793,0.8803464605709043,False
13741,0.003746177844211101,604,1.8262034421724989,False
13742,0.0011412197406206002,184,1.636519853187644,False
13743,0.0007814874310771502,126,1.4059368882860457,False
13744,0.04584726262319281,7392,0.8615168389819917,False
13745,0.0020033368272850756,323,1.5040281627200336,False
13746,0.0048749930224336515,786,1.0307633643235263,False
13747,0.0008435102430674002,136,1.2783203423023224,False
13748,0.0007938919934752001,128,1.1833138260990381,False
13749,0.0022266189504499753,359,2.06084874280648,False
13750,0.00011164106158245002,18,10.62228430642022,False
13751,0.0015815817057513754,255,1.5711550936979406,False
13752,0.0023444622932314507,378,1.0247918588143807,False
13753,0.005061061458404401,816,1.3549177167462367,False
13754,8.062965558732502e-05,13,1.0887366624978871,False
13755,0.0057371101090981265,925,5.068612360954285,False
13756,0.00023568668556295006,38,2.0479086825722144,False
13757,0.0010729946474313252,173,1.2398001810029753,False
13758,0.004887397584831701,788,1.2907772572512555,False
13759,0.004409821932506776,711,1.1982460060535436,False
13760,0.0015877839869504003,256,1.3143808520399034,False
13761,0.0018854934845036005,304,3.0407549425175318,False
13762,0.0026235649471875754,423,1.034424649626369,False
13763,0.0028902630387456505,466,1.4778633475815277,False
13764,0.0016684136425377254,269,2.2867952438978456,False
13765,0.0003845414343395501,62,2.454321938176309,False
13766,0.0024995193232070756,403,3.740684311384007,False
13767,0.0007256669002859252,117,1.6480426441909921,False
13768,0.004329192276919451,698,1.2760256380269726,False
13769,0.006295315417010376,1015,1.487805828554877,False
13770,0.0011970402714118252,193,2.878308844689878,False
13771,0.0034732774714540007,560,1.7387949123978614,False
13772,0.011071071940259627,1785,1.8016520353258492,False
13773,0.004329192276919451,698,2.4702914896872117,False
13774,0.0005582053079122502,90,1.7910579999287923,False
13775,0.0062332926050201265,1005,0.8750468809213211,False
13776,0.0014203223945767254,229,1.0870432864110022,False
13777,0.0021025733264694755,339,2.1698697309578416,False
13778,0.0015753794245523503,254,1.2356339378619756,False
13779,0.012584428552821728,2029,0.5661954188828635,False
13780,0.0017986615477172505,290,2.5557750915658883,False
13781,0.0007380714626839752,119,12.218512913760017,False
13782,0.0002977094975532001,48,5.657865549127261,False
13783,0.00019227071716977504,31,1.1383509712834512,False
13784,0.004409821932506776,711,0.975157437277578,False
13785,0.0024933170420080504,402,1.7680834513991626,False
13786,0.005532434829530301,892,3.457379482653109,False
13787,0.003988066810973076,643,0.9674636587199305,False
13788,0.0010605900850332753,171,1.6210736126927605,False
13789,0.0011970402714118252,193,1.4769237671491395,False
13790,0.0023444622932314507,378,3.083896192608687,False
13791,0.0007566783062810502,122,4.801379819385341,False
13792,0.0005520030267132251,89,1.9781542400295815,False
13793,0.0019537185776928754,315,1.3026095723348952,False
13794,0.0027724196959641755,447,1.9067034686705144,False
13795,0.0022142143880519256,357,1.2546495075653248,False
13796,0.0006760486506937252,109,1.73620320022653,False
13797,0.0020157413896831253,325,2.091921595059908,False
13798,0.0011040060534264502,178,2.2402590901664134,False
13799,0.00030391177875222506,49,2.3598423198777803,False
13800,0.00017366387357270005,28,2.5047035345009396,False
13801,0.0006264304011015251,101,1.9060506513803313,False
13802,0.002778621977163201,448,0.9954480012612683,False
13803,0.00035353002834442507,57,3.479290851375513,False
13804,0.0009737581482469252,157,1.303116985187409,False
13805,0.0015009520501640503,242,1.5774770177100315,False
13806,0.0004961824959220001,80,1.6158153295516968,False
13807,0.003870223468191601,624,1.0859733437880492,False
13808,0.0008124988370722751,131,1.2732430523588458,False
13809,0.00019847299836880003,32,1.204039067029953,False
13810,0.011449411093400152,1846,1.6766345519027628,False
13811,0.00027290037275710005,44,1.3160615184090354,False
13812,0.004130719278550651,666,3.4417019291325017,False
13813,0.00013024790517952503,21,8.965779747281756,False
13814,0.00020467527956782505,33,7.473826957471443,False
13815,0.0015443680185572254,249,1.6297032105396072,False
13816,0.0017614478605231004,284,3.688719628982141,False
13817,0.0010419832414362003,168,1.4328959910642534,False
13818,0.0013955132697806253,225,5.877639697392781,False
13819,4.341596839317501e-05,7,2.5915753500802174,False
13820,0.008900273520600877,1435,0.6627161717165638,False
13821,0.0015691771433533252,253,0.8931122617759252,False
13822,0.01770751282321638,2855,1.0082895402524183,False
13823,1.8606843597075006e-05,3,2.8534038066864014,False
13824,0.012100650619297777,1951,0.9338464428986237,False
13825,0.0006264304011015251,101,4.546088435862324,False
13826,0.0004403619651307751,71,3.788761578815084,False
13827,8.062965558732502e-05,13,1.7786664962768555,False
13828,0.00032251862234930007,52,2.2261026409956126,False
13829,0.0031693656927017757,511,1.3084164039029533,False
13830,0.0004651710899268751,75,0.9482339747746785,False
13831,0.0024499010736148755,395,1.8151431922671162,False
13832,0.00024188896676197505,39,11.351871053377787,False
13833,0.003312018160279351,534,0.8792997920111324,False
13834,0.0013458950201884253,217,1.544373024443877,False
13835,0.0011412197406206002,184,1.5312935094470563,False
13836,0.0011722311466157253,189,1.7929459822871698,False
13837,0.00027290037275710005,44,9.131321779706262,False
13838,0.0010916014910284002,176,1.3402823636477643,False
13839,0.00029150721635417507,47,1.265354257948855,False
13840,0.01722373488969243,2777,0.6901912469420881,False
13841,0.0007690828686791001,124,1.5654227772066671,False
13842,0.00014265246757757502,23,2.027273997016575,False
13843,1.8606843597075006e-05,3,1.7820487022399902,False
13844,0.0005520030267132251,89,2.0356281875224598,False
13845,0.00017366387357270005,28,1.4328454520021165,False
13846,0.00031631634115027505,51,2.007703388438505,False
13847,4.341596839317501e-05,7,4.441248212541852,False
13848,0.0021211801700665505,342,1.0634069571718139,False
13849,0.0006698463694947001,108,13.79130314014576,False
13850,0.0022390235128480255,361,1.9313635327479186,False
13851,0.006518597540175276,1051,1.497240173601174,False
13852,0.049413574312632186,7967,0.9990837582683599,False
13853,0.017831558447196878,2875,0.9657575073242187,False
13854,0.002760015133566126,445,1.472059935666202,False
13855,0.0057185032655010515,922,1.3784959651125746,False
13856,2.4809124796100004e-05,4,2.067828595638275,False
13857,0.0013272881765913503,214,0.9816495458656382,False
13858,0.00011164106158245002,18,1.4092272520065308,False
13859,0.0006884532130917751,111,1.7698829270697929,False
13860,3.101140599512501e-05,5,6.13707013130188,False
13861,0.0016187953929455254,261,1.6598797397138516,False
13862,0.0007504760250820251,121,1.2997548954545959,False
13863,0.0013396927389894002,216,0.8319803691572614,False
13864,0.0003411254659463751,55,1.4087835225191983,False
13865,0.0014575360817708754,235,1.5011609635454544,False
13866,0.00012404562398050004,20,2.6870752573013306,False
13867,7.442737438830002e-05,12,8.30117666721344,False
13868,0.0011164106158245003,180,1.7062741027937995,False
13869,0.009191780736955053,1482,0.7132574797641893,False
13870,0.008559148054654502,1380,4.266607814249785,False
13871,0.0009923649918440003,160,0.9859369233250618,False
13872,0.017254746295687552,2782,0.5873841629192865,False
13873,0.0006078235575044501,98,1.9624881890355323,False
13874,0.0015133566125621004,244,1.3049076399842248,False
13875,0.00013024790517952503,21,1.3778294779005504,False
13876,0.006834913881325551,1102,12.525990735164788,False
13877,0.013886907604616978,2239,0.6448524018492535,False
13878,0.0022328212316490006,360,0.9107882473203871,False
13879,0.0020281459520811755,327,1.3740730453339556,False
13880,0.006022415044253276,971,3.8128755808367667,False
13881,0.003870223468191601,624,0.9500350172703083,False
13882,0.002741408289969051,442,0.8896174269024603,False
13883,0.0015505702997562505,250,1.2897477016448975,False
13884,0.00018606843597075004,30,0.9311109821001688,False
13885,0.0028592516327505257,461,0.8907337540401037,False
13886,0.0022266189504499753,359,1.1744743316618513,False
13887,0.004093505591356501,660,2.714144349459446,False
13888,0.0007442737438830002,120,2.1935792207717895,False
13889,0.0024126873864207254,389,1.0383456568485054,False
13890,0.005650278172311776,911,0.783084431804234,False
13891,0.0,0,0.0,True
13892,0.0013148836141933004,212,0.9081871487059683,False
13893,0.005433198330345901,876,0.6905955439561033,False
13894,0.0006884532130917751,111,1.0366677067301295,False
13895,0.0006450372446986001,104,1.6710944909315844,False
13896,0.0007504760250820251,121,1.7577550519596448,False
13897,0.0016187953929455254,261,1.1964962747361925,False
13898,0.04038925516805081,6512,1.6130161379127597,False
13899,0.0025305307292022004,408,0.9286888709255293,False
13900,0.0007070600566888501,114,6.224858612344976,False
13901,3.721368719415001e-05,6,6.613079925378163,False
13902,0.003392647815866676,547,1.586866605434383,False
13903,0.005154095676389776,831,1.210410334429873,False
13904,0.0016001885493484504,258,1.7410761894181717,False
13905,3.101140599512501e-05,5,3.4141963005065916,False
13906,0.00014885474877660004,24,3.6861398220062256,False
13907,0.004955622678020976,799,0.9135099083968486,False
13908,0.004019078216968201,648,1.0520913740734996,False
13909,0.00010543878038342502,17,1.8432979723986458,False
13910,0.0031073428807115258,501,3.4188293727810035,False
13911,0.013049599642748603,2104,0.7414330801583061,False
13912,0.004223753496536026,681,1.319221294924026,False
13913,0.0015691771433533252,253,2.4520513808774385,False
13914,0.050815289863611834,8193,1.4907341585423532,False
13915,0.004490451588094101,724,3.7481555533672566,False
13916,0.0030887360371144507,498,1.6885337168911854,False
13917,4.341596839317501e-05,7,0.5986006600516183,False
13918,0.0004093505591356501,66,7.035759582664028,False
13919,0.0005458007455142001,88,1.0591304424134167,False
13920,0.014197021664568227,2289,2.1202056879766022,False
13921,0.0010543878038342502,170,1.57403304086012,False
13922,0.0029460835695368755,475,1.4575537601270174,False
13923,0.00014885474877660004,24,2.0375822385152182,False
13924,0.00014265246757757502,23,0.7087380108625992,False
13925,0.003218983942293976,519,1.1392987403796129,False
13926,0.011685097778963103,1884,2.338543001506992,False
13927,0.014345876413344828,2313,0.9144815213227756,False
13928,0.00017366387357270005,28,1.4777831733226776,False
13929,0.003082533755915426,497,1.3832922365583884,False
13930,0.007771458342378326,1253,0.8918637719424553,False
13931,8.062965558732502e-05,13,2.8180885314941406,False
13932,0.003746177844211101,604,1.057536565704851,False
13933,0.0023940805428236504,386,0.9157543188549694,False
13934,0.008695598241033052,1402,0.8178594564745327,False
13935,0.0006760486506937252,109,7.044932032943866,False
13936,0.0023382600120324254,377,1.3197555172032323,False
13937,0.006394551916194776,1031,0.9124287809710498,False
13938,0.0012094448338098754,195,3.8527847186113013,False
13939,0.0022018098256538754,355,2.06812092418402,False
13940,0.0022142143880519256,357,1.8403579781369335,False
13941,0.00012404562398050004,20,6.0047678589820865,False
13942,0.0015195588937611253,245,1.1836152509767182,False
13943,0.0005085870583200501,82,1.3052446362448902,False
13944,0.004360203682914576,703,0.848939114749686,False
13945,0.0019475162964938504,314,3.089562112358725,False
13946,0.0011288151782225502,182,2.1368759464431597,False
13947,0.004682722305263876,755,1.0094855114324204,False
13948,0.0007752851498781252,125,5.728404079437256,False
13949,0.0031755679739008005,512,0.7882738173939288,False
13950,0.003708964157016951,598,1.274748109056798,False
13951,0.0019351117340958004,312,5.2854235370953875,False
13952,0.004471844744497026,721,0.8102970467195763,False
13953,0.00020467527956782505,33,1.941421703858809,False
13954,0.007752851498781251,1250,2.1527844016075135,False
13955,0.00029150721635417507,47,1.671898273711509,False
13956,0.005321557268763451,858,0.7351448374750453,False
13957,0.0005271939019171251,85,5.611065534984364,False
13958,2.4809124796100004e-05,4,1.855705201625824,False
13959,0.00019847299836880003,32,7.892150942236185,False
13960,0.007672221843193927,1237,1.0915012745097845,False
13961,0.003467075190254976,559,1.4402793038083317,False
13962,0.0006822509318927502,110,8.569977630268443,False
13963,0.0016560090801396754,267,4.479850528838483,False
13964,0.0017304364545279755,279,1.6363351071607255,False
13965,0.0018482797973094504,298,1.0978266200763267,False
13966,0.00014265246757757502,23,1.76155976627184,False
13967,0.0012528608022030503,202,3.9552632068643474,False
13968,6.822509318927501e-05,11,12.891382932662964,False
13969,3.101140599512501e-05,5,3.144447135925293,False
13970,0.0010605900850332753,171,1.494741397991515,False
13971,0.0015567725809552753,251,1.9007229871483913,False
13972,0.0018358752349114005,296,1.231165288670643,False
13973,0.0002480912479610001,40,2.7704997420310975,False
13974,0.0016498067989406504,266,0.854507683363176,False
13975,0.0019165048904987254,309,1.3300546288104504,False
13976,5.582053079122501e-05,9,1.1007291211022272,False
13977,0.00032251862234930007,52,2.057583185342642,False
13978,0.0033182204414783758,535,1.9794402793189076,False
13979,0.0070023754736992265,1129,0.8240196204375545,False
13980,0.0065806203521655265,1061,1.64045499148625,False
13981,0.009712772357673153,1566,0.7634297839221978,False
13982,0.0018730889221055505,302,1.7364954861584088,False
13983,0.006282910854612326,1013,0.6603885986727294,False
13984,0.0008807239302615502,142,7.098679116074468,False
13985,0.003671750469822801,592,1.0931163800729287,False
13986,0.0019475162964938504,314,1.4161994973565364,False
13987,0.0015133566125621004,244,1.9059527252541213,False
13988,0.0018978980469016504,306,1.079888275635788,False
13989,0.0019041003281006755,307,2.9281532174212925,False
13990,0.0022576303564451005,364,1.3206788314567817,False
13991,0.0004155528403346751,67,2.3268281595030826,False
13992,0.00016125931117465003,26,5.2238589616922235,False
13993,4.961824959220001e-05,8,3.8700940161943436,False
13994,4.341596839317501e-05,7,4.977462427956717,False
13995,0.0025553398539983007,412,1.7939725926200163,False
13996,0.003411254659463751,550,0.9743759241971103,False
13997,0.006896936693315802,1112,1.203724137098669,False
13998,0.004955622678020976,799,2.087147393423565,False
13999,0.005520030267132252,890,1.217442365308826,False
14000,0.00020467527956782505,33,1.3197063713362722,False
14001,0.006010010481855226,969,0.8273164573960752,False
14002,0.0017862569853192003,288,1.3522258500258129,False
14003,0.009582524452493628,1545,1.0456614589999795,False
14004,0.0008187011182713002,132,1.6202012914599795,False
14005,0.0004341596839317501,70,4.576334846019745,False
14006,0.0012032425526108503,194,1.0984985545738457,False
14007,0.0017800547041201755,287,1.1849807766671796,False
14008,0.0029398812883378506,474,0.7410199312721124,False
14009,0.00018606843597075004,30,8.332053462664286,False
14010,0.004794363366846326,773,3.072033041970079,False
14011,0.014587765380106803,2352,0.792134067943307,False
14012,0.007951324497150051,1282,1.05224469894552,False
14013,0.00016746159237367503,27,1.7305874868675515,False
14014,4.961824959220001e-05,8,5.144881963729858,False
14015,0.0012776699269991503,206,1.0997511808154652,False
14016,0.003467075190254976,559,2.1540198622534654,False
14017,0.008162202057916903,1316,0.826744883256118,False
14018,0.011902177620928978,1919,2.324133170775413,False
14019,0.0012838722081981752,207,1.2420787765208074,False
14020,0.00014265246757757502,23,1.9300074473671291,False
14021,0.0019475162964938504,314,1.6173530729712955,False
14022,7.442737438830002e-05,12,18.635821024576824,False
14023,0.009886436231245853,1594,0.8696089268029857,False
14024,0.0011970402714118252,193,1.2898222004193716,False
14025,4.961824959220001e-05,8,1.1743376404047012,False
14026,0.0016994250485328503,274,1.7155624467090969,False
14027,0.0010357809602371752,167,3.848587902720103,False
14028,0.0010047695542420502,162,1.1837908971456834,False
14029,0.0024126873864207254,389,1.038296414524853,False
14030,0.0030515223499203007,492,0.8494422823432984,False
14031,0.012596833115219778,2031,0.6803593039806108,False
14032,0.0003907437155385751,63,1.083271278275384,False
14033,3.721368719415001e-05,6,3.3246854146321616,False
14034,0.0006822509318927502,110,10.481011017886075,False
14035,0.004639306336870701,748,1.099935005533504,False
14036,0.00019227071716977504,31,7.194852198323896,False
14037,0.0004589688087278501,74,1.5068186505420789,False
14038,0.0021521915760616753,347,1.759132492439204,False
14039,0.0023010463248382754,371,1.104147576900184,False
14040,0.004906004428428776,791,4.29270684342318,False
14041,0.0004837779335239501,78,6.910116605269603,False
14042,0.0015319634561591754,247,1.233407068831718,False
14043,0.0007938919934752001,128,4.062638655304909,False
14044,3.101140599512501e-05,5,2.0076337575912477,False
14045,0.0024871147608090255,401,1.2245129254690728,False
14046,0.0016994250485328503,274,1.911501073489224,False
14047,0.0003411254659463751,55,4.364210219816728,False
14048,0.00021707984196587504,35,8.389163044520787,False
14049,0.0006574418070966502,106,2.2350048625244283,False
14050,0.03336207056955548,5379,1.2146787088496642,False
14051,0.005172702519986851,834,1.2410613048276742,False
14052,0.0006202281199025002,100,3.441683282852173,False
14053,0.0018792912033045754,303,1.8626272576083445,False
14054,0.006797700194131401,1096,1.824547142878066,False
14055,0.0016125931117465003,260,1.5265734530412234,False
14056,4.961824959220001e-05,8,1.6194333732128143,False
14057,0.023990423677828707,3868,1.7572537186288784,False
14058,0.0004403619651307751,71,1.648215287168261,False
14059,0.004769554242050226,769,0.921009649690943,False
14060,0.0038206052185994007,616,1.4596053872789656,False
14061,0.003392647815866676,547,1.3852154088412605,False
14062,0.0015753794245523503,254,0.744936965581939,False
14063,0.00017366387357270005,28,6.088969213621957,False
14064,0.009235196705348227,1489,0.7516968155803898,False
14065,0.00019847299836880003,32,11.266122810542583,False
14066,0.004763351960851201,768,0.81996546809872,False
14067,0.010326798196376627,1665,0.9579800706009965,False
14068,0.0022452257940470503,362,0.8962226335514974,False
14069,0.0018668866409065254,301,1.3603767140759186,False
14070,0.0013210858953923252,213,1.1000310747836117,False
14071,0.0032313885046920256,521,1.3432324367384079,False
14072,0.0027103968839739256,437,1.422057154795125,False
14073,0.0012342539586059752,199,7.192925861732444,False
14074,0.0028654539139495506,462,1.3333967371936484,False
14075,0.00016125931117465003,26,1.5517511046849763,False
14076,0.0020343482332802003,328,3.3837118450461365,False
14077,0.006679856851349927,1077,0.8865224338839646,False
14078,0.0018048638289162753,291,1.7964434504918627,False
14079,0.0002977094975532001,48,1.466892475883166,False
14080,0.004124516997351626,665,2.167649627269659,False
14081,0.0010667923662323003,172,1.054329208163328,False
14082,0.0027848242583622257,449,1.0020024845488618,False
14083,0.0013024790517952502,210,1.4789720189003717,False
14084,0.0002480912479610001,40,2.8897708654403687,False
14085,0.0016187953929455254,261,5.750188716069949,False
14086,0.0011474220218196253,185,1.4006332584329553,False
14087,0.0021583938572607006,348,1.1538769465753402,False
14088,0.00017986615477172505,29,9.889574157780615,False
14089,0.005637873609913726,909,2.317523464249043,False
14090,0.012888340331573952,2078,1.0085114544693154,False
14091,0.005935583107466926,957,0.9504162729596145,False
14092,0.0019041003281006755,307,1.1880196779480974,False
14093,6.202281199025002e-05,10,1.456991958618164,False
14094,1.8606843597075006e-05,3,5.870110829671224,False
14095,0.0026793854779788005,432,1.8857978637571688,False
14096,0.0035353002834442506,570,1.099797613160652,False
14097,0.0002666980915580751,43,1.4555266735165617,False
14098,0.0006698463694947001,108,6.711602369944255,False
14099,0.0012156471150089002,196,0.9772793723612415,False
14100,0.0017800547041201755,287,1.3221723177707154,False
14101,0.0004093505591356501,66,5.948095751531197,False
14102,0.015232802624805404,2456,0.666920241781477,False
14103,0.0005333961831161502,86,3.0456947753595753,False
14104,0.006289113135811352,1014,0.9365413729725975,False
14105,0.0017056273297318754,275,2.552489456696944,False
14106,0.0023630691368285257,381,12.56693240914132,False
14107,0.0018668866409065254,301,1.36341842622852,False
14108,5.582053079122501e-05,9,1.745987852414449,False
14109,0.0009427467422518002,152,4.297850305312558,False
14110,6.822509318927501e-05,11,4.477312261408025,False
14111,1.8606843597075006e-05,3,1.4152461687723796,False
14112,0.0048749930224336515,786,1.5392516645159733,False
14113,7.442737438830002e-05,12,3.128903716802597,False
14114,0.0016311999553435754,263,1.239628979461728,False
14115,0.00014265246757757502,23,1.4661825325178064,False
14116,0.0014575360817708754,235,2.252070806888824,False
14117,0.024976586388473682,4027,0.710186065264603,False
14118,0.0018668866409065254,301,1.3930103830324851,False
14119,0.0026793854779788005,432,1.510070401761267,False
14120,0.008124988370722752,1310,2.5172791206199703,False
14121,0.0018916957657026255,305,2.2600630291172714,False
14122,0.0052409276131761265,845,0.7669579936202461,False
14123,0.00013024790517952503,21,2.4979808046704246,False
14124,0.0033244227226774006,536,0.8161350737756757,False
14125,0.0014947497689650254,241,1.0963828187760476,False
14126,0.0017676501417221253,285,1.2148511250813803,False
14127,0.0019103026092997003,308,1.355353656527284,False
14128,0.00020467527956782505,33,8.715419133504232,False
14129,0.0016063908305474753,259,1.4502721072163822,False
14130,0.0002480912479610001,40,1.561582762002945,False
14131,0.003603525376633526,581,0.8035552456538977,False
14132,0.0022886417624402257,369,1.6445305486358601,False
14133,0.0007628805874800752,123,0.8667000464307584,False
14134,0.0013831087073825753,223,1.2894801334415316,False
14135,0.0016684136425377254,269,0.9607217568890313,False
14136,0.00022948440436392506,37,3.1076414842863342,False
14137,0.004006673654570151,646,0.8478016720467677,False
14138,0.0006946554942908002,112,5.07676887512207,False
14139,0.0016622113613387003,268,5.349439455057258,False
14140,0.0018916957657026255,305,1.030113672819294,False
14141,0.0019351117340958004,312,1.3357673570131645,False
14142,0.0022142143880519256,357,0.7921403482848522,False
14143,0.0016870204861348004,272,1.1638167395311243,False
14144,0.004540069837686301,732,1.5671747196567514,False
14145,0.00029150721635417507,47,12.155449027710773,False
14146,0.0036841550322208507,594,0.909957088605322,False
14147,0.0014699406441689253,237,6.456104047187773,False
14148,0.0023196531684353504,374,1.7712686218042424,False
14149,0.004074898747759426,657,1.3580496403724636,False
14150,0.0019909322648870255,321,1.1483855700567132,False
14151,0.00014265246757757502,23,1.3387463300124458,False
14152,0.0018978980469016504,306,1.9238103316500297,False
14153,0.0009055330550576502,146,1.1738292746347925,False
14154,0.0005706098703103001,92,1.3134340358817058,False
14155,0.0018854934845036005,304,1.0808085399238687,False
14156,0.0016001885493484504,258,1.0206751749497052,False
14157,0.0006326326823005501,102,2.22767339851342,False
14158,0.0015691771433533252,253,1.2872102180488496,False
14159,0.0013210858953923252,213,3.3872289937426787,False
14160,0.00016746159237367503,27,1.4791893385074757,False
14161,0.0005644075891112751,91,1.2695678040221496,False
14162,0.0027848242583622257,449,3.0270905946039144,False
14163,0.07564302150330891,12196,4.49336246178947,False
14164,0.046548120398682634,7505,2.218880981973296,False
14165,0.0006636440882956752,107,2.0874466784646577,False
14166,0.0005271939019171251,85,6.803022491230684,False
14167,0.0010978037722274253,177,1.367568273328792,False
14168,0.0023878782616246256,385,1.0756138739647803,False
14169,0.006723272819743101,1084,1.560446309647437,False
14170,0.0008124988370722751,131,1.2167271266456778,False
14171,0.004496653869293126,725,3.5840686814538363,False
14172,0.0038764257493906257,625,0.833151611328125,False
14173,0.0032623999106871507,526,1.479262665877324,False
14174,0.0021521915760616753,347,1.2040842053526073,False
14175,0.0004961824959220001,80,4.397528828680516,False
14176,0.00029150721635417507,47,1.6265184980757692,False
14177,0.0020095391084841005,324,1.3683438183348855,False
14178,0.00019227071716977504,31,2.1235870930456344,False
14179,7.442737438830002e-05,12,10.778095374504725,False
14180,0.0011226128970235252,181,1.7802500099108365,False
14181,0.003330625003876426,537,0.8314081188464741,False
14182,5.582053079122501e-05,9,3.6791730324427285,False
14183,0.0025119238856051254,405,0.7746112617445581,False
14184,0.0009737581482469252,157,1.737918515114268,False
14185,0.0025305307292022004,408,1.2955527586095474,False
14186,0.0025925535411924507,418,0.8997689870556006,False
14187,0.0008062965558732502,130,8.337421321868897,False
14188,0.0010978037722274253,177,1.1944921737336842,False
14189,0.004769554242050226,769,1.2573993171920081,False
14190,0.00010543878038342502,17,3.0183710070217358,False
14191,0.0022576303564451005,364,2.8867173931755863,False
14192,0.002760015133566126,445,1.218175057079015,False
14193,0.004161730684545776,671,1.877804521654473,False
14194,0.0004837779335239501,78,2.065494729922368,False
14195,0.009210387580552128,1485,0.7115777856974489,False
14196,0.00010543878038342502,17,1.2044945604660933,False
14197,0.0025181261668041507,406,0.8822933003820222,False
14198,0.00014885474877660004,24,1.5500035683314006,False
14199,0.013874503042218928,2237,0.666548171957849,False
14200,0.0019971345460860503,322,1.73117578918149,False
14201,0.011629277248171878,1875,0.8069135945638021,False
14202,0.0018234706725133503,294,2.0306695675363344,False
14203,0.006760486506937251,1090,0.8845149273172431,False
14204,0.0008373079618683752,135,4.622993612289429,False
14205,0.0021770007008577756,351,1.4572375299584153,False
14206,0.00028530493515515004,46,1.6269850316254988,False
14207,0.0005954189951064002,96,7.837161917239428,False
14208,6.822509318927501e-05,11,1.6710429408333518,False
14209,0.011840154808938727,1909,1.3167359372469192,False
14210,0.031805297988600205,5128,0.7347271542839252,False
14211,0.0004651710899268751,75,1.7176989571253458,False
14212,0.007250466721660227,1169,0.91453380284909,False
14213,0.0021707984196587503,350,1.223549598966326,False
14214,0.0019971345460860503,322,1.7066022809247794,False
14215,0.0017614478605231004,284,1.5999639311306912,False
14216,0.003808200656201351,614,1.1345346354506303,False
14217,5.582053079122501e-05,9,2.1280998124016657,False
14218,0.0027848242583622257,449,1.0519788705957493,False
14219,0.0018296729537123754,295,1.2663170394250902,False
14220,0.0020095391084841005,324,0.8108283067926948,False
14221,6.202281199025001e-06,1,1.1641110181808472,False
14222,0.008112583808324702,1308,0.8286989916355239,False
14223,0.0009799604294459501,158,1.2547575069379202,False
14224,0.008819643865013552,1422,1.380470095891322,False
14225,0.0035353002834442506,570,0.8469259764018812,False
14226,0.0009303421798537502,150,7.426273433367411,False
14227,0.0024809124796100006,400,0.8096725589036942,False
14228,0.0024188896676197507,390,1.867724699851794,False
14229,0.0004651710899268751,75,1.1621295595169068,False
14230,0.0013707041449845254,221,1.0361344490655406,False
14231,0.0005520030267132251,89,1.5750277899624257,False
14232,0.018606843597075005,3000,1.1044651222229005,False
14233,0.0010171741166401002,164,1.3252733386144406,False
14234,0.00012404562398050004,20,1.4407053291797638,False
14235,0.00012404562398050004,20,2.1349721789360045,False
14236,0.003634536782628651,586,1.2030200295073994,False
14237,0.00033492318474735006,54,4.900930497381422,False
14238,0.0026545763531827006,428,1.8661948058092706,False
14239,0.056533793129112886,9115,2.341690530531104,False
14240,0.04220652355936513,6805,0.9224107169123978,False
14241,0.005364973237156626,865,1.368249072918313,False
14242,0.003584918533036451,578,1.1984862773888665,False
14243,0.0005520030267132251,89,1.4529751807116391,False
14244,0.0013955132697806253,225,9.235963264041477,False
14245,0.004484249306895076,723,1.1296255766603462,False
14246,0.00022948440436392506,37,1.646641824696515,False
14247,0.7646172262158022,123280,8.792615102561243,False
14248,0.0020157413896831253,325,1.1068933927095854,False
14249,0.0022018098256538754,355,1.6570813665927295,False
14250,0.006624036320558702,1068,0.9601863475328081,False
14251,0.0016374022365426004,264,0.9870868569070642,False
14252,0.008230427151106176,1327,0.9268743810387778,False
14253,0.00011784334278147503,19,1.9763394531450773,False
14254,0.00014885474877660004,24,1.0920361777146657,False
14255,0.0020777642016733757,335,1.4444986318474384,False
14256,0.00030391177875222506,49,1.5176320319273033,False
14257,0.0016622113613387003,268,4.657346364277513,False
14258,0.002741408289969051,442,1.3790422149373396,False
14259,4.341596839317501e-05,7,18.85892493384225,False
14260,0.0015877839869504003,256,1.0193631639704108,False
14261,0.0008931284926596002,144,1.2903470115529165,False
14262,0.0004217551215337001,68,3.653955613865572,False
14263,0.0009985672730430252,161,8.952447943065478,False
14264,0.0025181261668041507,406,1.5542887851522473,False
14265,0.0021770007008577756,351,1.7706948746303548,False
14266,0.0009985672730430252,161,2.9136752423292362,False
14267,0.0005333961831161502,86,2.053747759308926,False
14268,0.0021707984196587503,350,1.1699820756912231,False
14269,0.005569648516724451,898,0.7476034307798458,False
14270,0.0048005656480453514,774,0.9684741219808889,False
14271,0.0012032425526108503,194,1.127226076175257,False
14272,0.0007938919934752001,128,1.096062945201993,False
14273,4.341596839317501e-05,7,1.7774964570999146,False
14274,0.0022576303564451005,364,2.2561941769096876,False
14275,0.006803902475330427,1097,0.7109439960912671,False
14276,0.0017304364545279755,279,1.0621329721156842,False
14277,0.0002480912479610001,40,1.4993878901004791,False
14278,0.0011908379902128004,192,0.8555663029352824,False
14279,6.822509318927501e-05,11,2.535202741622925,False
14280,0.0004527665275288251,73,2.5647813849253196,False
14281,0.004862588460035601,784,0.8890241279589887,False
14282,6.202281199025002e-05,10,2.6654117345809936,False
14283,1.2404562398050002e-05,2,5.874983787536621,False
14284,0.0007380714626839752,119,1.789016570363726,False
14285,4.961824959220001e-05,8,3.1515218019485474,False
14286,0.0006946554942908002,112,2.3103810931955064,False
14287,0.010395023289565902,1676,1.6456673492395224,False
14288,0.0061030446998406014,984,3.2465293964719386,False
14289,0.005569648516724451,898,0.7964803237957518,False
14290,0.0006822509318927502,110,3.764334335110404,False
14291,0.0018482797973094504,298,8.484293265630734,False
14292,8.062965558732502e-05,13,2.6867763537627,False
14293,0.007585389906407577,1223,1.1537550198476234,False
14294,0.0014203223945767254,229,1.0059016156925384,False
14295,0.004465642463298001,720,3.831186066733466,False
14296,0.005271939019171251,850,1.2401325840108535,False
14297,0.006034819606651327,973,1.460026101242724,False
14298,0.0006388349634995752,103,1.492912341090082,False
14299,0.01713690295290608,2763,1.2631220995322803,False
14300,0.0011040060534264502,178,1.7135047778654635,False
14301,0.0032810067542842257,529,1.168422455598366,False
14302,0.0028468470703524756,459,1.0728633855682572,False
14303,0.0002480912479610001,40,1.5682541251182556,False
14304,0.00022948440436392506,37,1.6798519637133624,False
14305,0.0009923649918440003,160,6.2203811183571815,False
14306,0.0006574418070966502,106,2.7538261121174075,False
14307,2.4809124796100004e-05,4,1.9828901290893555,False
14308,0.005470412017540051,882,1.2992234586858424,False
14309,0.0005458007455142001,88,10.341380016370254,False
14310,0.006996173192500201,1128,1.4213564098938136,False
14311,0.0023506645744304755,379,1.0596173058084573,False
14312,0.00020467527956782505,33,1.5745499495303992,False
14313,0.0005954189951064002,96,1.7779099320371945,False
14314,0.0006264304011015251,101,1.396008295587974,False
14315,0.0009427467422518002,152,1.5204688467477496,False
14316,0.056291904162350914,9076,0.6487273266263973,False
14317,0.00011164106158245002,18,1.6870469119813707,False
14318,0.0029770949755320007,480,0.6473109588027001,False
14319,0.0008000942746742252,129,1.0748916873636172,False
14320,0.0019041003281006755,307,1.5676600121519852,False
14321,0.004192742090540901,676,1.4339530868290444,False
14322,0.003696559594618901,596,0.9760635127157173,False
14323,0.00014265246757757502,23,1.144876630409904,False
14324,0.0004589688087278501,74,1.4688182167104773,False
14325,0.0011226128970235252,181,1.6538022433855257,False
14326,0.00016125931117465003,26,0.8630675214987534,False
14327,0.003560109408240351,574,0.8261863176000243,False
14328,0.0016994250485328503,274,1.3511404982448494,False
14329,0.00017986615477172505,29,1.1335196495056152,False
14330,0.0007380714626839752,119,1.0351079532078333,False
14331,0.006859723006121652,1106,0.973792515007971,False
14332,0.0021273824512655754,343,1.0652410448813925,False
14333,0.004000471373371126,645,1.6521515280701393,False
14334,0.0028530493515515004,460,1.3970297162947447,False
14335,0.0008497125242664252,137,1.0368171695375095,False
14336,0.005265736737972226,849,0.8407272146784375,False
14337,0.0004775756523249251,77,3.7485144958867656,False
14338,0.004757149679652176,767,0.7993733679300181,False
14339,0.0008000942746742252,129,4.540429174438003,False
14340,0.0023320577308334005,376,0.9273441243678966,False
14341,0.0013520973013874504,218,6.118594557867137,False
14342,0.006574418070966501,1060,1.3573099914586768,False
14343,0.0018234706725133503,294,1.4236013102693623,False
14344,0.0056626827347098264,913,0.7637990416728393,False
14345,0.0024374965112168257,393,2.6238965372396184,False
14346,0.0020033368272850756,323,3.444440767861003,False
14347,1.2404562398050002e-05,2,11.938210844993591,False
14348,0.0037585824066091508,606,1.0312339228765406,False
14349,0.0011660288654167003,188,1.2632271736226184,False
14350,0.0010357809602371752,167,0.9460150253273056,False
14351,0.0037771892502062258,609,1.4007651950729696,False
14352,0.0007628805874800752,123,4.516773165726081,False
14353,0.0024188896676197507,390,2.0700699317149627,False
14354,0.00016746159237367503,27,9.155366703316018,False
14355,0.0017552455793240754,283,1.6932962808507912,False
14356,2.4809124796100004e-05,4,2.6862178444862366,False
14357,0.0019661231400909256,317,1.7242217255691625,False
14358,0.0010916014910284002,176,1.3940284435044636,False
14359,0.0035353002834442506,570,0.8769767819789418,False
14360,0.0028840607575466256,465,0.9163619795153218,False
14361,0.0013893109885816004,224,3.8460625410079956,False
14362,0.00021707984196587504,35,5.143458039419992,False
14363,0.002952285850735901,476,4.006290252469167,False
14364,0.0020529550768772753,331,2.0421283399950703,False
14365,0.00039694599673760006,64,1.4142062477767467,False
14366,0.0007814874310771502,126,1.5828476084603205,False
14367,0.0027041946027749008,436,2.0781361799721325,False
14368,0.0028964653199446758,467,0.7700610262934094,False
14369,0.0004031482779366251,65,2.5739261645537157,False
14370,0.0023072486060373007,372,2.2197260324672987,False
14371,0.00023568668556295006,38,5.518428005670247,False
14372,0.004825374772841451,778,1.1277896219476635,False
14373,0.0003721368719415001,60,7.488008666038513,False
14374,0.0009365444610527753,151,1.2110139052599471,False
14375,0.0022700349188431506,366,1.9406408706649405,False
14376,0.0005458007455142001,88,1.0341588245196776,False
14377,0.0004031482779366251,65,1.2817726960548987,False
14378,0.011604468123375778,1871,1.6311510657958332,False
14379,0.0011784334278147502,190,1.5267209636537653,False
14380,0.0022018098256538754,355,1.2155621474897358,False
14381,0.0038950325929877007,628,1.0085679201563453,False
14382,0.00014265246757757502,23,1.1122756367144377,False
14383,0.0029770949755320007,480,1.2389222880204518,False
14384,8.062965558732502e-05,13,3.4875349081479587,False
14385,0.0014451315193728252,233,1.2060749924745682,False
14386,0.04109011294354063,6625,1.1860425610812204,False
14387,0.0002977094975532001,48,11.175374875466028,False
14388,0.0008062965558732502,130,3.3012361764907836,False
14389,0.0027290037275710007,440,1.183792357011275,False
14390,0.0029957018191290757,483,2.4073876426333474,False
14391,0.0021956075444548506,354,3.7179087818005665,False
14392,0.035477048458423005,5720,0.6283031950463782,False
14393,0.0009675558670479002,156,0.9402888493660169,False
14394,0.0010047695542420502,162,1.2594047770088102,False
14395,0.007628805874800752,1230,0.7063937466319015,False
14396,0.006754284225738227,1089,0.656212727009867,False
14397,5.582053079122501e-05,9,1.0179352627860174,False
14398,0.0021521915760616753,347,1.4001414727752421,False
14399,0.0020715619204743504,334,2.7387584594195475,False
14400,0.0012094448338098754,195,3.626957084582402,False
14401,0.0014327269569747753,231,1.512359435424144,False
14402,0.0019041003281006755,307,12.358883151402303,False
14403,0.0009179376174557002,148,1.5384893304592855,False
14404,0.0010978037722274253,177,2.421495841721357,False
14405,0.0004527665275288251,73,2.2420564367346567,False
14406,0.00030391177875222506,49,16.643378172601974,False
14407,0.0008062965558732502,130,1.0269045793093168,False
14408,0.003727571000614026,601,1.4665689962279183,False
14409,0.0020405505144792256,329,1.809622097160316,False
14410,0.12959046337242838,20894,1.7420042653830985,False
14411,0.0021770007008577756,351,1.4362284362825573,False
14412,0.0025429352916002505,410,2.1688209135357925,False
14413,0.0026421717907846505,426,1.019059525968883,False
14414,1.2404562398050002e-05,2,1.5272481441497803,False
14415,0.0004465642463298001,72,6.618307284182972,False
14416,0.0017366387357270004,280,1.1545291781425475,False
14417,0.00033492318474735006,54,10.876990810588554,False
14418,0.0035353002834442506,570,4.389461004106622,False
14419,0.0022700349188431506,366,4.0397636173852804,False
14420,0.0017986615477172505,290,1.6061237458525033,False
14421,0.0015319634561591754,247,1.3836896351957129,False
14422,0.0025739466975953757,415,1.7138936301311816,False
14423,0.0019413140152948255,313,0.8863402944022474,False
14424,4.341596839317501e-05,7,2.8067647218704224,False
14425,0.004316787714521401,696,0.8260141693312546,False
14426,0.0014637383629699002,236,1.1215823161399971,False
14427,0.0018854934845036005,304,1.069008395467934,False
14428,0.0006574418070966502,106,1.4985689543328196,False
14429,0.002952285850735901,476,1.0382463972107703,False
14430,0.0007070600566888501,114,1.4833185704130876,False
14431,0.0016311999553435754,263,2.4983975121276916,False
14432,0.0019041003281006755,307,2.453079265181327,False
14433,0.00017986615477172505,29,2.2822115339081863,False
14434,0.00017986615477172505,29,1.5442740752779205,False
14435,0.003008106381527126,485,1.0282234477013656,False
14436,0.00021087756076685005,34,7.534274858586929,False
14437,0.0008621170866644752,139,1.0894730331228792,False
14438,0.0005830144327083501,94,1.2771690094724615,False
14439,0.0020591573580763006,332,3.112605247511921,False
14440,0.0049308135532248765,795,6.152071000944893,False
14441,0.0032065793798959257,517,1.1637589843868057,False
14442,0.04921510131426338,7935,6.2013556188957155,False
14443,9.303421798537502e-05,15,1.9232308228810628,False
14444,0.0026111603847895257,421,1.0418456597452774,False
14445,0.0027352060087700255,441,1.0277836695820295,False
14446,0.006537204383772351,1054,0.8800551090566212,False
14447,0.00029150721635417507,47,5.110081624477468,False
14448,0.0020343482332802003,328,1.079469745478979,False
14449,4.341596839317501e-05,7,1.5296648229871477,False
14450,0.0021335847324646007,344,1.481313260488732,False
14451,0.007976133621946152,1286,0.9374718422281613,False
14452,0.0008745216490625251,141,6.040513960182244,False
14453,0.0022514280752460756,363,1.287649049575007,False
14454,0.012218493962079253,1970,1.3345483203829847,False
14455,0.003330625003876426,537,0.768157469715708,False
14456,0.0006450372446986001,104,1.8852700201364665,False
14457,0.0021894052632558253,353,0.7816327935237722,False
14458,0.0016063908305474753,259,1.3443375954756867,False
14459,0.0021397870136636256,345,1.275223972486413,False
14460,0.0013086813329942753,211,1.8642272632833905,False
14461,0.006332529104204526,1021,0.680501726535345,False
14462,0.0020591573580763006,332,2.08348320622042,False
14463,0.0057743237962922765,931,1.4684105011625526,False
14464,0.0026793854779788005,432,1.432536514820876,False
14465,0.0008807239302615502,142,1.2784351177618538,False
14466,0.005011443208812201,808,0.8896091120077831,False
14467,0.0028096333831583256,453,0.7893430476157081,False
14468,0.0020529550768772753,331,0.8180252227178153,False
14469,0.0006946554942908002,112,6.9397168191415926,False
14470,0.0007132623378878751,115,5.537593598987745,False
14471,0.0005644075891112751,91,1.4662252206068773,False
14472,0.0018916957657026255,305,4.4751804058669045,False
14473,0.005805335202287401,936,1.4640864031946557,False
14474,0.0007814874310771502,126,8.15659050052128,False
14475,0.0005582053079122502,90,1.5408726082907782,False
14476,0.005786728358690326,933,0.9563099287713839,False
14477,0.0057185032655010515,922,0.6729485326630433,False
14478,0.0022018098256538754,355,1.7329684076174883,False
14479,0.0022886417624402257,369,1.1825688282648723,False
14480,7.442737438830002e-05,12,5.265096366405487,False
14481,0.008782430177819402,1416,0.9889897801781778,False
14482,0.010370214164769803,1672,0.89917241671439,False
14483,0.0011660288654167003,188,1.6624989832969421,False
14484,0.018278122693526678,2947,0.7111333459362889,False
14485,0.0037213687194150007,600,0.9626916567484538,False
14486,9.923649918440002e-05,16,1.092911273241043,False
14487,0.007765256061179302,1252,0.8770898995688929,False
14488,0.0028964653199446758,467,2.7269123070245125,False
14489,0.0008124988370722751,131,5.336512738511763,False
14490,0.0038206052185994007,616,0.8714825938661377,False
14491,0.006276708573413301,1012,0.7884041989744888,False
14492,0.0018978980469016504,306,1.4220134386050156,False
14493,0.005247129894375151,846,2.4752579849944327,False
14494,0.00013645018637855003,22,1.1345812678337097,False
14495,0.004862588460035601,784,2.0497623113345127,False
14496,0.00013645018637855003,22,3.746364550157027,False
14497,0.0003597323095434501,58,9.00401124666477,False
14498,4.341596839317501e-05,7,3.3473400388445174,False
14499,2.4809124796100004e-05,4,3.7038316130638123,False
14500,0.0021211801700665505,342,1.3127776753832723,False
14501,0.0022328212316490006,360,1.4516973157723745,False
14502,0.008528136648659377,1375,0.6441716271313754,False
14503,0.006506192977777226,1049,0.928720810620187,False
14504,0.0011784334278147502,190,1.3792096815611188,False
14505,8.683193678635003e-05,14,9.822348134858268,False
14506,0.003392647815866676,547,0.6879153321386473,False
14507,0.0005830144327083501,94,1.2183869265495462,False
14508,0.0016746159237367505,270,1.0299252068554914,False
14509,0.0023196531684353504,374,2.0088148534616685,False
14510,0.0014389292381738004,232,1.243174678806601,False
14511,0.007653614999596852,1234,0.8201326013963844,False
14512,0.0015443680185572254,249,1.721735747942484,False
14513,0.0005395984643151751,87,6.5684049650170335,False
14514,0.0012590630834020753,203,1.4695271147882998,False
14515,0.0016498067989406504,266,3.1786586794638096,False
14516,0.006375945072597701,1028,3.172749992938357,False
14517,0.0022514280752460756,363,2.0157423452897505,False
14518,0.0023010463248382754,371,1.8186327932337223,False
14519,0.004775756523249251,770,1.3730383167019138,False
14520,0.0011350174594215753,183,0.6857614269673499,False
14521,0.0008807239302615502,142,1.279342832699628,False
14522,0.02135445416824308,3443,1.4915883077842498,False
14523,0.0021025733264694755,339,1.7587337634556413,False
14524,0.004198944371739926,677,1.0562917122636624,False
14525,0.0018916957657026255,305,1.6207177287242451,False
14526,0.0019289094528967753,311,1.362453394764106,False
14527,0.0014203223945767254,229,1.6426323090057706,False
14528,0.0014947497689650254,241,0.8748373441181737,False
14529,0.023531454869100854,3794,0.591175135399834,False
14530,0.004298180870924326,693,4.1995710325447515,False
14531,0.00039694599673760006,64,1.7173510156571865,False
14532,0.0022638326376441253,365,1.1893932505829694,False
14533,0.0056812895783069015,916,2.7524375111255064,False
14534,0.013669827762651103,2204,2.159528571010285,False
14535,0.0019909322648870255,321,1.7798568199728138,False
14536,0.00027290037275710005,44,1.6065798943692988,False
14537,0.005048656896006351,814,1.2745190322838487,False
14538,0.00023568668556295006,38,2.718163571859661,False
14539,0.012162673431288028,1961,0.792205812978477,False
14540,0.0025863512599934254,417,5.468242524625015,False
14541,0.0038578189057935507,622,0.9752323642804308,False
14542,0.0015443680185572254,249,1.8816883458669884,False
14543,0.0007256669002859252,117,1.5260074250718467,False
14544,0.0007566783062810502,122,1.253462658553827,False
14545,0.0011784334278147502,190,1.5332998928270842,False
14546,0.0033058158790803256,533,8.754495603282278,False
14547,0.005712300984302026,921,3.2548705439096426,False
14548,0.00011164106158245002,18,3.3138846158981323,False
14549,0.0027352060087700255,441,1.9647867793128604,False
14550,0.0035166934398471756,567,1.4185885060611436,False
14551,0.0018234706725133503,294,1.3251394929529048,False
14552,0.0021707984196587503,350,1.1129912526266916,False
14553,0.005079668302001476,819,0.9754288490584191,False
14554,0.0035104911586481507,566,1.263355242489926,False
14555,0.0007938919934752001,128,1.2385235447436571,False
14556,5.582053079122501e-05,9,2.6534665955437555,False
14557,0.0037771892502062258,609,2.0572516534520293,False
14558,0.0017056273297318754,275,1.093344646800648,False
14559,0.00011164106158245002,18,1.7321907613012526,False
14560,0.0012776699269991503,206,9.098007106086582,False
14561,0.0020405505144792256,329,1.943349126262143,False
14562,0.0005333961831161502,86,1.2538467936737592,False
14563,0.00012404562398050004,20,0.9756037294864655,False
14564,0.0026483740719836757,427,1.309798932187172,False
14565,0.0017800547041201755,287,0.9454349300171856,False
14566,2.4809124796100004e-05,4,7.679687857627869,False
14567,0.0005706098703103001,92,1.8104993597320889,False
14568,0.00020467527956782505,33,1.7255264773513332,False
14569,0.0016125931117465003,260,1.2893544779374049,False
14570,0.0026483740719836757,427,1.271173143554348,False
14571,0.0023506645744304755,379,1.4779357362862942,False
14572,4.341596839317501e-05,7,2.2818644046783447,False
14573,3.101140599512501e-05,5,1.5726268768310547,False
14574,0.0023630691368285257,381,3.953399190752525,False
14575,0.0029460835695368755,475,1.137411998447619,False
14576,0.0014761429253679504,238,1.5326447356648807,False
14577,0.003584918533036451,578,1.3750164424259357,False
14578,4.341596839317501e-05,7,3.5079116140093123,False
14579,0.0003597323095434501,58,1.5057345731505032,False
14580,0.0005830144327083501,94,1.7928933184197609,False
14581,0.006152662949432801,992,0.8072181103690979,False
14582,0.0021149778888675257,341,1.2859541761560525,False
14583,0.0004837779335239501,78,1.831979037859501,False
14584,0.010153134322803927,1637,1.0765177878797527,False
14585,0.0005271939019171251,85,1.3559752997230081,False
14586,0.005495221142336151,886,1.2637121580524315,False
14587,0.1462621952354076,23582,1.187344715195084,False
14588,0.0017490432981250503,282,1.4326163796668356,False
14589,0.00013645018637855003,22,1.5046491839668967,False
14590,0.006258101729816227,1009,1.6797205522818892,False
14591,0.003677952751021826,593,1.0753703511384447,False
14592,0.0035166934398471756,567,1.082424940886321,False
14593,0.0017552455793240754,283,0.7802385563563964,False
14594,0.00039694599673760006,64,1.420114904642105,False
14595,0.00013645018637855003,22,8.804050700231032,False
14596,0.00028530493515515004,46,4.699511748293172,False
14597,0.003200377098696901,516,0.9749332389166189,False
14598,0.010134527479206852,1634,0.7646151505310358,False
14599,0.0004279574027327251,69,7.268397662950599,False
14600,0.005023847771210251,810,1.5972206395349384,False
14601,0.00031631634115027505,51,1.1019135316212971,False
14602,7.442737438830002e-05,12,1.5027436316013336,False
14603,0.004608294930875576,743,1.2051762822178138,False
14604,0.0016808182049357753,271,1.3675953119003466,False
14605,0.0002666980915580751,43,1.9426338367683942,False
14606,0.00017986615477172505,29,8.47854876929316,False
14607,0.0019227071716977505,310,1.599344785751835,False
14608,0.00014265246757757502,23,1.706183900003848,False
14609,0.0005023847771210251,81,1.3147527435679494,False
14610,0.0023382600120324254,377,2.1198186744745593,False
14611,0.004589688087278501,740,0.8253821308548386,False
14612,0.0016684136425377254,269,1.1126731594255865,False
14613,0.00017986615477172505,29,1.8853716768067459,False
14614,0.0019227071716977505,310,1.1762507800132997,False
14615,0.0003783391531405251,61,1.578616427593544,False
14616,4.341596839317501e-05,7,3.2032240458897183,False
14617,0.0008249033994703252,133,8.193869729687396,False
14618,0.011362579156613803,1832,1.5859997765726397,False
14619,0.010364011883570777,1671,1.0621919957268815,False
14620,0.020045772835248804,3232,0.9949134251858929,False
14621,0.006289113135811352,1014,1.1333567071008024,False
14622,0.0066736545701509015,1076,1.8453051015790067,False
14623,0.003994269092172101,644,1.0263978738962494,False
14624,0.00016125931117465003,26,1.7464365042172945,False
14625,0.0019723254212899504,318,1.3536303215806589,False
14626,0.0020839664828724005,336,1.5030175309096063,False
14627,0.0006884532130917751,111,0.9420729005658949,False
14628,0.004750947398453151,766,0.7293249222379441,False
14629,0.0011102083346254752,179,1.1440392439591818,False
14630,0.00029150721635417507,47,6.06048979150488,False
14631,0.0009117353362566752,147,2.1531175423641593,False
14632,0.010568687163138602,1704,0.6456338810808782,False
14633,9.923649918440002e-05,16,1.9363347589969635,False
14634,0.0004217551215337001,68,1.6978753770098967,False
14635,0.003597323095434501,580,0.7510270840135114,False
14636,0.0019413140152948255,313,2.399052323243869,False
14637,0.0004341596839317501,70,1.1201429605484008,False
14638,0.0002480912479610001,40,1.6233800262212754,False
14639,0.0004961824959220001,80,1.936264231801033,False
14640,5.582053079122501e-05,9,1.0577214029100206,False
14641,0.0013520973013874504,218,0.8309667591654927,False
14642,0.006227090323821101,1004,1.4144928097962384,False
14643,0.0012714676458001253,205,1.3028759805167593,False
14644,0.006282910854612326,1013,0.7623598502630778,False
14645,0.010488057507551277,1691,0.8423322748672603,False
14646,0.0030329155063232257,489,1.283369528979124,False
14647,0.00010543878038342502,17,7.692742964800666,False
14648,0.0010729946474313252,173,1.7177669657448125,False
14649,0.004416024213705801,712,1.797104677457488,False
14650,0.0033616364098715506,542,1.43271197911998,False
14651,0.0023072486060373007,372,1.48017043195745,False
14652,0.0035477048458423008,572,1.0690928468337426,False
14653,0.0027724196959641755,447,1.5197452744114852,False
14654,0.010078706948415627,1625,1.8838582791548508,False
14655,0.00028530493515515004,46,2.5749862323636594,False
14656,0.0035725139706384006,576,0.7300094748950667,False
14657,0.007504760250820252,1210,0.8478671136966421,False
14658,0.0019599208588919003,316,1.2166983617257467,False
14659,0.0011722311466157253,189,1.290249129451772,False
14660,0.0021645961384597254,349,4.011737299511973,False
14661,0.0017304364545279755,279,1.5779295454743087,False
14662,0.009154567049760903,1476,0.7301772900713168,False
14663,0.005445602892743952,878,0.7998127565297016,False
14664,0.0003783391531405251,61,2.5081002516824693,False
14665,0.0007876897122761752,127,1.2545930654045165,False
14666,1.8606843597075006e-05,3,1.4123632113138835,False
14667,0.0025181261668041507,406,1.9426248437665365,False
14668,0.00013024790517952503,21,9.071257557187762,False
14669,0.00014265246757757502,23,3.2352388630742612,False
14670,0.03259918998207541,5256,0.5776362330220425,False
14671,0.0018234706725133503,294,1.1247050664862808,False
14672,0.02328956590233888,3755,0.9754486094143355,False
14673,0.0010171741166401002,164,4.906672288731831,False
14674,0.0009365444610527753,151,2.0795479933947125,False
14675,0.008528136648659377,1375,0.7816438792835583,False
14676,0.005110679707996601,824,4.173200422843683,False
14677,0.00012404562398050004,20,7.851261454820633,False
14678,0.0024747101984109753,399,1.2122949155649745,False
14679,0.006624036320558702,1068,0.6709609366534801,False
14680,0.0018358752349114005,296,4.112371693994548,False
14681,3.721368719415001e-05,6,1.640620509783427,False
14682,0.003386445534667651,546,4.097330771086416,False
14683,0.0020777642016733757,335,1.0237533679649011,False
14684,0.0005209916207181001,84,1.5752743908337183,False
14685,0.0017490432981250503,282,1.815909206021762,False
14686,0.0024188896676197507,390,1.4043277226961577,False
14687,0.0015691771433533252,253,1.1401355370231296,False
14688,0.006363540510199652,1026,0.6861645108775088,False
14689,0.0016001885493484504,258,1.1957548417786295,False
14690,0.00036593459074247506,59,12.034973534487062,False
14691,0.00013024790517952503,21,1.5777332101549422,False
14692,0.005364973237156626,865,2.1066369722344285,False
14693,0.0006326326823005501,102,1.665797681200738,False
14694,0.0005582053079122502,90,2.1399836116366915,False
14695,0.003746177844211101,604,1.5492781234892787,False
14696,0.0024747101984109753,399,1.4122283112136345,False
14697,0.0022080121068529003,356,1.1821896708413455,False
14698,0.0005520030267132251,89,1.7705507948157493,False
14699,0.0024250919488187756,391,1.8342487345571103,False
14700,0.004775756523249251,770,1.2427046370196653,False
14701,0.0029398812883378506,474,0.8837334164084262,False
14702,0.0016870204861348004,272,7.129442863166332,False
14703,0.003218983942293976,519,2.518875928283427,False
14704,0.0018234706725133503,294,1.7095889615363815,False
14705,0.0069837686301021515,1126,1.3239491496162348,False
14706,0.0013086813329942753,211,1.1122427348277015,False
14707,0.0016374022365426004,264,1.8373812193220311,False
14708,0.0018296729537123754,295,1.8166067373954644,False
14709,0.003640739063827676,587,1.417438437219779,False
14710,8.683193678635003e-05,14,0.8561071327754429,False
14711,0.0003845414343395501,62,2.6229292365812484,False
14712,0.0028592516327505257,461,1.504900508485492,False
14713,0.0011908379902128004,192,1.453534775103132,False
14714,0.011902177620928978,1919,1.6666978216842165,False
14715,0.0024002828240226757,387,1.9459598523393773,False
14716,0.00013024790517952503,21,2.66127416065761,False
14717,0.0019661231400909256,317,1.7887855456078465,False
14718,0.017527646668444655,2826,1.858154762575834,False
14719,0.00015505702997562504,25,2.1222308921813964,False
14720,0.0004713733711259001,76,1.9978482378156561,False
14721,0.00013024790517952503,21,3.1900815793446133,False
14722,0.008249033994703251,1330,1.3710716095185818,False
14723,0.0035353002834442506,570,1.0678842285223173,False
14724,0.0021087756076685004,340,2.020104199297288,False
14725,0.0004279574027327251,69,7.2666428607443105,False
14726,0.00010543878038342502,17,1.7480287551879883,False
14727,0.0020219436708821506,326,1.5325759166588813,False
14728,0.00027290037275710005,44,7.307144598527388,False
14729,5.582053079122501e-05,9,1.020141429371304,False
14730,0.022377830566082207,3608,1.4517107792281259,False
14731,0.005116881989195626,825,1.1378721020438454,False
14732,0.0014885474877660003,240,1.397723021109899,False
14733,0.0018482797973094504,298,1.3108566167370586,False
14734,0.0023878782616246256,385,1.427075093752378,False
14735,0.0027476105711680757,443,1.5561425949596122,False
14736,0.0009799604294459501,158,5.072007355056232,False
14737,0.006915543536912877,1115,1.7178056836662805,False
14738,0.0017924592665182254,289,1.6169808620400081,False
14739,0.0006760486506937252,109,6.410044842903767,False
14740,0.00036593459074247506,59,11.16367151777623,False
14741,0.0021459892948626504,346,2.3725129944740693,False
14742,0.00017986615477172505,29,13.157063500634555,False
14743,0.0023692714180275506,382,1.1720254855006154,False
14744,0.0018172683913143255,293,1.5023400482464162,False
14745,0.0009861627106449752,159,2.261778940194808,False
14746,0.0004341596839317501,70,2.9660181845937457,False
14747,0.0003411254659463751,55,6.232598720897328,False
14748,9.923649918440002e-05,16,4.3359755873680115,False
14749,0.00017986615477172505,29,1.413080412766029,False
14750,0.0013210858953923252,213,8.031923666806287,False
14751,0.0003721368719415001,60,6.965111525853475,False
14752,0.0002480912479610001,40,7.37962646484375,False
14753,0.0018606843597075004,300,1.3912163853645325,False
14754,0.0004341596839317501,70,1.1701606035232544,False
14755,0.005253332175574176,847,1.1621917828196195,False
14756,0.0002666980915580751,43,1.7634366750717163,False
14757,0.0030763314747164006,496,1.5547020781424739,False
14758,0.00015505702997562504,25,1.5847881889343263,False
14759,0.007858290279164676,1267,0.8844123552799601,False
14760,0.0012280516774069504,198,1.643602896820415,False
14761,0.0011412197406206002,184,5.587313569110373,False
14762,0.0022452257940470503,362,1.7304937480562959,False
14763,0.0019351117340958004,312,1.735361432417845,False
14764,0.0004775756523249251,77,11.74945641802503,False
14765,0.003907437155385751,630,0.7756222077778407,False
14766,0.0022700349188431506,366,0.7988368328151807,False
14767,0.0004155528403346751,67,1.22861094083359,False
14768,0.00016746159237367503,27,1.9705859510986894,False
14769,9.303421798537502e-05,15,5.331115452448527,False
14770,3.721368719415001e-05,6,2.086233158906301,False
14771,0.0003721368719415001,60,1.3284709533055623,False
14772,0.0024250919488187756,391,1.6056502322711603,False
14773,0.0019351117340958004,312,1.98438088901532,False
14774,0.008943689488994051,1442,0.8217369838825708,False
14775,0.003808200656201351,614,1.4392775572860668,False
14776,0.0014265246757757502,230,1.3827496176180631,False
14777,0.003584918533036451,578,1.1758422575194942,False
14778,0.0021894052632558253,353,1.7608263701960318,False
14779,0.0033554341286725258,541,2.095540619601604,False
14780,0.0022700349188431506,366,2.9797003044456734,False
14781,0.0021211801700665505,342,1.5020159106505544,False
14782,0.0018358752349114005,296,1.9461889033382003,False
14783,0.0005458007455142001,88,1.3284695554863324,False
14784,0.0035477048458423008,572,1.4105485873622494,False
14785,0.0007070600566888501,114,6.568290789922078,False
14786,0.0010853992098293751,175,3.511031051363264,False
14787,0.0006574418070966502,106,1.9440880901408646,False
14788,0.005458007455142001,880,0.8335059057582509,False
14789,0.0003101140599512501,50,2.3423658323287966,False
14790,4.961824959220001e-05,8,0.7758440524339676,False
14791,0.0025615421351973255,413,2.2084367953547552,False
14792,0.0026483740719836757,427,1.5452258584091758,False
14793,0.0021707984196587503,350,1.24051935843059,False
14794,0.0021335847324646007,344,5.975976971692817,False
14795,0.0012218493962079253,197,1.2164210171868959,False
14796,0.0022824394812412004,368,1.1278300904061482,False
14797,0.0023878782616246256,385,1.2985708063299006,False
14798,0.006034819606651327,973,2.3117961511092466,False
14799,1.8606843597075006e-05,3,0.47010258833567303,False
14800,4.341596839317501e-05,7,2.790834358760289,False
14801,0.0020405505144792256,329,1.6418656672387861,False
14802,0.010289584509182477,1659,0.8562951642680844,False
14803,6.822509318927501e-05,11,2.612211747602983,False
14804,4.961824959220001e-05,8,1.7490045726299286,False
14805,0.0032499953482891006,524,1.3547924213282025,False
14806,0.002778621977163201,448,1.0486258688781942,False
14807,0.0013955132697806253,225,1.6577113236321344,False
14808,0.00019847299836880003,32,2.1938103809952736,False
14809,0.0011970402714118252,193,1.2511376605750366,False
14810,0.0021335847324646007,344,2.0354343458663586,False
14811,0.0026607786343817255,429,4.330525771165505,False
14812,0.0021956075444548506,354,1.775196228997182,False
14813,0.0007442737438830002,120,2.126954170068105,False
14814,0.0038392120621964757,619,1.3324091176416646,False
14815,0.01631820183463478,2631,1.112235318295904,False
14816,0.0002791026539561251,45,1.2533524009916517,False
14817,0.0021087756076685004,340,1.69124354614931,False
14818,0.00015505702997562504,25,0.8138881587982177,False
14819,0.0004713733711259001,76,1.2588520206903155,False
14820,0.0019599208588919003,316,1.1320512430577339,False
14821,0.0025863512599934254,417,4.249228450034162,False
14822,0.004161730684545776,671,0.9603809571301706,False
14823,0.0019847299836880006,320,1.2867392279207706,False
14824,0.0027041946027749008,436,1.151319146156311,False
14825,0.00014265246757757502,23,1.876738833344501,False
14826,0.0014203223945767254,229,1.9673045753912113,False
14827,0.0,0,0.0,True
14828,0.0010357809602371752,167,1.000037502385899,False
14829,0.005513827985933226,889,0.775615179766686,False
14830,0.0006202281199025002,100,1.2551619982719422,False
14831,0.0009303421798537502,150,0.8935975694656372,False
14832,9.303421798537502e-05,15,2.646684106190999,False
14833,0.0020529550768772753,331,2.135493055571242,False
14834,0.003733773281813051,602,1.6317777633666992,False
14835,0.0008062965558732502,130,10.697504865206206,False
14836,0.003640739063827676,587,1.3970468072712523,False
14837,0.0020467527956782505,330,1.0064837430462692,False
14838,0.0020963710452704507,338,1.2884698146899072,False
14839,0.0021832029820568004,352,1.8507077741351994,False
14840,0.0011784334278147502,190,1.180106476733559,False
14841,0.0006512395258976251,105,1.6908054805937267,False
14842,0.0007690828686791001,124,1.3842972449717983,False
14843,0.0020963710452704507,338,3.2136524601800907,False
14844,1.8606843597075006e-05,3,23.812786261240642,False
14845,0.003957055404977951,638,1.5165513895895788,False
14846,0.0009179376174557002,148,1.321532363021696,False
14847,0.0008000942746742252,129,3.144559235535851,False
14848,0.0034174569406627757,551,1.0411018174270104,False
14849,0.0019413140152948255,313,1.4843811272813108,False
14850,0.0013645018637855003,220,0.9154229532588612,False
14851,0.0024064851052217006,388,1.819113625693567,False
14852,0.0005768121515093252,93,8.094223865898707,False
14853,0.00033492318474735006,54,7.38190711427618,False
14854,0.00035353002834442507,57,3.0933586840043987,False
14855,0.0016684136425377254,269,1.1609101955775434,False
14856,0.0018482797973094504,298,1.4931345133973448,False
14857,0.004825374772841451,778,2.264266867870537,False
14858,0.0006636440882956752,107,1.5291212941998633,False
14859,0.04801185876165254,7741,0.8729954344898889,False
14860,0.0010047695542420502,162,3.6604616009158852,False
14861,0.0024436987924158506,394,0.7546807122109506,False
14862,0.0035290980022452258,569,1.5436417694041515,False
14863,3.101140599512501e-05,5,1.4473710536956788,False
14864,0.007883099403960777,1271,0.759703359296245,False
14865,0.008329663650290578,1343,1.80350905874285,False
14866,9.923649918440002e-05,16,1.089743934571743,False
14867,0.0002791026539561251,45,12.979150825076633,False
14868,0.005650278172311776,911,1.1743035364883792,False
14869,0.0028654539139495506,462,0.9574014139381838,False
14870,0.0014885474877660003,240,1.068777898947398,False
14871,0.008280045400698377,1335,1.0727656789486775,False
14872,0.0036841550322208507,594,0.7100095463922931,False
14873,0.0005271939019171251,85,1.341223991618437,False
14874,0.00015505702997562504,25,2.2091968059539795,False
14875,0.00023568668556295006,38,1.4525584013838517,False
14876,0.0005147893395190752,83,1.4896157620901085,False
14877,0.0029832972567310255,481,0.8760914852118542,False
14878,0.0026979923215758755,435,1.5151588779756393,False
14879,0.0021707984196587503,350,2.0111795895440236,False
14880,0.0019475162964938504,314,1.228161686544965,False
14881,0.0020653596392753255,333,2.1109871721124507,False
14882,0.0036655481886237757,591,0.8155323059224033,False
14883,2.4809124796100004e-05,4,5.168705105781555,False
14884,0.006531002102573327,1053,1.0783727952444542,False
14885,0.0020219436708821506,326,1.3768873306139846,False
14886,0.00017986615477172505,29,2.2341138987705627,False
14887,9.303421798537502e-05,15,1.6182379802068074,False
14888,0.0020777642016733757,335,1.552511436547806,False
14889,0.0019909322648870255,321,1.5936396352227231,False
14890,0.002741408289969051,442,1.2021218549072472,False
14891,0.0011660288654167003,188,1.851104035656503,False
14892,0.003429861503060826,553,1.8178568537368913,False
14893,0.0019909322648870255,321,1.2866909496509398,False
14894,0.0013334904577903754,215,0.9611585007157437,False
14895,0.0010047695542420502,162,4.081731849246555,False
14896,0.0025119238856051254,405,1.6046075482427338,False
14897,0.0009117353362566752,147,1.063807022814848,False
14898,0.0006388349634995752,103,10.82764555644063,False
14899,0.0018234706725133503,294,1.5403421541460518,False
14900,0.0010543878038342502,170,5.082183735510882,False
14901,0.0015443680185572254,249,1.3525127354395916,False
14902,0.0004775756523249251,77,3.1511260131736853,False
14903,0.0014017155509796504,226,3.345972502126103,False
14904,0.0006698463694947001,108,1.1341964458977734,False
14905,0.0022142143880519256,357,1.0389457760738725,False
14906,0.008404091024678878,1355,3.4355271666692193,False
14907,0.0028344425079544254,457,1.2176070750672656,False
14908,0.00020467527956782505,33,9.163219105113637,False
14909,0.0008497125242664252,137,2.422983392311709,False
14910,0.0019227071716977505,310,2.897041905310846,False
14911,0.0004031482779366251,65,1.095152367078341,False
14912,0.0007318691814849501,118,1.6988859752477226,False
14913,0.0003721368719415001,60,6.894881991545359,False
14914,0.00019227071716977504,31,4.272768305193994,False
14915,0.0005333961831161502,86,3.2263095226398733,False
14916,0.0019351117340958004,312,1.6268108842464595,False
14917,0.0019351117340958004,312,1.3053751671925569,False
14918,0.00016746159237367503,27,2.681732972462972,False
14919,0.00029150721635417507,47,1.0105448225711255,False
14920,0.0011908379902128004,192,1.4956178329885006,False
14921,0.0016560090801396754,267,1.5867722186256437,False
14922,0.0024436987924158506,394,1.8662048076009992,False
14923,7.442737438830002e-05,12,1.0145173370838165,False
14924,0.009650749545682902,1556,0.996247470532101,False
14925,0.00030391177875222506,49,1.609440462929862,False
14926,0.005625469047515676,907,0.8739543570967467,False
14927,0.0003287209035483251,53,4.371451922182767,False
14928,0.00027290037275710005,44,2.0490705262530935,False
14929,0.005116881989195626,825,6.453934036023689,False
14930,0.0037957960938033008,612,1.0706393952463187,False
14931,0.0034918843150510757,563,1.6577489778373,False
14932,8.062965558732502e-05,13,2.3846514225006104,False
14933,0.0029646904131339505,478,2.725890666620502,False
14934,0.007560580781611477,1219,0.7695071969098787,False
14935,0.0074055237516358514,1194,0.9026668698743759,False
14936,0.0014141201133777003,228,1.2296384133790668,False
14937,0.0010295786790381503,166,1.2540668392755898,False
14938,0.0012156471150089002,196,1.746571112652214,False
14939,0.003411254659463751,550,1.2385568100755866,False
14940,0.0008745216490625251,141,1.6136282859964575,False
14941,0.0010605900850332753,171,1.6627597836723105,False
14942,0.0037957960938033008,612,2.5794844050812564,False
14943,0.0023134508872363255,373,0.9408601752554763,False
14944,0.00023568668556295006,38,1.3891655457647223,False
14945,0.0010667923662323003,172,1.9205030632573505,False
14946,0.0023072486060373007,372,1.4729671923704044,False
14947,0.00011784334278147503,19,2.540878986057482,False
14948,0.0003721368719415001,60,1.7596307039260863,False
14949,0.0020343482332802003,328,2.0904053340597852,False
14950,0.0007194646190869002,116,1.9850674436010163,False
14951,0.003975662248575026,641,3.3080722114039287,False
14952,0.0008559148054654502,138,1.0066630054211272,False
14953,0.005402186924350776,871,1.3959123543565226,False
14954,0.0009613535858488752,155,1.295557790417825,False
14955,0.0008187011182713002,132,1.0115021096937584,False
14956,0.0025987558223914756,419,2.859416821975981,False
14957,0.00013645018637855003,22,1.1330473206259988,False
14958,0.005160297957588801,832,2.4157502315938473,False
14959,0.003293411316682276,531,1.3703848909299028,False
14960,0.0004403619651307751,71,10.997049949538539,False
14961,0.0035353002834442506,570,1.1686149195620887,False
14962,0.0005458007455142001,88,1.0766289857300846,False
14963,0.0013272881765913503,214,1.329756730070738,False
14964,0.0014079178321786752,227,1.6356839125376965,False
14965,0.0057743237962922765,931,1.4982609252028256,False
14966,0.0023134508872363255,373,3.2762169086901176,False
14967,0.07772698798618131,12532,5.530675796133773,False
14968,0.12180039818645298,19638,5.777610939648259,False
14969,0.023841568929052107,3844,0.6772041697904049,False
14970,0.0011660288654167003,188,1.3001245336329683,False
14971,0.08502087067623472,13708,5.882584673411512,False
14972,0.0017924592665182254,289,3.4312453604074498,False
14973,0.0007442737438830002,120,1.9505349695682526,False
14974,0.00010543878038342502,17,1.592990756034851,False
14975,0.00025429352916002504,41,1.4798977316879645,False
14976,0.0029957018191290757,483,9.940477424526806,False
14977,0.003237590785891051,522,1.520861448227674,False
14978,6.202281199025001e-06,1,1.5990469455718994,False
14979,0.0018792912033045754,303,1.6031684171248584,False
14980,0.00018606843597075004,30,1.764594586690267,False
14981,0.006791497912932377,1095,1.4140899222735401,False
14982,0.00021707984196587504,35,2.195856850487845,False
14983,0.0052223207695790514,842,0.7566458187873459,False
14984,0.0008683193678635002,140,1.6261251900877272,False
14985,0.0002480912479610001,40,4.274295592308045,False
14986,0.0022018098256538754,355,1.9389234515982614,False
14987,0.0058301443270835016,940,0.7855548176359624,False
14988,0.00019227071716977504,31,1.7941244955985778,False
14989,4.961824959220001e-05,8,3.746851921081543,False
14990,0.0019289094528967753,311,1.3321744165236544,False
14991,0.004887397584831701,788,1.2327758418727042,False
14992,0.11506472080431182,18552,1.1265852065783424,False
14993,0.0015319634561591754,247,1.098189873733984,False
14994,0.009241398986547252,1490,1.0566697819920994,False
14995,4.341596839317501e-05,7,0.5745823213032314,False
14996,0.0006698463694947001,108,1.1701848517965387,False
14997,0.0025181261668041507,406,0.9433772904532296,False
14998,0.0003473277471454001,56,1.3998387881687708,False
14999,0.009334433204532627,1505,1.483734649835631,False
15000,0.004081101028958451,658,1.7811400259881758,False
15001,0.010612103131531778,1711,0.8600010495656837,False
15002,0.00026049581035905006,42,0.8506453008878798,False
15003,0.0013707041449845254,221,1.58390690082878,False
15004,0.0013272881765913503,214,1.6766367771915187,False
15005,0.010122122916808802,1632,0.8296353723488602,False
15006,0.0021521915760616753,347,1.3707220300130267,False
15007,0.0007256669002859252,117,7.440370412973257,False
15008,0.008013347309140302,1292,0.671143838126593,False
15009,6.202281199025002e-05,10,0.7007925868034363,False
15010,0.0006760486506937252,109,2.1000181272489216,False
15011,0.0009117353362566752,147,1.857260602672084,False
15012,0.00016746159237367503,27,1.2826156704514116,False
15013,0.0003721368719415001,60,2.2488612731297812,False
15014,0.00019847299836880003,32,12.001138031482697,False
15015,0.0006636440882956752,107,0.9829828549768324,False
15016,0.006059628731447426,977,1.6280898227906397,False
15017,0.0004651710899268751,75,1.8502256457010906,False
15018,0.013738052855840378,2215,0.8415799048361337,False
15019,0.0017366387357270004,280,1.8878164917230607,False
15020,0.006406956478592826,1033,0.9382272242114943,False
15021,0.0009303421798537502,150,1.554615024725596,False
15022,0.0020963710452704507,338,0.8836962725283831,False
15023,4.341596839317501e-05,7,2.485767023903983,False
15024,0.00029150721635417507,47,1.4437201657193772,False
15025,0.0015009520501640503,242,1.6375129281981917,False
15026,0.034075332907443356,5494,0.5876043699505462,False
15027,0.00021087756076685005,34,1.7272238521014942,False
15028,0.0008869262114605752,143,2.822257502929314,False
15029,0.0031507588491047006,508,0.9919715603505532,False
15030,0.003181770255099826,513,1.2387471603371247,False
15031,0.0013086813329942753,211,1.3692461692891416,False
15032,0.0004465642463298001,72,9.093066892690128,False
15033,0.0011722311466157253,189,1.487582080578678,False
15034,0.0008373079618683752,135,1.268728529965436,False
15035,0.0008311056806693502,134,0.8756087502436851,False
15036,0.0012776699269991503,206,1.282714938654483,False
15037,0.0020219436708821506,326,1.3164924061371506,False
15038,0.0018606843597075004,300,1.3719882357120514,False
15039,6.202281199025002e-05,10,1.054292416572571,False
15040,3.721368719415001e-05,6,2.6043357451756797,False
15041,0.0029646904131339505,478,1.2303015801697097,False
15042,0.002797228820760276,451,1.14936394067667,False
15043,0.006344933666602577,1023,0.8420052463125041,False
15044,0.0043043831521233505,694,1.1743064490106676,False
15045,0.0014203223945767254,229,1.2029694126162467,False
15046,0.004310585433322376,695,0.9499926724879861,False
15047,0.008478518399067178,1367,0.8006926214250231,False
15048,0.0038392120621964757,619,5.488893880212442,False
15049,0.0007938919934752001,128,2.605620823800564,False
15050,0.00027290037275710005,44,8.204339512369849,False
15051,0.0028220379455563757,455,1.0600772983425266,False
15052,0.01587163758830498,2559,0.5882665649807607,False
15053,0.00017366387357270005,28,11.476911808763232,False
15054,0.0035911208142354756,579,1.2636242785807925,False
15055,0.0030019041003281005,484,1.2959936197139015,False
15056,0.003708964157016951,598,0.8666171981738164,False
15057,0.00025429352916002504,41,4.564926979018421,False
15058,0.00019227071716977504,31,0.9152059362780663,False
15059,9.303421798537502e-05,15,13.575635504722595,False
15060,0.0003287209035483251,53,2.362894004245974,False
15061,0.0015567725809552753,251,1.796795477430184,False
15062,0.006549608946170402,1056,2.023857902396809,False
15063,0.0004589688087278501,74,1.5783807635307312,False
15064,0.0015257611749601504,246,2.4383701599710355,False
15065,0.02686207987297728,4331,1.1129822767350614,False
15066,0.0014079178321786752,227,0.8444204052114277,False
15067,0.0010791969286303503,174,6.565492857461688,False
15068,0.0053711755183556515,866,1.2244895223106578,False
15069,0.003715166438215976,599,1.320519234978894,False
15070,0.0010419832414362003,168,1.1415191945575534,False
15071,0.0026297672283866007,424,1.0116511493358973,False
15072,0.0012590630834020753,203,1.5762424151885686,False
15073,0.002970892694332976,479,0.9728437614839112,False
15074,0.0023692714180275506,382,1.2498617069259363,False
15075,0.00013645018637855003,22,2.151881521398371,False
15076,0.0023134508872363255,373,1.0672003443055753,False
15077,0.004205146652938951,678,1.361703651844576,False
15078,0.0021087756076685004,340,2.4396999846486485,False
15079,0.0021521915760616753,347,1.9606749537355275,False
15080,0.0016684136425377254,269,2.063847777568718,False
15081,6.202281199025002e-05,10,1.9673745155334472,False
15082,0.0004465642463298001,72,3.6918149855401783,False
15083,0.0008621170866644752,139,5.168476187067924,False
15084,0.009384051454124827,1513,0.7452438843620588,False
15085,0.0027041946027749008,436,2.090839045310239,False
15086,0.0031941748174978755,515,1.1512313743239468,False
15087,0.006568215789767477,1059,0.949885779895008,False
15088,0.02498899095087173,4029,0.7419896697429961,False
15089,0.004130719278550651,666,1.0328960361423436,False
15090,0.00022328212316490004,36,1.609360224670834,False
15091,0.004260967183730176,687,0.7977410285927496,False
15092,0.007684626405591977,1239,0.6773787576215127,False
15093,0.0015505702997562505,250,1.4681952266693115,False
15094,0.005265736737972226,849,1.6016444352546486,False
15095,0.00019847299836880003,32,5.173756092786789,False
15096,0.00014885474877660004,24,2.2335518350203833,False
15097,0.0053711755183556515,866,2.3070866654155986,False
15098,0.0022142143880519256,357,2.214267026810419,False
15099,0.0016498067989406504,266,1.6362791778449726,False
15100,0.0023258554496343757,375,3.931776264190674,False
15101,0.00026049581035905006,42,8.731487387702579,False
15102,0.0006264304011015251,101,2.0925219967813775,False
15103,0.0006946554942908002,112,1.3485807584864753,False
15104,0.00014885474877660004,24,1.6885103086630504,False
15105,0.0007566783062810502,122,1.921962646187329,False
15106,0.0010233763978391252,165,1.1048320278976902,False
15107,4.961824959220001e-05,8,11.811513900756836,False
15108,0.010698935068318127,1725,0.6307479908846426,False
15109,0.0026545763531827006,428,1.027674393119099,False
15110,0.0011722311466157253,189,1.3006439675729742,False
15111,0.0022638326376441253,365,1.7017106709414966,False
15112,0.005321557268763451,858,0.988270657323735,False
15113,0.0020963710452704507,338,1.6544933054574142,False
15114,0.0015629748621543004,252,1.4161797156409612,False
15115,0.0019289094528967753,311,1.5291799786006524,False
15116,0.0033058158790803256,533,0.9623769971264237,False
15117,0.0027103968839739256,437,0.9431207886549646,False
15118,0.008757621053023301,1412,2.688090061162079,False
15119,0.0024747101984109753,399,0.8579074443133553,False
15120,0.011716109184958228,1889,1.9725157097573631,False
15121,0.00025429352916002504,41,1.111576400152067,False
15122,0.0003287209035483251,53,2.4349899696853927,False
15123,0.0006388349634995752,103,1.4053790060061853,False
15124,0.0020653596392753255,333,2.3534680780347763,False
15125,0.0006760486506937252,109,7.598573505331617,False
15126,9.303421798537502e-05,15,4.291891209284464,False
15127,0.0003101140599512501,50,1.935153865814209,False
15128,0.00025429352916002504,41,7.287127457013944,False
15129,0.0010853992098293751,175,1.6709518814086914,False
15130,0.0029026676011437006,468,1.1184259316860101,False
15131,0.0028406447891534507,458,1.3976182096910268,False
15132,0.0024809124796100006,400,1.6045693320035934,False
15133,0.007430332876431952,1198,0.7926497554938264,False
15134,0.005960392232263027,961,1.169212076095835,False
15135,0.0003845414343395501,62,4.778400742238568,False
15136,0.0038206052185994007,616,0.848886670230271,False
15137,0.0020529550768772753,331,4.5543835645716,False
15138,0.0014203223945767254,229,1.4355417880428931,False
15139,0.0017862569853192003,288,2.2887320948971643,False
15140,0.003349231847473501,540,0.8456395873317012,False
15141,0.0021707984196587503,350,1.5733696028164454,False
15142,0.0015815817057513754,255,1.4218515405467913,False
15143,0.0018730889221055505,302,1.2105448324948747,False
15144,0.0024312942300178005,392,2.167079210889583,False
15145,0.0036283345014296257,585,1.108783432153555,False
15146,0.0037585824066091508,606,2.468941582311498,False
15147,0.0028902630387456505,466,1.1530068544870795,False
15148,0.00013645018637855003,22,2.2314746488224375,False
15149,0.024784315671303906,3996,1.0324419802492923,False
15150,0.0024809124796100006,400,1.4315972396731376,False
15151,0.012528608022030503,2020,1.4649655179812175,False
15152,0.0018420775161104254,297,1.209828895350498,False
15153,0.0018110661101153004,292,1.5118736538985005,False
15154,0.0025181261668041507,406,0.9303565888569273,False
15155,0.0021149778888675257,341,1.8352425538899262,False
15156,0.0010543878038342502,170,1.4546861255870145,False
15157,0.00011164106158245002,18,2.658771382437812,False
15158,0.003708964157016951,598,1.197717717658716,False
15159,0.003330625003876426,537,1.02167838290195,False
15160,0.014277651320155554,2302,1.0107753225039855,False
15161,0.005265736737972226,849,1.769801290492989,False
15162,0.023506645744304756,3790,2.2536911258911396,False
15163,0.00013024790517952503,21,6.740357160568237,False
15164,0.00026049581035905006,42,1.508300048964364,False
15165,0.0004713733711259001,76,1.2628245824261715,False
15166,0.005284343581569301,852,1.7997519943355955,False
15167,0.019103026092997005,3080,0.7588279352559671,False
15168,0.00014265246757757502,23,12.944986198259437,False
15169,0.005172702519986851,834,0.8542323645642049,False
15170,0.003119747443109576,503,1.0617736461859337,False
15171,0.0011598265842176752,187,2.1782703743898932,False
15172,0.002797228820760276,451,0.8932748068198396,False
15173,6.202281199025002e-05,10,2.094551849365234,False
15174,0.0022204166692509505,358,0.944989462471541,False
15175,0.020039570554049778,3231,1.0576006435676464,False
15176,0.0019351117340958004,312,1.5303950890516624,False
15177,0.0018978980469016504,306,2.868128653445275,False
15178,0.0019165048904987254,309,0.9086200133882294,False
15179,0.0016870204861348004,272,1.6383696820806055,False
15180,0.003690357313419876,595,0.7127654356115004,False
15181,0.0023010463248382754,371,11.7908656503955,False
15182,0.003256197629488126,525,1.472281299999782,False
15183,0.00020467527956782505,33,1.3301589633479263,False
15184,0.0008497125242664252,137,1.5193939295998455,False
15185,0.0021521915760616753,347,1.3410275305382457,False
15186,0.0018606843597075004,300,0.9571618008613586,False
15187,0.005445602892743952,878,5.322269298764188,False
15188,0.0009923649918440003,160,1.6386991716921329,False
15189,0.004124516997351626,665,1.2176060773376236,False
15190,0.0020963710452704507,338,3.2532472081438324,False
15191,0.0007814874310771502,126,6.742892643762013,False
15192,0.004949420396821951,798,1.5284866100564636,False
15193,0.0005209916207181001,84,3.226868305887495,False
15194,0.0013086813329942753,211,1.2669423818588257,False
15195,0.0026173626659885506,422,1.1215027350385043,False
15196,0.021224206263063556,3422,0.5928726991946623,False
15197,0.0022762372000421755,367,1.68501038837173,False
15198,0.009359242329328728,1509,1.6832301934244145,False
15199,0.0021707984196587503,350,1.5438847865377154,False
15200,0.0013086813329942753,211,2.117338113875186,False
15201,0.00022328212316490004,36,2.9735465115971036,False
15202,0.0014079178321786752,227,1.4912570079517784,False
15203,0.0026545763531827006,428,1.473591180605309,False
15204,1.2404562398050002e-05,2,4.330981731414795,False
15205,0.006022415044253276,971,1.0271649794033455,False
15206,0.0034546706278569257,557,1.0384482898660794,False
15207,0.0026483740719836757,427,1.518513152135898,False
15208,0.003653143626225726,589,1.39700149801672,False
15209,0.006499990696578201,1048,1.2936627883037537,False
15210,0.00012404562398050004,20,2.3717296361923217,False
15211,0.0029646904131339505,478,1.2222798863215427,False
15212,0.005823942045884476,939,0.9223633990628016,False
15213,0.0022266189504499753,359,3.046108451726377,False
15214,0.011362579156613803,1832,0.7001621863727486,False
15215,0.003727571000614026,601,1.490320523050978,False
15216,0.0013272881765913503,214,1.2969225266269435,False
15217,0.0020157413896831253,325,1.2713329201478225,False
15218,0.0010419832414362003,168,1.8256986410844893,False
15219,0.0008435102430674002,136,3.1166024400907406,False
15220,0.0014265246757757502,230,2.04642247946366,False
15221,0.0005706098703103001,92,5.47344736430956,False
15222,6.822509318927501e-05,11,14.335622657429088,False
15223,0.05360011412197406,8642,1.1076447889226035,False
15224,6.202281199025002e-05,10,15.280228734016418,False
15225,5.582053079122501e-05,9,2.9056075149112277,False
15226,0.0003597323095434501,58,2.4404501339484908,False
15227,8.062965558732502e-05,13,1.5388891972028291,False
15228,0.00022948440436392506,37,1.4702313075194489,False
15229,0.0033802432534686257,545,1.057733488520351,False
15230,0.003442266065458876,555,1.0972286142744458,False
15231,0.0027662174147651507,446,0.9052422987505994,False
15232,0.005507625704734201,888,1.2170662321485914,False
15233,0.0006450372446986001,104,1.5181023386808543,False
15234,0.0014761429253679504,238,1.7492738050573013,False
15235,0.0026421717907846505,426,0.9551473805602168,False
15236,0.00022948440436392506,37,0.9365894053433392,False
15237,0.0006202281199025002,100,1.8678068327903747,False
15238,0.0006946554942908002,112,3.8350741448146954,False
15239,0.0008373079618683752,135,7.261581431494819,False
15240,0.010829182973497652,1746,1.0696147752654785,False
15241,0.0032810067542842257,529,1.918070782109785,False
15242,0.0018420775161104254,297,1.6098505824503273,False
15243,0.00014885474877660004,24,0.8760777314503988,False
15244,0.003522895721046201,568,0.8853032899574494,False
15245,0.0021956075444548506,354,1.0816159918483368,False
15246,0.0037213687194150007,600,0.7848831542332967,False
15247,0.0013272881765913503,214,1.5381548894900028,False
15248,0.00013024790517952503,21,11.35543770449502,False
15249,0.0014637383629699002,236,1.555683130429963,False
15250,0.0019475162964938504,314,0.8744566531697656,False
15251,0.002778621977163201,448,1.3344690251563276,False
15252,0.0009799604294459501,158,5.427409531194953,False
15253,0.0007442737438830002,120,1.5931673844655354,False
15254,0.0019041003281006755,307,1.3085121619196591,False
15255,0.0007566783062810502,122,6.905154908289675,False
15256,0.0005209916207181001,84,10.833114391281491,False
15257,4.961824959220001e-05,8,2.579533874988556,False
15258,1.8606843597075006e-05,3,0.9564046859741211,False
15259,0.0011288151782225502,182,1.1147390649868891,False
15260,0.006134056105835726,989,1.2176680463630822,False
15261,0.003770986969007201,608,2.8792741459451223,False
15262,0.0012776699269991503,206,12.70297189823632,False
15263,4.961824959220001e-05,8,2.8145932257175446,False
15264,0.0004217551215337001,68,0.9673786952215082,False
15265,0.0019475162964938504,314,0.868102240714298,False
15266,0.02274376515682468,3667,0.7870556321884001,False
15267,0.0049308135532248765,795,2.8148432395743126,False
15268,0.003082533755915426,497,0.9601615852033588,False
15269,0.0020343482332802003,328,2.168848460767327,False
15270,0.00036593459074247506,59,3.557643930790788,False
15271,0.0011102083346254752,179,1.2573701855856614,False
15272,0.0012776699269991503,206,1.1690414611575672,False
15273,0.00021707984196587504,35,4.306620114190238,False
15274,0.00021707984196587504,35,11.561602476664952,False
15275,9.923649918440002e-05,16,1.1970977783203125,False
15276,0.0013272881765913503,214,2.9770218579568595,False
15277,0.004583485806079476,739,0.9616921419058504,False
15278,0.0015443680185572254,249,3.396825108662188,False
15279,0.0019661231400909256,317,1.3767723943156776,False
15280,0.0018854934845036005,304,1.4833340582094694,False
15281,0.004992836365215126,805,1.0869430214721965,False
15282,0.0026979923215758755,435,1.3344219503731563,False
15283,0.0004155528403346751,67,1.267857633419891,False
15284,0.0007628805874800752,123,1.7388809521993,False
15285,0.0026297672283866007,424,9.256270248934907,False
15286,0.0010481855226352253,169,5.031783798742577,False
15287,0.0052595344567732015,848,1.5984454396760688,False
15288,0.005941785388665952,958,1.0239464076924174,False
15289,0.0008993307738586252,145,1.6267274215303618,False
15290,0.003256197629488126,525,0.9257001331874303,False
15291,0.0008931284926596002,144,2.0788335924347243,False
15292,0.004521462994089226,729,0.886098705365007,False
15293,6.202281199025002e-05,10,3.286745619773865,False
15294,0.0004465642463298001,72,1.1289821068445842,False
15295,0.00019227071716977504,31,2.6792344124086442,False
15296,0.0022328212316490006,360,3.2069244934452903,False
15297,0.0023630691368285257,381,1.3819238229060735,False
15298,7.442737438830002e-05,12,2.3539608120918274,False
15299,0.0012218493962079253,197,1.4454125226451662,False
15300,0.0022638326376441253,365,1.2593559287998775,False
15301,0.0006016212763054251,97,1.2253448029154355,False
15302,0.00016746159237367503,27,1.4459662437438965,False
15303,0.00014885474877660004,24,1.3083360344171524,False
15304,0.0033244227226774006,536,0.8202013306653322,False
15305,0.003460872909055951,558,1.7255155779554852,False
15306,0.0020219436708821506,326,2.120393614096144,False
15307,0.0025057216044061005,404,1.3239883290659082,False
15308,0.010760957880308378,1735,0.6454557732134113,False
15309,0.0015939862681494253,257,1.0442003596153704,False
15310,0.0003101140599512501,50,8.504499702453613,False
15311,0.002797228820760276,451,1.699986676683447,False
15312,0.004012875935769176,647,3.97778838624173,False
15313,0.0007442737438830002,120,1.5546767920255662,False
15314,0.005668885015908851,914,1.0613854068374216,False
15315,8.683193678635003e-05,14,1.4088176318577357,False
15316,0.0014761429253679504,238,1.477384481109491,False
15317,0.007374512345640727,1189,0.9161217836294985,False
15318,0.0020901687640714254,337,1.5192814499405087,False
15319,0.0053153549875644265,857,1.166785663039431,False
15320,0.00025429352916002504,41,10.550503221953788,False
15321,0.0016622113613387003,268,5.531762639978039,False
15322,0.008676991397435977,1399,0.6756953041071206,False
15323,0.0015877839869504003,256,1.9254154292866588,False
15324,0.0037213687194150007,600,2.2176776174704234,False
15325,0.00011784334278147503,19,3.109347105026245,False
15326,0.0024933170420080504,402,1.3643812341476553,False
15327,0.003715166438215976,599,1.4758768901602055,False
15328,0.00011164106158245002,18,1.9921200672785442,False
15329,0.0004341596839317501,70,1.9404430389404297,False
15330,0.0034360637842598507,554,0.7605552759411532,False
15331,0.0016870204861348004,272,1.6535675604553783,False
15332,0.0023940805428236504,386,1.281964068585727,False
15333,0.0023010463248382754,371,2.767725326944233,False
15334,0.0009365444610527753,151,2.10869236418743,False
15335,0.023965614553032605,3864,1.1879309868405323,False
15336,0.0018172683913143255,293,1.8219040314898962,False
15337,0.0011102083346254752,179,1.5948535117357137,False
15338,0.0023506645744304755,379,0.756213157346821,False
15339,0.0006264304011015251,101,1.6082664102610975,False
15340,4.341596839317501e-05,7,2.188626936503819,False
15341,0.0022700349188431506,366,1.1400091452676742,False
15342,0.0020777642016733757,335,1.4557494971289564,False
15343,0.00028530493515515004,46,1.2803335267564524,False
15344,0.0023010463248382754,371,1.6718515061303933,False
15345,0.0018916957657026255,305,3.4203424555356383,False
15346,0.0013272881765913503,214,1.7442142138971346,False
15347,0.005761919233894226,929,0.9098234796421392,False
15348,0.0005644075891112751,91,6.227786656264421,False
15349,6.202281199025002e-05,10,2.2465664386749267,False
15350,0.0030701291935173757,495,1.235902482813055,False
15351,0.00015505702997562504,25,2.7881528329849243,False
15352,4.961824959220001e-05,8,11.402279704809189,False
15353,0.0013769064261835503,222,3.447546264609775,False
15354,0.00017366387357270005,28,11.671184931482587,False
15355,0.00019847299836880003,32,2.0413766130805016,False
15356,3.101140599512501e-05,5,0.9235035419464112,False
15357,0.005377377799554676,867,0.8960527983228778,False
15358,0.0024374965112168257,393,1.4717799270426044,False
15359,9.303421798537502e-05,15,16.079477508862812,False
15360,4.961824959220001e-05,8,1.1392959952354431,False
15361,7.442737438830002e-05,12,1.4253673454125722,False
15362,0.0006016212763054251,97,1.1282969405970622,False
15363,0.0015815817057513754,255,1.2814712907753738,False
15364,0.0020095391084841005,324,1.172615659089736,False
15365,0.00013024790517952503,21,2.257047006062099,False
15366,0.0015009520501640503,242,1.6608723766547588,False
15367,0.00039694599673760006,64,2.919326152652502,False
15368,3.721368719415001e-05,6,2.0670141776402793,False
15369,0.0018792912033045754,303,2.3605522971735535,False
15370,8.062965558732502e-05,13,1.872411581186148,False
15371,0.0027538128523671005,444,1.0589159501565468,False
15372,0.0020033368272850756,323,1.3306107074483629,False
15373,0.0014389292381738004,232,1.3679029818238884,False
15374,0.005209916207181001,840,1.1776392952317283,False
15375,0.0018544820785084755,299,1.0832745741840988,False
15376,0.00032251862234930007,52,1.2884983191123376,False
15377,0.0026917900403768506,434,1.22314330949212,False
15378,0.0018172683913143255,293,1.3482350684676967,False
15379,0.006289113135811352,1014,0.8348784456121381,False
15380,0.007163634784873876,1155,1.5408629619713985,False
15381,0.0005954189951064002,96,1.9590512290596962,False
15382,0.004012875935769176,647,0.7261224787975942,False
15383,0.0005644075891112751,91,4.665446522471669,False
15384,0.008627373147843776,1391,5.8054210580055186,False
15385,2.4809124796100004e-05,4,0.751747190952301,False
15386,0.0007256669002859252,117,1.813935764834412,False
15387,0.0021087756076685004,340,1.4425583061049967,False
15388,0.0025305307292022004,408,1.7839608496310664,False
15389,0.0017242341733289504,278,1.2372260582532815,False
15390,0.009681760951678027,1561,1.5612969452719287,False
15391,0.0006326326823005501,102,2.152366231469547,False
15392,0.0038392120621964757,619,1.9101218803633782,False
15393,3.101140599512501e-05,5,1.6498608350753785,False
15394,0.0021087756076685004,340,1.6641497317482443,False
15395,0.010512866632347377,1695,0.8797026327577664,False
15396,0.016739956956168478,2699,0.7978310149967692,False
15397,6.202281199025001e-06,1,0.34480297565460205,False
15398,0.0016374022365426004,264,1.0513350692662327,False
15399,0.00010543878038342502,17,2.283212058684405,False
15400,3.101140599512501e-05,5,1.5131455421447755,False
15401,6.202281199025002e-05,10,1.0081506967544556,False
15402,0.0004155528403346751,67,7.287736325121638,False
15403,7.442737438830002e-05,12,3.6252557833989463,False
15404,0.003677952751021826,593,0.7715451295219022,False
15405,0.0027290037275710007,440,0.8221731535413048,False
15406,0.0017676501417221253,285,4.537178331508971,False
15407,0.003063926912318351,494,1.8524173696031454,False
15408,0.0062518994486172015,1008,1.3146464853059678,False
15409,0.0020281459520811755,327,10.989563070670545,False
15410,0.0022266189504499753,359,6.797420618593859,False
15411,0.00018606843597075004,30,2.736588382720947,False
15412,0.0012776699269991503,206,1.6500301997638442,False
15413,0.0012714676458001253,205,1.3377614521398777,False
15414,0.0003597323095434501,58,6.091413093024287,False
15415,1.2404562398050002e-05,2,0.35957467555999756,False
15416,0.0026297672283866007,424,0.8753463384115471,False
15417,0.0021397870136636256,345,1.498313449776691,False
15418,0.0018482797973094504,298,1.9894115100770988,False
15419,0.0019909322648870255,321,4.336374049617494,False
15420,0.00019847299836880003,32,3.1171784549951553,False
15421,8.062965558732502e-05,13,1.0123105691029475,False
15422,6.202281199025002e-05,10,4.901990675926209,False
15423,0.0013210858953923252,213,1.3211242643320504,False
15424,0.0020467527956782505,330,2.0540402376290525,False
15425,0.0007132623378878751,115,2.18861986450527,False
15426,0.0010233763978391252,165,1.3772268454233805,False
15427,0.007262871284058277,1171,0.7603348834610311,False
15428,0.0006264304011015251,101,2.666880978216039,False
15429,0.0022824394812412004,368,0.7935825780681942,False
15430,0.0022390235128480255,361,2.914558224730875,False
15431,0.0020033368272850756,323,1.7543053110317548,False
15432,0.0005458007455142001,88,2.086774546991695,False
15433,0.39894313128368614,64322,2.1763970482494326,False
15434,0.0019723254212899504,318,1.5273673939255048,False
15435,0.0020343482332802003,328,1.529440866737831,False
15436,0.0029646904131339505,478,0.9675451422336211,False
15437,0.0035166934398471756,567,1.0933243072011904,False
15438,0.06576898983446111,10604,0.9981747098078776,False
15439,0.005650278172311776,911,1.029892101507679,False
15440,0.014649788192097054,2362,0.8764357215564802,False
15441,0.0023010463248382754,371,1.393525351411249,False
15442,0.0005395984643151751,87,1.0072560570705895,False
15443,9.303421798537502e-05,15,2.2619969050089517,False
15444,0.0031569611303037255,509,0.917219409305595,False
15445,0.0026359695095856256,425,1.3389420262505027,False
15446,0.004434631057302876,715,0.9953835537383606,False
15447,0.0035353002834442506,570,1.264686395829184,False
15448,0.0023320577308334005,376,2.4095210249119616,False
15449,0.004006673654570151,646,1.2031098205607742,False
15450,3.101140599512501e-05,5,1.7940804481506347,False
15451,0.0022638326376441253,365,1.5124951561836346,False
15452,0.004899802147229751,790,1.2094651282588138,False
15453,0.0012032425526108503,194,0.9368466255591088,False
15454,0.0018606843597075004,300,1.1237005110581715,False
15455,0.025801489787944006,4160,0.7250232146336482,False
15456,0.0031073428807115258,501,0.8380643959768755,False
15457,0.0004961824959220001,80,2.257870377600193,False
15458,0.0015443680185572254,249,1.0933186471701626,False
15459,0.0017428410169260254,281,1.1097189387392743,False
15460,0.003957055404977951,638,1.0646241038196886,False
15461,0.0019971345460860503,322,2.2190185122608397,False
15462,0.0019475162964938504,314,1.3687308624291876,False
15463,0.007579187625208552,1222,1.268417775338293,False
15464,0.0018172683913143255,293,5.591309166605562,False
15465,0.0016808182049357753,271,2.5087367573347477,False
15466,0.0012280516774069504,198,1.1918423729713516,False
15467,0.0007256669002859252,117,1.624720295270284,False
15468,0.0022452257940470503,362,1.635054531676993,False
15469,5.582053079122501e-05,9,1.1852447854148016,False
15470,0.00025429352916002504,41,0.9564362124698919,False
15471,0.0016994250485328503,274,0.9824923320408285,False
15472,0.0007318691814849501,118,4.290266618890278,False
15473,0.005960392232263027,961,0.6781687136123133,False
15474,0.00024188896676197505,39,1.4089815249809852,False
15475,0.0011350174594215753,183,2.1331715557744593,False
15476,0.0018916957657026255,305,1.1005275882658412,False
15477,0.0019971345460860503,322,0.9856492277257931,False
15478,0.0009675558670479002,156,4.279334031618559,False
15479,0.0006760486506937252,109,2.0773032159980285,False
15480,0.00020467527956782505,33,9.311127193046339,False
15481,0.0022266189504499753,359,1.3303142643240502,False
15482,0.00032251862234930007,52,4.733570777452909,False
15483,0.0022452257940470503,362,2.806276532497195,False
15484,0.0011598265842176752,187,1.8661918079151827,False
15485,0.008155999776717876,1315,1.4745302365306665,False
15486,0.0004589688087278501,74,1.28164135765385,False
15487,0.0008249033994703252,133,1.0259948036724464,False
15488,0.00011164106158245002,18,1.5060815413792927,False
15489,0.0016808182049357753,271,1.29836285686141,False
15490,0.0008000942746742252,129,8.09699818422628,False
15491,0.0054083892055498016,872,2.461202696102475,False
15492,0.0005644075891112751,91,2.215098250043261,False
15493,0.0008745216490625251,141,1.1831147493200098,False
15494,9.923649918440002e-05,16,2.1518843919038773,False
15495,0.00033492318474735006,54,2.4145485295189753,False
15496,6.202281199025002e-05,10,2.7888779640197754,False
15497,0.0019289094528967753,311,1.5945360618388922,False
15498,0.0023878782616246256,385,0.9328869150830553,False
15499,0.0009675558670479002,156,3.495714452022161,False
15500,0.0011970402714118252,193,1.2461771347362143,False
15501,0.0020157413896831253,325,1.7627067954723652,False
15502,0.0031879725362988507,514,0.9571163960467981,False
15503,0.0025491375727992754,411,1.4565153333682503,False
15504,0.0016436045177416253,265,1.4475999382306945,False
15505,3.721368719415001e-05,6,8.53192905584971,False
15506,0.0005520030267132251,89,1.8221099778507532,False
15507,0.0036469413450267007,588,1.1493058743930997,False
15508,0.0017862569853192003,288,1.1004217904475,False
15509,0.0016249976741445503,262,1.649088263966655,False
15510,0.0031755679739008005,512,4.719011643435806,False
15511,0.002722801446371976,439,1.5464283173611062,False
15512,0.0009365444610527753,151,1.5530897181555134,False
15513,0.0022328212316490006,360,1.8327269540892708,False
15514,0.0013024790517952502,210,3.194247940608433,False
15515,0.0010916014910284002,176,6.93804130974141,False
15516,0.005954189951064001,960,1.7635289559761682,False
15517,0.0023134508872363255,373,1.0216343965351422,False
15518,0.0006264304011015251,101,10.251869130842756,False
15519,0.007138825660077777,1151,0.8704856504677276,False
15520,0.0032996135978813007,532,1.590255765314389,False
15521,0.005780526077491301,932,0.7839389768281209,False
15522,0.0007442737438830002,120,1.0248444457848866,False
15523,0.0021459892948626504,346,2.4332789795936187,False
15524,0.0007318691814849501,118,1.7545187877396407,False
15525,6.822509318927501e-05,11,3.8494083231145684,False
15526,0.0020405505144792256,329,1.8063161844178173,False
15527,0.00012404562398050004,20,16.516748046875,False
15528,4.961824959220001e-05,8,2.640521079301834,False
15529,0.006425563322189901,1036,1.1449638757006082,False
15530,0.0019103026092997003,308,1.1597631198245208,False
15531,0.0035725139706384006,576,3.6929529311342373,False
15532,0.038212254467193035,6161,1.002539133332879,False
15533,0.0025615421351973255,413,1.2075666382584098,False
15534,0.004291978589725301,692,1.3745763071010568,False
15535,0.0013396927389894002,216,0.9866525674307788,False
15536,0.004180337528142851,674,0.8493447933423413,False
15537,0.0006264304011015251,101,0.9189973326012639,False
15538,0.00010543878038342502,17,5.092857725480023,False
15539,0.004062494185361376,655,1.001826974271818,False
15540,0.0025367330104012257,409,2.2667248616300175,False
15541,0.0007938919934752001,128,2.0381742799654603,False
15542,0.0013520973013874504,218,1.1572719856139717,False
15543,0.03343649794394378,5391,0.8817824596952716,False
15544,0.0031073428807115258,501,1.8118928806510515,False
15545,0.011908379902128003,1920,4.232127464438478,False
15546,0.004540069837686301,732,0.9540625426287208,False
15547,0.007715637811587101,1244,0.9530285344821464,False
15548,0.004564878962482401,736,1.4095788345388744,False
15549,0.0019537185776928754,315,1.3729069327551222,False
15550,0.0006574418070966502,106,1.9108989598616115,False
15551,0.004192742090540901,676,0.9830361541206315,False
15552,0.0009737581482469252,157,8.016421302109007,False
15553,0.003256197629488126,525,1.1193791875385102,False
15554,0.0012342539586059752,199,4.521082033464058,False
15555,0.0011846357090137753,191,5.015100129611829,False
15556,6.202281199025001e-06,1,0.545140266418457,False
15557,0.0004403619651307751,71,6.107024567227968,False
15558,0.0004713733711259001,76,4.038148991371456,False
15559,0.0007814874310771502,126,1.329321308741494,False
15560,0.003101140599512501,500,0.7753748421669007,False
15561,0.0027662174147651507,446,1.8205442514120196,False
15562,0.006704665976146026,1081,0.990355729836209,False
15563,0.0008435102430674002,136,0.9177651186199749,False
15564,0.0015691771433533252,253,1.6257042583269563,False
15565,0.005966594513462051,962,0.8233298501948557,False
15566,0.0011164106158245003,180,0.9974022640122308,False
15567,0.0002666980915580751,43,9.21132375195969,False
15568,0.004310585433322376,695,1.0138020453693197,False
15569,4.341596839317501e-05,7,2.261773909841265,False
15570,0.0004341596839317501,70,7.9077711650303435,False
15571,0.0034732774714540007,560,1.0675790746297156,False
15572,0.0019289094528967753,311,2.7844943869918874,False
15573,0.002970892694332976,479,1.7170281878095082,False
15574,0.003367838691070576,543,1.2228481769561768,False
15575,0.010072504667216603,1624,0.6948519951017033,False
15576,7.442737438830002e-05,12,1.9034908811251323,False
15577,0.004081101028958451,658,1.1772321924612514,False
15578,0.00016125931117465003,26,2.1357420774606557,False
15579,0.0012032425526108503,194,1.3096068581354987,False
15580,0.0005085870583200501,82,9.657704338794801,False
15581,0.0010791969286303503,174,1.782420994221479,False
15582,0.0019723254212899504,318,1.8582965952795256,False
15583,0.004651710899268751,750,0.8588431464831034,False
15584,0.0012342539586059752,199,1.185225776092491,False
15585,0.004825374772841451,778,1.113375168533129,False
15586,0.0021770007008577756,351,1.6598241648443064,False
15587,0.0005023847771210251,81,2.3029998702767456,False
15588,0.0015567725809552753,251,1.1092761636255273,False
15589,0.0005582053079122502,90,1.7304269631703695,False
15590,0.003957055404977951,638,0.9174032697109593,False
15591,0.0015133566125621004,244,1.124351495602092,False
15592,0.0005023847771210251,81,3.49895958252895,False
15593,3.101140599512501e-05,5,1.7468318700790406,False
15594,0.0020963710452704507,338,1.3680979704715797,False
15595,0.0008124988370722751,131,1.140772961478197,False
15596,0.0003287209035483251,53,2.3463675211060724,False
15597,1.2404562398050002e-05,2,1.6201590299606323,False
15598,0.0009241398986547252,149,5.593290342580552,False
15599,0.0013086813329942753,211,1.2777613282768647,False
15600,0.0016622113613387003,268,1.8343107095405238,False
15601,0.0006078235575044501,98,3.845447136431324,False
15602,0.0008000942746742252,129,2.06246579340262,False
15603,0.0004031482779366251,65,6.614506794856145,False
15604,0.0010791969286303503,174,1.2230816709584202,False
15605,8.683193678635003e-05,14,4.635962690625872,False
15606,0.00021087756076685005,34,1.3498558437123018,False
15607,0.0024933170420080504,402,2.1353500962850465,False
15608,0.00020467527956782505,33,0.708184484279517,False
15609,0.004657913180467776,751,0.9040145518459112,False
15610,0.004428428776103851,714,0.9110347256273115,False
15611,0.00010543878038342502,17,3.2401374788845287,False
15612,0.0012280516774069504,198,1.2636371856988078,False
15613,0.0015815817057513754,255,4.219655312743842,False
15614,0.004081101028958451,658,1.7604055933676954,False
15615,0.0005768121515093252,93,0.9591041482904906,False
15616,0.0036655481886237757,591,1.3372267823533963,False
15617,0.05613064485117626,9050,7.98024615369449,False
15618,0.0021025733264694755,339,2.0729362201550012,False
15619,0.0005706098703103001,92,1.3310875996299412,False
15620,0.0022328212316490006,360,1.2067566249105666,False
15621,0.010146932041604903,1636,1.1401380454998435,False
15622,0.0049122067096278015,792,0.6428794237700376,False
15623,0.0016001885493484504,258,1.3281929354334987,False
15624,0.008521934367460352,1374,0.8058715276148989,False
15625,0.0019351117340958004,312,4.0882002130532875,False
15626,0.0029026676011437006,468,2.1483184094102974,False
15627,7.442737438830002e-05,12,1.5399550199508667,False
15628,0.00026049581035905006,42,1.7278904517491658,False
15629,0.0023134508872363255,373,1.679923465999777,False
15630,0.004422226494904826,713,1.4522584390840891,False
15631,0.0018358752349114005,296,1.3998767693300505,False
15632,0.0021211801700665505,342,1.4072316163464595,False
15633,0.0009489490234508252,153,1.317256834771898,False
15634,0.0024188896676197507,390,0.9533752368046687,False
15635,0.0002480912479610001,40,10.81350553035736,False
15636,0.0006140258387034752,99,6.1363676798464075,False
15637,0.0026483740719836757,427,1.760682117185213,False
15638,0.02068460779874838,3335,1.56234624911284,False
15639,0.0015319634561591754,247,2.6821200601485096,False
15640,0.012931756299967128,2085,0.6616437358536023,False
15641,0.00026049581035905006,42,0.9047536282312303,False
15642,0.0003721368719415001,60,1.1091858784357707,False
15643,0.0014203223945767254,229,0.9815834255718248,False
15644,0.0016560090801396754,267,1.2346099449900652,False
15645,8.062965558732502e-05,13,1.7355132286365216,False
15646,0.0010543878038342502,170,1.8488425310920267,False
15647,0.00014885474877660004,24,1.886218786239624,False
15648,0.0010419832414362003,168,1.0549327461492448,False
15649,0.004440833338501901,716,1.627311382879758,False
15650,0.0024747101984109753,399,1.3140280181005186,False
15651,0.00013024790517952503,21,2.1258260125205632,False
15652,0.00022328212316490004,36,10.474776880608665,False
15653,5.582053079122501e-05,9,3.162752628326416,False
15654,0.013551984419869628,2185,0.8286094883759453,False
15655,0.0012280516774069504,198,10.312042512074866,False
15656,0.0026917900403768506,434,0.821275445173413,False
15657,0.005637873609913726,909,0.9907601357030921,False
15658,0.00031631634115027505,51,7.304592945996453,False
15659,0.0022452257940470503,362,1.7914726128235707,False
15660,0.00020467527956782505,33,12.319734786496017,False
15661,0.0006326326823005501,102,7.450511552539527,False
15662,0.004130719278550651,666,1.0870937223549004,False
15663,0.0027352060087700255,441,0.8950263810536218,False
15664,0.0010357809602371752,167,2.7219917203137975,False
15665,0.0032872090354832506,530,1.5432210422911734,False
15666,0.0009675558670479002,156,1.9990634872363164,False
15667,0.00022948440436392506,37,12.187892494974909,False
15668,0.0002791026539561251,45,11.047125238842435,False
15669,0.0006388349634995752,103,5.2658404563237164,False
15670,0.00016125931117465003,26,1.2095371255507836,False
15671,0.010562484881939577,1703,0.9449375174147762,False
15672,0.00013645018637855003,22,2.679617860100486,False
15673,0.0020467527956782505,330,1.749282787062905,False
15674,0.003442266065458876,555,1.2583759978010847,False
15675,0.0021273824512655754,343,2.3058844001925722,False
15676,0.004670317742865826,753,0.9738751499459721,False
15677,0.0031073428807115258,501,0.8580391725856149,False
15678,0.003677952751021826,593,1.876153884006391,False
15679,0.0019599208588919003,316,1.2926943588860427,False
15680,0.008652182272639877,1395,3.0917018360561794,False
15681,0.003467075190254976,559,1.2084611995488885,False
15682,0.0013769064261835503,222,1.3380542939847655,False
15683,0.0005582053079122502,90,1.2415393590927124,False
15684,1.2404562398050002e-05,2,0.6215833425521851,False
15685,5.582053079122501e-05,9,2.1313144498401217,False
15686,0.0014699406441689253,237,1.0669591527447921,False
15687,0.0025491375727992754,411,1.6908843030024618,False
15688,0.0048749930224336515,786,0.9562418272780402,False
15689,0.032456537514497834,5233,0.6638359322776627,False
15690,0.0021397870136636256,345,1.5401953286018923,False
15691,0.0006946554942908002,112,1.6925573221274786,False
15692,0.0018358752349114005,296,1.7940752812334009,False
15693,0.00018606843597075004,30,8.999820196628571,False
15694,0.0033616364098715506,542,1.241504445727021,False
15695,0.0021397870136636256,345,1.4748483547265978,False
15696,0.0060844378562435264,981,0.6084531390095826,False
15697,0.0027910265395612506,450,0.8314495759540134,False
15698,0.0016932227673338255,273,7.74513191093892,False
15699,0.0012838722081981752,207,4.304819351233146,False
15700,0.00012404562398050004,20,1.5895691633224487,False
15701,0.0025553398539983007,412,1.7376499653441235,False
15702,0.008993307738586252,1450,0.8590583620400264,False
15703,0.0029212744447407756,471,0.9068388199856833,False
15704,0.012323932742462677,1987,0.8832032689510666,False
15705,0.0005209916207181001,84,1.1987586177530742,False
15706,0.0003597323095434501,58,10.38899921959844,False
15707,3.101140599512501e-05,5,2.0741847276687624,False
15708,0.018395966036308154,2966,0.5714558969859087,False
15709,0.0019041003281006755,307,1.669842382983975,False
15710,0.010674125943522027,1721,0.7774803819938984,False
15711,9.923649918440002e-05,16,10.488498970866203,False
15712,0.0006946554942908002,112,2.657026125916413,False
15713,0.0006450372446986001,104,7.481702182155389,False
15714,0.0010109718354410753,163,1.1399420616816889,False
15715,0.0007194646190869002,116,9.701183967549225,False
15716,0.0019909322648870255,321,3.1671360823967003,False
15717,0.0012776699269991503,206,0.9166914681786472,False
15718,0.0020901687640714254,337,1.5533554200248831,False
15719,0.0016498067989406504,266,0.8249101181675617,False
15720,0.00013645018637855003,22,1.6301513747735457,False
15721,0.004949420396821951,798,1.2073530684736438,False
15722,0.005445602892743952,878,1.1101662292567365,False
15723,0.0008621170866644752,139,3.9612494338330606,False
15724,0.00020467527956782505,33,1.8809336387749873,False
15725,0.0007938919934752001,128,2.4796612514182925,False
15726,0.0006078235575044501,98,1.0059769348222383,False
15727,0.0015009520501640503,242,6.795857573836303,False
15728,0.0023382600120324254,377,1.8874381189321017,False
15729,0.0018668866409065254,301,1.1512585054600357,False
15730,0.002797228820760276,451,1.098933412336193,False
15731,0.0020591573580763006,332,1.0869469391294273,False
15732,0.0008621170866644752,139,1.2125651278941751,False
15733,0.0019847299836880006,320,1.4555415652692318,False
15734,6.822509318927501e-05,11,1.0800192139365457,False
15735,0.00013024790517952503,21,2.3275827453249978,False
15736,0.0006140258387034752,99,1.4580498741130636,False
15737,0.002989499537930051,482,1.082132808895032,False
15738,0.0007070600566888501,114,1.3049947378928202,False
15739,0.0021521915760616753,347,1.5793977731930076,False
15740,0.0023816759804256007,384,1.6887010848149657,False
15741,0.0012032425526108503,194,2.0567707573015666,False
15742,0.00039694599673760006,64,1.2037659548223019,False
15743,4.961824959220001e-05,8,4.601017445325851,False
15744,0.0019661231400909256,317,1.0867977082165259,False
15745,0.0021832029820568004,352,3.926072373986244,False
15746,0.00020467527956782505,33,1.3186550104256831,False
15747,0.0004775756523249251,77,2.237783902651304,False
15748,0.0018916957657026255,305,1.6019591628528032,False
15749,0.00017986615477172505,29,1.855815394171353,False
15750,0.006766688788136277,1091,3.4029059166431863,False
15751,8.683193678635003e-05,14,0.815133775983538,False
15752,0.0007008577754898252,113,3.643878004192251,False
15753,0.0017490432981250503,282,1.6153492517505132,False
15754,0.0017056273297318754,275,1.0816061345013706,False
15755,0.003181770255099826,513,2.0522132742474652,False
15756,0.0022638326376441253,365,0.9756770761045691,False
15757,0.0016063908305474753,259,1.4393272068509724,False
15758,0.0011226128970235252,181,2.5585459358784375,False
15759,0.0005768121515093252,93,5.675595703945365,False
15760,0.0005706098703103001,92,6.069916484148606,False
15761,4.341596839317501e-05,7,1.8790778943470545,False
15762,0.0021894052632558253,353,3.0215605203558296,False
15763,0.0026111603847895257,421,0.8118255483849315,False
15764,0.0014327269569747753,231,1.299519141515096,False
15765,0.0018048638289162753,291,2.262969419718608,False
15766,0.0035166934398471756,567,0.8884330720918309,False
15767,0.0013955132697806253,225,1.5397290494706897,False
15768,0.00013645018637855003,22,3.3342028097672896,False
15769,0.00011784334278147503,19,2.93799983200274,False
15770,0.020331077770403955,3278,1.1463309439891283,False
15771,0.0010978037722274253,177,1.077709154220624,False
15772,0.010457046101556152,1686,0.9094813647784938,False
15773,0.005395984643151751,870,2.328252375810996,False
15774,0.003312018160279351,534,0.9423557464103127,False
15775,0.0008745216490625251,141,1.8203975308871438,False
15776,0.004626901774472651,746,1.03431792361487,False
15777,0.040023320577308334,6453,0.6997485749761799,False
15778,4.341596839317501e-05,7,4.361644881112235,False
15779,0.0018172683913143255,293,1.674392082178552,False
15780,0.0005458007455142001,88,1.8435750116001477,False
15781,0.0022638326376441253,365,1.626288364684745,False
15782,0.007386916908038776,1191,0.6770558186081855,False
15783,0.0021273824512655754,343,0.8596208512609276,False
15784,0.0018358752349114005,296,7.800600345875766,False
15785,0.006506192977777226,1049,0.9062168832275275,False
15786,0.0018358752349114005,296,1.3994382873580262,False
15787,0.00011164106158245002,18,1.6372155745824177,False
15788,0.0016560090801396754,267,1.3411961584055467,False
15789,0.0004155528403346751,67,1.7123266333964333,False
15790,2.4809124796100004e-05,4,4.590390503406525,False
15791,0.003622132220230601,584,1.9149922169234654,False
15792,0.0013272881765913503,214,1.4032438547811776,False
15793,0.0003721368719415001,60,2.1992708603541056,False
15794,0.0022762372000421755,367,1.0337957244478064,False
15795,0.006115449262238651,986,0.9802118909770045,False
15796,0.01708728470331388,2755,0.6029949541316924,False
15797,0.0020095391084841005,324,1.3486857171411868,False
15798,0.0018544820785084755,299,1.3885429088885968,False
15799,0.0035539071270413256,573,1.5173403642564545,False
15800,0.0057371101090981265,925,1.0646966274364575,False
15801,0.00014885474877660004,24,7.3639457275470095,False
15802,0.0011970402714118252,193,1.2633622223849124,False
15803,0.00022948440436392506,37,2.1856624113546834,False
15804,0.00025429352916002504,41,1.107189219172408,False
15805,0.005116881989195626,825,1.9999845695495606,False
15806,0.003789593812604276,611,1.3932753896947383,False
15807,0.0016932227673338255,273,3.9210194043624096,False
15808,0.0007194646190869002,116,12.209848530333618,False
15809,0.0024685079172119505,398,2.1165720374140906,False
15810,0.0004775756523249251,77,12.28853933068065,False
15811,7.442737438830002e-05,12,0.9323382178942362,False
15812,0.0020839664828724005,336,1.5309532788537799,False
15813,0.0019599208588919003,316,1.0555110739756235,False
15814,0.0004031482779366251,65,7.911419059680059,False
15815,3.101140599512501e-05,5,3.4932493209838866,False
15816,0.0014885474877660003,240,6.00175839116176,False
15817,0.0024436987924158506,394,1.3695254682889444,False
15818,4.961824959220001e-05,8,2.122057467699051,False
15819,0.0019909322648870255,321,1.4178982861688203,False
15820,2.4809124796100004e-05,4,1.5707526206970215,False
15821,9.923649918440002e-05,16,14.126550391316414,False
15822,8.062965558732502e-05,13,12.851698013452383,False
15823,0.0015567725809552753,251,1.4027035079629298,False
15824,0.0009427467422518002,152,1.6383173340245296,False
15825,0.0023196531684353504,374,1.9015182941992652,False
15826,0.0006822509318927502,110,4.200334606387399,False
15827,6.822509318927501e-05,11,1.0034065246582031,False
15828,0.0007566783062810502,122,2.7869868962491147,False
15829,3.721368719415001e-05,6,1.493214766184489,False
15830,0.0021149778888675257,341,4.649381311058648,False
15831,1.2404562398050002e-05,2,4.358219504356384,False
15832,0.0025863512599934254,417,1.0017111787407234,False
15833,0.0023258554496343757,375,1.195638033548991,False
15834,0.00019847299836880003,32,9.544612243771553,False
15835,0.0007814874310771502,126,10.274824990166557,False
15836,0.00012404562398050004,20,12.669722551107407,False
15837,6.822509318927501e-05,11,1.446399363604459,False
15838,0.004397417370108726,709,4.55923209304702,False
15839,0.00033492318474735006,54,2.108957846959432,False
15840,0.007194646190869002,1160,0.8340310618795198,False
15841,0.0007442737438830002,120,1.7654527018467585,False
15842,0.026719427405399707,4308,1.3819031498447656,False
15843,0.0027476105711680757,443,3.2013554223234983,False
15844,0.0008435102430674002,136,3.9130626987008488,False
15845,0.0003783391531405251,61,1.0536476530012537,False
15846,9.303421798537502e-05,15,2.2966227372487387,False
15847,0.0022700349188431506,366,1.548869441115791,False
15848,0.0025925535411924507,418,1.991411084193362,False
15849,0.0003597323095434501,58,2.1912564779150077,False
15850,0.0013893109885816004,224,8.634078230708838,False
15851,0.0021583938572607006,348,5.317816074894763,False
15852,0.035030484212093205,5648,5.912315182155658,False
15853,0.00019227071716977504,31,1.16287568307692,False
15854,0.005098275145598551,822,1.4205087565447583,False
15855,0.014352078694543854,2314,0.8186788319923183,False
15856,6.202281199025001e-06,1,0.8280577659606934,False
15857,0.0022514280752460756,363,1.372349293107172,False
15858,0.030999001432726957,4998,0.6508340824122618,False
15859,0.0019103026092997003,308,1.8664294899284066,False
15860,0.012578226271622703,2028,0.6072267752427322,False
15861,0.0006202281199025002,100,7.533150639533996,False
15862,0.008782430177819402,1416,0.6701794779401714,False
15863,0.0071140165352816765,1147,0.8959318435805304,False
15864,5.582053079122501e-05,9,3.288297070397271,False
15865,0.0004031482779366251,65,6.784842124352088,False
15866,0.0007318691814849501,118,6.4782188464019255,False
15867,0.006338731385403551,1022,1.1520081807489264,False
15868,0.0013707041449845254,221,1.181065644613758,False
15869,0.0003287209035483251,53,1.2703192796347276,False
15870,0.0010667923662323003,172,1.6534452757170035,False
15871,0.0011102083346254752,179,4.584319859909612,False
15872,0.004378810526511651,706,1.3091393639953548,False
15873,0.004670317742865826,753,1.663846269863377,False
15874,0.0696330110214537,11227,1.2354570679134982,False
15875,0.0009985672730430252,161,0.9760236732708001,False
15876,0.0007256669002859252,117,1.3739867302087636,False
15877,0.0026111603847895257,421,3.0068074909355182,False
15878,0.0011040060534264502,178,0.9864711547165774,False
15879,0.0004403619651307751,71,6.4921342621386895,False
15880,0.008912678082998927,1437,1.4298837671034355,False
15881,0.003764784687808176,607,1.3596167521186087,False
15882,0.0025615421351973255,413,1.4569667367034616,False
15883,0.0025677444163963504,414,1.2441258894072638,False
15884,0.007715637811587101,1244,0.8491272918664374,False
15885,1.8606843597075006e-05,3,8.28076684474945,False
15886,0.0003287209035483251,53,7.407322377528784,False
15887,0.009483287953309227,1529,0.7634626379817666,False
15888,0.0023506645744304755,379,1.5579668912535292,False
15889,0.007597794468805627,1225,0.7606259925997987,False
15890,0.0006946554942908002,112,1.4964841827750206,False
15891,0.0009799604294459501,158,1.0280593799639353,False
15892,0.0022390235128480255,361,1.841575646004188,False
15893,0.0026235649471875754,423,1.516973993175137,False
15894,8.683193678635003e-05,14,1.0265630568776811,False
15895,0.0020963710452704507,338,1.1614706442200926,False
15896,0.006369742791398676,1027,2.4341095557115326,False
15897,0.0023692714180275506,382,1.1461695314077807,False
15898,0.005290545862768326,853,1.441172166837757,False
15899,0.0011598265842176752,187,1.8937428176084303,False
15900,0.00011784334278147503,19,3.5361774218709847,False
15901,6.202281199025002e-05,10,2.670754241943359,False
15902,0.00021087756076685005,34,2.2500797755577984,False
15903,7.442737438830002e-05,12,2.4035631318887076,False
15904,0.24627397956968572,39707,2.2678773044041747,False
15905,0.00030391177875222506,49,1.9527211140613168,False
15906,0.0005458007455142001,88,1.0795758705247531,False
15907,0.0032810067542842257,529,1.28670177432675,False
15908,0.00014885474877660004,24,1.041156028707822,False
15909,0.00014265246757757502,23,1.0082382015559985,False
15910,0.005482816579938102,884,0.8739597549265866,False
15911,0.0021770007008577756,351,1.257511272050037,False
15912,0.0019785277024889753,319,1.6712334096244883,False
15913,0.005637873609913726,909,1.0386579125890112,False
15914,0.0004093505591356501,66,1.781146688894792,False
15915,0.0006264304011015251,101,7.883127501695463,False
15916,0.008968498613790152,1446,1.0968828412342204,False
15917,0.0014203223945767254,229,1.4382484802512623,False
15918,0.0008435102430674002,136,1.9870750921614029,False
15919,0.0007442737438830002,120,0.8911849757035574,False
15920,0.010035290980022453,1618,7.90011141496182,False
15921,0.020039570554049778,3231,0.7693061450803587,False
15922,0.0029770949755320007,480,1.0897535940011343,False
15923,0.010140729760405877,1635,0.8410820999641302,False
15924,0.018061042851560804,2912,0.7650887756557255,False
15925,0.0018482797973094504,298,1.813924308591241,False
15926,9.923649918440002e-05,16,1.8738640397787094,False
15927,0.0025801489787944006,416,2.6266984048371134,False
15928,0.0006326326823005501,102,1.222509643610786,False
15929,0.0018296729537123754,295,1.1614277475971286,False
15930,9.303421798537502e-05,15,1.6996366818745932,False
15931,0.0011226128970235252,181,1.1138394814169867,False
15932,0.004403619651307751,710,1.3387842238788874,False
15933,0.0010109718354410753,163,1.2070918814536253,False
15934,0.0038019983750023256,613,0.7950072685229254,False
15935,0.0031507588491047006,508,3.3293600331141255,False
15936,0.0018668866409065254,301,1.2394815802178114,False
15937,0.0022390235128480255,361,1.328699271434562,False
15938,0.0017180318921299253,277,1.2661236985065447,False
15939,0.0004527665275288251,73,6.626882051768368,False
15940,0.0023568668556295004,380,2.6126698854722474,False
15941,8.062965558732502e-05,13,3.0946066196148214,False
15942,0.0021025733264694755,339,3.0970509530520367,False
15943,0.0010233763978391252,165,0.9850968613769069,False
15944,0.0008000942746742252,129,0.988715786342473,False
15945,0.0003783391531405251,61,1.8614905310458825,False
15946,0.0026235649471875754,423,1.4243360616918432,False
15947,0.00022328212316490004,36,2.3546286357773676,False
15948,0.00026049581035905006,42,1.207666888123467,False
15949,0.0016249976741445503,262,1.0021334768251609,False
15950,0.0006326326823005501,102,7.064760399799721,False
15951,0.004620699493273626,745,1.2454221840672846,False
15952,0.0021645961384597254,349,0.9005447404090859,False
15953,0.0061030446998406014,984,1.2578168249711759,False
15954,0.00014265246757757502,23,2.469109830649003,False
15955,0.004291978589725301,692,1.3212051484626153,False
15956,0.0009365444610527753,151,4.308675542572476,False
15957,0.0024064851052217006,388,1.6698683598606856,False
15958,0.0015753794245523503,254,0.97834343703713,False
15959,0.0008124988370722751,131,5.43746035699626,False
15960,0.0013272881765913503,214,0.8962147486544101,False
15961,0.0026111603847895257,421,2.2005004395781675,False
15962,0.0025677444163963504,414,1.9161032349015203,False
15963,0.007176039347271927,1157,0.9196618981884798,False
15964,0.0023196531684353504,374,1.4696948247797348,False
15965,0.00026049581035905006,42,7.493799913497198,False
15966,0.0008435102430674002,136,1.99071503386778,False
15967,0.0022514280752460756,363,1.659979766065424,False
15968,0.0019971345460860503,322,10.192380140286796,False
15969,0.0062518994486172015,1008,1.87029434243838,False
15970,0.0023258554496343757,375,1.7088202540079753,False
15971,8.062965558732502e-05,13,0.8707661903821505,False
15972,0.002778621977163201,448,1.579879114670413,False
15973,0.0023320577308334005,376,3.1208147013441043,False
15974,0.04029622095006544,6497,0.6953299688122282,False
15975,0.0024126873864207254,389,1.5590698985636693,False
15976,0.0018854934845036005,304,2.3364936070222604,False
15977,0.0007194646190869002,116,1.8934935865731075,False
15978,0.005637873609913726,909,0.7930268590862077,False
15979,0.0008621170866644752,139,7.81629471298602,False
15980,0.0020963710452704507,338,0.9704258611216348,False
15981,0.0016746159237367505,270,1.474207052478084,False
15982,0.0007380714626839752,119,6.14107103307708,False
15983,0.0014699406441689253,237,4.6935111626291075,False
15984,0.0011412197406206002,184,1.8833014433798583,False
15985,0.00028530493515515004,46,3.2045066097508306,False
15986,0.0017800547041201755,287,1.1894747413409297,False
15987,0.0020405505144792256,329,1.5969968639246237,False
15988,0.0005954189951064002,96,17.049992710351944,False
15989,0.006568215789767477,1059,0.8716066376683395,False
15990,0.0005271939019171251,85,1.1868664082358866,False
15991,0.0014327269569747753,231,1.5444585255214147,False
15992,9.303421798537502e-05,15,1.5676647345225017,False
15993,0.0011536243030186503,186,5.714536751470258,False
15994,0.00026049581035905006,42,2.528923701672327,False
15995,0.0004465642463298001,72,2.1629179318745932,False
15996,0.0019103026092997003,308,2.0358956967081343,False
15997,0.009309624079736527,1501,1.9037692345117903,False
15998,0.0010605900850332753,171,1.6499772399489643,False
15999,0.004812970210443401,776,1.083805925452832,False
16000,0.00018606843597075004,30,2.2755332509676616,False
16001,0.013657423200253054,2202,0.946494751253743,False
16002,0.0031941748174978755,515,3.214890496707657,False
16003,0.0020777642016733757,335,0.9979892602607385,False
16004,0.0018110661101153004,292,8.43185110859675,False
16005,0.0032810067542842257,529,1.2896148293140028,False
16006,0.0017800547041201755,287,1.618892276328615,False
16007,0.005247129894375151,846,0.7919513142137099,False
16008,0.0003907437155385751,63,3.733108878135681,False
16009,0.0033058158790803256,533,0.8528190010260462,False
16010,0.04858246863196283,7833,9.697193689262914,False
16011,0.003671750469822801,592,0.7660489211211333,False
16012,0.007448939720029027,1201,1.297426316859224,False
16013,0.007287680408854377,1175,1.3066047496998563,False
16014,0.0014451315193728252,233,1.4513734062342174,False
16015,0.0033368272850754508,538,1.072917620045545,False
16016,0.0037771892502062258,609,1.5897064005408577,False
16017,0.0031383542867066505,506,1.1995176109871846,False
16018,0.003814402937400376,615,2.790005237687894,False
16019,0.0020281459520811755,327,1.1817709364293183,False
16020,0.0034794797526530256,561,1.384616768508884,False
16021,0.0037027618758179257,597,1.8050420485948597,False
16022,0.005582053079122501,900,0.785661449432373,False
16023,0.0038392120621964757,619,2.332473752186641,False
16024,0.0024374965112168257,393,3.184185692978876,False
16025,0.00020467527956782505,33,1.3960892792904016,False
16026,0.004068696466560401,656,1.013197776747913,False
16027,0.0026669809155807508,430,1.2714079407758492,False
16028,0.008602564023047677,1387,1.8624398517539884,False
16029,0.009464681109712152,1526,0.9826052304489116,False
16030,0.0019537185776928754,315,1.1256916666787768,False
16031,0.0018358752349114005,296,4.115807219131573,False
16032,0.003727571000614026,601,1.6985789329160668,False
16033,0.0013645018637855003,220,1.1940586664459922,False
16034,0.0007380714626839752,119,1.4880771156118697,False
16035,0.0007504760250820251,121,1.7887872989512672,False
16036,0.0015009520501640503,242,1.4416747191720758,False
16037,0.0005147893395190752,83,0.7894671465977129,False
16038,0.0022824394812412004,368,4.113308426802573,False
16039,0.0023506645744304755,379,2.0431961208031484,False
16040,0.0003845414343395501,62,1.9089641148044216,False
16041,0.0017366387357270004,280,2.54950584088053,False
16042,0.002741408289969051,442,1.032297651152805,False
16043,0.0017180318921299253,277,1.539827298601612,False
16044,0.0008993307738586252,145,1.2205279144747503,False
16045,0.0019661231400909256,317,2.0691321787397943,False
16046,0.004074898747759426,657,1.4861064145917036,False
16047,0.009086341956571627,1465,0.9117724395856108,False
16048,5.582053079122501e-05,9,3.029134432474772,False
16049,0.0020095391084841005,324,0.9010668963561823,False
16050,2.4809124796100004e-05,4,1.1310384273529053,False
16051,0.006896936693315802,1112,0.6797538060936139,False
16052,0.0018048638289162753,291,1.9407702934291355,False
16053,0.0012094448338098754,195,2.1893252250475763,False
16054,0.003677952751021826,593,1.2267960504978945,False
16055,0.0013582995825864753,219,3.815359950065613,False
16056,0.0010667923662323003,172,5.8190364130707675,False
16057,0.005668885015908851,914,0.8669749876602474,False
16058,0.0017490432981250503,282,2.452581909108669,False
16059,0.0004837779335239501,78,2.1808849970499673,False
16060,0.004186539809341876,675,1.3534813778488723,False
16061,0.0025057216044061005,404,1.725992581336805,False
16062,0.0015939862681494253,257,2.6159763892800894,False
16063,0.0009055330550576502,146,1.223872330090771,False
16064,0.0004961824959220001,80,1.1645621433854103,False
16065,0.007306287252451452,1178,1.1261674050361878,False
16066,0.006872127568519701,1108,1.1299211367803361,False
16067,0.0024064851052217006,388,1.5081191554511946,False
16068,0.005910773982670826,953,1.0005003270172248,False
16069,1.2404562398050002e-05,2,6.8682780265808105,False
16070,0.0021397870136636256,345,1.6374755189038706,False
16071,0.06099943559241089,9835,0.9758430329687897,False
16072,2.4809124796100004e-05,4,2.7266452312469482,False
16073,0.0008311056806693502,134,1.3578586311482672,False
16074,0.0023816759804256007,384,1.7376900172481935,False
16075,0.0009241398986547252,149,1.536514757463596,False
16076,0.0030143086627261507,486,0.9837168891734056,False
16077,0.0027724196959641755,447,1.4650435570369098,False
16078,0.00021087756076685005,34,6.749886723125682,False
16079,0.0016436045177416253,265,1.5472256979852352,False
16080,0.0027103968839739256,437,2.1114282722604085,False
16081,0.003330625003876426,537,0.8427494029537037,False
16082,0.0024250919488187756,391,1.4340895859481733,False
16083,0.0010295786790381503,166,6.236757884542626,False
16084,0.0013955132697806253,225,1.2976671907636854,False
16085,0.00021707984196587504,35,2.0151833738599505,False
16086,1.8606843597075006e-05,3,0.3633126417795817,False
16087,0.0004155528403346751,67,6.125669217821377,False
16088,0.0008497125242664252,137,1.5471116974405998,False
16089,0.0010357809602371752,167,0.939575257415543,False
16090,0.0006884532130917751,111,1.686171041952597,False
16091,0.01979147930608878,3191,0.9011639316640129,False
16092,0.0015505702997562505,250,3.899893275260925,False
16093,0.00036593459074247506,59,8.60426526150461,False
16094,0.0011226128970235252,181,0.96885078058717,False
16095,0.00017366387357270005,28,2.338845602103642,False
16096,0.003392647815866676,547,0.9601553772223715,False
16097,8.062965558732502e-05,13,1.412671758578374,False
16098,0.004968027240419026,801,0.8674567784560605,False
16099,0.0013334904577903754,215,0.9992422724879065,False
16100,0.0012032425526108503,194,1.4563693723727746,False
16101,0.005575850797923477,899,0.6965801082012784,False
16102,0.0013520973013874504,218,0.8853490002658388,False
16103,0.0004527665275288251,73,1.6095873362397495,False
16104,0.011232331251434278,1811,1.2171096780693775,False
16105,0.0022080121068529003,356,1.612037958388918,False
16106,0.0009489490234508252,153,6.75424080892326,False
16107,0.048855369004719935,7877,0.9472631280368031,False
16108,0.0012094448338098754,195,1.244763881732256,False
16109,0.0005271939019171251,85,3.1304891193614286,False
16110,0.0005395984643151751,87,5.929784654200762,False
16111,0.0019785277024889753,319,3.2473897100616025,False
16112,0.0022762372000421755,367,1.576914326046728,False
16113,0.0026669809155807508,430,3.1396148792532985,False
16114,0.0018668866409065254,301,4.110482619846382,False
16115,0.00010543878038342502,17,1.8069608772502226,False
16116,0.00021087756076685005,34,1.1660155969507553,False
16117,0.0025181261668041507,406,1.1643418173484614,False
16118,0.0006016212763054251,97,1.9888288347991472,False
16119,0.007870694841562727,1269,1.2099614052250218,False
16120,0.004279574027327251,690,0.8162626686303512,False
16121,0.03126569952428503,5041,0.725324967105671,False
16122,0.0006450372446986001,104,1.610860708814401,False
16123,0.0021149778888675257,341,1.794964335880671,False
16124,0.0003783391531405251,61,10.795738333561381,False
16125,0.0035290980022452258,569,2.014335688891017,False
16126,4.961824959220001e-05,8,2.272158920764923,False
16127,0.00013024790517952503,21,2.3616325628189814,False
16128,0.0010791969286303503,174,2.273415145517766,False
16129,0.03447848118537998,5559,1.307076700515596,False
16130,0.003733773281813051,602,0.8942233795343444,False
16131,0.0,0,0.0,True
16132,0.0034732774714540007,560,0.9947683749454362,False
16133,0.0010295786790381503,166,2.662963327155056,False
16134,0.00036593459074247506,59,7.341554944798098,False
16135,0.0005333961831161502,86,7.416657891384391,False
16136,0.004726138273657051,762,2.664970320979441,False
16137,0.010053897823619528,1621,0.7407944656903915,False
16138,0.004130719278550651,666,0.9669042993952204,False
16139,0.00027290037275710005,44,6.467937399040569,False
16140,0.00024188896676197505,39,1.9204013775556514,False
16141,0.0022886417624402257,369,1.5910898543954866,False
16142,0.0015691771433533252,253,1.7645130176318022,False
16143,0.0008869262114605752,143,1.4697663959089693,False
16144,0.006369742791398676,1027,1.2435823039395668,False
16145,0.0011660288654167003,188,2.8025042008846364,False
16146,1.2404562398050002e-05,2,15.659191131591797,False
16147,0.0020653596392753255,333,1.7315956690647938,False
16148,0.0019599208588919003,316,1.5406173475181,False
16149,0.0005644075891112751,91,2.398564037385878,False
16150,4.961824959220001e-05,8,1.6229602247476578,False
16151,0.007876897122761751,1270,2.024999686113493,False
16152,0.0017552455793240754,283,1.1907952126681594,False
16153,0.006989970911301177,1127,1.1900563692771553,False
16154,0.0031507588491047006,508,1.2384131102580724,False
16155,0.0003783391531405251,61,5.286397943731214,False
16156,0.0013024790517952502,210,1.1596007369813466,False
16157,0.007089207410485576,1143,1.5799248650318056,False
16158,0.0023382600120324254,377,2.2729635871057483,False
16159,0.006816307037728476,1099,0.887497934891594,False
16160,0.003467075190254976,559,3.0955110562295522,False
16161,0.003386445534667651,546,1.0782773824401828,False
16162,0.008670789116236952,1398,0.763699903679167,False
16163,0.012485192053637328,2013,0.8805793901018047,False
16164,0.005582053079122501,900,0.9073304110103183,False
16165,0.0006760486506937252,109,2.493493505574148,False
16166,0.0048935998660307265,789,0.8753260668692934,False
16167,0.0006202281199025002,100,1.1285218477249146,False
16168,0.007796267467174427,1257,0.8181293528518131,False
16169,0.005482816579938102,884,1.0594943292540122,False
16170,0.002989499537930051,482,1.2378728872018236,False
16171,0.0007814874310771502,126,2.131732987032996,False
16172,6.202281199025002e-05,10,1.0777256488800049,False
16173,0.00014265246757757502,23,8.410793278528297,False
16174,0.0003783391531405251,61,3.4368416676755813,False
16175,0.003460872909055951,558,0.9751125698021236,False
16176,0.00012404562398050004,20,10.265335392951965,False
16177,0.0032127816610949505,518,1.1744026217221293,False
16178,0.0013582995825864753,219,1.5357356267432645,False
16179,0.0005085870583200501,82,1.0930319820962302,False
16180,0.027228014463719755,4390,0.8709567467552655,False
16181,0.0016436045177416253,265,1.3203356981277465,False
16182,0.0023444622932314507,378,1.9123878169942785,False
16183,0.00014885474877660004,24,2.450475071867307,False
16184,0.0021832029820568004,352,2.0868105211041192,False
16185,0.002741408289969051,442,1.1949661177207982,False
16186,0.0023320577308334005,376,0.8617519324130201,False
16187,0.0024995193232070756,403,1.501297496388627,False
16188,0.0005085870583200501,82,6.770120518963512,False
16189,0.00029150721635417507,47,2.122387703428877,False
16190,0.0011846357090137753,191,2.008030136842378,False
16191,0.0011784334278147502,190,1.207524571920696,False
16192,0.00012404562398050004,20,1.8680742144584657,False
16193,0.0017614478605231004,284,1.9322243425208079,False
16194,4.341596839317501e-05,7,4.448047944477627,False
16195,0.00013024790517952503,21,7.405850183396113,False
16196,0.0021335847324646007,344,1.3513012944265854,False
16197,0.0028344425079544254,457,1.318551384907061,False
16198,5.582053079122501e-05,9,3.2749349806043835,False
16199,0.0023258554496343757,375,3.1054732831319174,False
16200,0.0013707041449845254,221,1.1949000164394465,False
16201,0.0021087756076685004,340,1.0851131986169253,False
16202,0.0005458007455142001,88,9.557148028503764,False
16203,0.0006078235575044501,98,1.3280883905838947,False
16204,0.0024809124796100006,400,1.5535082095861434,False
16205,0.0011474220218196253,185,1.5797241204493755,False
16206,0.00014265246757757502,23,2.1498632897501406,False
16207,0.0034980865962501006,564,1.2109441146360223,False
16208,0.003975662248575026,641,0.859339644124095,False
16209,0.004043887341764301,652,1.0224931591127548,False
16210,0.0048377793352395015,780,0.9357528876035641,False
16211,0.0008435102430674002,136,1.1982389679726433,False
16212,0.0016808182049357753,271,1.0531344466543726,False
16213,0.0015567725809552753,251,1.757838851427177,False
16214,0.0016498067989406504,266,1.2377305877836127,False
16215,0.0004465642463298001,72,1.38929502831565,False
16216,0.00021707984196587504,35,11.161417279924665,False
16217,0.007306287252451452,1178,0.8463048967319352,False
16218,0.006927948099310926,1117,1.3195354808305348,False
16219,0.00022328212316490004,36,1.4529639979203541,False
16220,0.0019971345460860503,322,1.5451431463223806,False
16221,0.0004589688087278501,74,4.8030047255593376,False
16222,0.0021770007008577756,351,2.5569640578028143,False
16223,0.005123084270394651,826,0.8705578496900656,False
16224,3.101140599512501e-05,5,1.1144285202026367,False
16225,0.005538637110729327,893,2.4284540453523165,False
16226,0.0006760486506937252,109,1.4317239665110177,False
16227,0.0004961824959220001,80,10.544429650902748,False
16228,0.0035477048458423008,572,1.412789836630121,False
16229,0.0026669809155807508,430,0.8429587452910667,False
16230,0.0006822509318927502,110,1.9207726760344073,False
16231,0.0033554341286725258,541,0.9570439721211488,False
16232,0.0004155528403346751,67,6.175868703358209,False
16233,0.0016808182049357753,271,4.008223154887942,False
16234,0.0007876897122761752,127,1.5853238058841135,False
16235,0.0021087756076685004,340,1.4070177421850316,False
16236,6.202281199025002e-05,10,1.8788532733917236,False
16237,0.00017986615477172505,29,2.125154371919303,False
16238,0.0006202281199025002,100,1.4677081632614135,False
16239,0.00013645018637855003,22,2.444377525286241,False
16240,0.0023196531684353504,374,3.2005739804895166,False
16241,0.011368781437812827,1833,0.8004257662076477,False
16242,0.008807239302615502,1420,0.8034069034415232,False
16243,6.202281199025001e-06,1,9.34170150756836,False
16244,0.0008373079618683752,135,5.457531257028933,False
16245,0.0011288151782225502,182,1.6956010860401196,False
16246,0.005538637110729327,893,3.6793019537963096,False
16247,0.0020715619204743504,334,1.1352876271316392,False
16248,0.0003845414343395501,62,1.322547762624679,False
16249,0.0019971345460860503,322,0.898998218663731,False
16250,0.0010109718354410753,163,1.896382767729964,False
16251,0.0011102083346254752,179,1.6382054789772247,False
16252,0.004000471373371126,645,0.9964456757833792,False
16253,0.0012156471150089002,196,6.6002896172659735,False
16254,0.0023878782616246256,385,1.0704780652925565,False
16255,0.0006388349634995752,103,1.2717284855333346,False
16256,0.005687491859505926,917,1.3711274556791249,False
16257,0.0019599208588919003,316,1.6754685444167898,False
16258,0.0022452257940470503,362,2.9121499193307443,False
16259,9.923649918440002e-05,16,2.913202702999115,False
16260,0.0014451315193728252,233,10.52422101917185,False
16261,0.0012838722081981752,207,0.8622829165435644,False
16262,0.0019661231400909256,317,1.9994154059172429,False
16263,0.010407427851963953,1678,1.2279295296862243,False
16264,0.015958469525091327,2573,0.8596773032682488,False
16265,0.0005520030267132251,89,2.856832648930925,False
16266,0.003163163411502751,510,1.2155973925310022,False
16267,0.0018854934845036005,304,1.5562444254755974,False
16268,0.0023134508872363255,373,6.122402090808981,False
16269,0.0008497125242664252,137,1.3289227964234178,False
16270,4.961824959220001e-05,8,1.0208682268857956,False
16271,0.003994269092172101,644,2.054637484668945,False
16272,0.0067108682573450516,1082,0.8120471437404865,False
16273,0.00039694599673760006,64,1.346199668943882,False
16274,0.0023320577308334005,376,1.0143940080987646,False
16275,0.007157432503674852,1154,1.1224862871178307,False
16276,0.00023568668556295006,38,1.1728293832979704,False
16277,0.0052595344567732015,848,0.7749574465571709,False
16278,0.0011040060534264502,178,0.9434420526697395,False
16279,0.0012776699269991503,206,6.849457392993482,False
16280,0.0038578189057935507,622,0.9015500568500285,False
16281,0.00017366387357270005,28,1.5293710274355752,False
16282,0.0032065793798959257,517,0.8300196953852818,False
16283,0.0018172683913143255,293,1.5060841117702652,False
16284,0.0021894052632558253,353,1.153737846582537,False
16285,0.0037213687194150007,600,1.6562796330451965,False
16286,0.005625469047515676,907,1.5846614340831584,False
16287,0.0012218493962079253,197,1.6102039904763856,False
16288,0.0006822509318927502,110,8.669678257812153,False
16289,0.0012962767705962254,209,1.047698414496828,False
16290,0.0022762372000421755,367,1.0072450014161154,False
16291,0.0004155528403346751,67,1.5850101869497726,False
16292,0.0028902630387456505,466,0.6883933022298526,False
16293,5.582053079122501e-05,9,4.608872559335497,False
16294,0.0028220379455563757,455,1.906516434596135,False
16295,0.0002791026539561251,45,8.395497825410631,False
16296,0.0032065793798959257,517,1.1534421727551252,False
16297,0.0011102083346254752,179,0.8936669080617041,False
16298,0.006686059132548951,1078,1.0266299822777234,False
16299,0.005582053079122501,900,0.8140282768673367,False
16300,0.010481855226352253,1690,0.7834798354368944,False
16301,0.0004589688087278501,74,2.543993688918449,False
16302,0.0013024790517952502,210,1.0245818671726046,False
16303,0.0017056273297318754,275,1.5353898031061346,False
16304,0.013446545639486203,2168,3.205430224372892,False
16305,0.0021087756076685004,340,0.9075020698940053,False
16306,0.013837289355024778,2231,0.6441356899598317,False
16307,4.341596839317501e-05,7,1.6950205564498901,False
16308,0.0019971345460860503,322,3.9493668471804315,False
16309,0.0012838722081981752,207,3.031817602650555,False
16310,0.0019413140152948255,313,1.290448023107486,False
16311,0.0010978037722274253,177,1.3071629179399566,False
16312,0.009557715327697527,1541,0.5807551774477355,False
16313,0.008906475801799901,1436,0.6613667549197056,False
16314,4.341596839317501e-05,7,1.1945314747946603,False
16315,0.0004403619651307751,71,4.937316379076998,False
16316,0.009737581482469252,1570,0.8528729894358641,False
16317,0.0008559148054654502,138,3.560755137084187,False
16318,0.0023258554496343757,375,1.4165944191614788,False
16319,0.0003101140599512501,50,2.7262960863113403,False
16320,0.005017645490011226,809,1.2468748552395474,False
16321,0.0022266189504499753,359,1.3934740332839881,False
16322,0.0017428410169260254,281,0.9420536743788532,False
16323,0.011933189026924102,1924,1.9667340266729343,False
16324,0.00011164106158245002,18,1.9436300463146634,False
16325,0.003442266065458876,555,0.9940023834640915,False
16326,5.582053079122501e-05,9,3.1048079331715903,False
16327,6.822509318927501e-05,11,1.4320549856532703,False
16328,0.0007752851498781252,125,0.9345554962158203,False
16329,0.0022080121068529003,356,1.1194314876299225,False
16330,0.0026483740719836757,427,0.9568327550865727,False
16331,0.03878286433750333,6253,1.7503865966601657,False
16332,0.0023444622932314507,378,1.9189656553445038,False
16333,0.0003783391531405251,61,7.384648893700271,False
16334,0.00016746159237367503,27,12.544592892682111,False
16335,3.721368719415001e-05,6,3.1381341218948364,False
16336,0.005650278172311776,911,1.4228752593701024,False
16337,0.00015505702997562504,25,2.002637071609497,False
16338,4.961824959220001e-05,8,2.036016896367073,False
16339,0.007169837066072902,1156,0.7606354993107409,False
16340,0.0005644075891112751,91,0.7286495900416112,False
16341,0.005011443208812201,808,1.7421660457212147,False
16342,0.0004217551215337001,68,2.6893786121817196,False
16343,0.0016746159237367505,270,1.0883830670957213,False
16344,0.0003287209035483251,53,1.3983473687801722,False
16345,0.003696559594618901,596,1.5157747988732868,False
16346,0.0023072486060373007,372,1.0002826106163762,False
16347,0.0031321520055076256,505,0.8150875941361532,False
16348,6.822509318927501e-05,11,1.38506771217693,False
16349,0.0021521915760616753,347,1.2109390967861033,False
16350,0.0007132623378878751,115,2.621882526770882,False
16351,0.0012962767705962254,209,0.9659914388610986,False
16352,0.005972796794661076,963,1.2697237650800965,False
16353,0.0003101140599512501,50,1.8536095023155212,False
16354,0.0011536243030186503,186,1.2765179475148518,False
16355,0.0024685079172119505,398,1.3180554134761868,False
16356,0.0013210858953923252,213,1.6678522808451048,False
16357,0.004564878962482401,736,1.6099408528079158,False
16358,0.0008062965558732502,130,1.6911154756179223,False
16359,0.0009489490234508252,153,6.717992020588295,False
16360,0.0021832029820568004,352,1.2938538799909027,False
16361,4.961824959220001e-05,8,1.2407491505146027,False
16362,0.0009489490234508252,153,1.2782194871528476,False
16363,0.0018172683913143255,293,1.5682124961358288,False
16364,0.00023568668556295006,38,2.576305389404297,False
16365,5.582053079122501e-05,9,1.143424352010091,False
16366,0.008435102430674002,1360,9.055790355713928,False
16367,0.0020219436708821506,326,1.0175480140498812,False
16368,0.0013396927389894002,216,2.269866602288352,False
16369,0.0015505702997562505,250,1.1970800895690918,False
16370,0.0008124988370722751,131,1.8977870668163737,False
16371,0.0025987558223914756,419,1.2590443868910213,False
16372,0.0013024790517952502,210,1.306980514526367,False
16373,0.0018730889221055505,302,0.7812774236628551,False
16374,0.0002480912479610001,40,1.5330253481864928,False
16375,0.0020715619204743504,334,1.1823826921200324,False
16376,0.0020033368272850756,323,2.1041904890869425,False
16377,0.0006884532130917751,111,1.4930402437845867,False
16378,0.0007256669002859252,117,0.9532457885579166,False
16379,0.0016622113613387003,268,1.0916722728245294,False
16380,0.011095881065055728,1789,0.8398560246253827,False
16381,0.0024561033548139008,396,3.493326300623441,False
16382,0.006803902475330427,1097,0.9693886766459796,False
16383,0.0005520030267132251,89,4.705898429570573,False
