feature,density,fire_count,mean_activation_when_active,dead
0,0.0024064851052217006,388,2.213210782132198,False
1,0.0008000942746742252,129,5.547384154889011,False
2,0.0020095391084841005,324,0.8179541149257142,False
3,0.0033182204414783758,535,0.8664517663349615,False
4,0.00014885474877660004,24,1.7860533893108368,False
5,0.0017924592665182254,289,2.6831799922929918,False
6,0.0017428410169260254,281,1.3568345503450712,False
7,0.0006884532130917751,111,1.0143777389784117,False
8,0.0019723254212899504,318,6.015625713006505,False
9,0.0002791026539561251,45,3.2028149604797362,False
10,0.00016746159237367503,27,1.6756004095077515,False
11,0.006803902475330427,1097,0.9557331718959478,False
12,0.0011784334278147502,190,1.2924246750379864,False
13,0.0007938919934752001,128,0.8628457384184003,False
14,0.0005644075891112751,91,1.2002162697551015,False
15,0.0008931284926596002,144,3.8778124716546802,False
16,0.0023568668556295004,380,1.8889351967133974,False
17,0.005935583107466926,957,1.5289045064053193,False
18,0.0019785277024889753,319,1.1429104711568467,False
19,0.0074799511260241515,1206,0.9332791587606591,False
20,0.0004651710899268751,75,2.8587378787994386,False
21,0.0006450372446986001,104,5.951309488369868,False
22,0.0020343482332802003,328,2.396957102345257,False
23,6.822509318927501e-05,11,1.251196796243841,False
24,0.014922688564854153,2406,0.7754676038784873,False
25,0.0007194646190869002,116,1.4041295606514503,False
26,0.0031693656927017757,511,3.775307190628201,False
27,0.0009427467422518002,152,4.779947000114541,False
28,0.003522895721046201,568,1.2346483427034298,False
29,0.00014265246757757502,23,2.4607910073321797,False
30,0.007355905502043652,1186,1.0867687843702294,False
31,0.0005954189951064002,96,1.5186890413363774,False
32,0.005085870583200501,820,1.0041744895097686,False
33,0.0007876897122761752,127,5.170479323920302,False
34,0.00025429352916002504,41,3.090905305815906,False
35,0.014513338005718503,2340,0.6437192541921241,False
36,0.0022886417624402257,369,0.8638285724774286,False
37,0.0008187011182713002,132,3.748833923628836,False
38,0.0018792912033045754,303,2.1271291168609467,False
39,0.0006698463694947001,108,2.1127614235436476,False
40,0.0020219436708821506,326,1.4639438105507132,False
41,0.0003287209035483251,53,3.336763215514849,False
42,0.0026917900403768506,434,1.4782502931383898,False
43,0.0033554341286725258,541,1.1674605561712974,False
44,0.0011970402714118252,193,1.4239023590334956,False
45,0.00021087756076685005,34,1.8832204341888428,False
46,0.00011784334278147503,19,3.9003713319176123,False
47,0.0013024790517952502,210,1.5431347483680362,False
48,8.062965558732502e-05,13,0.7161740706517146,False
49,0.005668885015908851,914,0.7519764253294964,False
50,0.0011970402714118252,193,0.9161437447206962,False
51,0.0019289094528967753,311,1.8034065199051639,False
52,0.015021925064038554,2422,14.10699482420867,False
53,1.2404562398050002e-05,2,0.6337546110153198,False
54,0.0016684136425377254,269,1.3088552677055274,False
55,0.00025429352916002504,41,0.9247265879700823,False
56,0.0009799604294459501,158,1.9907732613479034,False
57,2.4809124796100004e-05,4,1.194578766822815,False
58,0.0031383542867066505,506,0.6716539525231825,False
59,0.0002666980915580751,43,2.9380086383154227,False
60,0.008342068212688626,1345,0.8409289255461285,False
61,0.0022266189504499753,359,1.799057619153291,False
62,0.0004899802147229751,79,1.2913552703736704,False
63,0.008583957179450602,1384,2.083472023120505,False
64,0.0002791026539561251,45,2.723963803715176,False
65,0.004422226494904826,713,1.2794667253320382,False
66,0.0009923649918440003,160,7.004160339385271,False
67,0.0008373079618683752,135,6.635421971038536,False
68,0.0020963710452704507,338,1.5869440887806683,False
69,0.002778621977163201,448,3.381059111229011,False
70,0.0021832029820568004,352,1.2855050763623281,False
71,0.00022948440436392506,37,2.438351054449339,False
72,0.0025243284480031755,407,0.9688929123140377,False
73,0.0005520030267132251,89,1.5957929994283098,False
74,8.683193678635003e-05,14,1.0605859926768713,False
75,0.0004155528403346751,67,1.719110047639306,False
76,0.0008745216490625251,141,1.0317956530456003,False
77,0.0012342539586059752,199,2.7125149498033765,False
78,0.0009551513046498502,154,2.682548558557188,False
79,0.0024933170420080504,402,1.6569004085526537,False
80,0.0016436045177416253,265,0.8398378903011106,False
81,0.0006574418070966502,106,1.6809197146937531,False
82,6.822509318927501e-05,11,2.1581625721671363,False
83,0.0014389292381738004,232,2.7485467339384146,False
84,0.0010543878038342502,170,1.3965156471028048,False
85,0.0017676501417221253,285,1.467890821423447,False
86,0.0012590630834020753,203,4.741682139523511,False
87,0.0003287209035483251,53,2.3394174755744213,False
88,0.0005333961831161502,86,1.3439429028089656,False
89,0.00020467527956782505,33,1.8972610813198667,False
90,0.0029150721635417508,470,37.40549130338304,False
91,0.0009737581482469252,157,1.0398257872101608,False
92,0.00011164106158245002,18,1.3607224689589605,False
93,0.0017056273297318754,275,1.4845206447081132,False
94,0.0020343482332802003,328,2.1380140047247815,False
95,0.015400264217179079,2483,1.4140863084428212,False
96,0.0004093505591356501,66,1.2143479892701814,False
97,0.0025181261668041507,406,1.117324071564698,False
98,0.0020467527956782505,330,0.7667992620757131,False
99,3.101140599512501e-05,5,4.2185935258865355,False
100,0.049301933251049736,7949,1.9140086748087417,False
101,0.0016932227673338255,273,1.4456046195257277,False
102,0.0007380714626839752,119,4.414707086667293,False
103,0.00010543878038342502,17,2.08079091240378,False
104,0.004887397584831701,788,0.9594204183762449,False
105,0.0032127816610949505,518,1.3852910433957015,False
106,0.00019847299836880003,32,8.014254476875067,False
107,0.009166971612158951,1478,1.110590476628408,False
108,0.0024995193232070756,403,1.6233303984696457,False
109,0.0004279574027327251,69,2.4063437451487,False
110,0.0030143086627261507,486,1.0098078947498965,False
111,0.007901706247557852,1274,0.990953866129206,False
112,0.0010667923662323003,172,7.505306313204211,False
113,0.00019227071716977504,31,6.85016317136826,False
114,0.003957055404977951,638,1.5913572645860032,False
115,0.0013645018637855003,220,4.083661022511396,False
116,0.00018606843597075004,30,1.147098926703135,False
117,0.00023568668556295006,38,10.300293542836842,False
118,0.00010543878038342502,17,1.0148432535283707,False
119,0.0003597323095434501,58,1.5215515350473339,False
120,0.0015939862681494253,257,3.617134352138534,False
121,0.0024126873864207254,389,1.9891370326510431,False
122,0.0010357809602371752,167,1.105394202078174,False
123,2.4809124796100004e-05,4,1.2152024507522583,False
124,0.0005209916207181001,84,1.1923169507866813,False
125,0.00030391177875222506,49,1.3791929702369534,False
126,0.0019599208588919003,316,1.3672658838803255,False
127,0.004769554242050226,769,1.3882574272403791,False
128,0.005613064485117626,905,0.9040351709608215,False
129,1.8606843597075006e-05,3,4.906667073567708,False
130,0.0007008577754898252,113,2.4160701215794655,False
131,0.0004093505591356501,66,1.0529783964157104,False
132,0.005513827985933226,889,1.528236073235425,False
133,0.00028530493515515004,46,9.930504086224929,False
134,0.00039694599673760006,64,1.8112383000552654,False
135,0.00014265246757757502,23,2.466225810672926,False
136,0.0008683193678635002,140,1.3884124900613513,False
137,0.0007628805874800752,123,4.666238835187462,False
138,0.0016436045177416253,265,1.408472989640146,False
139,0.0013396927389894002,216,0.9062217104214209,False
140,0.0020653596392753255,333,2.2353786434139216,False
141,0.005135488832792701,828,1.2999594223096176,False
142,0.0023692714180275506,382,2.885335974668333,False
143,0.0013831087073825753,223,1.1930017417856396,False
144,0.014600169942504853,2354,1.831156612759236,False
145,0.0016684136425377254,269,1.8411391534769845,False
146,0.003063926912318351,494,1.6146703637563264,False
147,0.0023754736992265754,383,3.001630240258598,False
148,0.0004589688087278501,74,2.7564063233298226,False
149,0.003901234874186726,629,1.3265809080369522,False
150,0.00035353002834442507,57,1.1872605210856388,False
151,0.0036097276578325507,582,1.0021453557145554,False
152,0.0010295786790381503,166,2.5813833669007544,False
153,0.0013769064261835503,222,1.3179362808261905,False
154,0.005960392232263027,961,1.0851277981290708,False
155,0.005513827985933226,889,5.453661408011369,False
156,0.00018606843597075004,30,3.7560904820760093,False
157,0.0003411254659463751,55,5.335792617364363,False
158,4.961824959220001e-05,8,46.21409870684147,False
159,0.0003411254659463751,55,1.679745695807717,False
160,0.016895013986144104,2724,0.9095548063998006,False
161,0.00024188896676197505,39,5.268898939475035,False
162,0.0011660288654167003,188,1.784605121358912,False
163,0.0023444622932314507,378,1.946101619768395,False
164,0.011002846847070353,1774,0.7656854271485545,False
165,0.0057371101090981265,925,1.188413719357671,False
166,0.011133094752249878,1795,0.8219442819154362,False
167,0.0025491375727992754,411,3.113532194836006,False
168,0.0016746159237367505,270,1.7415699208224262,False
169,0.006586822633364552,1062,2.495174630662591,False
170,0.0005085870583200501,82,1.0779524852589863,False
171,0.0013458950201884253,217,1.514925920468871,False
172,0.004937015834423901,796,3.2861007478967985,False
173,0.006481383852981126,1045,3.365073906177539,False
174,0.0004217551215337001,68,8.081028748961057,False
175,0.00022328212316490004,36,1.8350791666242812,False
176,0.010649316818725928,1717,1.5299451816338887,False
177,0.007827278873169552,1262,1.3073978208702075,False
178,0.0023072486060373007,372,2.5213921576417904,False
179,0.0007690828686791001,124,1.4139818481860622,False
180,0.0023878782616246256,385,2.251074759991138,False
181,0.0009551513046498502,154,1.245557120868138,False
182,0.00022948440436392506,37,1.8316126739656604,False
183,0.0006264304011015251,101,2.097501788989152,False
184,0.005557243954326402,896,0.73139090942485,False
185,0.0005147893395190752,83,2.6806555368814124,False
186,0.003888830311788676,627,2.023955569122777,False
187,0.0023010463248382754,371,1.070219050199195,False
188,0.0018606843597075004,300,1.3714258233706156,False
189,0.006165067511830852,994,1.5444992840649856,False
190,0.0022576303564451005,364,2.783706548449757,False
191,0.003814402937400376,615,0.9838715809147532,False
192,0.0021894052632558253,353,4.390614918879003,False
193,0.08459291327350199,13639,6.24552738814246,False
194,0.0018978980469016504,306,0.9301435748736063,False
195,0.0013707041449845254,221,1.51850976771359,False
196,0.0017800547041201755,287,1.4554177460354796,False
197,0.004850183897637551,782,1.8830663477978133,False
198,0.005873560295476676,947,0.7915050419482158,False
199,0.0023754736992265754,383,0.8709647963625955,False
200,0.013893109885816003,2240,0.6075890575136457,False
201,1.8606843597075006e-05,3,2.508317152659098,False
202,3.721368719415001e-05,6,1.9468122720718384,False
203,0.0023196531684353504,374,4.677870131431416,False
204,0.0009489490234508252,153,1.6153469607720967,False
205,0.0004837779335239501,78,0.8073375989229251,False
206,1.8606843597075006e-05,3,5.084542115529378,False
207,0.014581563098907778,2351,1.2121421676247945,False
208,0.0019661231400909256,317,1.8365572574386837,False
209,0.0027290037275710007,440,0.9362377080050381,False
210,0.0005395984643151751,87,1.199968085891899,False
211,0.0034918843150510757,563,1.7809800779840663,False
212,0.0003597323095434501,58,2.786139989721364,False
213,0.0029646904131339505,478,0.9978831313145211,False
214,0.0006450372446986001,104,2.0841215195564122,False
215,0.00016125931117465003,26,0.8460949246699994,False
216,0.026806259342186056,4322,0.8891393016301499,False
217,0.0010978037722274253,177,1.3713839444736977,False
218,0.0038764257493906257,625,1.1513771606445313,False
219,0.0020529550768772753,331,1.52048147697103,False
220,0.0009055330550576502,146,1.4735726003777492,False
221,0.0020653596392753255,333,3.9263139837854975,False
222,0.0023692714180275506,382,1.6641295811268673,False
223,0.0023568668556295004,380,1.9004525463832052,False
224,0.0019351117340958004,312,0.8488318591545789,False
225,0.0011598265842176752,187,3.65518672134787,False
226,1.8606843597075006e-05,3,2.0571953455607095,False
227,0.00016746159237367503,27,1.2895265022913616,False
228,0.0030577246311193256,493,0.9164007807841891,False
229,0.010872598941890828,1753,0.5744215045326176,False
230,0.0007814874310771502,126,2.955651553850325,False
231,0.00010543878038342502,17,1.0278585798600142,False
232,0.0021211801700665505,342,1.9636650915034333,False
233,1.8606843597075006e-05,3,3.7329328457514444,False
234,0.007250466721660227,1169,1.079978559749365,False
235,0.0030205109439251756,487,0.9455217198914326,False
236,0.0013520973013874504,218,1.5142891428886203,False
237,0.0017862569853192003,288,1.4467356751362483,False
238,0.0020343482332802003,328,1.9892670228713896,False
239,0.0013272881765913503,214,1.5423529816565114,False
240,0.0022700349188431506,366,1.9535562093140648,False
241,0.0015319634561591754,247,1.457496807160165,False
242,0.0016001885493484504,258,1.4231269331865533,False
243,0.0017180318921299253,277,1.5323626848764798,False
244,0.0005582053079122502,90,0.944642186164856,False
245,0.00011164106158245002,18,6.86923395925098,False
246,0.00022328212316490004,36,1.8750675386852689,False
247,0.0017490432981250503,282,1.2595271709117484,False
248,0.0007442737438830002,120,6.942099209626516,False
249,0.0010729946474313252,173,1.6156066538970595,False
250,0.03172466833301288,5115,0.8468447658206943,False
251,0.006220888042622077,1003,1.114840925274675,False
252,0.00022948440436392506,37,3.5046459984134986,False
253,0.0014823452065669753,239,1.155338459433871,False
254,0.0015753794245523503,254,1.1982558486968513,False
255,0.00016746159237367503,27,3.8946324675171464,False
256,2.4809124796100004e-05,4,2.805621087551117,False
257,0.0015629748621543004,252,1.4657094875971477,False
258,0.00025429352916002504,41,0.9592610248705236,False
259,0.0024312942300178005,392,1.7606863680542733,False
260,0.0026359695095856256,425,4.053123604830573,False
261,0.0034918843150510757,563,3.0256192044720556,False
262,0.005972796794661076,963,1.5819819312724492,False
263,0.0006574418070966502,106,16.752745112158216,False
264,0.0006264304011015251,101,1.3072678535291464,False
265,0.0007008577754898252,113,1.0040535441542093,False
266,0.00021087756076685005,34,1.2273689648684334,False
267,0.0018730889221055505,302,1.6956416917163015,False
268,0.0004093505591356501,66,1.2701304067264905,False
269,0.0006822509318927502,110,2.5542341980067165,False
270,0.0020777642016733757,335,1.5207922661482398,False
271,0.0023444622932314507,378,1.977278182430873,False
272,0.0006140258387034752,99,4.512083715862698,False
273,0.04881195303632676,7870,3.233712058933748,False
274,0.0028716561951485755,463,0.9142688602917137,False
275,0.004906004428428776,791,0.8129096851035407,False
276,0.0032313885046920256,521,0.9730367340190397,False
277,0.0023754736992265754,383,1.8081238188880542,False
278,0.0033182204414783758,535,1.1078535701626928,False
279,0.0016870204861348004,272,2.3988006597056106,False
280,0.008447506993072052,1362,0.952332660140095,False
281,0.004006673654570151,646,1.4876321192496331,False
282,0.0019785277024889753,319,0.9499657415671034,False
283,0.0021956075444548506,354,0.763818904841687,False
284,0.00022328212316490004,36,1.9271466632684071,False
285,0.0010791969286303503,174,8.380009088708066,False
286,0.0016063908305474753,259,1.2998081118904026,False
287,0.0010481855226352253,169,1.2719654684236064,False
288,0.003634536782628651,586,2.091432042496196,False
289,0.00019227071716977504,31,11.306402437148556,False
290,0.07131382922638947,11498,2.447945361718818,False
291,0.0016063908305474753,259,1.366142007835123,False
292,0.0020777642016733757,335,1.2396201005622522,False
293,0.0006884532130917751,111,1.7876462678651552,False
294,0.0016560090801396754,267,1.1090349592966087,False
295,0.0013334904577903754,215,5.552734275196874,False
296,0.0012776699269991503,206,7.8064872686145375,False
297,0.0004651710899268751,75,1.091200238863627,False
298,0.0022824394812412004,368,2.368237420268681,False
299,0.0016932227673338255,273,1.3215251510396546,False
300,0.0024250919488187756,391,1.464005160514656,False
301,0.00012404562398050004,20,2.5909347891807557,False
302,0.0031259497243086008,504,0.9666083824066889,False
303,0.0012714676458001253,205,5.574587235218141,False
304,0.004099707872555526,661,1.0489699187689938,False
305,0.0023816759804256007,384,2.045691435535749,False
306,0.00021707984196587504,35,1.6640234538487026,False
307,0.0020219436708821506,326,1.6335190585785848,False
308,0.00017986615477172505,29,2.218478194598494,False
309,0.005805335202287401,936,1.4726631740729015,False
310,0.00019227071716977504,31,10.557441819098688,False
311,0.0018668866409065254,301,1.1811545077352428,False
312,0.009539108484100452,1538,0.6839317376343884,False
313,0.00022328212316490004,36,1.6500403549936082,False
314,0.0007566783062810502,122,4.112287228224708,False
315,9.923649918440002e-05,16,1.1257631853222847,False
316,0.00014265246757757502,23,1.914011872333029,False
317,0.0018978980469016504,306,2.7698853000316745,False
318,0.4089226017329174,65931,2.346568894587713,False
319,0.0015195588937611253,245,0.6797650779996599,False
320,0.0018606843597075004,300,1.583744912147522,False
321,0.0014327269569747753,231,1.0180435098094858,False
322,0.0006202281199025002,100,4.729162256717682,False
323,0.0023940805428236504,386,1.1359435869622108,False
324,0.009024319144581378,1455,3.7150572419576218,False
325,0.00029150721635417507,47,1.2512942780839635,False
326,0.004744745117254126,765,0.9424299763698204,False
327,0.0052595344567732015,848,0.7750810665904351,False
328,0.0021521915760616753,347,1.896851419371899,False
329,0.012844924363180778,2071,0.8973455037660842,False
330,0.002989499537930051,482,0.9019507864698829,False
331,0.0005395984643151751,87,2.0603013477106202,False
332,0.0030205109439251756,487,1.1460471535120658,False
333,0.0009365444610527753,151,1.1636365675768316,False
334,0.0011536243030186503,186,1.5391011270143653,False
335,0.0022018098256538754,355,1.568620179404675,False
336,0.00019847299836880003,32,1.3871884010732174,False
337,0.0006016212763054251,97,1.3881872658877028,False
338,1.2404562398050002e-05,2,0.9167932271957397,False
339,0.0004403619651307751,71,1.34504355007494,False
340,0.004564878962482401,736,1.6146523719248564,False
341,0.0018110661101153004,292,1.193543502729233,False
342,0.0025181261668041507,406,1.8301406300126626,False
343,0.0028964653199446758,467,1.5315769655546234,False
344,0.0020777642016733757,335,1.1421154616484002,False
345,0.0004899802147229751,79,1.7872733647310282,False
346,0.003411254659463751,550,0.8368899709528143,False
347,0.013669827762651103,2204,0.9282743333688449,False
348,0.00016125931117465003,26,8.111293425926796,False
349,0.0031879725362988507,514,2.1576106184187567,False
350,0.02720940762012268,4387,0.774661751741262,False
351,0.00014265246757757502,23,2.2765928662341572,False
352,0.008360675056285701,1348,1.3104634831496444,False
353,0.00011164106158245002,18,1.8433041440116034,False
354,0.018842530282637954,3038,1.4732081850866803,False
355,0.0017800547041201755,287,2.436294237495715,False
356,0.0026359695095856256,425,3.825738987642176,False
357,0.00013024790517952503,21,3.0186616522925243,False
358,9.923649918440002e-05,16,1.4497263133525848,False
359,7.442737438830002e-05,12,1.4777616461118062,False
360,0.0014141201133777003,228,1.342939520614189,False
361,0.0008931284926596002,144,1.605674460530281,False
362,0.004056291904162351,654,1.389182712142256,False
363,0.04074278519639524,6569,0.6097160452013601,False
364,0.005383580080753701,868,1.8957358512186235,False
365,0.0007318691814849501,118,1.5006191892138983,False
366,0.004360203682914576,703,0.9750826721679774,False
367,0.0017180318921299253,277,1.127550071757623,False
368,0.0018420775161104254,297,2.58405717535051,False
369,0.0002977094975532001,48,1.296822686990102,False
370,0.0020839664828724005,336,1.8666507261140006,False
371,0.0025181261668041507,406,1.5139859133753284,False
372,0.00011784334278147503,19,1.326580612283004,False
373,0.004484249306895076,723,0.9076285408410458,False
374,0.00011164106158245002,18,1.7022291488117642,False
375,0.0004155528403346751,67,3.915467091460726,False
376,0.0012528608022030503,202,2.014847269152651,False
377,0.0004155528403346751,67,2.0397485761500116,False
378,0.00029150721635417507,47,5.571279163056231,False
379,0.0003597323095434501,58,2.269579003597128,False
380,0.0022080121068529003,356,1.6611664171299239,False
381,0.0018048638289162753,291,3.7757377059189317,False
382,0.00020467527956782505,33,1.86947479392543,False
383,0.0005644075891112751,91,2.376182482792781,False
384,0.00011164106158245002,18,1.5676864319377475,False
385,8.062965558732502e-05,13,1.0290331473717322,False
386,0.003888830311788676,627,1.524477551048072,False
387,0.0016001885493484504,258,1.1039930443431056,False
388,0.0024250919488187756,391,1.7526901939031108,False
389,0.0009179376174557002,148,1.2764558767950214,False
390,0.0003411254659463751,55,1.2685435316779397,False
391,0.0032437930670900757,523,0.9073056809988806,False
392,0.0004713733711259001,76,3.98588154190465,False
393,0.005606862203918601,904,2.5740395454706344,False
394,0.00035353002834442507,57,0.8406811450657091,False
395,0.0023940805428236504,386,3.379319143418821,False
396,0.0017862569853192003,288,1.2220943520466487,False
397,0.0003411254659463751,55,5.851823702725497,False
398,0.0016374022365426004,264,6.313852488091498,False
399,0.0009117353362566752,147,1.3116111463429976,False
400,0.003256197629488126,525,2.5507835397266208,False
401,0.0010667923662323003,172,6.00453507900238,False
402,0.0006822509318927502,110,1.1431573369286276,False
403,0.0016311999553435754,263,1.843902471400939,False
404,0.0011660288654167003,188,1.5409857129797022,False
405,5.582053079122501e-05,9,6.9074581729041205,False
406,0.0006326326823005501,102,4.993938444876203,False
407,0.0010729946474313252,173,1.6801648057265088,False
408,0.00013024790517952503,21,1.6674690871011644,False
409,0.003448468346657901,556,1.057362626782424,False
410,0.00013024790517952503,21,5.99054555665879,False
411,0.004726138273657051,762,1.1197993725616475,False
412,0.0016249976741445503,262,1.5973551746543126,False
413,0.005005240927613176,807,2.846158141688048,False
414,0.0005706098703103001,92,1.1323650673679684,False
415,0.0009799604294459501,158,4.288113090810897,False
416,0.0013272881765913503,214,1.104325110110167,False
417,0.0008187011182713002,132,1.5505793130759038,False
418,0.0025677444163963504,414,1.6693659053332564,False
419,0.0007752851498781252,125,1.2053262023925781,False
420,0.0005644075891112751,91,2.0581764729468377,False
421,0.0007876897122761752,127,4.384462279597606,False
422,0.0003845414343395501,62,1.5994452353446715,False
423,0.0007628805874800752,123,1.6365873726402842,False
424,0.0004279574027327251,69,1.0093519290288289,False
425,0.0017242341733289504,278,0.9612389897271026,False
426,0.0008249033994703252,133,2.6068167471347894,False
427,0.0010295786790381503,166,6.141027279647,False
428,0.0013272881765913503,214,0.8268355326117757,False
429,0.015549118965955679,2507,1.2047064750376193,False
430,0.005873560295476676,947,0.738818323725506,False
431,0.00027290037275710005,44,11.311624261465939,False
432,0.0011474220218196253,185,1.1891406909839528,False
433,0.0018854934845036005,304,1.618830260085432,False
434,0.0019537185776928754,315,1.0694266368472387,False
435,0.0008373079618683752,135,2.026888859713519,False
436,0.0012094448338098754,195,0.8543166270622841,False
437,0.0011598265842176752,187,1.4833702569339364,False
438,0.0003721368719415001,60,6.443370910485585,False
439,0.0021149778888675257,341,1.52627309885892,False
440,0.0027165991651729505,438,5.177983278281068,False
441,0.0020033368272850756,323,1.8855798561875665,False
442,0.00039694599673760006,64,2.495294788852334,False
443,0.00029150721635417507,47,5.462696973313677,False
444,0.0004589688087278501,74,5.7462790109015796,False
445,0.0015257611749601504,246,1.1336933253257255,False
446,0.0022452257940470503,362,1.3484955894354298,False
447,0.0003845414343395501,62,1.2692778841141732,False
448,0.0013086813329942753,211,1.415421672341948,False
449,0.0021025733264694755,339,2.108088593567367,False
450,0.004062494185361376,655,1.2206285494884461,False
451,0.0007008577754898252,113,4.247938140303687,False
452,0.0012590630834020753,203,1.5558832889707217,False
453,0.0021521915760616753,347,3.3002833086750347,False
454,0.0025553398539983007,412,1.5473784619164699,False
455,0.07852087997965652,12660,5.528120959916198,False
456,0.0019351117340958004,312,0.9614042349350758,False
457,9.303421798537502e-05,15,1.6209122816721597,False
458,0.0020839664828724005,336,2.215798709718954,False
459,0.012999981393156402,2096,0.7854117273374368,False
460,0.0005892167139073751,95,7.964076063507481,False
461,0.014190819383369203,2288,0.6720392155897367,False
462,0.0013707041449845254,221,1.340483283565055,False
463,0.003770986969007201,608,1.1186755699546713,False
464,0.00017366387357270005,28,1.116848234619413,False
465,0.00020467527956782505,33,1.6278976888367624,False
466,0.006754284225738227,1089,0.9397824683027381,False
467,0.0004279574027327251,69,1.9266456227371658,False
468,0.0012032425526108503,194,1.0991107483500058,False
469,0.006208483480224026,1001,0.9757108288211422,False
470,6.202281199025001e-06,1,0.2513620853424072,False
471,3.721368719415001e-05,6,2.1689613262812295,False
472,3.721368719415001e-05,6,2.161475439866384,False
473,0.0016808182049357753,271,2.5998245622838994,False
474,0.0017304364545279755,279,1.499284577626054,False
475,0.0002480912479610001,40,2.7078296929597854,False
476,0.0025181261668041507,406,1.4299733944127124,False
477,0.014941295408451228,2409,1.0126279310944566,False
478,1.2404562398050002e-05,2,3.177405536174774,False
479,0.0010605900850332753,171,1.7472051640003048,False
480,0.0005768121515093252,93,1.6891724794141707,False
481,0.00031631634115027505,51,1.842246177149754,False
482,0.0003287209035483251,53,1.876924863401449,False
483,0.003919841717783801,632,0.9719370201795916,False
484,0.00014265246757757502,23,2.933890726255334,False
485,0.003746177844211101,604,1.204914756168593,False
486,0.0005271939019171251,85,11.520790658277624,False
487,0.003063926912318351,494,4.042589287767526,False
488,0.0011722311466157253,189,7.340984830780635,False
489,0.04731100098616271,7628,0.9168955398343531,False
490,0.0006822509318927502,110,1.103986189582131,False
491,0.019103026092997005,3080,0.5979449805501219,False
492,0.0003721368719415001,60,2.7418108423550924,False
493,0.0019289094528967753,311,2.9280890881823574,False
494,0.0016684136425377254,269,2.0191588401794434,False
495,0.00010543878038342502,17,1.163866688223446,False
496,1.8606843597075006e-05,3,2.3081767559051514,False
497,0.0021645961384597254,349,1.0902227535630364,False
498,0.0005582053079122502,90,1.580502782927619,False
499,0.0004465642463298001,72,1.6880270888408024,False
500,0.0023754736992265754,383,1.457666866461851,False
501,0.0004651710899268751,75,1.3971330181757609,False
502,0.0009241398986547252,149,4.184304281369152,False
503,0.00019227071716977504,31,1.5515510651373094,False
504,0.0008497125242664252,137,1.1788778339859343,False
505,0.0004031482779366251,65,1.0423419585594764,False
506,0.005675087297107876,915,0.8689902331659702,False
507,0.0030763314747164006,496,1.9514908533423179,False
508,0.005482816579938102,884,0.9022297794462869,False
509,4.341596839317501e-05,7,2.2023514338902066,False
510,0.00016125931117465003,26,7.098416167956132,False
511,0.0020219436708821506,326,2.2806161927299264,False
512,0.0008062965558732502,130,2.437663821073679,False
513,0.0021025733264694755,339,1.2462046842659469,False
514,0.0025801489787944006,416,21.092675614528932,False
515,0.0032872090354832506,530,2.294354632890449,False
516,0.0022018098256538754,355,1.5327687424673162,False
517,0.004626901774472651,746,1.9003030970972281,False
518,0.005048656896006351,814,1.1496946073574281,False
519,0.0018172683913143255,293,1.1497299606075873,False
520,4.961824959220001e-05,8,1.1191578805446625,False
521,0.00019847299836880003,32,13.03331234678626,False
522,0.0021894052632558253,353,0.8818304808889502,False
523,6.822509318927501e-05,11,1.0028738108548252,False
524,0.00019227071716977504,31,2.098771172185098,False
525,0.0010729946474313252,173,2.3771493441796716,False
526,0.0003411254659463751,55,1.5650680672038686,False
527,0.007386916908038776,1191,3.555062868432975,False
528,0.0012528608022030503,202,1.3142940077451195,False
529,0.0008373079618683752,135,2.1386233788949474,False
530,0.0032872090354832506,530,1.6509524579318064,False
531,8.683193678635003e-05,14,1.2812953846795219,False
532,0.0016560090801396754,267,1.6843243645371568,False
533,0.0030763314747164006,496,1.2037582721921705,False
534,0.0021459892948626504,346,2.3109883090664196,False
535,0.0023258554496343757,375,1.8335633748372395,False
536,0.0008435102430674002,136,2.7758612124358906,False
537,0.0022514280752460756,363,1.0672385160588036,False
538,0.004664115461666801,752,0.9100517749469331,False
539,0.0006078235575044501,98,0.8648412689870718,False
540,0.0029770949755320007,480,4.9807764403522015,False
541,0.003808200656201351,614,1.7141309157256583,False
542,0.0008559148054654502,138,7.632878842561142,False
543,0.00020467527956782505,33,10.405969048991349,False
544,0.0010853992098293751,175,10.531093372617448,False
545,0.003653143626225726,589,1.2834223591815839,False
546,0.0028964653199446758,467,1.0934650106654689,False
547,0.0029957018191290757,483,1.268105089294244,False
548,0.0011226128970235252,181,0.961480371201236,False
549,0.0031693656927017757,511,1.4024208865753591,False
550,0.004205146652938951,678,0.8729243194107461,False
551,0.0008559148054654502,138,1.0044817872669385,False
552,0.0012652653646011002,204,1.93796272780381,False
553,0.0011970402714118252,193,15.75194324298226,False
554,0.0028530493515515004,460,1.051931567814039,False
555,0.0022638326376441253,365,1.7771756368140652,False
556,0.0013024790517952502,210,1.4525344417208716,False
557,0.0009179376174557002,148,1.4432914933642826,False
558,0.0013086813329942753,211,1.601247840583042,False
559,6.202281199025002e-05,10,1.8239556312561036,False
560,0.0004651710899268751,75,1.746469955444336,False
561,1.2404562398050002e-05,2,18.074420928955078,False
562,0.0020033368272850756,323,1.463929574186957,False
563,0.012813912957185652,2066,0.8872491535581901,False
564,0.0008931284926596002,144,2.9439184400770397,False
565,0.0018978980469016504,306,1.1563847298715628,False
566,0.005842548889481551,942,1.4602268795045825,False
567,0.00024188896676197505,39,1.3604352993842883,False
568,0.00011784334278147503,19,2.6305413246154785,False
569,0.007368310064441701,1188,1.1391666465335422,False
570,0.0008187011182713002,132,2.157100747932087,False
571,0.0010853992098293751,175,1.9132511520385742,False
572,0.0033554341286725258,541,1.5009627919540829,False
573,0.0017924592665182254,289,1.956832360643829,False
574,0.005569648516724451,898,1.609652089382333,False
575,0.0006264304011015251,101,1.1928272270920253,False
576,0.00010543878038342502,17,0.7975236948798684,False
577,0.0007876897122761752,127,1.0609474116422999,False
578,0.005625469047515676,907,1.1412028739313043,False
579,0.0015381657373582003,248,1.7983254723010524,False
580,0.005395984643151751,870,0.834054878251306,False
581,0.0029088698823427255,469,0.9213442812596303,False
582,0.7631348810092352,123041,8.376305268670606,False
583,0.003560109408240351,574,0.9638841914382961,False
584,9.303421798537502e-05,15,2.4164352814356485,False
585,0.012677462770807103,2044,0.725766175413785,False
586,0.0031941748174978755,515,1.5684471653503123,False
587,0.0013148836141933004,212,1.1360514821871273,False
588,0.0003411254659463751,55,2.4021820133382623,False
589,0.00029150721635417507,47,1.3171553510300658,False
590,0.0029646904131339505,478,4.45290042665713,False
591,8.683193678635003e-05,14,17.49700723375593,False
592,8.062965558732502e-05,13,2.4517376056084266,False
593,4.961824959220001e-05,8,1.1469798684120178,False
594,0.0030763314747164006,496,1.3315266678410191,False
595,0.009111151081367726,1469,1.0105232747742072,False
596,0.00011164106158245002,18,0.6328281958897909,False
597,0.0008621170866644752,139,1.2044895630088641,False
598,0.0005271939019171251,85,15.359612978205961,False
599,3.721368719415001e-05,6,1.6300109227498372,False
600,0.0007318691814849501,118,1.2472680554551594,False
601,0.0012838722081981752,207,1.1201344187132978,False
602,0.00015505702997562504,25,9.634509735107422,False
603,0.0016932227673338255,273,1.0395211754264413,False
604,0.0003101140599512501,50,1.1467598247528077,False
605,0.012057234650904603,1944,4.924690749664856,False
606,0.0021149778888675257,341,2.4251048131422563,False
607,0.009594929014891677,1547,1.3557813191460115,False
608,0.004552474400084351,734,1.0958728455717621,False
609,1.8606843597075006e-05,3,1.308647871017456,False
610,0.004385012807710676,707,2.6403560908208306,False
611,0.0021211801700665505,342,0.9335495620443109,False
612,0.05173322748106754,8341,0.9250991651157497,False
613,0.004980431802817076,803,1.0126716753614053,False
614,0.00021087756076685005,34,8.790135401136736,False
615,0.00016125931117465003,26,9.097429413061876,False
616,0.0014575360817708754,235,1.576593440137011,False
617,0.0014823452065669753,239,2.2384751062512898,False
618,0.00021087756076685005,34,7.324592404505786,False
619,0.0034980865962501006,564,1.3192855770706284,False
620,0.0006326326823005501,102,1.3852435595848982,False
621,8.062965558732502e-05,13,1.3864605610187237,False
622,0.0005706098703103001,92,2.156345456838608,False
623,0.0038764257493906257,625,1.228774249458313,False
624,0.0015319634561591754,247,1.371877426560591,False
625,0.00019847299836880003,32,12.23893791809678,False
626,0.0019351117340958004,312,1.6157605036711082,False
627,0.00022328212316490004,36,2.217272016737196,False
628,0.004198944371739926,677,1.7714836178361224,False
629,0.0024623056360129256,397,2.805300325230327,False
630,0.0025801489787944006,416,1.7911604018165515,False
631,0.0004713733711259001,76,3.4906579852104187,False
632,0.004738542836055101,764,0.8493852615356445,False
633,0.0066550477265538265,1073,0.7491005722429857,False
634,0.0004961824959220001,80,2.4522968873381616,False
635,0.005569648516724451,898,2.4924472472184487,False
636,0.0018792912033045754,303,0.8907573569332412,False
637,0.0007070600566888501,114,2.8796355222400867,False
638,0.0025243284480031755,407,2.2966474760369526,False
639,0.0021397870136636256,345,1.7882203102111816,False
640,0.00022948440436392506,37,7.14154044357506,False
641,0.005395984643151751,870,3.5601452687690998,False
642,0.0012776699269991503,206,1.2408951468838072,False
643,0.00016125931117465003,26,2.40912847335522,False
644,0.005724705546700076,923,0.8992393347449835,False
645,0.0020653596392753255,333,0.7855145387105398,False
646,0.0025863512599934254,417,1.400629848599148,False
647,0.003634536782628651,586,1.4983783549416188,False
648,0.0028530493515515004,460,1.4665586212406987,False
649,0.0004279574027327251,69,1.8352866207343945,False
650,0.0022700349188431506,366,1.7992255964565798,False
651,0.0007628805874800752,123,2.679233459922356,False
652,0.0022018098256538754,355,1.3081288169807113,False
653,0.0004651710899268751,75,1.6824699767430624,False
654,0.0020901687640714254,337,0.8837986756503051,False
655,0.0015877839869504003,256,1.5929032964631915,False
656,0.0024499010736148755,395,4.968617287466798,False
657,0.00019847299836880003,32,2.395398396998644,False
658,0.0023072486060373007,372,0.8685978516455619,False
659,0.013589198107063778,2191,1.496216474957033,False
660,0.0017056273297318754,275,1.5978778301585805,False
661,0.0008993307738586252,145,7.8429044986593315,False
662,0.0033368272850754508,538,0.9655942908006973,False
663,0.0009179376174557002,148,2.1386771628985533,False
664,0.013192252110326179,2127,0.8524510850354882,False
665,0.00016125931117465003,26,10.175301652688246,False
666,0.0020715619204743504,334,1.988276420596117,False
667,0.0028468470703524756,459,1.573356602446446,False
668,0.0005395984643151751,87,2.7188954271119217,False
669,0.0003411254659463751,55,5.640067521008578,False
670,0.004242360340133101,684,1.9165186453283878,False
671,0.00023568668556295006,38,1.9801104978511208,False
672,0.0006698463694947001,108,1.2001975189756464,False
673,0.0006636440882956752,107,1.3449775726995736,False
674,0.0018606843597075004,300,1.4896758075555165,False
675,0.012088246056899728,1949,0.5953170821384138,False
676,0.0022948440436392505,370,1.4432908035613394,False
677,0.0018792912033045754,303,3.1311018333183265,False
678,0.0004589688087278501,74,3.825052399893065,False
679,0.0022390235128480255,361,1.916390518402459,False
680,0.00020467527956782505,33,1.415307500145652,False
681,0.0008311056806693502,134,4.230874688767675,False
682,0.0020219436708821506,326,1.5440455470348429,False
683,0.0004217551215337001,68,4.855513833901462,False
684,0.0043043831521233505,694,3.597368970040973,False
685,0.00013024790517952503,21,12.116449435551962,False
686,0.0018854934845036005,304,1.436256490255657,False
687,0.0022142143880519256,357,1.4082832954177003,False
688,0.0011164106158245003,180,1.2486038910018074,False
689,0.008658384553838902,1396,1.3130056521612457,False
690,0.0029832972567310255,481,0.9193328886666565,False
691,1.8606843597075006e-05,3,0.8745143413543701,False
692,0.0020839664828724005,336,2.203940005174705,False
693,0.0005395984643151751,87,2.0925750129524316,False
694,0.0017118296109309005,276,1.4656836589177449,False
695,0.0009489490234508252,153,1.2258307411779765,False
696,0.00016125931117465003,26,1.7004189124474158,False
697,0.0003287209035483251,53,1.592100460574312,False
698,0.011027655971866453,1778,0.5862127728885955,False
699,0.00031631634115027505,51,1.931060978010589,False
700,0.00025429352916002504,41,1.580197587245848,False
701,0.00036593459074247506,59,11.682351587182385,False
702,0.0022390235128480255,361,1.6721317857256226,False
703,0.00013024790517952503,21,3.9721508480253673,False
704,0.00017986615477172505,29,2.101063900980456,False
705,0.0007442737438830002,120,2.5325580994288126,False
706,0.004267169464929201,688,1.6695339787144994,False
707,0.0022576303564451005,364,1.3821299390478448,False
708,0.00019847299836880003,32,5.972601775079966,False
709,0.0007194646190869002,116,1.541337553797097,False
710,8.062965558732502e-05,13,1.820328107246986,False
711,0.0008124988370722751,131,1.4978368282318115,False
712,0.00022328212316490004,36,1.8586119082238939,False
713,0.0005520030267132251,89,1.54576831855131,False
714,0.003349231847473501,540,1.153043606987706,False
715,0.02191265947615533,3533,1.2753363227560808,False
716,0.0010109718354410753,163,2.192264164883666,False
717,0.0005023847771210251,81,2.863027881692957,False
718,7.442737438830002e-05,12,1.2688196301460266,False
719,8.683193678635003e-05,14,8.906982779502869,False
720,0.013502366170277428,2177,0.6422026024863542,False
721,1.8606843597075006e-05,3,0.9694770177205404,False
722,0.0018296729537123754,295,1.6242993823552536,False
723,0.0019537185776928754,315,2.216854588947599,False
724,2.4809124796100004e-05,4,1.066256821155548,False
725,0.00013645018637855003,22,3.010270682248202,False
726,0.0019599208588919003,316,2.44221395820002,False
727,0.0026235649471875754,423,6.352520941560714,False
728,0.0020343482332802003,328,1.1954452235524247,False
729,0.005631671328714701,908,1.0617462233824877,False
730,4.961824959220001e-05,8,1.8552520871162415,False
731,4.341596839317501e-05,7,2.3612514904567172,False
732,0.014928890846053179,2407,0.6370262574693896,False
733,0.0002666980915580751,43,5.3076538623765455,False
734,0.011362579156613803,1832,0.7482338394140052,False
735,0.0010171741166401002,164,1.4825924242415078,False
736,0.003082533755915426,497,1.082301854607565,False
737,0.008819643865013552,1422,1.2955257883387108,False
738,0.005340164112360526,861,0.6735851547305454,False
739,0.0019475162964938504,314,4.342283608427473,False
740,0.010060100104818552,1622,0.7585522026080826,False
741,0.007585389906407577,1223,0.9078499723046116,False
742,0.0002666980915580751,43,1.657682180404663,False
743,0.006481383852981126,1045,0.7761214388614637,False
744,6.202281199025002e-05,10,1.6212542295455932,False
745,0.0035104911586481507,566,0.8492150576291573,False
746,0.0003597323095434501,58,2.125910656205539,False
747,0.003870223468191601,624,0.8538658389678369,False
748,0.0014513338005718503,234,1.1102324158717425,False
749,0.005817739764685451,938,1.5642874418799557,False
750,0.00019227071716977504,31,9.350720682451803,False
751,0.0017366387357270004,280,1.18034066259861,False
752,0.0015505702997562505,250,2.4852246894836427,False
753,0.0011970402714118252,193,2.1981007774876806,False
754,0.0028840607575466256,465,1.5124935296274,False
755,0.045444114345256185,7327,2.733077384414558,False
756,0.005873560295476676,947,1.310205107127978,False
757,0.0008435102430674002,136,1.2061819074785007,False
758,0.0021273824512655754,343,2.6276743801272646,False
759,0.0008993307738586252,145,1.3485815837465485,False
760,0.0011908379902128004,192,1.6088713233669598,False
761,0.004484249306895076,723,1.1792993308102937,False
762,0.0009613535858488752,155,1.605785329880253,False
763,0.0017800547041201755,287,1.312466446946307,False
764,0.0011846357090137753,191,3.2955711718005034,False
765,0.00025429352916002504,41,6.932801502506908,False
766,1.8606843597075006e-05,3,0.5867120424906412,False
767,0.009694165514076078,1563,8.59633989297497,False
768,0.0024126873864207254,389,2.0790748246837705,False
769,0.0017056273297318754,275,2.2249192649667915,False
770,0.06191737320986659,9983,0.7771875671307238,False
771,0.0011536243030186503,186,1.7634626908968853,False
772,0.0032810067542842257,529,1.351958852634538,False
773,0.00031631634115027505,51,2.082865256889194,False
774,0.004564878962482401,736,0.841546902190084,False
775,0.0021707984196587503,350,1.7530067130497524,False
776,0.0031383542867066505,506,0.9006974831400182,False
777,0.0017242341733289504,278,3.651376605891495,False
778,4.341596839317501e-05,7,1.5085942574909754,False
779,0.0004155528403346751,67,6.290478224184976,False
780,0.0005954189951064002,96,1.4426651696364086,False
781,0.004645508618069726,749,1.0188968140229047,False
782,0.0012094448338098754,195,3.936879539489746,False
783,0.009601131296090703,1548,1.5584663593183807,False
784,3.721368719415001e-05,6,1.5752428770065308,False
785,0.0012218493962079253,197,1.743503876749029,False
786,0.0020405505144792256,329,1.2601220875887886,False
787,0.0014141201133777003,228,0.9306492768881613,False
788,0.00019227071716977504,31,2.5451051265962663,False
789,0.0012156471150089002,196,2.0525274033449135,False
790,0.0005458007455142001,88,1.316676294261759,False
791,0.003584918533036451,578,1.0952259826000175,False
792,0.0027165991651729505,438,0.9753369114714671,False
793,0.0033988500970657007,548,1.0401036761102884,False
794,0.0020963710452704507,338,2.1597558831322123,False
795,0.00014265246757757502,23,16.35187678751738,False
796,0.0022204166692509505,358,1.7308391472480817,False
797,0.0010543878038342502,170,1.5056856435887953,False
798,0.0013582995825864753,219,2.2549552416692586,False
799,0.00016746159237367503,27,1.9567414433867842,False
800,0.005030050052409276,811,0.9523457234355583,False
801,0.005892167139073751,950,1.3802488849037573,False
802,0.0007566783062810502,122,4.672155024575406,False
803,0.004341596839317501,700,1.7732729852199554,False
804,0.015139768406820029,2441,1.205509925171861,False
805,0.0028654539139495506,462,2.9113475089465384,False
806,0.005346366393559551,862,0.9469667590134658,False
807,0.0019475162964938504,314,1.246804120813965,False
808,0.00011784334278147503,19,0.9637230446464137,False
809,0.0029088698823427255,469,3.7196248879056495,False
810,0.0004465642463298001,72,1.4673448138766818,False
811,0.0070023754736992265,1129,0.7509445447220646,False
812,0.00020467527956782505,33,0.7328813076019287,False
813,0.0007442737438830002,120,0.9887641002734502,False
814,0.0017056273297318754,275,1.3120066304640337,False
815,0.0013831087073825753,223,1.944035774923761,False
816,0.004087303310157476,659,0.9815880427411185,False
817,0.00039694599673760006,64,2.0051233172416687,False
818,0.0021770007008577756,351,1.4559141441627785,False
819,0.004496653869293126,725,1.6234516549932545,False
820,0.00010543878038342502,17,3.0126907685223747,False
821,0.0031073428807115258,501,3.9824628782367517,False
822,0.003405052378264726,549,0.9778385574917542,False
823,0.0020591573580763006,332,1.4775878305894783,False
824,3.101140599512501e-05,5,1.041581964492798,False
825,0.00011784334278147503,19,1.7610129117965698,False
826,0.0007256669002859252,117,1.0689872758001344,False
827,3.721368719415001e-05,6,10.651850620905558,False
828,0.0002666980915580751,43,1.6710542634476062,False
829,0.0026917900403768506,434,1.0831318275170392,False
830,0.003541502564643276,571,1.091951238503598,False
831,0.0019971345460860503,322,1.6678226808583514,False
832,1.8606843597075006e-05,3,24.79873005549113,False
833,0.0023196531684353504,374,1.743346526661021,False
834,0.003237590785891051,522,0.9704924808151421,False
835,0.006134056105835726,989,1.5001785439355309,False
836,0.0019041003281006755,307,1.4612895157127506,False
837,0.0012094448338098754,195,1.182102768849104,False
838,0.005972796794661076,963,1.0689053758282527,False
839,0.0003597323095434501,58,1.4132509067140777,False
840,0.0009985672730430252,161,3.0181860064867863,False
841,0.00018606843597075004,30,1.0946034789085388,False
842,0.0036097276578325507,582,1.230979133307729,False
843,0.0011164106158245003,180,1.4722359816233317,False
844,6.822509318927501e-05,11,2.000653483650901,False
845,0.002741408289969051,442,2.39541750795701,False
846,0.013427938795889128,2165,2.0831481678105943,False
847,0.0022266189504499753,359,2.0262499838486354,False
848,5.582053079122501e-05,9,1.1886809402041965,False
849,0.0004651710899268751,75,6.0950575415293375,False
850,0.004992836365215126,805,1.6738693797070048,False
851,0.0008311056806693502,134,2.4548714694692126,False
852,0.0011102083346254752,179,1.7604003298882,False
853,0.0003473277471454001,56,5.896748985563006,False
854,0.0007566783062810502,122,10.59204500718195,False
855,0.004676520024064851,754,1.1261064519300386,False
856,0.0006140258387034752,99,1.2945352274962145,False
857,0.0024747101984109753,399,2.8730008145024004,False
858,0.0007566783062810502,122,1.5824321488865087,False
859,0.00036593459074247506,59,9.044612272311065,False
860,0.0007194646190869002,116,5.540057953061728,False
861,0.0003721368719415001,60,1.5392233689626058,False
862,0.0007566783062810502,122,1.7050212768257642,False
863,0.0010419832414362003,168,1.0391312383470082,False
864,3.721368719415001e-05,6,1.8773875832557678,False
865,0.0008559148054654502,138,1.3716545683750208,False
866,0.0013582995825864753,219,1.4706575402386113,False
867,0.013465152483083278,2171,3.320638101257964,False
868,0.00030391177875222506,49,1.8431832206492522,False
869,0.0,0,0.0,True
870,0.0003411254659463751,55,2.481224779649214,False
871,0.0006450372446986001,104,1.2547551118410551,False
872,0.00013645018637855003,22,0.8711464730176058,False
873,0.0022266189504499753,359,3.0377112826265003,False
874,0.0024747101984109753,399,1.534788389552506,False
875,0.0013396927389894002,216,1.4866681441112801,False
876,0.004496653869293126,725,0.8580944074433425,False
877,0.0038764257493906257,625,0.7222606491088868,False
878,0.0013148836141933004,212,0.8978336222891538,False
879,0.00017366387357270005,28,1.5098485010010856,False
880,0.0004899802147229751,79,2.0747593022600004,False
881,0.009979470449231228,1609,2.0973588832051506,False
882,0.00018606843597075004,30,1.553964610894521,False
883,0.0057557169526952015,928,1.054035652300407,False
884,0.0003907437155385751,63,5.7849432778736904,False
885,0.0005706098703103001,92,1.365317298018414,False
886,0.0011474220218196253,185,12.858681274104763,False
887,0.0007938919934752001,128,9.780206326395273,False
888,0.005743312390297151,926,6.540124325978833,False
889,6.822509318927501e-05,11,1.4805978428233753,False
890,0.0008745216490625251,141,1.5060870715066896,False
891,0.00011784334278147503,19,2.4665004705127918,False
892,1.2404562398050002e-05,2,0.5746862888336182,False
893,0.0007070600566888501,114,6.882163420058133,False
894,0.0009241398986547252,149,1.735701852196815,False
895,0.021980884569344605,3544,1.1005779701215688,False
896,0.04623180405753236,7454,0.7221935657064174,False
897,0.13271021081553797,21397,1.3591618547485482,False
898,0.0022700349188431506,366,2.653422804803796,False
899,7.442737438830002e-05,12,3.29238490263621,False
900,0.0029398812883378506,474,2.5618367529619595,False
901,0.003615929939031576,583,1.4507511007642664,False
902,0.0006822509318927502,110,0.9948834863576022,False
903,0.0021583938572607006,348,1.5083927121655694,False
904,0.00010543878038342502,17,3.6447024485644173,False
905,0.00010543878038342502,17,4.851486823138068,False
906,0.0017924592665182254,289,2.2282212844769433,False
907,0.0008187011182713002,132,7.28235516855211,False
908,0.0020281459520811755,327,4.29719646115551,False
909,0.0012218493962079253,197,1.032689611318753,False
910,0.0014141201133777003,228,6.333449164503499,False
911,0.00013024790517952503,21,2.3214581920987083,False
912,0.004167932965744801,672,1.1706228559570653,False
913,0.00014265246757757502,23,11.300309803174889,False
914,0.0026111603847895257,421,1.8422902326968957,False
915,0.00035353002834442507,57,1.7013122408013595,False
916,0.0010047695542420502,162,1.5708140429155326,False
917,0.026248054034273806,4232,0.8025442044090458,False
918,0.0004155528403346751,67,3.1687662174452598,False
919,0.006096842418641576,983,1.1971210358950517,False
920,0.0030701291935173757,495,1.8499995525437172,False
921,0.011188915283041103,1804,0.7212288887167717,False
922,0.005030050052409276,811,1.756503429718582,False
923,0.0006636440882956752,107,1.7516642552669917,False
924,0.0020467527956782505,330,1.7698965614492244,False
925,0.0009799604294459501,158,1.5402234370195413,False
926,0.0004899802147229751,79,5.8108438419390325,False
927,0.0008497125242664252,137,0.9433647228853546,False
928,0.0012776699269991503,206,1.1563515281214298,False
929,0.0018358752349114005,296,1.3096690673280407,False
930,0.0009489490234508252,153,1.3385165571387296,False
931,0.0025243284480031755,407,1.0727809518209546,False
932,0.0006946554942908002,112,1.58507296868733,False
933,0.00030391177875222506,49,1.8496615911016658,False
934,0.020070581960044905,3236,0.8638069449897455,False
935,0.0036841550322208507,594,1.4376259387944283,False
936,0.00015505702997562504,25,1.9841884422302245,False
937,0.003522895721046201,568,0.816754229471717,False
938,6.202281199025001e-06,1,0.7311229705810547,False
939,0.0009861627106449752,159,1.6032804700563539,False
940,0.012454180647642202,2008,0.7610161522945085,False
941,0.003696559594618901,596,2.287367251895418,False
942,4.341596839317501e-05,7,1.9796576159340995,False
943,0.00013645018637855003,22,16.448541630398143,False
944,0.0015071543313630753,243,0.9803061372458689,False
945,0.00020467527956782505,33,13.26432266741088,False
946,0.0028840607575466256,465,0.9678932748815064,False
947,0.0011908379902128004,192,1.2760929732273023,False
948,0.0017242341733289504,278,1.6278751634007735,False
949,0.0012900744893972003,208,1.7519382994908552,False
950,0.027141182526933406,4376,2.4760229038364057,False
951,0.0021025733264694755,339,1.3113530849636832,False
952,0.0020405505144792256,329,1.6792807216702261,False
953,0.0013831087073825753,223,1.4217675384384634,False
954,0.005482816579938102,884,1.8396690118366776,False
955,0.0004031482779366251,65,7.804276869847224,False
956,0.0004837779335239501,78,2.1434610745845695,False
957,0.0015815817057513754,255,1.1262607406167422,False
958,0.0018730889221055505,302,2.907155109557095,False
959,8.062965558732502e-05,13,2.5198405339167667,False
960,0.0009799604294459501,158,4.704130439064171,False
961,0.003833009780997451,618,2.3495419013847427,False
962,0.003671750469822801,592,1.1497008734055467,False
963,0.0021397870136636256,345,1.4277914921442667,False
964,4.341596839317501e-05,7,0.8780971254621234,False
965,0.004496653869293126,725,0.9679250105496111,False
966,0.0037585824066091508,606,1.0676230784296596,False
967,0.0020467527956782505,330,2.196366393927372,False
968,0.0004341596839317501,70,2.013556102343968,False
969,0.00025429352916002504,41,1.4617802747866002,False
970,3.101140599512501e-05,5,0.9369989395141601,False
971,0.00020467527956782505,33,3.7450343225941514,False
972,0.008050560996334452,1298,1.3145969039853806,False
973,0.0011970402714118252,193,3.5665352764524942,False
974,0.0005085870583200501,82,1.5918638575367812,False
975,0.00014885474877660004,24,1.5631477336088817,False
976,0.0011722311466157253,189,1.5891213271983717,False
977,0.003560109408240351,574,3.167651282370298,False
978,6.202281199025002e-05,10,4.3653371930122375,False
979,0.0032127816610949505,518,1.245535582188934,False
980,0.0009489490234508252,153,1.1900730740790273,False
981,0.005848751170680577,943,0.8705744621988825,False
982,0.0010543878038342502,170,1.4706566705423243,False
983,0.005061061458404401,816,1.6864612196006028,False
984,0.007945122215951027,1281,0.9795838483695776,False
985,0.0029584881319349257,477,2.382581908747835,False
986,0.01774472651041053,2861,14.089391834916706,False
987,0.0020157413896831253,325,1.566416875399076,False
988,0.003690357313419876,595,0.9602138535315249,False
989,0.0019909322648870255,321,1.7120999160956742,False
990,0.28825101872468695,46475,1.7500346550985073,False
991,0.005582053079122501,900,1.406767792834176,False
992,0.0007380714626839752,119,1.8849236995232206,False
993,0.026924102684967532,4341,1.2755562009637846,False
994,0.00019847299836880003,32,1.458711214363575,False
995,0.00029150721635417507,47,1.3164712063809658,False
996,0.006927948099310926,1117,0.6850765270106794,False
997,0.009973268168032201,1608,1.4730589899850721,False
998,0.0003287209035483251,53,1.9217881571571782,False
999,0.0008993307738586252,145,1.192249243834923,False
1000,0.0019599208588919003,316,1.3124036109900172,False
1001,0.002952285850735901,476,0.9388651407065511,False
1002,0.0014327269569747753,231,1.2692335044150744,False
1003,0.003082533755915426,497,1.2313974985414349,False
1004,0.0007194646190869002,116,1.9741548895835876,False
1005,0.0007380714626839752,119,2.1161906258398746,False
1006,0.0023754736992265754,383,1.1643643559737242,False
1007,0.006859723006121652,1106,1.0929407655222723,False
1008,0.0021149778888675257,341,1.2110885182433813,False
1009,0.0015567725809552753,251,3.7518621241428938,False
1010,0.0011660288654167003,188,2.946066436615396,False
1011,0.0010109718354410753,163,1.6691622792577452,False
1012,9.923649918440002e-05,16,1.036934107542038,False
1013,0.0006946554942908002,112,1.3601151938949312,False
1014,0.00021707984196587504,35,1.2806907824107578,False
1015,0.0023940805428236504,386,1.4400824941501715,False
1016,0.0007814874310771502,126,1.7706305621162293,False
1017,3.101140599512501e-05,5,3.7498953342437744,False
1018,0.0019227071716977505,310,1.823673915093945,False
1019,0.0003907437155385751,63,1.2929426829020183,False
1020,0.003467075190254976,559,3.1451904266166344,False
1021,0.005346366393559551,862,1.1606306235917483,False
1022,0.0013086813329942753,211,1.2441409368650609,False
1023,0.0013707041449845254,221,1.2024068476387817,False
1024,0.00030391177875222506,49,10.043086129791883,False
1025,0.0010729946474313252,173,1.4360367645418024,False
1026,0.0025801489787944006,416,1.5517415043253164,False
1027,0.00021707984196587504,35,1.0958654505865915,False
1028,0.004986634084016101,804,1.6887197865182488,False
1029,0.0006016212763054251,97,5.574170122441557,False
1030,0.0017800547041201755,287,3.1185581360129113,False
1031,0.0008373079618683752,135,2.3857738123999703,False
1032,0.003926043998982826,633,7.311680386981693,False
1033,0.0011474220218196253,185,1.3899072634207237,False
1034,0.0037213687194150007,600,1.0613217528661092,False
1035,0.0017056273297318754,275,2.270192366513339,False
1036,0.0014761429253679504,238,1.8905689465899427,False
1037,0.0023568668556295004,380,1.7299189445219543,False
1038,0.0024995193232070756,403,1.3497886302749218,False
1039,0.00029150721635417507,47,6.716769226053928,False
1040,0.0021645961384597254,349,1.5464076879714486,False
1041,0.0013210858953923252,213,1.6661729946942396,False
1042,0.0007256669002859252,117,1.7248008862519875,False
1043,0.0027910265395612506,450,3.3818316131167943,False
1044,0.0005271939019171251,85,9.14524862205281,False
1045,0.0006822509318927502,110,2.9614929686893117,False
1046,0.0029584881319349257,477,1.8072725786852886,False
1047,0.0014637383629699002,236,3.337988009897329,False
1048,0.0023010463248382754,371,2.4651939287339903,False
1049,0.0004713733711259001,76,6.632636390234294,False
1050,0.0005147893395190752,83,2.6329001662242844,False
1051,0.0007194646190869002,116,1.4697863264330502,False
1052,0.005067263739603426,817,1.8292596343097662,False
1053,6.202281199025002e-05,10,2.3631936073303224,False
1054,0.0025119238856051254,405,0.9935575720704632,False
1055,5.582053079122501e-05,9,3.8090712229410806,False
1056,0.0021149778888675257,341,1.4083225415948548,False
1057,0.0008807239302615502,142,7.275898168624287,False
1058,0.0022142143880519256,357,1.4505887919781255,False
1059,0.004943218115622926,797,0.834696760740005,False
1060,0.0005085870583200501,82,2.570820853477571,False
1061,0.0014017155509796504,226,1.3351470042118985,False
1062,0.005588255360321526,901,0.6658057658442117,False
1063,0.0019227071716977505,310,2.0954330228990123,False
1064,0.0032686021918861756,527,1.0751565172278676,False
1065,0.0021770007008577756,351,0.7294234149476402,False
1066,0.0007442737438830002,120,6.437181098262469,False
1067,0.0002480912479610001,40,9.527551272511483,False
1068,0.004093505591356501,660,1.4843798137072362,False
1069,0.04180337528142851,6740,6.486433333671411,False
1070,0.0033430295662744756,539,0.9861212126178069,False
1071,0.0021770007008577756,351,1.5681030349514085,False
1072,0.0004465642463298001,72,8.358095440599653,False
1073,0.00012404562398050004,20,1.698428452014923,False
1074,0.00013024790517952503,21,5.448469389052618,False
1075,4.961824959220001e-05,8,1.5267435610294342,False
1076,0.005309152706365401,856,1.5441916501410653,False
1077,0.003938448561380876,635,1.2997658205783273,False
1078,0.006320124541806476,1019,0.7949821689294997,False
1079,0.0034174569406627757,551,1.6888122575901814,False
1080,0.0022328212316490006,360,0.8403414573934344,False
1081,0.0009179376174557002,148,6.9264883793689105,False
1082,0.0021521915760616753,347,2.5718698735195895,False
1083,1.2404562398050002e-05,2,0.5994669198989868,False
1084,0.003764784687808176,607,0.8601560262714618,False
1085,1.8606843597075006e-05,3,1.6731219291687012,False
1086,6.822509318927501e-05,11,0.7746019796891646,False
1087,0.0024188896676197507,390,1.4467326870331398,False
1088,0.0007318691814849501,118,1.42375362525552,False
1089,0.0024561033548139008,396,1.5861417431421954,False
1090,0.013217061235122278,2131,0.859514419040116,False
1091,0.0003845414343395501,62,1.3063108824914502,False
1092,0.0018296729537123754,295,1.318023597183874,False
1093,1.8606843597075006e-05,3,1.2137848536173503,False
1094,0.0004403619651307751,71,8.219861933882807,False
1095,0.0021335847324646007,344,1.9969682579123698,False
1096,0.006016212763054252,970,1.8171274412538587,False
1097,0.0014389292381738004,232,1.9617872618395706,False
1098,8.683193678635003e-05,14,2.513791229043688,False
1099,0.0021894052632558253,353,1.159416475647232,False
1100,0.003957055404977951,638,1.4772919225842227,False
1101,0.0021583938572607006,348,1.3629644985856681,False
1102,0.0017118296109309005,276,1.422055278999218,False
1103,0.008490922961465227,1369,0.9914742881490681,False
1104,0.0007690828686791001,124,1.9928600865025674,False
1105,0.0014947497689650254,241,4.430768963706939,False
1106,0.00016125931117465003,26,2.1972584220079274,False
1107,0.0010171741166401002,164,1.2527349198736795,False
1108,0.010860194379492778,1751,0.8773150548194218,False
1109,0.0015505702997562505,250,1.1502336711883545,False
1110,0.00020467527956782505,33,8.878004095771097,False
1111,0.0022452257940470503,362,1.5720163544238601,False
1112,0.0008249033994703252,133,1.5912777615669078,False
1113,0.0007690828686791001,124,1.7485504015799491,False
1114,9.923649918440002e-05,16,1.3755931481719017,False
1115,6.202281199025001e-06,1,2.672780990600586,False
1116,0.0007442737438830002,120,2.669544545809428,False
1117,0.005271939019171251,850,1.1197993882964639,False
1118,0.0024561033548139008,396,0.7491065938063343,False
1119,0.006239494886219152,1006,1.1709134488646127,False
1120,0.0014389292381738004,232,1.4956964295485924,False
1121,0.019152644342589203,3088,0.8446060536438937,False
1122,0.0005830144327083501,94,1.5367125386887408,False
1123,0.0023754736992265754,383,0.8336825492176624,False
1124,0.0005954189951064002,96,1.9923337548971176,False
1125,0.00014885474877660004,24,1.9461747854948044,False
1126,0.022675540063635403,3656,0.6210723528455071,False
1127,0.0008869262114605752,143,1.7491981349624954,False
1128,0.005619266766316651,906,1.1234954335042182,False
1129,0.0004775756523249251,77,3.079898753723541,False
1130,0.0009179376174557002,148,17.79991999510172,False
1131,0.0019351117340958004,312,1.2146987311350994,False
1132,0.006506192977777226,1049,1.0516038181897682,False
1133,0.0025243284480031755,407,2.0312670176386542,False
1134,0.0005085870583200501,82,4.807239956972076,False
1135,0.003218983942293976,519,0.7222940809235178,False
1136,0.0006078235575044501,98,1.237326639039176,False
1137,0.003374040972269601,544,1.0470761875895893,False
1138,0.01927048768537068,3107,0.947998550262795,False
1139,0.006282910854612326,1013,1.0515114618548047,False
1140,0.0002666980915580751,43,1.541801649470662,False
1141,5.582053079122501e-05,9,2.121207184261746,False
1142,0.0004341596839317501,70,2.076421311923436,False
1143,0.0025429352916002505,410,1.0378326049665125,False
1144,0.00032251862234930007,52,1.3342971687133496,False
1145,0.005916976263869851,954,1.1541331727799629,False
1146,0.0012404562398050003,200,1.18119085252285,False
1147,0.0019165048904987254,309,2.289027419676673,False
1148,0.015567725809552754,2510,0.9055253321431073,False
1149,0.0010419832414362003,168,1.2166106005509694,False
1150,0.0036469413450267007,588,3.2608721325186645,False
1151,0.0007504760250820251,121,2.080183178925317,False
1152,0.011933189026924102,1924,1.084139251597458,False
1153,0.0015939862681494253,257,1.5839005393276882,False
1154,0.00039694599673760006,64,11.44395737349987,False
1155,0.006909341255713851,1114,1.218656554898411,False
1156,0.0009799604294459501,158,1.3154630947716628,False
1157,0.0003845414343395501,62,8.14697156413909,False
1158,0.0005458007455142001,88,1.394891396164894,False
1159,0.00016125931117465003,26,2.9687856985972476,False
1160,0.0018048638289162753,291,1.7116689833578784,False
1161,0.004670317742865826,753,0.9677094045388271,False
1162,0.0017800547041201755,287,1.6593118752336669,False
1163,0.016758563799765553,2702,1.8187447749271295,False
1164,0.0003411254659463751,55,1.6593872113661332,False
1165,0.0023506645744304755,379,1.484119837076494,False
1166,9.303421798537502e-05,15,1.3549819628397624,False
1167,0.0019661231400909256,317,0.9363078924383651,False
1168,0.004583485806079476,739,2.800566242899398,False
1169,0.024350155987372155,3926,1.1664652151534343,False
1170,0.004682722305263876,755,1.4984930707918886,False
1171,0.0021025733264694755,339,1.8017535026797855,False
1172,0.006624036320558702,1068,1.4029382078835133,False
1173,0.005092072864399526,821,2.521627486115106,False
1174,0.00020467527956782505,33,4.273496494148716,False
1175,9.303421798537502e-05,15,2.028434975941976,False
1176,0.0004155528403346751,67,9.345660291500945,False
1177,0.00022948440436392506,37,0.9762835695936873,False
1178,6.822509318927501e-05,11,1.2569000070745295,False
1179,0.017068677859716806,2752,1.0549758713432522,False
1180,8.683193678635003e-05,14,1.2587761112621851,False
1181,0.00028530493515515004,46,2.4140970862430073,False
1182,0.0007938919934752001,128,1.563669458962977,False
1183,0.018061042851560804,2912,1.4569530500160468,False
1184,0.003659345907424751,590,1.0073041818909725,False
1185,0.0010978037722274253,177,1.133849716455923,False
1186,0.0013893109885816004,224,2.2500271467225894,False
1187,0.0027848242583622257,449,1.4539533242881961,False
1188,0.003256197629488126,525,1.2339223014740717,False
1189,0.00017986615477172505,29,10.379419458323511,False
1190,0.0024871147608090255,401,1.804746688452742,False
1191,0.0008993307738586252,145,0.9522669060476895,False
1192,0.03144556567905676,5070,0.6569246160443247,False
1193,0.0022080121068529003,356,1.3810008302163541,False
1194,6.822509318927501e-05,11,1.9690020192753186,False
1195,8.683193678635003e-05,14,2.248819495950426,False
1196,0.0010171741166401002,164,1.2150890260207943,False
1197,0.0023320577308334005,376,1.5421435528613152,False
1198,0.006679856851349927,1077,1.254559853393498,False
1199,0.0002480912479610001,40,5.05917309820652,False
1200,0.0004031482779366251,65,1.1237295370835525,False
1201,0.00039694599673760006,64,1.3499955125153065,False
1202,0.016609709050988953,2678,0.6146107838169864,False
1203,0.0002791026539561251,45,1.4161641995112102,False
1204,0.0008683193678635002,140,2.0060555730547223,False
1205,0.0013582995825864753,219,1.1155787374330983,False
1206,0.0023320577308334005,376,2.4327571788366806,False
1207,0.0014203223945767254,229,3.8039363461290385,False
1208,0.0013458950201884253,217,1.5054799829210554,False
1209,0.00023568668556295006,38,0.9486458552511114,False
1210,0.0023196531684353504,374,1.925820902707105,False
1211,0.0022824394812412004,368,1.7509564792980319,False
1212,0.005098275145598551,822,1.8991023709594188,False
1213,0.0026111603847895257,421,1.6046378527571072,False
1214,0.0031073428807115258,501,1.3192585637707435,False
1215,0.0019041003281006755,307,1.7664791749432343,False
1216,0.0012094448338098754,195,1.7166222144395877,False
1217,0.0004775756523249251,77,8.738997205511316,False
1218,0.0005209916207181001,84,7.644276352155776,False
1219,0.0029150721635417508,470,1.9569835533487037,False
1220,0.0006078235575044501,98,10.339910093618899,False
1221,0.00033492318474735006,54,5.7785416024702565,False
1222,0.0016808182049357753,271,1.273932064151412,False
1223,0.013210858953923254,2130,0.9080646067158157,False
1224,0.003746177844211101,604,1.6446066601386924,False
1225,0.00013645018637855003,22,1.3778517029502175,False
1226,0.0004403619651307751,71,1.8817046427390944,False
1227,0.0014823452065669753,239,1.5056574693783558,False
1228,0.0019785277024889753,319,1.8390701332809782,False
1229,0.00013024790517952503,21,1.6174137138185047,False
1230,0.0026173626659885506,422,2.2687501698308647,False
1231,0.00013645018637855003,22,2.769514972513372,False
1232,0.00023568668556295006,38,4.912182023650722,False
1233,0.0004961824959220001,80,6.362281191349029,False
1234,0.013235668078719353,2134,0.715922418664076,False
1235,0.00016746159237367503,27,4.874798094784772,False
1236,2.4809124796100004e-05,4,2.0189881920814514,False
1237,0.0007566783062810502,122,1.6813385310720226,False
1238,0.0011970402714118252,193,1.3574460232196077,False
1239,0.0010357809602371752,167,1.8384145405478107,False
1240,0.0022266189504499753,359,2.045962397434585,False
1241,3.721368719415001e-05,6,1.6533163984616597,False
1242,0.0035725139706384006,576,1.0912156160920858,False
1243,0.00021087756076685005,34,2.2503683602108673,False
1244,0.0026421717907846505,426,0.7906274031585371,False
1245,0.020219436708821505,3260,0.9109079185439034,False
1246,0.005489018861137126,885,1.2719065511294003,False
1247,0.00014885474877660004,24,1.2403233548005421,False
1248,0.0010109718354410753,163,1.7007450033550613,False
1249,0.0022080121068529003,356,1.0854121285877871,False
1250,0.003671750469822801,592,1.6027352584374916,False
1251,0.0013582995825864753,219,1.2252153305158222,False
1252,0.0003721368719415001,60,1.1366650362809498,False
1253,0.0027724196959641755,447,0.9787573249014698,False
1254,0.0016187953929455254,261,2.082602442452734,False
1255,0.00010543878038342502,17,1.9636906175052418,False
1256,0.0016870204861348004,272,5.515362172442324,False
1257,1.8606843597075006e-05,3,1.9934368928273518,False
1258,0.0008435102430674002,136,1.3807626138715183,False
1259,0.0003597323095434501,58,8.297167817066455,False
1260,0.0025615421351973255,413,3.718405489194191,False
1261,0.0020219436708821506,326,1.0715474980009114,False
1262,0.0004341596839317501,70,1.3152361563273838,False
1263,6.202281199025002e-05,10,2.063867282867432,False
1264,0.0010605900850332753,171,0.9606562162700453,False
1265,1.2404562398050002e-05,2,0.906474232673645,False
1266,0.0009613535858488752,155,1.7837550901597545,False
1267,0.003640739063827676,587,0.903515717443047,False
1268,0.02328956590233888,3755,1.3703217812447985,False
1269,0.0010667923662323003,172,1.602781620136527,False
1270,0.0031693656927017757,511,1.83022712144833,False
1271,0.013924121291811128,2245,12.121614294965443,False
1272,0.0004155528403346751,67,3.0112938080261005,False
1273,0.0015009520501640503,242,2.2184882434931668,False
1274,0.0020591573580763006,332,1.9542168411145728,False
1275,0.0005954189951064002,96,2.1348103595276675,False
1276,0.00016746159237367503,27,2.3227903798774436,False
1277,0.003312018160279351,534,1.1689358304502366,False
1278,8.062965558732502e-05,13,2.1543457416387706,False
1279,0.005141691113991726,829,2.719656016484388,False
1280,0.0022700349188431506,366,1.5930390071347762,False
1281,0.0017924592665182254,289,2.5497901513914747,False
1282,0.0006140258387034752,99,1.3645821990388813,False
1283,0.0009737581482469252,157,2.5139106550034445,False
1284,0.0020591573580763006,332,1.9779358893991954,False
1285,0.00030391177875222506,49,10.451993990917595,False
1286,0.008205618026310077,1323,1.0182221932385964,False
1287,0.0007566783062810502,122,1.3748889330957756,False
1288,0.0024374965112168257,393,1.2876051461120295,False
1289,0.0012838722081981752,207,3.3202193946654095,False
1290,0.0071140165352816765,1147,0.6131643222120396,False
1291,0.0004155528403346751,67,1.8042899405778343,False
1292,0.0008993307738586252,145,1.5437369930333105,False
1293,0.0012094448338098754,195,5.683696537751418,False
1294,3.101140599512501e-05,5,1.3841186046600342,False
1295,0.0004155528403346751,67,1.335048782291697,False
1296,0.0025739466975953757,415,0.9172895345343165,False
1297,0.0020901687640714254,337,4.212195282520102,False
1298,0.0007628805874800752,123,7.303767107366546,False
1299,0.0030949383183134756,499,0.9638370306553965,False
1300,0.00030391177875222506,49,1.9885493857519967,False
1301,0.0031321520055076256,505,1.0327736073201246,False
1302,0.0022390235128480255,361,1.869738537518932,False
1303,0.0023010463248382754,371,1.5732349475439025,False
1304,0.0005458007455142001,88,4.484969167546793,False
1305,0.009874031668847802,1592,0.7555900231078642,False
1306,0.009402658297721902,1516,1.408006573729905,False
1307,0.0011536243030186503,186,0.9546331987586073,False
1308,1.2404562398050002e-05,2,1.206220269203186,False
1309,0.0019723254212899504,318,1.5837301638141368,False
1310,4.341596839317501e-05,7,2.9027970177786693,False
1311,0.014655990473296078,2363,0.6837463009624828,False
1312,0.0006016212763054251,97,1.9592697030490207,False
1313,0.0018296729537123754,295,6.2888032424247875,False
1314,0.0024871147608090255,401,1.0508368960639782,False
1315,0.0016001885493484504,258,0.9856586428575738,False
1316,0.0013645018637855003,220,4.416554537686435,False
1317,0.022712753750829554,3662,1.2886633464119461,False
1318,0.0010109718354410753,163,1.4440143144935187,False
1319,8.683193678635003e-05,14,2.053470347608839,False
1320,0.0007442737438830002,120,4.618577673037847,False
1321,6.822509318927501e-05,11,1.485856901515614,False
1322,0.010066302386017576,1623,0.9556126051013732,False
1323,0.0022762372000421755,367,1.4815258684210297,False
1324,6.202281199025001e-06,1,0.19053339958190918,False
1325,0.0024064851052217006,388,2.3362614051582886,False
1326,0.00026049581035905006,42,3.1160946374847773,False
1327,0.0024188896676197507,390,1.979532322822473,False
1328,0.003082533755915426,497,1.9472519473530636,False
1329,0.0010853992098293751,175,1.9521347195761545,False
1330,0.004515260712890201,728,0.9365071493845719,False
1331,0.00016746159237367503,27,9.593877836509987,False
1332,0.0024871147608090255,401,7.064831922773709,False
1333,0.0016808182049357753,271,1.4324438334391125,False
1334,0.00023568668556295006,38,8.670136997574254,False
1335,0.0014575360817708754,235,1.485057435644434,False
1336,0.0029212744447407756,471,1.754899905745391,False
1337,0.0027290037275710007,440,1.0989514383402739,False
1338,0.007337298658446577,1183,0.8071053820148123,False
1339,0.0013334904577903754,215,0.8224595713060956,False
1340,0.0017676501417221253,285,1.4489343534436143,False
1341,7.442737438830002e-05,12,3.2752497096856437,False
1342,0.003349231847473501,540,1.0019815109394214,False
1343,0.003045320068721276,491,1.3388461828717388,False
1344,0.0058115374834864265,937,0.8984593880723609,False
1345,0.0020095391084841005,324,2.646133420643983,False
1346,0.005513827985933226,889,0.7592746672399668,False
1347,0.0004217551215337001,68,3.2706013076445637,False
1348,0.0015009520501640503,242,1.793587283162046,False
1349,0.0023816759804256007,384,2.2389132914443812,False
1350,0.005557243954326402,896,1.1543049519615514,False
1351,0.00020467527956782505,33,1.7858165936036543,False
1352,0.0014265246757757502,230,1.0242907399716585,False
1353,0.0016063908305474753,259,1.6595194164850537,False
1354,0.005395984643151751,870,0.7795159833184604,False
1355,0.0023010463248382754,371,1.3821127703890326,False
1356,0.004478047025696051,722,4.0815272872798,False
1357,0.0008124988370722751,131,0.9474790960777807,False
1358,0.0019289094528967753,311,2.5181353069195027,False
1359,0.004850183897637551,782,0.9171526340572426,False
1360,0.0022514280752460756,363,2.7695109968999856,False
1361,0.00035353002834442507,57,1.8409358032962733,False
1362,0.0022948440436392505,370,0.9214538007169156,False
1363,0.0013582995825864753,219,1.3517799524411762,False
1364,0.07314970446130087,11794,1.019212621540382,False
1365,0.0014203223945767254,229,1.3888154670140629,False
1366,0.0025491375727992754,411,3.28505180409935,False
1367,2.4809124796100004e-05,4,1.4172298908233643,False
1368,0.011151701595846953,1798,1.1721579834934868,False
1369,0.007994740465543227,1289,0.6519769020465291,False
1370,0.00021707984196587504,35,1.9057166644505092,False
1371,0.00025429352916002504,41,1.8863194599384214,False
1372,0.0027662174147651507,446,1.4871182741071076,False
1373,0.0005333961831161502,86,1.3347915618918662,False
1374,2.4809124796100004e-05,4,1.9027981758117676,False
1375,0.0028344425079544254,457,0.9938915626225377,False
1376,0.004360203682914576,703,0.7940220588640672,False
1377,0.0004651710899268751,75,1.8863371340433757,False
1378,0.0019909322648870255,321,1.5391453820225607,False
1379,0.0021894052632558253,353,1.9166181080739828,False
1380,0.026508549844632856,4274,0.6004357880167053,False
1381,0.0004713733711259001,76,4.98956875895199,False
1382,0.0034794797526530256,561,1.1992344847762435,False
1383,0.0011474220218196253,185,1.1151668194177988,False
1384,0.00010543878038342502,17,2.3274193791782154,False
1385,0.0023506645744304755,379,4.554072553690002,False
1386,0.00017986615477172505,29,1.362500552473397,False
1387,0.0023878782616246256,385,0.9009484873189555,False
1388,0.0019785277024889753,319,2.142209545571976,False
1389,0.0071140165352816765,1147,0.9071133458936537,False
1390,0.0004651710899268751,75,2.161540463765462,False
1391,0.003367838691070576,543,2.1248769169573847,False
1392,0.00036593459074247506,59,5.475123187242928,False
1393,0.0061216515434376765,987,0.9916193777546211,False
1394,0.0017676501417221253,285,4.488921178851212,False
1395,0.0028840607575466256,465,2.0066339672252695,False
1396,0.0018792912033045754,303,1.9334432484686572,False
1397,0.004695126867661926,757,0.857306937717856,False
1398,0.00039694599673760006,64,1.8834866732358932,False
1399,0.0061030446998406014,984,0.8895255269073858,False
1400,0.013458950201884253,2170,0.8113129163118002,False
1401,0.014922688564854153,2406,0.7153422632320464,False
1402,0.0005147893395190752,83,6.440547994820468,False
1403,0.0009179376174557002,148,5.804221659093289,False
1404,6.202281199025002e-05,10,2.344850516319275,False
1405,0.0026049581035905004,420,2.373533571334112,False
1406,0.00026049581035905006,42,1.2253110664231437,False
1407,0.003746177844211101,604,2.872973784310928,False
1408,0.0011536243030186503,186,1.7080007163427209,False
1409,0.0004093505591356501,66,1.8417588580738415,False
1410,0.0021521915760616753,347,1.9564080362017628,False
1411,0.0004961824959220001,80,6.137054269015789,False
1412,5.582053079122501e-05,9,1.9248240523868136,False
1413,0.0024250919488187756,391,2.6037776848239362,False
1414,0.0015443680185572254,249,1.1953614954967575,False
1415,0.00019847299836880003,32,1.4988816939294338,False
1416,0.0024064851052217006,388,2.9355160544828043,False
1417,0.00011784334278147503,19,1.4328840469059192,False
1418,0.0020343482332802003,328,1.7275630442834482,False
1419,0.003715166438215976,599,1.0661442331559272,False
1420,0.0020653596392753255,333,4.6371753903122634,False
1421,0.0019661231400909256,317,1.008306491262153,False
1422,0.0020157413896831253,325,1.1494420396364653,False
1423,0.00011164106158245002,18,4.131730026668972,False
1424,0.0022948440436392505,370,2.2473997773350898,False
1425,0.0025367330104012257,409,1.4672097110515119,False
1426,0.0021397870136636256,345,1.2027370217917621,False
1427,0.004211348934137976,679,1.4952267631339746,False
1428,0.004583485806079476,739,0.7523743412652745,False
1429,0.0031383542867066505,506,1.1499393313769766,False
1430,0.0008187011182713002,132,8.683113501830535,False
1431,0.0019661231400909256,317,1.6708757892392034,False
1432,0.0018854934845036005,304,1.9441242759165012,False
1433,0.0007442737438830002,120,9.31597578326861,False
1434,0.00024188896676197505,39,1.377884675294925,False
1435,0.0019289094528967753,311,2.1169919576675564,False
1436,0.0012590630834020753,203,1.6376006385962951,False
1437,4.961824959220001e-05,8,0.9527851641178131,False
1438,0.0025739466975953757,415,1.4610376125358673,False
1439,0.0011412197406206002,184,4.821712522403054,False
1440,0.0020963710452704507,338,1.6478412863770886,False
1441,0.006295315417010376,1015,1.751084739468955,False
1442,0.00021087756076685005,34,1.5971842478303349,False
1443,0.0020281459520811755,327,6.241089689622232,False
1444,0.0017552455793240754,283,1.8897268468836592,False
1445,0.010097313792012702,1628,1.207117097603308,False
1446,0.0022142143880519256,357,1.4631752436902343,False
1447,0.0003473277471454001,56,2.4762568197080066,False
1448,0.0011846357090137753,191,1.4753714668813176,False
1449,0.0008497125242664252,137,1.2645302123396935,False
1450,0.0017304364545279755,279,1.8145801410025593,False
1451,0.0023258554496343757,375,1.350028790473938,False
1452,0.0018482797973094504,298,1.3128521890448244,False
1453,0.0018668866409065254,301,1.0140247511309246,False
1454,0.005067263739603426,817,1.4134803221012708,False
1455,0.0,0,0.0,True
1456,0.0009489490234508252,153,4.093452932008731,False
1457,0.0011350174594215753,183,1.2162131937475151,False
1458,0.0021211801700665505,342,6.195594567653031,False
1459,0.0027290037275710007,440,1.0256262421607971,False
1460,0.0018358752349114005,296,1.8168402136983097,False
1461,0.00030391177875222506,49,7.138069695355941,False
1462,5.582053079122501e-05,9,2.261660509639316,False
1463,0.0019909322648870255,321,1.5552541708277765,False
1464,0.0026359695095856256,425,1.2748826279359706,False
1465,0.0002791026539561251,45,2.416403881708781,False
1466,0.004198944371739926,677,0.9193628806307186,False
1467,4.341596839317501e-05,7,1.464017050606864,False
1468,0.0007070600566888501,114,1.6114271879196167,False
1469,0.0020219436708821506,326,2.095308011294874,False
1470,0.0014699406441689253,237,1.2277389538439014,False
1471,0.0024685079172119505,398,1.4565578603265275,False
1472,0.006369742791398676,1027,1.8792531234960361,False
1473,9.923649918440002e-05,16,1.7037596702575684,False
1474,0.0015629748621543004,252,1.9737609667437417,False
1475,0.0014389292381738004,232,1.007891624138273,False
1476,0.0019165048904987254,309,1.1374906058450347,False
1477,0.0006884532130917751,111,1.144847734554394,False
1478,3.721368719415001e-05,6,2.558431545893351,False
1479,3.101140599512501e-05,5,1.9385274410247804,False
1480,0.0052781413003702765,851,0.8660006293398793,False
1481,0.007901706247557852,1274,1.0591448644641055,False
1482,0.0032127816610949505,518,1.4016570391341987,False
1483,0.0015877839869504003,256,0.8487884122878313,False
1484,0.003944650842579901,636,0.7617546244987152,False
1485,0.00011784334278147503,19,4.589692780846043,False
1486,0.0004899802147229751,79,4.210357856146897,False
1487,0.018575832191079878,2995,0.8294040004876699,False
1488,9.303421798537502e-05,15,1.7735549767812093,False
1489,0.004713733711259001,760,1.1356605076476147,False
1490,0.00012404562398050004,20,14.127013409137726,False
1491,0.0006760486506937252,109,1.7243967570296121,False
1492,0.00014885474877660004,24,1.0039282143115997,False
1493,0.0003845414343395501,62,2.456075172270498,False
1494,9.303421798537502e-05,15,1.3468527793884277,False
1495,0.005972796794661076,963,1.2381586951753927,False
1496,0.00022948440436392506,37,1.641665033392004,False
1497,0.003634536782628651,586,1.697948229597697,False
1498,0.0021211801700665505,342,2.27396313488832,False
1499,0.0004279574027327251,69,1.3283943248831707,False
1500,0.004118314716152601,664,1.1201847375157368,False
1501,0.00018606843597075004,30,0.956469472249349,False
1502,0.0011412197406206002,184,1.8815421364877536,False
1503,0.0057557169526952015,928,1.2640220896694168,False
1504,0.0008621170866644752,139,1.3757411301564828,False
1505,0.0020467527956782505,330,2.0904418222831955,False
1506,0.0029150721635417508,470,1.7095679333869447,False
1507,0.00019227071716977504,31,3.839468152292313,False
1508,0.0021956075444548506,354,1.5443675356396174,False
1509,0.008497125242664253,1370,7.228087906419796,False
1510,0.028989462324242855,4674,0.5296783543163556,False
1511,0.0018854934845036005,304,1.5433487923521745,False
1512,0.00025429352916002504,41,1.1114273565571482,False
1513,0.0009241398986547252,149,1.128145969954113,False
1514,0.005377377799554676,867,1.0268857509344644,False
1515,0.0010729946474313252,173,2.301582909732885,False
1516,0.00017366387357270005,28,2.5196628059659685,False
1517,0.0010791969286303503,174,1.1888528774524558,False
1518,0.0016374022365426004,264,2.5608182125019305,False
1519,0.0004155528403346751,67,12.800407751282648,False
1520,0.0029088698823427255,469,0.7945510273549095,False
1521,0.003423659221861801,552,2.58158967114877,False
1522,0.004378810526511651,706,2.0013721610601496,False
1523,0.0020157413896831253,325,1.4785686236161453,False
1524,0.007250466721660227,1169,4.055057497489544,False
1525,0.0003473277471454001,56,1.9614609948226385,False
1526,9.923649918440002e-05,16,1.3573735356330872,False
1527,0.0010419832414362003,168,5.814104757138661,False
1528,0.0006388349634995752,103,1.4634314115765026,False
1529,0.0023134508872363255,373,1.6075665199724662,False
1530,0.0017552455793240754,283,0.9241425986846007,False
1531,0.0010109718354410753,163,1.7542356157595396,False
1532,0.0014451315193728252,233,1.7732450593694598,False
1533,0.0006512395258976251,105,1.2330062809444609,False
1534,0.005116881989195626,825,1.1644571454597241,False
1535,0.0028778584763476008,464,0.8313986073280203,False
1536,0.004155528403346751,670,1.6083705062296854,False
1537,0.0003473277471454001,56,2.299191843186106,False
1538,0.0017428410169260254,281,1.2295897337889756,False
1539,0.0028840607575466256,465,0.8660756141908708,False
1540,0.00016746159237367503,27,0.9744378416626541,False
1541,0.0009489490234508252,153,2.1579099130007178,False
1542,0.0004155528403346751,67,2.465738641681956,False
1543,0.005197511644782951,838,0.6272940769400404,False
1544,0.00031631634115027505,51,9.47269116897209,False
1545,0.0008249033994703252,133,1.747104193034925,False
1546,0.0021645961384597254,349,1.1334154622944173,False
1547,0.00021707984196587504,35,1.3283046892711095,False
1548,0.0020157413896831253,325,2.801298193197984,False
1549,0.0006202281199025002,100,5.668714618682861,False
1550,0.0012838722081981752,207,1.4118685975742802,False
1551,0.0009799604294459501,158,1.2020483318763444,False
1552,0.0026669809155807508,430,1.958431177361067,False
1553,0.0008869262114605752,143,1.9118182567449717,False
1554,0.003975662248575026,641,1.521806856957315,False
1555,0.005030050052409276,811,0.8625581402666913,False
1556,0.00014265246757757502,23,1.6717515510061514,False
1557,0.04354001401715551,7020,1.0740967840211004,False
1558,0.00021707984196587504,35,1.7976459298815046,False
1559,0.004000471373371126,645,0.6905510584513347,False
1560,0.0025057216044061005,404,1.018239682263667,False
1561,0.0009365444610527753,151,6.444198329717119,False
1562,0.0004775756523249251,77,5.010352611541748,False
1563,0.0022576303564451005,364,1.651254449571882,False
1564,0.030130682064863457,4858,0.6236267202231265,False
1565,1.8606843597075006e-05,3,1.6785621643066406,False
1566,0.00026049581035905006,42,1.2252206745601835,False
1567,0.009942256762037078,1603,1.116122321344805,False
1568,0.017726119666813454,2858,0.6305568778823522,False
1569,0.004490451588094101,724,0.8439119817143645,False
1570,0.0066550477265538265,1073,1.2144173420375457,False
1571,0.0023134508872363255,373,1.894719111056494,False
1572,0.0013893109885816004,224,1.1675252483359404,False
1573,0.006450372446986001,1040,1.2218301268724294,False
1574,0.004558676681283376,735,1.2416044035736395,False
1575,0.00013024790517952503,21,1.2312488499141874,False
1576,0.0023506645744304755,379,4.4208976486427485,False
1577,0.003411254659463751,550,0.9513331187855114,False
1578,0.0014699406441689253,237,1.50862586045567,False
1579,0.0003721368719415001,60,2.1445892989635467,False
1580,0.0005209916207181001,84,1.7780870965548925,False
1581,0.0007380714626839752,119,1.6945039845314347,False
1582,0.0014389292381738004,232,4.107616458473535,False
1583,0.022911226749198356,3694,0.7892490050311209,False
1584,0.0011784334278147502,190,1.1210667315282319,False
1585,0.0005147893395190752,83,1.5233361721038818,False
1586,0.00016746159237367503,27,1.241598950492011,False
1587,0.00029150721635417507,47,1.2234049249202648,False
1588,8.683193678635003e-05,14,1.3575550743511744,False
1589,0.00020467527956782505,33,1.0771529241041704,False
1590,1.8606843597075006e-05,3,0.646423856417338,False
1591,0.0015691771433533252,253,1.403386924577796,False
1592,0.0002791026539561251,45,9.614476574791802,False
1593,0.010252370821988327,1653,0.7425341862876417,False
1594,6.202281199025002e-05,10,0.9687293767929077,False
1595,0.005892167139073751,950,1.048066804409027,False
1596,1.8606843597075006e-05,3,1.0891348918279011,False
1597,0.0022762372000421755,367,2.643257492569552,False
1598,0.0010667923662323003,172,2.227464415306269,False
1599,4.341596839317501e-05,7,1.4583571808678764,False
1600,0.0010171741166401002,164,1.4952863345785838,False
1601,0.0003721368719415001,60,1.2582711497942607,False
1602,0.0019661231400909256,317,0.892140388112715,False
1603,0.00013024790517952503,21,1.1376875525429135,False
1604,1.2404562398050002e-05,2,10.514842808246613,False
1605,0.0019475162964938504,314,1.1912793892963676,False
1606,0.0030701291935173757,495,3.4603145474135273,False
1607,0.0015319634561591754,247,1.0664395407626504,False
1608,0.006282910854612326,1013,0.8297257138616594,False
1609,0.005625469047515676,907,1.4934020815242612,False
1610,0.0017614478605231004,284,5.712243656037559,False
1611,0.0013645018637855003,220,1.3114457899873906,False
1612,0.043484193486364286,7011,0.8100972685013395,False
1613,0.00021707984196587504,35,2.242472917693002,False
1614,0.003671750469822801,592,0.8378015714319976,False
1615,0.0026731831967797756,431,2.9646339726282105,False
1616,0.0022948440436392505,370,1.4422689254219467,False
1617,0.0016311999553435754,263,1.1660345983142635,False
1618,0.0008931284926596002,144,1.4031606449021234,False
1619,0.0029584881319349257,477,1.1724160162407897,False
1620,0.008205618026310077,1323,1.1764245692834832,False
1621,0.00016125931117465003,26,8.541683815992796,False
1622,3.101140599512501e-05,5,6.716061782836914,False
1623,0.004037685060565276,651,1.0612392447511172,False
1624,0.0018544820785084755,299,0.923294639906357,False
1625,0.0003783391531405251,61,1.15079864126737,False
1626,0.030788123871960105,4964,0.6488338880823276,False
1627,0.0048377793352395015,780,1.9997622934671548,False
1628,0.0022142143880519256,357,3.171784229973117,False
1629,6.822509318927501e-05,11,2.1658284664154053,False
1630,0.0015567725809552753,251,0.8504499078271873,False
1631,0.006388349634995751,1030,1.2640694516376385,False
1632,0.0005892167139073751,95,1.5118014134858784,False
1633,0.018321538661919854,2954,0.7810717022895167,False
1634,0.00017986615477172505,29,1.3939331811049889,False
1635,0.00031631634115027505,51,11.082804941663555,False
1636,0.0024933170420080504,402,1.7103040425931637,False
1637,0.0008373079618683752,135,1.6114326212141248,False
1638,0.004490451588094101,724,1.6351779416121173,False
1639,0.0020405505144792256,329,1.9822774719684682,False
1640,0.0012714676458001253,205,0.9387653315939555,False
1641,0.004416024213705801,712,1.4448439669743012,False
1642,0.0006512395258976251,105,1.323186154592605,False
1643,0.0024933170420080504,402,1.7524487468140635,False
1644,0.0013148836141933004,212,1.5593805521164301,False
1645,0.0007194646190869002,116,1.5305918989510372,False
1646,0.0021397870136636256,345,1.2383555640345034,False
1647,0.0006698463694947001,108,1.3846558310367443,False
1648,0.005650278172311776,911,1.1986075147708344,False
1649,0.00026049581035905006,42,4.405446665627616,False
1650,0.0026049581035905004,420,1.2551762001855034,False
1651,0.00016746159237367503,27,2.542864684705381,False
1652,0.0024871147608090255,401,5.295118384230464,False
1653,0.004180337528142851,674,0.9841107543922674,False
1654,0.0034546706278569257,557,14.731681622551417,False
1655,0.0019971345460860503,322,3.345410249988485,False
1656,0.0017118296109309005,276,1.4756937204063802,False
1657,2.4809124796100004e-05,4,1.0005502104759216,False
1658,0.0021521915760616753,347,1.1789692547548059,False
1659,0.0008373079618683752,135,1.2028759355898258,False
1660,0.0020405505144792256,329,1.9319606106332008,False
1661,0.007312489533650476,1179,1.4010483635189779,False
1662,0.013638816356655979,2199,0.928590648550508,False
1663,8.683193678635003e-05,14,1.4203200680868966,False
1664,0.0004465642463298001,72,2.7400811910629272,False
1665,4.961824959220001e-05,8,0.6897822022438049,False
1666,0.014569158536509728,2349,0.8511421687555293,False
1667,0.0010171741166401002,164,2.48959052490025,False
1668,0.0019909322648870255,321,2.179125220604775,False
1669,0.004006673654570151,646,0.7747708651303506,False
1670,3.721368719415001e-05,6,9.121368368466696,False
1671,8.683193678635003e-05,14,2.2271047149385725,False
1672,0.00016746159237367503,27,1.6170138164802834,False
1673,0.0019847299836880006,320,1.8436987064778805,False
1674,9.923649918440002e-05,16,4.517456039786339,False
1675,0.00010543878038342502,17,3.1783461430493523,False
1676,0.0027910265395612506,450,1.548165266778734,False
1677,0.0002480912479610001,40,10.420832377672195,False
1678,0.0048191724916424265,777,0.8721644022289851,False
1679,0.0020839664828724005,336,2.1914068680434,False
1680,0.0004093505591356501,66,1.6966127970001914,False
1681,0.0016187953929455254,261,1.6671237607568616,False
1682,1.8606843597075006e-05,3,0.6520141760508219,False
1683,0.0014265246757757502,230,1.870953509081965,False
1684,0.0026297672283866007,424,1.7038041223894875,False
1685,0.006934150380509952,1118,1.2079398586199834,False
1686,0.0030577246311193256,493,2.2025262163328594,False
1687,0.0004155528403346751,67,1.2099470024678245,False
1688,0.0021832029820568004,352,2.826856470920823,False
1689,0.005606862203918601,904,1.7927372993621151,False
1690,0.0011970402714118252,193,3.7281590039248296,False
1691,0.0021335847324646007,344,0.8544444112583648,False
1692,0.0002480912479610001,40,2.107773858308792,False
1693,0.007628805874800752,1230,1.0314015290601466,False
1694,6.202281199025001e-06,1,1.027745246887207,False
1695,0.005135488832792701,828,0.8246055824169214,False
1696,0.0007628805874800752,123,1.93897683252164,False
1697,0.007467546563626102,1204,1.4545856551870555,False
1698,0.014141201133777002,2280,1.4592665755957888,False
1699,0.0006946554942908002,112,1.9111573951584953,False
1700,0.0030391177875222506,490,1.1698929650442942,False
1701,0.00031631634115027505,51,8.715420316247378,False
1702,0.007138825660077777,1151,1.292022048028835,False
1703,4.341596839317501e-05,7,2.4698616095951627,False
1704,0.0004589688087278501,74,1.2743740726161648,False
1705,0.0003411254659463751,55,1.616555718942122,False
1706,0.0006140258387034752,99,1.1173363189504604,False
1707,0.0008745216490625251,141,1.0907190691494772,False
1708,0.0024685079172119505,398,2.1989090430676637,False
1709,0.00022948440436392506,37,2.422507131421888,False
1710,0.0007690828686791001,124,1.405026859814121,False
1711,0.0022018098256538754,355,1.5251195820284562,False
1712,0.0007752851498781252,125,1.2180989303588867,False
1713,0.0013210858953923252,213,1.2976558583443154,False
1714,0.00026049581035905006,42,2.907860585621425,False
1715,0.0004961824959220001,80,2.6283370703458786,False
1716,0.0015257611749601504,246,1.0727536426327093,False
1717,0.00014885474877660004,24,10.699399411678314,False
1718,0.0018854934845036005,304,4.726158404820843,False
1719,0.0022576303564451005,364,1.9445841993604387,False
1720,0.011939391308123128,1925,1.9190120880325119,False
1721,0.003851616624594526,621,2.0760194746576452,False
1722,0.0007256669002859252,117,1.7495306842347496,False
1723,0.0010605900850332753,171,2.0466120954145466,False
1724,0.002952285850735901,476,2.8173174277073194,False
1725,7.442737438830002e-05,12,1.588706503311793,False
1726,1.2404562398050002e-05,2,0.9168003797531128,False
1727,0.0015009520501640503,242,1.2301052769353567,False
1728,0.006946554942908001,1120,2.0580731394035476,False
1729,0.0021832029820568004,352,1.687157405032353,False
1730,0.00012404562398050004,20,1.6419369339942933,False
1731,0.006903138974514827,1113,1.9594438729367594,False
1732,0.0024250919488187756,391,2.369489252719733,False
1733,0.002989499537930051,482,1.8494523011797197,False
1734,0.0006264304011015251,101,2.5768780047350592,False
1735,0.0016932227673338255,273,0.9898414288684999,False
1736,0.00015505702997562504,25,3.2074056911468505,False
1737,0.006624036320558702,1068,0.8350935464494684,False
1738,0.0005892167139073751,95,5.159889331616854,False
1739,0.002760015133566126,445,1.6659423546844654,False
1740,0.06542166208731572,10548,1.1475072925091694,False
1741,0.0017490432981250503,282,0.9147953260029461,False
1742,0.00014265246757757502,23,1.4920691614565642,False
1743,0.005495221142336151,886,0.7697383071176086,False
1744,0.0012156471150089002,196,3.317872661717084,False
1745,0.0024809124796100006,400,1.6433588117361069,False
1746,0.0005706098703103001,92,1.010089477767115,False
1747,0.0030329155063232257,489,3.825938786953261,False
1748,0.0005333961831161502,86,3.764961361885071,False
1749,0.0029957018191290757,483,2.475271687004137,False
1750,0.0006760486506937252,109,1.527816595287498,False
1751,0.0018420775161104254,297,1.5399118352819372,False
1752,8.062965558732502e-05,13,1.3588825739347017,False
1753,0.005290545862768326,853,0.9098940739737865,False
1754,3.101140599512501e-05,5,4.501004076004028,False
1755,0.0017118296109309005,276,1.4283976870170538,False
1756,0.0006264304011015251,101,10.602723508778185,False
1757,0.0014823452065669753,239,1.3748938807882525,False
1758,0.0012466585210040252,201,6.890923600884812,False
1759,0.00016746159237367503,27,1.272964804260819,False
1760,0.00017366387357270005,28,8.587675026484899,False
1761,0.003119747443109576,503,0.8252423629609065,False
1762,0.0014265246757757502,230,2.9839467421821926,False
1763,0.0020405505144792256,329,1.3898003818778644,False
1764,0.004577283524880451,738,1.3640418189974013,False
1765,0.0020467527956782505,330,1.2792776855555448,False
1766,0.0007380714626839752,119,1.302621470779932,False
1767,0.015245207187203453,2458,0.6966779039971124,False
1768,0.0017986615477172505,290,1.6800820030015091,False
1769,0.0026049581035905004,420,1.1702397755214147,False
1770,0.0007566783062810502,122,4.432508824301547,False
1771,0.02245846022166953,3621,17.80236483156862,False
1772,0.004161730684545776,671,0.7869638607860855,False
1773,0.0007752851498781252,125,2.0941098136901855,False
1774,0.0016374022365426004,264,1.41474132826834,False
1775,0.004868790741234626,785,0.7795525654106383,False
1776,0.00014885474877660004,24,1.556838482618332,False
1777,0.0008869262114605752,143,1.0490260207569682,False
1778,0.0022390235128480255,361,1.8665271079441186,False
1779,0.0017800547041201755,287,1.732477309396458,False
1780,0.004000471373371126,645,2.6327468502429103,False
1781,0.019896918086472204,3208,0.639585830326984,False
1782,0.0010543878038342502,170,5.197335696921629,False
1783,0.0021956075444548506,354,1.0641410448456887,False
1784,0.0012838722081981752,207,1.4047458857153925,False
1785,0.0002791026539561251,45,3.45524148411221,False
1786,0.0005830144327083501,94,7.123335954990793,False
1787,0.0015257611749601504,246,1.4040443015292408,False
1788,0.0025987558223914756,419,1.2410638864398855,False
1789,0.0013645018637855003,220,1.0680818059227684,False
1790,0.00012404562398050004,20,2.261317080259323,False
1791,0.004707531430059976,759,0.915769857851413,False
1792,0.00013024790517952503,21,1.1195889711380005,False
1793,0.0002666980915580751,43,5.823130602060362,False
1794,0.0020591573580763006,332,2.9580057363912284,False
1795,0.0020839664828724005,336,2.707486686607202,False
1796,0.0017800547041201755,287,1.025654023532668,False
1797,0.0023754736992265754,383,1.1006750052031276,False
1798,0.0005023847771210251,81,6.922856194001657,False
1799,0.009706570076474127,1565,0.9018942196148272,False
1800,0.00018606843597075004,30,2.204438110192617,False
1801,0.0016994250485328503,274,1.026133081773772,False
1802,0.00017986615477172505,29,1.6841724741047825,False
1803,0.0011226128970235252,181,1.5005313322688993,False
1804,0.0009489490234508252,153,7.573318063823226,False
1805,0.00019847299836880003,32,1.4103446640074253,False
1806,0.038547177651940386,6215,0.9160597613235683,False
1807,0.0024871147608090255,401,1.0298727468362177,False
1808,3.101140599512501e-05,5,1.4882442474365234,False
1809,0.0008993307738586252,145,1.433049384478865,False
1810,0.0006326326823005501,102,1.91025411381441,False
1811,0.004664115461666801,752,2.099447473883629,False
1812,0.0018544820785084755,299,2.489274007819568,False
1813,0.006394551916194776,1031,0.8379292159723379,False
1814,0.0015505702997562505,250,2.4081474804878233,False
1815,4.341596839317501e-05,7,1.6412030799048287,False
1816,0.00031631634115027505,51,1.5052916162154253,False
1817,0.0023010463248382754,371,1.329216433985214,False
1818,0.0018482797973094504,298,2.0799767711018555,False
1819,0.0012094448338098754,195,1.9526418747046055,False
1820,0.0018172683913143255,293,1.835022085762675,False
1821,0.0004775756523249251,77,3.2801092785674255,False
1822,9.923649918440002e-05,16,1.970914676785469,False
1823,0.00013645018637855003,22,6.18130776015195,False
1824,0.0006078235575044501,98,2.828697140119514,False
1825,0.009675558670479003,1560,0.7413469449067727,False
1826,0.006109246981039627,985,0.7068449823989481,False
1827,0.01594606496269328,2571,0.72883193681139,False
1828,0.0024312942300178005,392,1.5105367394126192,False
1829,0.011157903877045978,1799,1.0124260254075885,False
1830,0.008385484181081803,1352,0.5980736616800523,False
1831,8.683193678635003e-05,14,1.7510984284537179,False
1832,0.0037771892502062258,609,2.0721918820160363,False
1833,0.0002666980915580751,43,1.6085762589476829,False
1834,4.341596839317501e-05,7,2.1330882481166293,False
1835,0.015102554719625879,2435,0.5571605846867179,False
1836,0.0014265246757757502,230,0.9339151273603025,False
1837,0.0002791026539561251,45,1.5845574484931098,False
1838,0.0007566783062810502,122,11.919407995997883,False
1839,0.00016746159237367503,27,13.04764586907846,False
1840,0.0026235649471875754,423,1.1964287707146177,False
1841,0.00014265246757757502,23,1.9719064598498137,False
1842,0.0017118296109309005,276,1.6987844757411792,False
1843,0.003622132220230601,584,0.8799084255548373,False
1844,0.02145369066742748,3459,2.198294569833253,False
1845,0.005123084270394651,826,0.8563337041737092,False
1846,0.0002791026539561251,45,2.572066428926256,False
1847,0.024263324050585806,3912,0.6887083053588867,False
1848,0.010407427851963953,1678,3.439548572070266,False
1849,0.0016125931117465003,260,0.9801415452590355,False
1850,0.012478989772438304,2012,0.7150939089166478,False
1851,0.00013024790517952503,21,1.114113415990557,False
1852,8.683193678635003e-05,14,10.46755564212799,False
1853,0.005761919233894226,929,1.571541001901945,False
1854,0.008379281899882777,1351,0.7351841520680753,False
1855,0.0030577246311193256,493,1.1695667198173414,False
1856,0.0030143086627261507,486,1.324280360598623,False
1857,0.0009365444610527753,151,8.210622662740038,False
1858,0.0008683193678635002,140,4.904669707162039,False
1859,0.0009489490234508252,153,1.5198315319672129,False
1860,0.00019847299836880003,32,12.25229162722826,False
1861,0.008224224869907152,1326,1.319522466415014,False
1862,0.02780482661522908,4483,1.150643859488236,False
1863,0.0025305307292022004,408,3.2655877152494357,False
1864,0.002970892694332976,479,0.8356894670299299,False
1865,0.009675558670479003,1560,1.9084530267959987,False
1866,2.4809124796100004e-05,4,20.21971607208252,False
1867,0.004850183897637551,782,1.21889689968675,False
1868,0.016584899926192855,2674,0.8114476870848514,False
1869,0.0005520030267132251,89,7.974832154391857,False
1870,0.0007566783062810502,122,7.559600194946665,False
1871,0.0017800547041201755,287,1.5498312267276884,False
1872,0.0003721368719415001,60,4.752375825246175,False
1873,0.00036593459074247506,59,4.2319134372775835,False
1874,0.007169837066072902,1156,1.0495642741246207,False
1875,0.0012528608022030503,202,1.0216257076452273,False
1876,0.005309152706365401,856,0.8231485179651563,False
1877,0.0035725139706384006,576,1.248711751980914,False
1878,0.0026483740719836757,427,4.406117079408721,False
1879,0.0022576303564451005,364,1.8901848639105703,False
1880,1.8606843597075006e-05,3,2.017345984776815,False
1881,0.0014389292381738004,232,3.583570694101268,False
1882,0.005247129894375151,846,1.1633413009891556,False
1883,0.00012404562398050004,20,8.072157263755798,False
1884,0.00030391177875222506,49,2.058740863994676,False
1885,0.0025801489787944006,416,1.102785492172608,False
1886,0.0010667923662323003,172,0.7209085177543552,False
1887,0.00033492318474735006,54,2.3417363233036466,False
1888,0.017936997227580305,2892,0.7233711120003982,False
1889,0.0014637383629699002,236,0.8295708925037061,False
1890,0.0006698463694947001,108,2.107610000504388,False
1891,0.00022948440436392506,37,2.0588891570632524,False
1892,0.0018792912033045754,303,1.8203871981932385,False
1893,0.0012652653646011002,204,1.0632288233906615,False
1894,0.0005644075891112751,91,3.0446453317181095,False
1895,0.010419832414362002,1680,0.7895397521200634,False
1896,0.00011164106158245002,18,3.325460844569736,False
1897,0.00036593459074247506,59,1.5900447206982111,False
1898,0.0008311056806693502,134,1.2800925160521892,False
1899,0.0019475162964938504,314,1.5829859364564252,False
1900,0.0030701291935173757,495,1.059731778231534,False
1901,4.961824959220001e-05,8,1.2474087625741959,False
1902,0.0011536243030186503,186,6.169236970204179,False
1903,0.00023568668556295006,38,8.067361295223236,False
1904,0.0031259497243086008,504,1.8145753852431736,False
1905,0.0018048638289162753,291,3.0414687960418227,False
1906,0.0023010463248382754,371,1.3450271678420733,False
1907,0.008999510019785276,1451,1.0251565437987293,False
1908,0.003045320068721276,491,1.133195509250198,False
1909,0.00022948440436392506,37,13.11622487532126,False
1910,0.0009489490234508252,153,2.8871380028381846,False
1911,0.055231314077317635,8905,11.967321732511419,False
1912,0.0008187011182713002,132,7.1552873289946355,False
1913,0.0008124988370722751,131,2.0803122120049165,False
1914,0.019351117340958006,3120,1.4280086786319048,False
1915,0.005885964857874727,949,0.9820404550172507,False
1916,0.003864021186992576,623,0.9308821647928768,False
1917,0.0026483740719836757,427,1.479286169000755,False
1918,0.0021956075444548506,354,0.9511888175360901,False
1919,0.0022142143880519256,357,0.7798272705211693,False
1920,0.0019537185776928754,315,1.4209615767948212,False
1921,0.0012838722081981752,207,1.5662921632545581,False
1922,0.009253803548945302,1492,0.731322595964488,False
1923,0.0018110661101153004,292,1.5393454101804185,False
1924,0.0007628805874800752,123,1.791938942622363,False
1925,0.0024623056360129256,397,1.5329180676630823,False
1926,0.0024126873864207254,389,3.855399987078571,False
1927,0.0020343482332802003,328,1.1165485869093639,False
1928,0.0024250919488187756,391,4.278909712496316,False
1929,0.0014327269569747753,231,1.0457887979812952,False
1930,0.009551513046498502,1540,1.4425533590378699,False
1931,0.0016622113613387003,268,1.4977556889626518,False
1932,0.0028344425079544254,457,1.6491554135566728,False
1933,0.002952285850735901,476,4.767850706807706,False
1934,0.0028778584763476008,464,1.0028064715965042,False
1935,0.0024002828240226757,387,0.9348114993837144,False
1936,0.006363540510199652,1026,1.3992813047145078,False
1937,0.0009799604294459501,158,1.4172960233084764,False
1938,0.0009551513046498502,154,4.035283421541189,False
1939,0.0007070600566888501,114,6.414330714627316,False
1940,0.0011226128970235252,181,5.836733438692041,False
1941,0.0021025733264694755,339,5.165449958635291,False
1942,0.0013893109885816004,224,5.923158309289387,False
1943,0.00035353002834442507,57,7.664602844338668,False
1944,0.00027290037275710005,44,1.6158808253028176,False
1945,0.0004713733711259001,76,3.7948345447841443,False
1946,0.0033182204414783758,535,1.388334927157821,False
1947,8.062965558732502e-05,13,1.417532572379479,False
1948,0.0004465642463298001,72,1.0511145624849532,False
1949,0.003008106381527126,485,1.2831716444074492,False
1950,0.010959430878677177,1767,1.1901022355706259,False
1951,0.0007256669002859252,117,10.702384951787117,False
1952,0.002778621977163201,448,0.9413410499691963,False
1953,0.0025615421351973255,413,1.432878792141598,False
1954,9.303421798537502e-05,15,0.7157179673512777,False
1955,3.721368719415001e-05,6,2.051192839940389,False
1956,0.0004341596839317501,70,1.4524367809295655,False
1957,0.0026545763531827006,428,1.7076604856508915,False
1958,0.00013024790517952503,21,1.7828604720887684,False
1959,0.018544820785084754,2990,0.6591568745896967,False
1960,4.961824959220001e-05,8,2.205610692501068,False
1961,0.0018234706725133503,294,4.921264118077803,False
1962,0.006704665976146026,1081,0.8757239561407352,False
1963,1.8606843597075006e-05,3,2.070056438446045,False
1964,0.0014265246757757502,230,1.3038326678068741,False
1965,0.0009613535858488752,155,4.112489827986686,False
1966,0.0020529550768772753,331,2.6656524166239715,False
1967,0.0003473277471454001,56,1.989239820412227,False
1968,0.0018110661101153004,292,1.29754327013068,False
1969,6.202281199025002e-05,10,1.6535428047180176,False
1970,0.0007256669002859252,117,1.3138847086164687,False
1971,4.341596839317501e-05,7,2.412555830819266,False
1972,4.961824959220001e-05,8,1.7263706922531128,False
1973,5.582053079122501e-05,9,2.0387876563602023,False
1974,0.00030391177875222506,49,1.2349234405828982,False
1975,0.0004775756523249251,77,1.0835146346649567,False
1976,0.0019847299836880006,320,0.8108218353241682,False
1977,0.0008124988370722751,131,1.8221723305360051,False
1978,0.00010543878038342502,17,5.59424950094784,False
1979,0.0016187953929455254,261,1.6579518226828156,False
1980,0.0010543878038342502,170,1.9714601138058832,False
1981,0.0031941748174978755,515,1.0176873906144819,False
1982,0.0004527665275288251,73,0.9836094608045605,False
1983,0.003374040972269601,544,2.062379286131438,False
1984,0.00024188896676197505,39,2.272647038484231,False
1985,0.0021832029820568004,352,1.044556950642304,False
1986,0.0022700349188431506,366,2.9743605490590705,False
1987,0.005234725331977101,844,1.36029379980824,False
1988,0.0022576303564451005,364,1.2873242782367456,False
1989,0.0012218493962079253,197,0.7257513092254019,False
1990,0.004521462994089226,729,1.0529058525755246,False
1991,0.004397417370108726,709,0.86850496811322,False
1992,0.0022142143880519256,357,1.994659987150454,False
1993,4.341596839317501e-05,7,2.772322790963309,False
1994,0.0004279574027327251,69,2.317002826842709,False
1995,0.007300084971252427,1177,0.92479294847409,False
1996,0.0009737581482469252,157,1.2421770156568783,False
1997,0.0004031482779366251,65,10.69734721183777,False
1998,0.0019351117340958004,312,1.0579434113624768,False
1999,0.003994269092172101,644,1.4688906965788848,False
2000,0.00014885474877660004,24,1.8045819600423176,False
2001,0.0020467527956782505,330,0.8445324879704099,False
2002,0.0004837779335239501,78,2.9732078588925877,False
2003,0.0019103026092997003,308,2.4220251862878923,False
2004,0.009818211138056577,1583,0.8134800759735397,False
2005,0.0005582053079122502,90,1.300221531920963,False
2006,0.00024188896676197505,39,1.6885272019948714,False
2007,0.0012714676458001253,205,1.3632950451315904,False
2008,0.006803902475330427,1097,6.965816971814513,False
2009,0.0005458007455142001,88,1.6775562289086254,False
2010,0.007318691814849502,1180,0.8181917946217424,False
2011,0.00014265246757757502,23,1.2091371494790781,False
2012,0.0011536243030186503,186,1.0527196917482602,False
2013,0.0028158356643573504,454,0.8436490095134349,False
2014,0.0007752851498781252,125,3.837052673339844,False
2015,4.341596839317501e-05,7,4.951914242335728,False
2016,0.00029150721635417507,47,1.5467493863815958,False
2017,0.00031631634115027505,51,7.825848074520335,False
2018,0.0016622113613387003,268,5.330511124721214,False
2019,0.0027724196959641755,447,8.82701428891295,False
2020,0.00011164106158245002,18,2.13670716020796,False
2021,0.0007008577754898252,113,1.2974632820196912,False
2022,2.4809124796100004e-05,4,0.8930243253707886,False
2023,0.0004341596839317501,70,9.358303785324097,False
2024,4.341596839317501e-05,7,0.8296351262501308,False
2025,0.0028654539139495506,462,2.7295645310249164,False
2026,0.00021707984196587504,35,1.874232632773263,False
2027,0.0003473277471454001,56,1.270441131932395,False
2028,0.0028344425079544254,457,1.4039480795745516,False
2029,0.013917919010612102,2244,1.1882093725144969,False
2030,0.00030391177875222506,49,6.689206425024539,False
2031,3.101140599512501e-05,5,2.6516933917999266,False
2032,0.0003473277471454001,56,8.284907272883824,False
2033,0.0018482797973094504,298,1.1709041739470207,False
2034,0.0013769064261835503,222,1.2243887229008719,False
2035,0.005433198330345901,876,0.8385561560386936,False
2036,0.0007132623378878751,115,1.6532321556754734,False
2037,0.008025751871538351,1294,0.7758818129667727,False
2038,0.00012404562398050004,20,9.405133295059205,False
2039,0.0026855877591778258,433,6.075295354973086,False
2040,0.0003101140599512501,50,1.9722812223434447,False
2041,0.0006450372446986001,104,1.0082231416152074,False
2042,0.00014885474877660004,24,1.121535191933314,False
2043,0.00015505702997562504,25,1.5885444116592407,False
2044,0.0019723254212899504,318,1.4817470671995632,False
2045,0.0012466585210040252,201,1.5741994060687166,False
2046,0.0004031482779366251,65,1.3667300352683434,False
2047,1.2404562398050002e-05,2,0.9603294134140015,False
2048,0.00031631634115027505,51,5.1198622946645695,False
2049,1.2404562398050002e-05,2,1.861897349357605,False
2050,0.0007380714626839752,119,7.506670528099317,False
2051,0.0006078235575044501,98,3.832101130972103,False
2052,0.02811494067518033,4533,5.579214880804654,False
2053,0.00021087756076685005,34,7.858964232837453,False
2054,0.0022328212316490006,360,2.114606523513794,False
2055,0.0010605900850332753,171,3.1709803447388767,False
2056,0.0023506645744304755,379,1.5899513324521148,False
2057,0.00020467527956782505,33,1.3551351084853664,False
2058,0.006437967884587952,1038,3.756297378641103,False
2059,0.002970892694332976,479,3.747131034078578,False
2060,0.00029150721635417507,47,5.2205840577470495,False
2061,6.202281199025001e-06,1,0.5877441167831421,False
2062,0.0005271939019171251,85,6.3600556906531835,False
2063,0.0023692714180275506,382,1.039340659897989,False
2064,0.003659345907424751,590,1.2312227184489621,False
2065,0.003063926912318351,494,0.9597639007124341,False
2066,0.0009179376174557002,148,9.52815437961269,False
2067,0.003367838691070576,543,1.0925824587296824,False
2068,0.0008435102430674002,136,1.3246825249756085,False
2069,0.05549801216887571,8948,5.000775408414415,False
2070,0.0013582995825864753,219,0.8975089499939523,False
2071,0.0005333961831161502,86,1.840519389440847,False
2072,0.0016560090801396754,267,0.8591294172551301,False
2073,0.0008249033994703252,133,1.1615688639475887,False
2074,0.0020777642016733757,335,0.8933143263432517,False
2075,0.00015505702997562504,25,7.254649209976196,False
2076,1.2404562398050002e-05,2,4.898404002189636,False
2077,0.00029150721635417507,47,1.193532553124935,False
2078,0.0021087756076685004,340,1.9432474406326519,False
2079,0.0011412197406206002,184,1.4950487380442412,False
2080,0.00022948440436392506,37,9.52488241646741,False
2081,0.0021335847324646007,344,1.2617844911508782,False
2082,0.010822980692298628,1745,11.31660286758554,False
2083,0.00033492318474735006,54,11.99682100172396,False
2084,0.0017118296109309005,276,1.4529626101687334,False
2085,0.0026731831967797756,431,1.1561367085804242,False
2086,0.0006946554942908002,112,4.61969227875982,False
2087,0.0020219436708821506,326,1.4403472553732937,False
2088,0.0006016212763054251,97,1.2375523527872931,False
2089,0.0028034311019593007,452,3.1979496254857662,False
2090,0.003293411316682276,531,2.10108010423161,False
2091,0.0008559148054654502,138,4.226273704266203,False
2092,0.0029646904131339505,478,1.0388328839545469,False
2093,0.0011412197406206002,184,1.6569617779358574,False
2094,0.0015815817057513754,255,1.051415673424216,False
2095,0.007275275846456326,1173,1.0811156901353867,False
2096,0.0031755679739008005,512,1.0932535417377949,False
2097,0.0024685079172119505,398,1.0674932050944572,False
2098,0.0005768121515093252,93,0.9027445841861027,False
2099,0.0007442737438830002,120,6.391500524679819,False
2100,0.0003101140599512501,50,1.6091866850852967,False
2101,5.582053079122501e-05,9,12.46792639626397,False
2102,0.0002791026539561251,45,4.243133634991116,False
2103,0.00019227071716977504,31,5.819229610504642,False
2104,3.721368719415001e-05,6,2.190003832181295,False
2105,0.00011164106158245002,18,1.2530976136525471,False
2106,0.0020715619204743504,334,1.10361072117697,False
2107,0.0028220379455563757,455,3.4906869686566866,False
2108,0.0019475162964938504,314,1.75974041223526,False
2109,0.0009427467422518002,152,1.1369663288718777,False
2110,0.0019475162964938504,314,2.0039467116829695,False
2111,0.0009427467422518002,152,2.0860456949786137,False
2112,3.101140599512501e-05,5,4.978489875793457,False
2113,0.00039694599673760006,64,1.207454627379775,False
2114,0.00024188896676197505,39,1.6257561598068628,False
2115,0.009706570076474127,1565,1.3717615249438788,False
2116,0.0024436987924158506,394,1.6941663755983265,False
2117,0.0008807239302615502,142,2.9504935170563176,False
2118,6.202281199025002e-05,10,5.136621189117432,False
2119,0.0006016212763054251,97,1.3690007494896959,False
2120,0.0004031482779366251,65,2.017177314024705,False
2121,0.005340164112360526,861,2.8864254538882763,False
2122,0.002989499537930051,482,1.3086804463160977,False
2123,0.0022390235128480255,361,1.8284595349488826,False
2124,0.0013148836141933004,212,1.606346141617253,False
2125,0.00013645018637855003,22,11.549442199143497,False
2126,0.003659345907424751,590,0.817756447953693,False
2127,0.0025305307292022004,408,1.339459501060785,False
2128,0.008218022588708128,1325,1.1111672570570459,False
2129,0.0004775756523249251,77,2.59954533484075,False
2130,0.0005644075891112751,91,5.906754585412832,False
2131,0.007349703220844626,1185,0.9403358141581217,False
2132,0.0006202281199025002,100,1.6444048857688904,False
2133,0.0004093505591356501,66,1.1685880512902231,False
2134,0.0021335847324646007,344,0.7402819201003673,False
2135,3.101140599512501e-05,5,1.9891314029693603,False
2136,0.0003907437155385751,63,5.3104072865985685,False
2137,0.003163163411502751,510,1.582270970999026,False
2138,0.00031631634115027505,51,8.787559471878351,False
2139,0.0018296729537123754,295,1.7798487837031736,False
2140,0.0020591573580763006,332,1.5915426037397729,False
2141,0.002741408289969051,442,1.8682383703430314,False
2142,0.0020653596392753255,333,3.294254759768466,False
2143,0.004056291904162351,654,2.185826396723406,False
2144,0.0007876897122761752,127,1.1570584454874353,False
2145,0.0003845414343395501,62,2.742790077963183,False
2146,0.007287680408854377,1175,0.727134039960009,False
2147,0.02529910501082298,4079,0.8061438259116339,False
2148,0.0018110661101153004,292,1.1366922104195372,False
2149,0.008416495587076927,1357,1.5923801891577094,False
2150,0.0024312942300178005,392,1.1656250302888909,False
2151,0.0006078235575044501,98,1.7847474180922216,False
2152,0.00022948440436392506,37,1.3923360334860313,False
2153,0.008726609647028177,1407,1.2252337805497875,False
2154,0.0022700349188431506,366,1.571024012695896,False
2155,0.0020715619204743504,334,1.2892323589610482,False
2156,0.0023258554496343757,375,1.1066528326670328,False
2157,0.00012404562398050004,20,2.409066790342331,False
2158,0.0012404562398050003,200,4.25141966342926,False
2159,0.0004651710899268751,75,3.8643055089314777,False
2160,0.0018792912033045754,303,1.6859507025665184,False
2161,0.010984240003473278,1771,1.216309960449839,False
2162,0.0023568668556295004,380,1.3151258365104073,False
2163,0.0004403619651307751,71,1.644156148735906,False
2164,0.00036593459074247506,59,10.93951882750301,False
2165,0.0012776699269991503,206,1.3504309214434578,False
2166,0.005594457641520552,902,0.9189890369343388,False
2167,0.0025739466975953757,415,0.7772396969507975,False
2168,0.0028344425079544254,457,1.649907180986467,False
2169,0.004416024213705801,712,1.4411844175853086,False
2170,0.0010543878038342502,170,2.105048291823443,False
2171,0.0017738524229211504,286,1.3718081687713837,False
2172,0.00024188896676197505,39,6.057774947239802,False
2173,0.0012962767705962254,209,1.3736005148819188,False
2174,0.0007814874310771502,126,1.5280870549262515,False
2175,0.0017490432981250503,282,1.315412035647859,False
2176,0.008335865931489602,1344,16.574562136970815,False
2177,0.0018110661101153004,292,1.3638532770006624,False
2178,0.0015691771433533252,253,1.2620478618757527,False
2179,0.00029150721635417507,47,6.549014274110186,False
2180,0.0019599208588919003,316,1.6868140550353858,False
2181,0.0006946554942908002,112,4.630826445562499,False
2182,0.0005892167139073751,95,1.4945451723901848,False
2183,3.721368719415001e-05,6,1.2169160048166912,False
2184,0.0004651710899268751,75,2.2452559248606363,False
2185,0.007957526778349077,1283,1.1116215870516057,False
2186,0.0026173626659885506,422,1.4212688605932262,False
2187,0.00013024790517952503,21,1.9786865370614188,False
2188,0.0008993307738586252,145,1.5774662264462176,False
2189,0.0022390235128480255,361,1.8975365485510998,False
2190,0.00026049581035905006,42,1.893282949924469,False
2191,0.0021211801700665505,342,1.112314250036987,False
2192,0.00021087756076685005,34,1.8270392558153938,False
2193,0.0019227071716977505,310,1.0851854116685928,False
2194,0.0005147893395190752,83,2.3601976934685767,False
2195,0.0021335847324646007,344,1.6079611033201218,False
2196,0.004248562621332126,685,0.7926117152193167,False
2197,0.004484249306895076,723,1.037829152446235,False
2198,0.003200377098696901,516,0.8522244239038275,False
2199,7.442737438830002e-05,12,1.9322623014450073,False
2200,0.004713733711259001,760,2.546683937624881,False
2201,0.00033492318474735006,54,1.6211993407320093,False
2202,0.003274804473085201,528,1.1663373774199775,False
2203,0.0070954096916846015,1144,0.777818774009918,False
2204,0.00013024790517952503,21,1.562786340713501,False
2205,0.01744701701285733,2813,0.8577210663308293,False
2206,0.0019847299836880006,320,2.0733728893101215,False
2207,0.0024809124796100006,400,1.3337470623850822,False
2208,0.0009303421798537502,150,0.9697461954752604,False
2209,0.0021273824512655754,343,1.699629730802931,False
2210,0.0005830144327083501,94,2.6757799247477916,False
2211,0.04638065880630896,7478,1.7469234257402444,False
2212,0.004645508618069726,749,0.7601870051690829,False
2213,0.0006760486506937252,109,4.509105476764364,False
2214,0.0014141201133777003,228,1.059720877492637,False
2215,0.003367838691070576,543,0.9577635585932441,False
2216,0.00024188896676197505,39,2.9781331710326366,False
2217,0.007250466721660227,1169,0.883972510606229,False
2218,0.0014513338005718503,234,1.0697913709868732,False
2219,0.009315826360935552,1502,5.977309416994433,False
2220,0.0010667923662323003,172,1.6489987511967503,False
2221,0.00028530493515515004,46,2.0982501040334287,False
2222,8.683193678635003e-05,14,0.8764369487762451,False
2223,0.16668010494259788,26874,0.8672516784418142,False
2224,0.0005023847771210251,81,1.4585669541064603,False
2225,0.0011908379902128004,192,0.6757321177671353,False
2226,0.0012032425526108503,194,1.7774572765704282,False
2227,3.101140599512501e-05,5,6.3364461898803714,False
2228,0.00012404562398050004,20,2.5872047781944274,False
2229,0.00021087756076685005,34,8.710559059591855,False
2230,0.0004031482779366251,65,4.277672321979816,False
2231,4.341596839317501e-05,7,1.13920259475708,False
2232,0.0007442737438830002,120,3.316765343149503,False
2233,0.0006822509318927502,110,4.154642057418823,False
2234,0.004112112434953576,663,3.4984081958393887,False
2235,3.101140599512501e-05,5,1.745241904258728,False
2236,0.0003721368719415001,60,4.7227329532305395,False
2237,0.0017180318921299253,277,1.7300226748635192,False
2238,0.003851616624594526,621,1.1518832926972862,False
2239,0.0069837686301021515,1126,0.9975666785960088,False
2240,0.0015753794245523503,254,1.559465079795657,False
2241,0.0017304364545279755,279,4.434606813188095,False
2242,0.0011040060534264502,178,1.3588980021101704,False
2243,0.0013520973013874504,218,1.5479329709612994,False
2244,0.0020219436708821506,326,2.523467605465029,False
2245,0.0038206052185994007,616,3.314926509733324,False
2246,0.0016808182049357753,271,1.2706949987974554,False
2247,0.0021459892948626504,346,1.1242532630187239,False
2248,0.00012404562398050004,20,6.433057767152786,False
2249,0.0016870204861348004,272,1.620145835858934,False
2250,2.4809124796100004e-05,4,3.850670278072357,False
2251,0.0004837779335239501,78,5.877670286557613,False
2252,0.003101140599512501,500,1.268450343132019,False
2253,0.004738542836055101,764,5.240582585646844,False
2254,0.004732340554856076,763,1.2173723374562995,False
2255,0.0010916014910284002,176,1.8490716462785548,False
2256,6.202281199025002e-05,10,2.593191945552826,False
2257,0.0004403619651307751,71,5.730230603419559,False
2258,0.05502663879774981,8872,0.8559705546785842,False
2259,0.0024871147608090255,401,1.6292966345599167,False
2260,0.0017986615477172505,290,1.1763421720471876,False
2261,0.0013210858953923252,213,1.8620680408298689,False
2262,0.0021521915760616753,347,1.7836733517110863,False
2263,0.0020281459520811755,327,1.9626777846514267,False
2264,0.0015133566125621004,244,4.77463941740208,False
2265,2.4809124796100004e-05,4,2.0727418065071106,False
2266,0.0025429352916002505,410,2.3879481292352445,False
2267,0.0008993307738586252,145,3.656485139912572,False
2268,0.0024312942300178005,392,2.340014786136394,False
2269,9.303421798537502e-05,15,1.783211874961853,False
2270,0.0015939862681494253,257,1.44657732818841,False
2271,0.0017862569853192003,288,1.456854459312227,False
2272,0.009998077292828303,1612,0.8349055776525076,False
2273,0.0019785277024889753,319,1.601078003925216,False
2274,0.0010667923662323003,172,1.3712025118428608,False
2275,0.00016746159237367503,27,1.5185710633242573,False
2276,8.683193678635003e-05,14,2.0876675162996565,False
2277,0.0019537185776928754,315,1.691921161469959,False
2278,0.0057743237962922765,931,1.645820415493753,False
2279,0.0010543878038342502,170,7.311426402540768,False
2280,0.0013272881765913503,214,2.001601619141124,False
2281,0.0006636440882956752,107,2.056076719382099,False
2282,0.003045320068721276,491,2.696933860448616,False
2283,0.0017862569853192003,288,1.0374198804299037,False
2284,0.004465642463298001,720,1.1818830733497938,False
2285,0.0004651710899268751,75,7.470684642791748,False
2286,0.0028096333831583256,453,1.4977742386180044,False
2287,0.003969459967376001,640,1.6167749509215354,False
2288,0.0002977094975532001,48,1.2952445521950722,False
2289,0.0009055330550576502,146,2.4925340250746846,False
2290,0.004087303310157476,659,1.8053245551669364,False
2291,0.006468979290583076,1043,0.8352938770447802,False
2292,0.00017366387357270005,28,0.9476062740598407,False
2293,0.0013831087073825753,223,3.625155095027701,False
2294,0.0004837779335239501,78,2.5989483426778746,False
2295,0.0011598265842176752,187,1.7434155673266731,False
2296,0.00014265246757757502,23,5.268287399540776,False
2297,0.0020157413896831253,325,1.6614132807804989,False
2298,0.0005706098703103001,92,1.6267941360888274,False
2299,0.0023940805428236504,386,1.0277260918691369,False
2300,0.004459440182098976,719,1.0779868021130727,False
2301,0.0025057216044061005,404,4.573394187606207,False
2302,0.00018606843597075004,30,2.3822595834732057,False
2303,0.0011536243030186503,186,1.3808427369722756,False
2304,0.004012875935769176,647,1.5526153403787746,False
2305,0.004037685060565276,651,0.8376629883609426,False
2306,0.0014451315193728252,233,4.8608458093307565,False
2307,0.00013645018637855003,22,9.268888614394449,False
2308,0.0035725139706384006,576,0.9192145400577121,False
2309,3.721368719415001e-05,6,2.2129603226979575,False
2310,0.0062332926050201265,1005,1.0472047472474586,False
2311,0.0022204166692509505,358,2.0882012164792534,False
2312,0.0009303421798537502,150,2.0616325998306273,False
2313,4.341596839317501e-05,7,2.5961400270462036,False
2314,0.0006574418070966502,106,2.031966075582324,False
2315,0.013378320546296929,2157,1.2410545260695103,False
2316,0.0011040060534264502,178,1.4684254728006514,False
2317,0.005836346608282526,941,1.6372856921521308,False
2318,0.008943689488994051,1442,0.8036051004835703,False
2319,0.00039694599673760006,64,1.0566794984042645,False
2320,0.0022948440436392505,370,2.32490546896651,False
2321,9.923649918440002e-05,16,19.691414810717106,False
2322,0.00022948440436392506,37,14.406796506933263,False
2323,0.004025280498167226,649,1.932937938002482,False
2324,0.004881195303632676,787,0.8903249397665604,False
2325,0.0023072486060373007,372,1.1163413249036318,False
2326,0.003870223468191601,624,0.7682998570112082,False
2327,0.0028468470703524756,459,2.338345888133662,False
2328,0.0010791969286303503,174,1.4137642993324104,False
2329,0.0029150721635417508,470,2.243344460649693,False
2330,0.0002666980915580751,43,8.225118232327839,False
2331,0.0007132623378878751,115,1.32052540053492,False
2332,0.0020901687640714254,337,1.912323683588724,False
2333,0.0023568668556295004,380,1.7101144389102334,False
2334,0.0007008577754898252,113,3.3528276196623272,False
2335,0.0010791969286303503,174,1.1610163340623352,False
2336,4.341596839317501e-05,7,2.4537438665117537,False
2337,0.0005271939019171251,85,2.00079150760875,False
2338,0.0007318691814849501,118,1.4723200474755238,False
2339,0.0015443680185572254,249,1.9765963554382324,False
2340,0.00023568668556295006,38,14.7122621975447,False
2341,0.004974229521618051,802,0.8265757976922014,False
2342,0.0015629748621543004,252,1.892825473395605,False
2343,0.0049122067096278015,792,1.6864661216133772,False
2344,0.0027724196959641755,447,1.9054401334233466,False
2345,0.0017676501417221253,285,1.2822919494227358,False
2346,0.0029460835695368755,475,1.1035601056249518,False
2347,0.0022452257940470503,362,1.5945650029577603,False
2348,0.0015071543313630753,243,12.938259917522164,False
2349,0.0005768121515093252,93,2.263391699842227,False
2350,0.00023568668556295006,38,1.983017761456339,False
2351,0.0015133566125621004,244,1.476736647183778,False
2352,0.0011474220218196253,185,3.215302551759256,False
2353,0.0004837779335239501,78,3.517049586161589,False
2354,0.0010233763978391252,165,6.558175878813772,False
2355,0.0019599208588919003,316,1.1552639524393444,False
2356,0.0003101140599512501,50,2.1436360764503477,False
2357,0.0036841550322208507,594,1.0167513439550946,False
2358,0.00033492318474735006,54,1.0946810687029804,False
2359,0.015691771433533255,2530,0.676408205296211,False
2360,0.016584899926192855,2674,1.18349760935747,False
2361,0.017236139452090477,2779,1.6332404571456334,False
2362,0.008062965558732501,1300,10.351654655383184,False
2363,0.0020405505144792256,329,1.9377681998858698,False
2364,0.0004031482779366251,65,1.2612558988424447,False
2365,0.007690828686791002,1240,0.7573141436423024,False
2366,8.683193678635003e-05,14,1.7989338891846793,False
2367,0.0011412197406206002,184,1.078691435896832,False
2368,0.0002480912479610001,40,1.7413585960865021,False
2369,0.0015009520501640503,242,0.8969614535323844,False
2370,0.0030763314747164006,496,1.0069365664835899,False
2371,0.00031631634115027505,51,2.079525012595981,False
2372,0.00011164106158245002,18,2.0122805502679615,False
2373,0.0019785277024889753,319,2.30612369316125,False
2374,0.0020033368272850756,323,1.5510220372639942,False
2375,0.0008062965558732502,130,1.2165811208578257,False
2376,2.4809124796100004e-05,4,1.731597661972046,False
2377,0.0003597323095434501,58,3.949522883727633,False
2378,0.0021273824512655754,343,1.3087706677072597,False
2379,0.005228523050778076,843,1.2557908309312054,False
2380,0.0020901687640714254,337,1.8102010605243264,False
2381,4.961824959220001e-05,8,2.177674353122711,False
2382,0.0013086813329942753,211,1.1549107508636764,False
2383,0.005321557268763451,858,0.72071984986881,False
2384,0.0017986615477172505,290,2.1093176105926776,False
2385,0.08691256644193734,14013,0.7400097485945668,False
2386,0.0021335847324646007,344,2.1131718980018483,False
2387,0.0012094448338098754,195,1.710961649968074,False
2388,0.009086341956571627,1465,1.624122590335156,False
2389,0.0012714676458001253,205,1.3371131786485997,False
2390,0.0003597323095434501,58,2.3707857090851356,False
2391,0.0003597323095434501,58,2.4982810328746665,False
2392,0.0013210858953923252,213,1.9283760204001772,False
2393,0.0008807239302615502,142,1.0097448305344918,False
2394,0.0053153549875644265,857,1.298215685675275,False
2395,0.0004217551215337001,68,2.7077811851220974,False
2396,0.00016746159237367503,27,11.857076825918975,False
2397,0.0022452257940470503,362,1.0933100169534842,False
2398,0.0029398812883378506,474,0.8801740566386452,False
2399,0.007864492560363702,1268,0.8274486204051069,False
2400,0.003944650842579901,636,1.866634137225601,False
2401,0.0,0,0.0,True
2402,0.003256197629488126,525,1.0678216080438523,False
2403,0.0019041003281006755,307,3.9366576609471724,False
2404,1.8606843597075006e-05,3,1.1020896037419636,False
2405,0.027438892024486607,4424,0.7172701897716005,False
2406,0.00021707984196587504,35,1.3602783237184797,False
2407,0.0005147893395190752,83,1.7143322085759727,False
2408,0.0006512395258976251,105,1.5872514361426944,False
2409,0.00025429352916002504,41,7.4529199483917985,False
2410,0.003386445534667651,546,1.2558659068394056,False
2411,0.0014141201133777003,228,1.4557079113366311,False
2412,8.062965558732502e-05,13,2.9229631332250743,False
2413,0.0015505702997562505,250,2.36613427066803,False
2414,0.0002480912479610001,40,1.3468625634908675,False
2415,0.003634536782628651,586,1.2542734626210184,False
2416,0.00019227071716977504,31,1.8547582318705897,False
2417,0.0009489490234508252,153,1.488193483913646,False
2418,0.0004899802147229751,79,1.7407041712652278,False
2419,0.0006140258387034752,99,1.364077450049044,False
2420,0.006413158759791851,1034,2.4995669451626865,False
2421,0.00011784334278147503,19,2.24187663981789,False
2422,0.0005768121515093252,93,1.6207470483677362,False
2423,0.0007194646190869002,116,1.6964301333345215,False
2424,0.0028220379455563757,455,2.121450378082611,False
2425,0.0029646904131339505,478,9.173167683589408,False
2426,0.003200377098696901,516,1.2081130987914033,False
2427,0.00019227071716977504,31,3.1401784458468036,False
2428,0.0016994250485328503,274,1.685797699176482,False
2429,0.004868790741234626,785,0.6605029093991419,False
2430,0.0015443680185572254,249,1.2795736598202503,False
2431,0.006754284225738227,1089,0.9366713748052647,False
2432,0.00027290037275710005,44,0.8464371778748252,False
2433,0.005898369420272776,951,1.020773166236316,False
2434,0.00018606843597075004,30,2.402219339211782,False
2435,0.0012342539586059752,199,1.768523954266879,False
2436,0.0017366387357270004,280,1.707305822627885,False
2437,0.0008124988370722751,131,2.954641283923433,False
2438,0.0016870204861348004,272,1.7520165837862913,False
2439,0.0004341596839317501,70,2.770880450521197,False
2440,0.0003287209035483251,53,5.740125554912495,False
2441,0.004416024213705801,712,1.1700820427262382,False
2442,0.012472787491239277,2011,1.1790036377415973,False
2443,0.004899802147229751,790,0.8235541953316218,False
2444,0.0033058158790803256,533,1.6623512441624397,False
2445,0.0004651710899268751,75,1.3693591690063476,False
2446,0.006772891069335302,1092,4.364052706585699,False
2447,0.00015505702997562504,25,6.347999534606934,False
2448,0.0007070600566888501,114,2.2597056020770157,False
2449,0.0019413140152948255,313,1.7744099914837188,False
2450,0.0022328212316490006,360,1.3524347278806899,False
2451,0.0005892167139073751,95,2.733195732769213,False
2452,0.020020963710452703,3228,0.8049503985833945,False
2453,0.0004031482779366251,65,2.0885970647518453,False
2454,0.0023258554496343757,375,1.4322482992808023,False
2455,0.0010233763978391252,165,1.5475523320111362,False
2456,0.0017800547041201755,287,2.416064983460961,False
2457,0.004670317742865826,753,2.5312234400753004,False
2458,0.0013458950201884253,217,1.4896129572995798,False
2459,0.0006946554942908002,112,4.945856577583721,False
2460,0.0009055330550576502,146,1.1745078743320623,False
2461,0.0020033368272850756,323,2.0259048237520108,False
2462,8.062965558732502e-05,13,3.2575214551045346,False
2463,0.0020343482332802003,328,1.5800912194862597,False
2464,0.009080139675372603,1464,0.7541985984057025,False
2465,0.0011970402714118252,193,5.018487187864867,False
2466,0.004571081243681426,737,0.6501950195395315,False
2467,0.0003411254659463751,55,1.462281532721086,False
2468,0.004416024213705801,712,4.2506874066390345,False
2469,0.0018916957657026255,305,2.014190233730879,False
2470,0.02142888154263138,3455,0.7683585463660498,False
2471,0.00031631634115027505,51,2.141079121944951,False
2472,0.0023940805428236504,386,2.356879264579536,False
2473,0.0008062965558732502,130,0.911186239352593,False
2474,0.005873560295476676,947,1.1674138959634897,False
2475,0.010450843820357127,1685,1.0882284187067863,False
2476,0.0019785277024889753,319,1.2468670700037368,False
2477,0.0006326326823005501,102,1.063462749415753,False
2478,0.007982335903145177,1287,0.9182665383250749,False
2479,0.0024436987924158506,394,1.5578268681685936,False
2480,0.0028468470703524756,459,1.6195866703207975,False
2481,0.00029150721635417507,47,1.5904864022072325,False
2482,0.0027724196959641755,447,1.7994356846116,False
2483,0.037281912287339285,6011,0.8131179365336726,False
2484,0.024300537737779956,3918,0.8676283847561534,False
2485,0.007678424124392951,1238,2.89224403393673,False
2486,0.0004217551215337001,68,2.792633847278707,False
2487,0.0007504760250820251,121,2.6260224058608377,False
2488,0.0009861627106449752,159,1.1140651470460232,False
2489,2.4809124796100004e-05,4,2.4444534182548523,False
2490,0.0007690828686791001,124,1.0040611028671265,False
2491,0.0004589688087278501,74,3.0543874921025456,False
2492,0.0013396927389894002,216,1.649532836896402,False
2493,0.0029584881319349257,477,1.8132480078023434,False
2494,0.0006512395258976251,105,1.5318118345169793,False
2495,0.3439599084543295,55457,2.5492702873256534,False
2496,0.0018420775161104254,297,0.8322885815141979,False
2497,0.004211348934137976,679,1.4297772591524869,False
2498,0.0012156471150089002,196,1.2739373323868732,False
2499,0.0022886417624402257,369,1.2646174443769584,False
2500,0.00022328212316490004,36,1.1139706605010562,False
2501,0.007889301685159802,1272,0.6502647346483087,False
2502,0.0004341596839317501,70,2.682932576111385,False
2503,0.005054859177205376,815,1.2032421828778974,False
2504,0.008360675056285701,1348,0.936122833444386,False
2505,0.0026855877591778258,433,1.0022585496616143,False
2506,0.013105420173539828,2113,0.8076740004020001,False
2507,0.0006698463694947001,108,1.127045249497449,False
2508,0.0028592516327505257,461,3.4205057447747915,False
2509,7.442737438830002e-05,12,1.5960020621617634,False
2510,0.0007442737438830002,120,5.833454232414564,False
2511,0.0012838722081981752,207,2.411900296303385,False
2512,0.0004713733711259001,76,2.2484619727260187,False
2513,0.0007504760250820251,121,1.1680047315014295,False
2514,0.006896936693315802,1112,1.180553078437023,False
2515,0.00017986615477172505,29,11.31677035627694,False
2516,0.009489490234508253,1530,1.4784174401775685,False
2517,0.0004651710899268751,75,4.035528299013774,False
2518,0.004205146652938951,678,1.6469356384249212,False
2519,0.0005085870583200501,82,5.907828546151882,False
2520,0.0006140258387034752,99,3.1591120356261126,False
2521,0.009421265141318977,1519,1.6609693606328304,False
2522,0.00011164106158245002,18,11.362637745009529,False
2523,9.923649918440002e-05,16,7.291822612285614,False
2524,0.04513400028530493,7277,0.5766588147891916,False
2525,0.0024250919488187756,391,1.2819670057662613,False
2526,0.0014017155509796504,226,6.217466745756369,False
2527,0.0005333961831161502,86,2.489014114058295,False
2528,0.0010978037722274253,177,1.7796185380321439,False
2529,0.0015443680185572254,249,2.6972421407699585,False
2530,0.0027103968839739256,437,1.330388275382175,False
2531,0.0021397870136636256,345,3.052773944536845,False
2532,0.0826826106642023,13331,1.2586506105365314,False
2533,0.0017056273297318754,275,1.3783604829961604,False
2534,0.00016125931117465003,26,2.2411532356188846,False
2535,0.00013024790517952503,21,2.270511729376657,False
2536,0.012689867333205153,2046,1.376715118467866,False
2537,0.0006140258387034752,99,6.154672071187183,False
2538,0.0006698463694947001,108,4.56108452434893,False
2539,0.0008187011182713002,132,1.0068657064076625,False
2540,0.0004775756523249251,77,1.2037565955868015,False
2541,0.0008311056806693502,134,1.1399299315552214,False
2542,0.0020839664828724005,336,1.6245870561826796,False
2543,0.0011536243030186503,186,4.199767083250066,False
2544,0.0003287209035483251,53,11.892562524327692,False
2545,0.0018668866409065254,301,1.7555836965871412,False
2546,0.011306758625822578,1823,0.6371509156512221,False
2547,0.00036593459074247506,59,3.450828451221272,False
2548,8.683193678635003e-05,14,1.4287374019622803,False
2549,0.00022948440436392506,37,2.13619648443686,False
2550,0.0022142143880519256,357,5.225176745436105,False
2551,0.0005271939019171251,85,1.6471112405552584,False
2552,0.00028530493515515004,46,8.422785328782123,False
2553,0.0018172683913143255,293,0.9784718438626964,False
2554,0.0003101140599512501,50,1.1767259645462036,False
2555,0.00023568668556295006,38,7.013694010282817,False
2556,0.0021459892948626504,346,2.5633421230178346,False
2557,0.0020777642016733757,335,3.0383716889281773,False
2558,0.0018048638289162753,291,1.803066079968849,False
2559,0.0011164106158245003,180,1.3537607762548658,False
2560,0.00031631634115027505,51,2.2754145767174516,False
2561,3.721368719415001e-05,6,3.3925060828526816,False
2562,0.0017800547041201755,287,1.3925002559967572,False
2563,0.0004031482779366251,65,3.534449610343346,False
2564,0.0005954189951064002,96,2.7812812278668084,False
2565,0.012789103832389553,2062,3.4021563651374427,False
2566,0.004118314716152601,664,0.9501650441123779,False
2567,0.0017552455793240754,283,1.815896821948749,False
2568,0.0021211801700665505,342,1.8428098353726126,False
2569,0.0010791969286303503,174,1.2505066696254687,False
2570,0.0004403619651307751,71,3.986950122134786,False
2571,0.0004589688087278501,74,1.4233367330319173,False
2572,0.0020343482332802003,328,2.1008024368344285,False
2573,0.0025615421351973255,413,1.672483738917704,False
2574,0.0010543878038342502,170,1.5218729895703933,False
2575,0.0016560090801396754,267,14.57747238941407,False
2576,0.0003845414343395501,62,1.7865529521819083,False
2577,0.0021583938572607006,348,3.5908743605531495,False
2578,0.0021335847324646007,344,1.50676956842112,False
2579,0.0008745216490625251,141,1.3661688363298456,False
2580,0.0019165048904987254,309,1.3113014512849086,False
2581,0.008218022588708128,1325,0.6329526188688458,False
2582,0.0023444622932314507,378,2.346404829983989,False
2583,3.101140599512501e-05,5,0.9060661554336548,False
2584,0.0003597323095434501,58,10.718545381365152,False
2585,0.0023444622932314507,378,1.1835043997991652,False
2586,0.0020157413896831253,325,1.4545456765248226,False
2587,0.0005520030267132251,89,9.724409778466386,False
2588,0.0004899802147229751,79,2.505412515205673,False
2589,0.00023568668556295006,38,1.5573221821534007,False
2590,0.004068696466560401,656,1.8763462076099908,False
2591,0.003584918533036451,578,0.8508510003865384,False
2592,0.0007256669002859252,117,1.0589891651756742,False
2593,0.00033492318474735006,54,2.2952510096408703,False
2594,0.0007628805874800752,123,1.1610352585955364,False
2595,0.0007876897122761752,127,2.9584063188297542,False
2596,0.0019971345460860503,322,1.171423450019789,False
2597,0.0024250919488187756,391,2.032550543470456,False
2598,0.004961824959220001,800,1.5390230885148048,False
2599,0.00035353002834442507,57,8.138050959821333,False
2600,0.0028282402267554006,456,5.998141155169721,False
2601,0.004211348934137976,679,0.8796618297279144,False
2602,0.0027165991651729505,438,0.7734169464677436,False
2603,0.0005830144327083501,94,1.3479660521162318,False
2604,0.013427938795889128,2165,1.3293527448975737,False
2605,0.005110679707996601,824,0.7227860920637557,False
2606,0.02589452400592938,4175,1.642635517976955,False
2607,0.009179376174557002,1480,1.4314446105344876,False
2608,0.0019847299836880006,320,1.92101508975029,False
2609,0.0013148836141933004,212,2.950607679362567,False
2610,1.8606843597075006e-05,3,3.3959051767985025,False
2611,0.0010171741166401002,164,1.2392263238022967,False
2612,0.0004527665275288251,73,2.421749418728972,False
2613,0.0006636440882956752,107,1.5830442092129002,False
2614,0.0014265246757757502,230,1.4316072920094365,False
2615,0.006890734412116776,1111,1.7191372982131587,False
2616,0.0005333961831161502,86,5.601453315380008,False
2617,0.00031631634115027505,51,6.703898441557791,False
2618,0.0002666980915580751,43,10.164233024730239,False
2619,0.0034546706278569257,557,1.425478289328529,False
2620,0.0012032425526108503,194,1.6553995615428256,False
2621,3.101140599512501e-05,5,1.1921356439590454,False
2622,0.0022824394812412004,368,2.4476659479348557,False
2623,0.0010543878038342502,170,1.7254446562598733,False
2624,0.0010978037722274253,177,1.274595713884817,False
2625,0.00019227071716977504,31,2.119657624152399,False
2626,0.0022638326376441253,365,1.0234112837543226,False
2627,0.005470412017540051,882,1.356083800192593,False
2628,0.0025181261668041507,406,2.583878387958545,False
2629,0.005414591486748826,873,1.0209980771577098,False
2630,0.015846828463508877,2555,0.8760074443779813,False
2631,0.0018730889221055505,302,8.261647511396976,False
2632,0.005650278172311776,911,0.992419370050357,False
2633,0.04289497677245691,6916,1.12233767225399,False
2634,0.00017366387357270005,28,7.344632267951965,False
2635,0.0005768121515093252,93,4.699155225548693,False
2636,0.0036469413450267007,588,1.0017280501573265,False
2637,0.0019847299836880006,320,1.5885608315467834,False
2638,0.00019227071716977504,31,1.360294242059031,False
2639,0.0005954189951064002,96,1.6099334644774597,False
2640,0.0005333961831161502,86,1.8265973052313162,False
2641,5.582053079122501e-05,9,2.2626096275117664,False
2642,0.0021832029820568004,352,11.33786800910126,False
2643,0.004924611272025851,794,1.1419982051368924,False
2644,0.0021956075444548506,354,2.1623900125255693,False
2645,0.0013086813329942753,211,4.841902616464696,False
2646,0.0020033368272850756,323,1.7618380065303838,False
2647,0.00026049581035905006,42,5.357486265046256,False
2648,0.011306758625822578,1823,0.6335674067218423,False
2649,0.0006760486506937252,109,2.1453854490857607,False
2650,0.008187011182713002,1320,0.8439665996667111,False
2651,0.0020901687640714254,337,1.706652342388821,False
2652,0.007430332876431952,1198,0.9121902796979341,False
2653,0.0020715619204743504,334,1.59208686551648,False
2654,0.0021894052632558253,353,1.7170756315712212,False
2655,0.0031941748174978755,515,0.7836674440254285,False
2656,0.002970892694332976,479,1.8163449505425695,False
2657,0.005823942045884476,939,1.1295353977824933,False
2658,0.00015505702997562504,25,8.344141435623168,False
2659,0.0021459892948626504,346,1.4259527356638384,False
2660,0.0012714676458001253,205,1.0839294916245996,False
2661,0.0048935998660307265,789,0.9084203906536706,False
2662,0.00021087756076685005,34,1.7257421823108898,False
2663,0.0020405505144792256,329,1.4858921059721508,False
2664,0.00011164106158245002,18,3.0560860368940563,False
2665,8.683193678635003e-05,14,3.307611107826233,False
2666,0.0026917900403768506,434,2.7711750507904087,False
2667,0.024374965112168256,3930,1.0741806030273438,False
2668,0.0003473277471454001,56,2.026687905192375,False
2669,0.0007194646190869002,116,1.323877449693351,False
2670,0.0009613535858488752,155,1.900688523630942,False
2671,0.0008807239302615502,142,1.1383975332891438,False
2672,0.0033368272850754508,538,0.7280753119727493,False
2673,0.0016994250485328503,274,1.1048911792518448,False
2674,0.0017118296109309005,276,1.7731268682341645,False
2675,0.003715166438215976,599,1.4720650503352808,False
2676,0.0034546706278569257,557,1.4230199262526562,False
2677,3.721368719415001e-05,6,4.627500077088674,False
2678,0.00012404562398050004,20,1.3053528308868407,False
2679,0.005625469047515676,907,0.9534548714247665,False
2680,0.0054083892055498016,872,0.929786637015299,False
2681,0.00012404562398050004,20,1.9545071840286254,False
2682,4.961824959220001e-05,8,5.417135924100876,False
2683,0.0015443680185572254,249,1.2803454480496754,False
2684,0.023022867810780806,3712,0.7636597585575334,False
2685,0.005209916207181001,840,1.3105986615022023,False
2686,0.0016622113613387003,268,4.407557649843729,False
2687,0.0010109718354410753,163,1.3224719960265365,False
2688,0.00012404562398050004,20,1.4385160982608796,False
2689,0.00022948440436392506,37,1.1480497025154732,False
2690,0.017279555420483653,2786,0.748446151667675,False
2691,0.03324422722677401,5360,1.4424596103269662,False
2692,0.0006946554942908002,112,1.025967457464763,False
2693,9.303421798537502e-05,15,1.6561625162760416,False
2694,0.0009799604294459501,158,1.8714114231399344,False
2695,0.0003907437155385751,63,1.6892709732055664,False
2696,0.00017366387357270005,28,1.953045747109822,False
2697,0.0009179376174557002,148,1.5734210529842891,False
2698,0.00017986615477172505,29,1.6769519304407055,False
2699,0.0020157413896831253,325,1.151190350972689,False
2700,0.0022204166692509505,358,0.9180474228033141,False
2701,0.00031631634115027505,51,1.33762059024736,False
2702,0.0006574418070966502,106,1.559940443848664,False
2703,0.0009303421798537502,150,1.3515113639831542,False
2704,0.0036841550322208507,594,1.0521121257884736,False
2705,0.007467546563626102,1204,0.831348793055132,False
2706,0.0017800547041201755,287,1.1590547677947254,False
2707,0.00029150721635417507,47,2.828594489300505,False
2708,0.0005954189951064002,96,1.8221514436105888,False
2709,0.0004155528403346751,67,2.6813963527110087,False
2710,2.4809124796100004e-05,4,1.967953383922577,False
2711,0.0023506645744304755,379,1.744597908689353,False
2712,0.0007752851498781252,125,1.4210697078704835,False
2713,0.0009923649918440003,160,4.499279554188251,False
2714,0.01695083451693533,2733,7.365533471281957,False
2715,0.003063926912318351,494,1.1698444813851885,False
2716,0.0011598265842176752,187,1.0339722862855636,False
2717,0.0016374022365426004,264,1.4903852488055374,False
2718,5.582053079122501e-05,9,1.279403289159139,False
2719,0.0016249976741445503,262,1.0345670667313438,False
2720,0.0025057216044061005,404,1.5547691164630475,False
2721,0.00026049581035905006,42,11.193984854789008,False
2722,0.0026049581035905004,420,2.5313102018265496,False
2723,0.0007814874310771502,126,1.6938780555649409,False
2724,0.0009365444610527753,151,1.7295086857498876,False
2725,0.0032872090354832506,530,1.2434381583951555,False
2726,0.00028530493515515004,46,1.6990382386290508,False
2727,0.0021583938572607006,348,1.319997019123757,False
2728,0.00026049581035905006,42,5.884462032999311,False
2729,0.02177620928977678,3511,0.8760796462460754,False
2730,2.4809124796100004e-05,4,1.913571536540985,False
2731,0.0007442737438830002,120,1.1424761732419333,False
2732,0.0024561033548139008,396,2.0599211192492284,False
2733,0.005551041673127376,895,1.5485099931002995,False
2734,0.004112112434953576,663,1.4421270393498162,False
2735,0.010624507693929827,1713,2.441999863687483,False
2736,0.0003287209035483251,53,0.9387412386120491,False
2737,0.005147893395190751,830,1.6489181050335069,False
2738,0.0018606843597075004,300,1.546166149775187,False
2739,4.961824959220001e-05,8,2.8543245792388916,False
2740,0.0006140258387034752,99,1.3952971130910545,False
2741,0.00011164106158245002,18,0.7643124527401395,False
2742,0.004025280498167226,649,0.8304344272393107,False
2743,0.0021149778888675257,341,3.897726859515014,False
2744,0.029262362696999958,4718,0.6658247684512718,False
2745,0.0015071543313630753,243,3.4973867125962497,False
2746,0.0008745216490625251,141,0.8883117395089873,False
2747,0.0024002828240226757,387,1.0687231684840002,False
2748,0.0035539071270413256,573,1.189206449565255,False
2749,0.0014451315193728252,233,1.6288927368851691,False
2750,0.0020343482332802003,328,1.4006045969521128,False
2751,0.011002846847070353,1774,1.265777391403611,False
2752,0.0019351117340958004,312,1.3450866444752767,False
2753,0.0018854934845036005,304,1.1547308615163754,False
2754,0.006896936693315802,1112,0.880498220273059,False
2755,0.0017738524229211504,286,1.3610699818684504,False
2756,0.03571273514398596,5758,0.6409885556220014,False
2757,0.006003808200656201,968,3.840170363503054,False
2758,0.014854463471664879,2395,0.5353194163089505,False
2759,0.0062146857614230515,1002,1.1684489283495083,False
2760,6.822509318927501e-05,11,2.4090301231904463,False
2761,0.0006264304011015251,101,4.6803103461123925,False
2762,0.0008497125242664252,137,1.1740498307847629,False
2763,0.0024002828240226757,387,0.9133786187923539,False
2764,0.2866570324565375,46218,1.0164601085269471,False
2765,0.005203713925981976,839,1.3297685116209774,False
2766,0.0002666980915580751,43,7.287212518758552,False
2767,0.0013334904577903754,215,1.2684729908787926,False
2768,0.003733773281813051,602,0.8538959097624618,False
2769,0.0009241398986547252,149,2.6134458500266877,False
2770,0.00021707984196587504,35,0.9518388271331787,False
2771,0.0016870204861348004,272,1.163134965388214,False
2772,0.005439400611544926,877,0.9030312363614786,False
2773,0.0019103026092997003,308,1.6697542171973687,False
2774,0.0010853992098293751,175,1.09823176247733,False
2775,0.003864021186992576,623,1.2766788893679746,False
2776,0.0022824394812412004,368,1.5982940669940866,False
2777,0.0014637383629699002,236,1.2089204651824499,False
2778,0.007622603593601726,1229,2.37599093046879,False
2779,0.00032251862234930007,52,4.714236711080257,False
2780,0.012621642240015878,2035,0.6866185706136267,False
2781,0.0004403619651307751,71,1.0918091015076974,False
2782,0.00036593459074247506,59,1.4893309867988198,False
2783,9.923649918440002e-05,16,1.1401654332876205,False
2784,0.0023754736992265754,383,1.7878040539066724,False
2785,0.00026049581035905006,42,1.4291313971791948,False
2786,0.0009799604294459501,158,1.6203522161592412,False
2787,4.341596839317501e-05,7,2.757020728928702,False
2788,0.0004775756523249251,77,8.204884896030674,False
2789,0.0015691771433533252,253,0.9278944664793052,False
2790,0.0009861627106449752,159,8.05943016061243,False
2791,0.0025057216044061005,404,1.3770908438923335,False
2792,1.2404562398050002e-05,2,2.260672152042389,False
2793,0.0010295786790381503,166,0.9660147485962833,False
2794,0.007790065185975401,1256,1.4293337950281277,False
2795,9.303421798537502e-05,15,1.9684678077697755,False
2796,0.01915884662378823,3089,0.657540286463339,False
2797,0.005061061458404401,816,2.191047948365118,False
2798,0.0016684136425377254,269,1.5303005108602872,False
2799,0.00015505702997562504,25,8.556569662094116,False
2800,0.0014389292381738004,232,1.2444101186661884,False
2801,0.0031135451619105506,502,0.804738232339046,False
2802,0.0018668866409065254,301,1.9315132112598101,False
2803,0.0022390235128480255,361,1.2698772808851628,False
2804,0.00020467527956782505,33,2.404474038066286,False
2805,0.0006450372446986001,104,1.9823390405911665,False
2806,0.0021335847324646007,344,2.0492049971985264,False
2807,0.010388821008366878,1675,1.0496045730363077,False
2808,0.0016684136425377254,269,2.2118689118707935,False
2809,0.00013645018637855003,22,4.326581358909607,False
2810,0.00011784334278147503,19,2.1644302292873987,False
2811,0.0004775756523249251,77,2.4409619027918037,False
2812,7.442737438830002e-05,12,2.871531456708908,False
2813,0.00012404562398050004,20,2.4000068843364715,False
2814,0.0017552455793240754,283,3.957636838666963,False
2815,0.0005271939019171251,85,2.4182684842277977,False
2816,0.0015629748621543004,252,1.618802663825807,False
2817,0.0019289094528967753,311,2.110169766416887,False
2818,0.0004775756523249251,77,1.3052640750810698,False
2819,0.00035353002834442507,57,2.5962763961992765,False
2820,0.0004837779335239501,78,3.628455952191964,False
2821,0.0011784334278147502,190,0.9121020141400789,False
2822,0.00026049581035905006,42,1.8457836707433064,False
2823,0.0027476105711680757,443,1.0727862246149549,False
2824,0.004899802147229751,790,1.2160032273847845,False
2825,0.00025429352916002504,41,2.162062761260242,False
2826,0.0004651710899268751,75,6.063429304758707,False
2827,0.0011846357090137753,191,1.1134819697335128,False
2828,0.0006202281199025002,100,1.9431651496887208,False
2829,3.721368719415001e-05,6,2.8246251543362937,False
2830,0.004701329148860951,758,1.2733751286931907,False
2831,0.0022142143880519256,357,6.289124803716729,False
2832,0.0004465642463298001,72,1.4002042015393574,False
2833,0.003969459967376001,640,1.294204912148416,False
2834,0.0004341596839317501,70,1.895329909665244,False
2835,0.0022080121068529003,356,2.783464449510146,False
2836,0.0008869262114605752,143,1.4841711404440285,False
2837,0.0002791026539561251,45,12.468029748068915,False
2838,0.0012280516774069504,198,1.2688893729990178,False
2839,0.026514752125831882,4275,2.3227068923927887,False
2840,0.0007318691814849501,118,1.2141369965116857,False
2841,0.0012032425526108503,194,1.1599442522550367,False
2842,0.004490451588094101,724,1.0954422171932559,False
2843,0.0008745216490625251,141,10.655237052457553,False
2844,0.0005333961831161502,86,1.681435810965161,False
2845,0.0020963710452704507,338,1.5013115751672779,False
2846,0.0005395984643151751,87,1.1266820252626792,False
2847,0.0013396927389894002,216,1.3267346642635487,False
2848,0.0004775756523249251,77,2.3741362234214685,False
2849,0.00031631634115027505,51,7.184453419610565,False
2850,0.005916976263869851,954,1.244207455177227,False
2851,0.004155528403346751,670,7.994931712791101,False
2852,0.013756659699437453,2218,0.7930586258498692,False
2853,0.008317259087892527,1341,0.9624779318625317,False
2854,0.0005458007455142001,88,1.1844681311737408,False
2855,0.0002791026539561251,45,8.55760613017612,False
2856,0.017273353139284627,2785,0.75367519166354,False
2857,0.003541502564643276,571,1.5425637175448095,False
2858,6.202281199025001e-06,1,2.073672294616699,False
2859,0.004217551215337001,680,1.3176232716616463,False
2860,6.202281199025002e-05,10,1.2077515840530395,False
2861,0.0012900744893972003,208,1.4756223324399729,False
2862,0.0007628805874800752,123,1.6562181914724954,False
2863,0.004738542836055101,764,1.1549382010055462,False
2864,0.0018730889221055505,302,1.3264797093063,False
2865,0.0038950325929877007,628,1.7549027007096891,False
2866,0.004260967183730176,687,1.3977402613499625,False
2867,0.0018296729537123754,295,1.457222558280169,False
2868,0.003485682033852051,562,0.790695459817228,False
2869,0.0017490432981250503,282,2.194839338884286,False
2870,0.00010543878038342502,17,8.485978547264548,False
2871,0.0026421717907846505,426,1.8396302313312118,False
2872,0.016448449739814304,2652,0.9088853260960155,False
2873,0.006512395258976252,1050,1.0193201101393927,False
2874,0.002722801446371976,439,1.5017172540781982,False
2875,0.0023320577308334005,376,0.7921933924898188,False
2876,0.00017986615477172505,29,2.706116117280105,False
2877,0.0017924592665182254,289,1.3603515043390664,False
2878,1.2404562398050002e-05,2,1.7474933862686157,False
2879,0.0007876897122761752,127,4.308963708051547,False
2880,4.961824959220001e-05,8,2.2348958551883698,False
2881,0.00023568668556295006,38,1.5961776501254032,False
2882,0.0004713733711259001,76,6.535242541840202,False
2883,0.006028617325452301,972,1.5202855561005235,False
2884,0.0015815817057513754,255,1.4100613196690877,False
2885,0.0027662174147651507,446,1.7682313079791219,False
2886,0.0008124988370722751,131,1.0602250299380935,False
2887,0.0007938919934752001,128,1.0447398349642754,False
2888,0.0012652653646011002,204,6.229117928766737,False
2889,0.0022204166692509505,358,2.14414835742066,False
2890,0.007337298658446577,1183,0.897643734213667,False
2891,0.12634046802413929,20370,0.9923534979466778,False
2892,0.0008062965558732502,130,2.203763772891118,False
2893,0.0006884532130917751,111,2.0882187662897884,False
2894,0.00028530493515515004,46,9.501017961813057,False
2895,0.0008311056806693502,134,0.9773106370399247,False
2896,0.0020281459520811755,327,1.667116595699882,False
2897,0.012026223244909477,1939,14.894267133242572,False
2898,0.0009799604294459501,158,2.8459577560424805,False
2899,0.00016125931117465003,26,5.786315367772029,False
2900,0.0025863512599934254,417,1.2696375200788466,False
2901,0.0005582053079122502,90,1.3186782201131184,False
2902,0.00018606843597075004,30,1.5865948438644408,False
2903,0.0071140165352816765,1147,1.5952659247746754,False
2904,0.008751418771824277,1411,0.6948602285729834,False
2905,0.0012838722081981752,207,1.2708010638969531,False
2906,0.0033988500970657007,548,0.9423643772619484,False
2907,0.0002666980915580751,43,2.330515844877376,False
2908,0.0014389292381738004,232,2.5847576240013383,False
2909,0.003733773281813051,602,1.457379018349505,False
2910,0.0018668866409065254,301,0.8364015477044242,False
2911,0.005730907827899101,924,1.8063791974798424,False
2912,0.0033430295662744756,539,4.571122185197522,False
2913,0.0048377793352395015,780,1.0488414373153294,False
2914,0.0019537185776928754,315,1.0661252354818678,False
2915,8.683193678635003e-05,14,1.330995832170759,False
2916,0.0010978037722274253,177,1.1249602487531758,False
2917,0.0024685079172119505,398,1.105367357407383,False
2918,0.0025057216044061005,404,1.6126279226033995,False
2919,0.0003597323095434501,58,2.0993164346135895,False
2920,0.0011350174594215753,183,1.2622939302621643,False
2921,0.00039694599673760006,64,1.915090762078762,False
2922,0.0012900744893972003,208,2.2916368056948366,False
2923,0.0007442737438830002,120,1.70467090010643,False
2924,0.0020653596392753255,333,1.3230380063300375,False
2925,0.0003101140599512501,50,1.3122689318656922,False
2926,0.0004155528403346751,67,1.2028550923760257,False
2927,0.004633104055671676,747,2.350642697080232,False
2928,0.0021211801700665505,342,1.5783361471884432,False
2929,0.0008062965558732502,130,4.578210196128258,False
2930,0.00021707984196587504,35,2.1812328815460207,False
2931,0.0036469413450267007,588,0.9201643839985335,False
2932,0.0021273824512655754,343,1.7466309734405652,False
2933,0.011195117564240128,1805,1.1655531473767393,False
2934,0.00021087756076685005,34,6.043699324131012,False
2935,0.0034918843150510757,563,1.6447530214147077,False
2936,0.0003721368719415001,60,1.1231286843617758,False
2937,6.202281199025001e-06,1,0.6441586017608643,False
2938,0.005079668302001476,819,0.8710990551772717,False
2939,0.0010109718354410753,163,1.8372017635158235,False
2940,0.0005954189951064002,96,1.9706487531463306,False
2941,0.00022328212316490004,36,1.686910589536031,False
2942,0.0033182204414783758,535,3.6743954676333987,False
2943,0.0015691771433533252,253,2.0613476937938584,False
2944,0.002722801446371976,439,1.4190633269811816,False
2945,0.03099279915152793,4997,0.6194535652971372,False
2946,0.01702526189132363,2745,1.1294348968617034,False
2947,0.0010357809602371752,167,1.2830847009213384,False
2948,0.007411726032834877,1195,0.7693986493673285,False
2949,0.004118314716152601,664,1.0223811868443546,False
2950,0.13055181695827725,21049,0.9448010126900699,False
2951,0.0019351117340958004,312,1.3013829642381423,False
2952,0.00026049581035905006,42,2.2988732286861966,False
2953,0.0012156471150089002,196,1.1146742269700887,False
2954,0.0004899802147229751,79,1.859462861773334,False
2955,3.721368719415001e-05,6,1.5693324009577434,False
2956,0.0009055330550576502,146,2.584033112003379,False
2957,0.0013582995825864753,219,4.835615006211686,False
2958,6.202281199025002e-05,10,11.569862020015716,False
2959,0.0019351117340958004,312,8.313152673916939,False
2960,0.0020467527956782505,330,1.4922125975290934,False
2961,6.822509318927501e-05,11,1.3086231513456865,False
2962,0.0014451315193728252,233,1.2838694138588311,False
2963,0.0035353002834442506,570,0.996863145159002,False
2964,0.0005395984643151751,87,1.169962407528669,False
2965,0.005284343581569301,852,0.9899822333608994,False
2966,0.04128238366071041,6656,0.5879848943306849,False
2967,0.006220888042622077,1003,1.0169871987279129,False
2968,0.0025057216044061005,404,1.2575810705081072,False
2969,0.0024126873864207254,389,1.2872318645369425,False
2970,0.0019537185776928754,315,1.1130891675040835,False
2971,0.0035539071270413256,573,1.2365082323447156,False
2972,0.0019413140152948255,313,1.7006556633562326,False
2973,0.00022948440436392506,37,3.3831240615329228,False
2974,0.0016187953929455254,261,1.0997391528096692,False
2975,0.0019723254212899504,318,1.3725441739244282,False
2976,0.007225657596864127,1165,1.3178128209748494,False
2977,0.0009923649918440003,160,2.0156149864196777,False
2978,0.0024126873864207254,389,1.4602973746150196,False
2979,0.013322500015505704,2148,0.7053557214790216,False
2980,0.0023134508872363255,373,1.4048643185689687,False
2981,0.0006326326823005501,102,2.0469249615482257,False
2982,0.0017180318921299253,277,1.1692350306665855,False
2983,0.004223753496536026,681,0.8048037092766223,False
2984,4.961824959220001e-05,8,1.3572402149438858,False
2985,0.005780526077491301,932,1.2257580332489997,False
2986,0.004310585433322376,695,0.9405434135052798,False
2987,0.004056291904162351,654,0.8231806536333277,False
2988,6.202281199025002e-05,10,2.0328775525093077,False
2989,0.005861155733078626,945,0.7018085303129973,False
2990,0.003752380125410126,605,1.3255582344433492,False
2991,0.0020157413896831253,325,1.6054853758445153,False
2992,6.202281199025001e-06,1,2.885063648223877,False
2993,0.0033554341286725258,541,1.5435576324321867,False
2994,0.0007256669002859252,117,1.2484095330931182,False
2995,0.0028716561951485755,463,1.6767258319689955,False
2996,0.0010605900850332753,171,1.2950197088788127,False
2997,0.0019227071716977505,310,1.9629286835270543,False
2998,0.0005458007455142001,88,1.580510218035091,False
2999,0.0024499010736148755,395,2.554447110695175,False
3000,0.006642643164155777,1071,0.678876669800916,False
3001,0.0011784334278147502,190,2.2260276022710297,False
3002,0.007448939720029027,1201,1.430134035566268,False
3003,0.004968027240419026,801,0.8363356524787741,False
3004,0.009309624079736527,1501,0.7913083783949637,False
3005,0.004291978589725301,692,0.746724264470139,False
3006,0.0023320577308334005,376,2.8559850086557104,False
3007,0.0005147893395190752,83,9.256732456655387,False
3008,0.0017986615477172505,290,1.36894646513051,False
3009,0.0017366387357270004,280,1.2999259778431485,False
3010,0.0005706098703103001,92,9.590394461932389,False
3011,0.0003473277471454001,56,1.4605423041752406,False
3012,0.0023444622932314507,378,1.6086706386672125,False
3013,6.822509318927501e-05,11,1.2222269881855359,False
3014,0.0011350174594215753,183,1.593608143551102,False
3015,0.0022390235128480255,361,2.352651329251868,False
3016,0.0009551513046498502,154,4.0884691089778755,False
3017,0.007262871284058277,1171,1.1429008562070095,False
3018,0.0004465642463298001,72,8.015299985806147,False
3019,0.006264304011015251,1010,0.8877507483605112,False
3020,5.582053079122501e-05,9,2.338851557837592,False
3021,0.0004403619651307751,71,8.573161091603025,False
3022,0.004391215088909701,708,1.0704433732787095,False
3023,0.0015319634561591754,247,1.57096948266512,False
3024,0.0015753794245523503,254,1.3109038608280692,False
3025,0.0004217551215337001,68,1.2481452699969797,False
3026,0.0,0,0.0,True
3027,0.0007132623378878751,115,2.239633564327074,False
3028,0.0031073428807115258,501,0.9072672871058572,False
3029,0.008093976964727627,1305,1.9233140295035995,False
3030,0.014376887819339953,2318,1.50334554380955,False
3031,0.0002480912479610001,40,1.370485347509384,False
3032,0.0013334904577903754,215,1.752509152612021,False
3033,0.00022948440436392506,37,2.338305035152951,False
3034,3.721368719415001e-05,6,0.41405729452768963,False
3035,0.0032872090354832506,530,1.1622842788696288,False
3036,0.0026731831967797756,431,9.325862025716741,False
3037,0.008230427151106176,1327,1.0500321981146898,False
3038,0.0018668866409065254,301,1.523670790203386,False
3039,0.0004899802147229751,79,1.8377256121816514,False
3040,0.00026049581035905006,42,1.0590914374306089,False
3041,0.00036593459074247506,59,1.34036809711133,False
3042,0.0018172683913143255,293,2.3128533908531526,False
3043,0.00013645018637855003,22,1.8719628724184902,False
3044,4.341596839317501e-05,7,0.9336795125688825,False
3045,0.009433669703717028,1521,2.3055145166799633,False
3046,0.0023816759804256007,384,1.560968394080798,False
3047,0.0010481855226352253,169,5.634111319773296,False
3048,0.014643585910898028,2361,1.1209097163044057,False
3049,0.0006140258387034752,99,2.3398489362061627,False
3050,0.0004961824959220001,80,1.6881321251392365,False
3051,0.011226128970235252,1810,0.7128167342085865,False
3052,0.0021025733264694755,339,1.3868506735405035,False
3053,0.0004341596839317501,70,3.3719109995024543,False
3054,0.0006698463694947001,108,1.3356007414835471,False
3055,0.002952285850735901,476,0.8146220355474648,False
3056,0.00014885474877660004,24,9.100133717060089,False
3057,0.00011164106158245002,18,2.008676369984945,False
3058,0.0036655481886237757,591,0.8755375277975892,False
3059,8.683193678635003e-05,14,13.796005249023438,False
3060,0.0009861627106449752,159,0.938139815750362,False
3061,0.004006673654570151,646,1.09842260998469,False
3062,0.00021087756076685005,34,6.713392047321095,False
3063,0.0011474220218196253,185,1.0221335217759415,False
3064,0.00021087756076685005,34,8.506694877848906,False
3065,0.0005706098703103001,92,1.5298227875129036,False
3066,0.0016684136425377254,269,1.1765494116176902,False
3067,0.0016498067989406504,266,1.157411904263317,False
3068,0.009812008856857552,1582,1.1860135412397035,False
3069,0.0011598265842176752,187,2.074107335850517,False
3070,1.2404562398050002e-05,2,1.6034494042396545,False
3071,0.005358770955957601,864,0.8417682515250312,False
3072,0.00012404562398050004,20,2.9752112448215486,False
3073,2.4809124796100004e-05,4,2.7981780767440796,False
3074,0.0003783391531405251,61,0.8680658164571543,False
3075,0.0017924592665182254,289,2.0981806727016674,False
3076,0.0048935998660307265,789,0.8307116318715994,False
3077,0.0007814874310771502,126,1.6645364685664101,False
3078,0.0021770007008577756,351,1.2877056843195207,False
3079,0.0030205109439251756,487,1.197425119685931,False
3080,0.00024188896676197505,39,1.3135369251935909,False
3081,0.00010543878038342502,17,1.735522845212151,False
3082,3.101140599512501e-05,5,3.6668798685073853,False
3083,0.0005768121515093252,93,1.0937510575017622,False
3084,0.0008807239302615502,142,1.1608893972047618,False
3085,0.0018730889221055505,302,0.990025210064768,False
3086,0.003851616624594526,621,1.0159985116906405,False
3087,0.008515732086261328,1373,9.020929471038157,False
3088,0.018147874788347153,2926,1.782939689255543,False
3089,0.004540069837686301,732,0.9193336937596889,False
3090,0.0021583938572607006,348,0.9996955096721649,False
3091,0.0015629748621543004,252,1.0293063852522109,False
3092,0.0020591573580763006,332,1.2850632624453808,False
3093,0.00027290037275710005,44,1.4614452936432578,False
3094,0.004862588460035601,784,1.2562536791879304,False
3095,0.0,0,0.0,True
3096,9.923649918440002e-05,16,9.954062655568123,False
3097,0.0026979923215758755,435,1.0131447720801694,False
3098,0.003864021186992576,623,1.2456356105222748,False
3099,0.0006884532130917751,111,1.0186502353565112,False
3100,3.101140599512501e-05,5,1.5367413282394409,False
3101,0.0011288151782225502,182,1.6193056512664963,False
3102,0.0008187011182713002,132,0.6858653362953302,False
3103,0.00019847299836880003,32,2.1341220885515213,False
3104,0.0019785277024889753,319,2.211894205745111,False
3105,0.0015815817057513754,255,1.033806378701154,False
3106,0.00029150721635417507,47,1.4049171488335792,False
3107,0.0012776699269991503,206,1.6746024367878738,False
3108,0.0008869262114605752,143,2.201602368921667,False
3109,0.0003845414343395501,62,1.9426138920168723,False
3110,5.582053079122501e-05,9,1.9015838437610202,False
3111,0.0028654539139495506,462,1.9437868731878536,False
3112,0.005991403638258151,966,0.8768959548902808,False
3113,0.0019475162964938504,314,0.8553862864044821,False
3114,0.0021707984196587503,350,2.3104525004114422,False
3115,3.101140599512501e-05,5,0.6724371910095215,False
3116,0.003752380125410126,605,1.0667470620683401,False
3117,0.0027352060087700255,441,8.42542720192414,False
3118,0.0014947497689650254,241,3.712147118639649,False
3119,0.004509058431691176,727,0.8083276079642232,False
3120,0.0021521915760616753,347,1.9445331220324513,False
3121,0.0020591573580763006,332,1.570366373981338,False
3122,0.0003597323095434501,58,10.16451216977218,False
3123,0.0019413140152948255,313,2.1556098255486535,False
3124,0.0012652653646011002,204,1.2223266678697922,False
3125,1.2404562398050002e-05,2,39.3270987868309,False
3126,0.00022948440436392506,37,0.9891603025230201,False
3127,0.0021707984196587503,350,1.6001825492722648,False
3128,0.0023444622932314507,378,1.0546394381573592,False
3129,0.005991403638258151,966,1.0283634588585138,False
3130,0.0015319634561591754,247,1.5091425243176912,False
3131,0.0004279574027327251,69,1.5890559424524722,False
3132,0.0023630691368285257,381,0.8452505727452556,False
3133,0.003975662248575026,641,1.047838748152282,False
3134,0.003163163411502751,510,1.4938033440533807,False
3135,0.0028530493515515004,460,3.636620897832124,False
3136,0.00019847299836880003,32,0.7588474862277508,False
3137,0.00019227071716977504,31,1.4931230660407775,False
3138,0.0004589688087278501,74,9.181684684109044,False
3139,0.0018916957657026255,305,1.1426075743847206,False
3140,0.0016498067989406504,266,1.2143779276008893,False
3141,0.0020591573580763006,332,1.792992657207581,False
3142,0.0017800547041201755,287,1.7493335764582565,False
3143,0.0007690828686791001,124,6.978349199218135,False
3144,0.0022142143880519256,357,1.673463497175222,False
3145,0.0020777642016733757,335,0.8970144478242789,False
3146,0.0019351117340958004,312,5.009300729021048,False
3147,0.02810253611278228,4531,0.8184606585379495,False
3148,0.0009179376174557002,148,5.1626719840475035,False
3149,1.2404562398050002e-05,2,3.791538953781128,False
3150,0.00011784334278147503,19,10.162570024791517,False
3151,0.0002480912479610001,40,1.2315994143486022,False
3152,0.0005209916207181001,84,12.10530405952817,False
3153,0.010016684136425378,1615,1.3858737887981876,False
3154,0.0016746159237367505,270,1.625926790414033,False
3155,0.0066736545701509015,1076,0.8441730839612316,False
3156,0.0003597323095434501,58,1.1352288332478753,False
3157,0.0016063908305474753,259,6.590170681706727,False
3158,0.003597323095434501,580,3.491635021259045,False
3159,0.010072504667216603,1624,1.0364880234443496,False
3160,0.0003783391531405251,61,1.5951532340440593,False
3161,0.0027848242583622257,449,1.5599462975372451,False
3162,3.721368719415001e-05,6,1.8602747519810994,False
3163,0.0024374965112168257,393,2.203163436654263,False
3164,0.009539108484100452,1538,0.8082303293969758,False
3165,0.004614497212074601,744,0.6232897273955806,False
3166,0.0021397870136636256,345,1.2655586850815925,False
3167,0.0023878782616246256,385,1.362486424384179,False
3168,0.0010109718354410753,163,5.464210237462097,False
3169,0.005637873609913726,909,2.1648238321604376,False
3170,0.0009675558670479002,156,1.0648461450368931,False
3171,0.0023940805428236504,386,1.7252511002239168,False
3172,0.0004155528403346751,67,4.09290225470244,False
3173,0.00026049581035905006,42,2.1409474327450706,False
3174,0.0005830144327083501,94,1.758126933523949,False
3175,0.004564878962482401,736,0.9432849223199098,False
3176,0.00021087756076685005,34,3.121769631610197,False
3177,0.0008373079618683752,135,1.333952937302766,False
3178,0.004509058431691176,727,1.533798127915541,False
3179,0.0018296729537123754,295,1.31749145216861,False
3180,0.0006574418070966502,106,3.4956841086441615,False
3181,0.019673635963307304,3172,2.062247231959695,False
3182,0.0011660288654167003,188,1.3681946961169547,False
3183,0.00019847299836880003,32,1.659782774746418,False
3184,0.0035911208142354756,579,0.9455034934589076,False
3185,0.0004899802147229751,79,1.824775677693041,False
3186,0.0015629748621543004,252,2.0174573754507397,False
3187,0.003237590785891051,522,0.8781331654252678,False
3188,9.303421798537502e-05,15,9.535135920842489,False
3189,0.007213253034466077,1163,1.2443208944561763,False
3190,0.0030391177875222506,490,0.9684331825801304,False
3191,4.341596839317501e-05,7,3.429614986692156,False
3192,0.0005520030267132251,89,1.953263703356968,False
3193,0.0006698463694947001,108,4.8581961282977355,False
3194,0.0013272881765913503,214,1.176993445815327,False
3195,0.0070395891608933765,1135,1.1929787558080867,False
3196,0.0010047695542420502,162,5.398103750782249,False
3197,0.0022638326376441253,365,1.4287995580124528,False
3198,0.0011226128970235252,181,1.1619478194094495,False
3199,0.0015505702997562505,250,1.0902748646736145,False
3200,0.00030391177875222506,49,0.7805965287344796,False
3201,0.0004589688087278501,74,3.384609779796085,False
3202,0.0027662174147651507,446,1.0761319735659611,False
3203,4.341596839317501e-05,7,1.7905548640659876,False
3204,0.0016622113613387003,268,1.4978413946592986,False
3205,0.0031073428807115258,501,1.3958522431150882,False
3206,0.0003845414343395501,62,11.133391882142712,False
3207,0.00012404562398050004,20,2.4067382156848907,False
3208,0.0005520030267132251,89,5.433081214347582,False
3209,0.0004155528403346751,67,9.551441477305854,False
3210,0.0019413140152948255,313,2.1998474506524426,False
3211,0.0019723254212899504,318,1.011109751725347,False
3212,8.683193678635003e-05,14,1.4722807918276106,False
3213,0.003603525376633526,581,1.1804857713630401,False
3214,0.0035539071270413256,573,0.8521369464734462,False
3215,0.0021087756076685004,340,1.517118113531786,False
3216,0.0005271939019171251,85,1.1691645706401153,False
3217,0.0005458007455142001,88,1.7552766285159371,False
3218,0.0021956075444548506,354,0.9185247717604126,False
3219,6.822509318927501e-05,11,1.580912709236145,False
3220,0.0012900744893972003,208,2.5220185128542094,False
3221,0.0022700349188431506,366,2.4722742314547137,False
3222,0.012379753273253902,1996,1.1638158157258809,False
3223,0.0031755679739008005,512,1.9666521125473082,False
3224,0.0015877839869504003,256,1.448142223060131,False
3225,0.0016622113613387003,268,8.470576289874405,False
3226,0.00031631634115027505,51,1.3043016522538429,False
3227,0.0026421717907846505,426,1.7816667386063947,False
3228,0.0004155528403346751,67,2.5991286128314575,False
3229,0.0020095391084841005,324,1.869413826936557,False
3230,6.202281199025002e-05,10,1.1929315328598022,False
3231,0.00011164106158245002,18,1.3791155748897128,False
3232,0.0019909322648870255,321,1.5246179107565003,False
3233,0.0028778584763476008,464,1.6754221654143826,False
3234,0.0010047695542420502,162,3.021770473615623,False
3235,0.0018606843597075004,300,2.4917607084910074,False
3236,0.0020529550768772753,331,1.2771622810479017,False
3237,0.0003907437155385751,63,1.7648072659023224,False
3238,0.0023878782616246256,385,2.0535229401154953,False
3239,0.02337639783912523,3769,0.6935672279250625,False
3240,0.0013520973013874504,218,1.3515837077700763,False
3241,0.0031507588491047006,508,1.4824557417021023,False
3242,0.006946554942908001,1120,1.0093581778662546,False
3243,0.0010667923662323003,172,1.0552504194337269,False
3244,0.0014203223945767254,229,0.9634671627694342,False
3245,0.0008187011182713002,132,1.3223633088848807,False
3246,0.016882609423746055,2722,1.592098339789935,False
3247,0.004019078216968201,648,1.3485542489790623,False
3248,0.0010047695542420502,162,2.4078973914370123,False
3249,0.005141691113991726,829,2.2203243773866475,False
3250,2.4809124796100004e-05,4,15.219527244567871,False
3251,0.0049122067096278015,792,1.2415076554423632,False
3252,0.0018916957657026255,305,2.0235748775669786,False
3253,0.0008993307738586252,145,1.303765845298767,False
3254,1.2404562398050002e-05,2,0.3918278217315674,False
3255,0.0009737581482469252,157,2.058919766905961,False
3256,0.0014575360817708754,235,0.9879025976708595,False
3257,1.8606843597075006e-05,3,1.0513237317403157,False
3258,0.0022328212316490006,360,0.937648430135515,False
3259,0.007907908528756877,1275,1.4169447685690486,False
3260,0.0010978037722274253,177,1.000957057974433,False
3261,1.8606843597075006e-05,3,2.1297993262608848,False
3262,0.0006512395258976251,105,1.9499815361840385,False
3263,0.0019413140152948255,313,0.9866953798757193,False
3264,0.0018234706725133503,294,10.848248858435625,False
3265,0.003622132220230601,584,1.2677296055098102,False
3266,0.00011164106158245002,18,1.184343741999732,False
3267,0.0010791969286303503,174,1.2092074546320686,False
3268,0.0004465642463298001,72,7.567951780226496,False
3269,0.0009861627106449752,159,4.294956083567637,False
3270,0.003833009780997451,618,1.496727386917497,False
3271,6.822509318927501e-05,11,1.8364667675711892,False
3272,8.683193678635003e-05,14,2.0900748712675914,False
3273,0.0011846357090137753,191,1.2697962584919955,False
3274,0.0020839664828724005,336,1.2369450731646447,False
3275,0.004081101028958451,658,1.158725876395101,False
3276,0.00016746159237367503,27,9.972122183552495,False
3277,0.006779093350534326,1093,1.178073459443758,False
3278,0.005426996049146877,875,1.2988492341722762,False
3279,0.0031941748174978755,515,1.0778055468809258,False
3280,0.00027290037275710005,44,2.7091872556643053,False
3281,0.0024623056360129256,397,6.729616179274071,False
3282,0.0011040060534264502,178,1.1779213253031955,False
3283,0.0006016212763054251,97,1.5884129853592706,False
3284,0.0015071543313630753,243,1.5430478966285173,False
3285,0.0031879725362988507,514,1.7238573411095468,False
3286,6.822509318927501e-05,11,2.982880787415938,False
3287,0.0062146857614230515,1002,1.1230095103829207,False
3288,0.0014203223945767254,229,7.397036712242526,False
3289,0.006425563322189901,1036,0.8668269098495425,False
3290,0.0006202281199025002,100,8.017099866867065,False
3291,0.0014947497689650254,241,1.497546606044057,False
3292,0.005768121515093251,930,3.0364437598054126,False
3293,0.0024064851052217006,388,4.024520409168656,False
3294,0.0009427467422518002,152,1.8110595463137877,False
3295,0.0038206052185994007,616,1.0475915592986267,False
3296,9.303421798537502e-05,15,1.3336732864379883,False
3297,9.923649918440002e-05,16,1.2934122383594513,False
3298,0.0017056273297318754,275,1.120006253936074,False
3299,0.0023382600120324254,377,0.891615631725807,False
3300,0.0028034311019593007,452,0.9569720947636967,False
3301,0.004062494185361376,655,0.7461487631761391,False
3302,0.006611631758160651,1066,1.018664081034025,False
3303,0.0023134508872363255,373,0.9938853988698596,False
3304,0.005879762576675701,948,1.1851021227454335,False
3305,0.007783862904776377,1255,1.3640620495693616,False
3306,0.0008000942746742252,129,1.2582929023476535,False
3307,0.0025305307292022004,408,1.2535435843701457,False
3308,0.006785295631733352,1094,0.8744802771364313,False
3309,0.0007008577754898252,113,6.132236624186018,False
3310,0.00023568668556295006,38,1.784740592304029,False
3311,0.0008124988370722751,131,1.2990366884770284,False
3312,0.0015381657373582003,248,1.878461851227668,False
3313,0.0018668866409065254,301,1.5205598352755423,False
3314,0.004788161085647301,772,1.0849178356210185,False
3315,0.00020467527956782505,33,4.541918021259886,False
3316,0.00030391177875222506,49,6.744933495716173,False
3317,6.202281199025002e-05,10,3.292318105697632,False
3318,0.0027103968839739256,437,1.7615920193408119,False
3319,0.003640739063827676,587,1.0128226467048087,False
3320,0.0009675558670479002,156,12.335048875747583,False
3321,9.923649918440002e-05,16,8.879280433058739,False
3322,0.0024064851052217006,388,3.8398331962909893,False
3323,0.0016249976741445503,262,2.754528808229752,False
3324,0.0010171741166401002,164,1.2766502412354075,False
3325,0.0013396927389894002,216,1.1440197615711778,False
3326,0.0019413140152948255,313,1.442136485736591,False
3327,0.005842548889481551,942,1.3300098244045444,False
3328,0.0013520973013874504,218,1.4488877134585598,False
3329,0.0010853992098293751,175,2.521669590813773,False
3330,0.006425563322189901,1036,0.6664132215801813,False
3331,0.0007256669002859252,117,3.4272133488940377,False
3332,0.0020901687640714254,337,9.782442440972483,False
3333,0.0012776699269991503,206,3.1002288697992713,False
3334,0.0026111603847895257,421,1.9453266340876418,False
3335,0.00020467527956782505,33,2.0936678142258613,False
3336,0.0011722311466157253,189,8.205747294047523,False
3337,4.341596839317501e-05,7,2.3214735133307323,False
3338,0.0009055330550576502,146,1.6578399383858458,False
3339,0.003907437155385751,630,7.006819384438651,False
3340,8.683193678635003e-05,14,11.576671532222203,False
3341,0.0003783391531405251,61,1.6941951728257976,False
3342,0.006518597540175276,1051,5.815365604623855,False
3343,0.0018544820785084755,299,1.1241055890469247,False
3344,0.0014947497689650254,241,1.8254185395616713,False
3345,0.0010978037722274253,177,4.713622141692598,False
3346,8.683193678635003e-05,14,1.6606060436793737,False
3347,4.341596839317501e-05,7,0.9838214942387172,False
3348,0.00027290037275710005,44,1.1185110428116538,False
3349,0.0024002828240226757,387,1.2703353440730762,False
3350,0.00017366387357270005,28,1.782803978238787,False
3351,0.0024623056360129256,397,0.9847123736998896,False
3352,0.0018172683913143255,293,1.5694285496916787,False
3353,0.0010667923662323003,172,3.182573932547902,False
3354,0.008838250708610627,1425,1.8755880737304687,False
3355,8.683193678635003e-05,14,1.0457849758011954,False
3356,0.0013086813329942753,211,1.3549001132142486,False
3357,0.0013520973013874504,218,4.213299209918451,False
3358,0.0021770007008577756,351,1.1646615521520631,False
3359,0.009495692515707277,1531,10.553142759240895,False
3360,0.0017614478605231004,284,2.2208439800101267,False
3361,0.0010481855226352253,169,1.1822047607433162,False
3362,0.0022576303564451005,364,1.7976940595186675,False
3363,0.004527665275288251,730,1.6069047273021855,False
3364,0.00032251862234930007,52,2.223284187225195,False
3365,0.0009179376174557002,148,3.122402495629079,False
3366,0.007492355688422202,1208,2.149273982209875,False
3367,0.0017056273297318754,275,1.2743421788649125,False
3368,3.721368719415001e-05,6,1.0899069706598918,False
3369,0.0022514280752460756,363,1.4657239963200466,False
3370,0.08195074148271735,13213,1.0185115984257929,False
3371,0.0075171648132183015,1212,1.0454092324763635,False
3372,0.0020033368272850756,323,1.239586266201716,False
3373,0.0006512395258976251,105,1.2893487941651118,False
3374,0.020579169018364953,3318,0.882407729132769,False
3375,8.062965558732502e-05,13,5.0307373358653145,False
3376,0.006934150380509952,1118,6.596853829240543,False
3377,0.0024002828240226757,387,2.229765154902633,False
3378,0.0004775756523249251,77,1.3915474430307166,False
3379,0.0014451315193728252,233,1.0803424212042354,False
3380,0.0007256669002859252,117,1.1713788641823664,False
3381,0.0022576303564451005,364,1.5575871071317693,False
3382,0.0008621170866644752,139,1.9750544313046572,False
3383,0.0075543785004124515,1218,1.5111302313546242,False
3384,0.0011722311466157253,189,5.884964303364829,False
3385,0.0018172683913143255,293,1.9539877477359446,False
3386,0.0004217551215337001,68,1.2655993033857906,False
3387,0.0021707984196587503,350,1.2215301431928363,False
3388,9.303421798537502e-05,15,2.2069056193033854,False
3389,0.003622132220230601,584,1.8542445767415714,False
3390,0.005346366393559551,862,1.3157770047331632,False
3391,0.0022514280752460756,363,2.442794428712409,False
3392,0.0022514280752460756,363,1.5973039359757395,False
3393,0.0006016212763054251,97,4.952899899679361,False
3394,4.961824959220001e-05,8,4.1276131719350815,False
3395,0.0031259497243086008,504,1.612339824438095,False
3396,0.00017366387357270005,28,2.846222400665283,False
3397,0.004385012807710676,707,1.0736464921284936,False
3398,0.0011288151782225502,182,11.476942927627773,False
3399,0.0006202281199025002,100,1.780822274684906,False
3400,0.006450372446986001,1040,1.701144366310193,False
3401,9.303421798537502e-05,15,1.2539008140563965,False
3402,0.0024747101984109753,399,2.810755279727448,False
3403,0.0026979923215758755,435,1.5520917886975167,False
3404,0.003200377098696901,516,1.0540632989055427,False
3405,0.0019165048904987254,309,2.0325004460356384,False
3406,0.0033988500970657007,548,0.9968747957779543,False
3407,0.0002480912479610001,40,1.9132076323032379,False
3408,0.0036655481886237757,591,0.9742810948044314,False
3409,0.004527665275288251,730,1.2868690884276612,False
3410,0.0013769064261835503,222,1.1566353730253272,False
3411,0.0004093505591356501,66,5.93882536165642,False
3412,0.0008869262114605752,143,1.7093019752235679,False
3413,0.0021149778888675257,341,1.0680485498870222,False
3414,0.0020653596392753255,333,2.1136169046969027,False
3415,0.04192742090540901,6760,1.2256271565454246,False
3416,0.00022948440436392506,37,1.334538231024871,False
3417,0.015338241405188828,2473,0.9647404940273904,False
3418,0.0004527665275288251,73,1.7159163168031875,False
3419,0.00012404562398050004,20,11.907153677940368,False
3420,0.0015505702997562505,250,1.6719909019470214,False
3421,0.0011536243030186503,186,6.690784023654077,False
3422,0.0019847299836880006,320,2.165375912934542,False
3423,0.0007256669002859252,117,2.0303589115794907,False
3424,0.0032810067542842257,529,1.7189113755757957,False
3425,0.0014265246757757502,230,1.3425184457198434,False
3426,0.0024250919488187756,391,2.454845514443829,False
3427,4.341596839317501e-05,7,2.6689012220927646,False
3428,6.202281199025002e-05,10,2.8235310435295107,False
3429,0.0015939862681494253,257,1.377952503323091,False
3430,0.0010357809602371752,167,1.627343695320769,False
3431,0.0003845414343395501,62,1.1863432142042345,False
3432,0.0022018098256538754,355,2.0543912551772427,False
3433,0.00013024790517952503,21,13.93461004892985,False
3434,0.02243365109687343,3617,1.3767277699397484,False
3435,0.00012404562398050004,20,1.6571516275405884,False
3436,0.0019971345460860503,322,2.7869989061207505,False
3437,0.0004279574027327251,69,7.321231493051501,False
3438,0.00033492318474735006,54,6.630688212536,False
3439,0.03703382103937828,5971,0.8841871249777571,False
3440,0.0027290037275710007,440,1.0461075652729381,False
3441,0.008856857552207702,1428,0.9731452725514644,False
3442,0.0008745216490625251,141,0.9285283029502165,False
3443,0.0033058158790803256,533,1.30810994055213,False
3444,0.0023258554496343757,375,1.0433184175491332,False
3445,0.0003845414343395501,62,2.9363569136588805,False
3446,0.005358770955957601,864,1.0345786898224443,False
3447,0.006413158759791851,1034,1.0108862704880233,False
3448,0.007969931340747126,1285,1.9030242138799527,False
3449,0.0012776699269991503,206,5.136513087355975,False
3450,0.0004093505591356501,66,1.3624970082080725,False
3451,8.683193678635003e-05,14,4.091904044151306,False
3452,0.004502856150492151,726,0.888452192311773,False
3453,0.0022018098256538754,355,2.2270039229325844,False
3454,0.04809248841723986,7754,1.154217912636069,False
3455,6.822509318927501e-05,11,1.7676134434613315,False
3456,0.003913639436584776,631,0.9370062460801114,False
3457,0.004229955777735051,682,4.161712274173837,False
3458,0.0020963710452704507,338,4.980906781360242,False
3459,0.0022576303564451005,364,1.0236730873584747,False
3460,0.0019227071716977505,310,1.0691692329222156,False
3461,0.006059628731447426,977,1.2675368827343476,False
3462,0.0020715619204743504,334,1.5640476453090142,False
3463,0.00011164106158245002,18,6.645220610830519,False
3464,0.0022514280752460756,363,2.5922340923104406,False
3465,0.00025429352916002504,41,0.9279308493544416,False
3466,0.0005892167139073751,95,10.342826914787292,False
3467,0.0005023847771210251,81,1.430057207743327,False
3468,0.0019537185776928754,315,4.206420742897761,False
3469,0.0007070600566888501,114,7.111013044390762,False
3470,0.0010109718354410753,163,1.3819923335057827,False
3471,0.019760467900093656,3186,3.350377311140804,False
3472,0.004403619651307751,710,1.0700407872737294,False
3473,8.683193678635003e-05,14,1.6999945044517517,False
3474,0.0026483740719836757,427,3.3344126959316065,False
3475,0.0006636440882956752,107,1.4472751918240128,False
3476,0.0025429352916002505,410,2.315982424340597,False
3477,0.0020591573580763006,332,0.8959458333900175,False
3478,0.0023940805428236504,386,1.1691968289681667,False
3479,0.00013024790517952503,21,1.5743060906728108,False
3480,0.0021087756076685004,340,1.800846202583874,False
3481,9.923649918440002e-05,16,6.754413820803165,False
3482,0.0012466585210040252,201,0.9491158237504722,False
3483,0.004763351960851201,768,0.9515459463000298,False
3484,0.0016249976741445503,262,1.0319016557613403,False
3485,0.0017614478605231004,284,1.5255185651107572,False
3486,0.005706098703103001,920,0.7890968708888344,False
3487,4.961824959220001e-05,8,2.0265008211135864,False
3488,0.0024685079172119505,398,1.5629444571595694,False
3489,0.0008249033994703252,133,1.6699196145050508,False
3490,0.0017676501417221253,285,1.1447124690340276,False
3491,0.0005644075891112751,91,2.006868194747757,False
3492,0.0028468470703524756,459,2.4680449240607634,False
3493,0.00014265246757757502,23,2.0590484712434853,False
3494,0.0017304364545279755,279,2.5978057888673627,False
3495,5.582053079122501e-05,9,2.9397395054499307,False
3496,0.00016746159237367503,27,10.082845422956678,False
3497,9.923649918440002e-05,16,1.6777404844760895,False
3498,6.202281199025002e-05,10,31.398865127563475,False
3499,0.00011784334278147503,19,2.159823311002631,False
3500,0.0014513338005718503,234,2.1103754603964653,False
3501,0.005538637110729327,893,1.1201761123981882,False
3502,0.0005582053079122502,90,2.126237810982598,False
3503,0.002933679007138826,473,5.100215405792817,False
3504,0.0007194646190869002,116,4.981482316707742,False
3505,0.0011660288654167003,188,2.46556460730573,False
3506,0.0009737581482469252,157,1.3746021560802582,False
3507,0.0003783391531405251,61,1.7953500982190742,False
3508,0.0025305307292022004,408,1.3344213296385372,False
3509,3.101140599512501e-05,5,3.705301356315613,False
3510,0.0022514280752460756,363,1.3851730600204677,False
3511,0.006289113135811352,1014,0.7315298565746059,False
3512,0.0009055330550576502,146,4.970920725228035,False
3513,0.0043229899957204256,697,1.2967154613697376,False
3514,0.0012776699269991503,206,8.113011136795711,False
3515,0.00026049581035905006,42,1.7824699027197701,False
3516,0.0016063908305474753,259,1.570161670331329,False
3517,0.009427467422518002,1520,1.580020088898508,False
3518,0.0032623999106871507,526,1.070834562125768,False
3519,0.0010419832414362003,168,1.017923327428954,False
3520,0.003237590785891051,522,2.9038477437249544,False
3521,0.0006140258387034752,99,0.945940699240174,False
3522,0.0008745216490625251,141,2.165351480456954,False
3523,0.0026235649471875754,423,3.5608696627560517,False
3524,0.0006264304011015251,101,5.006202427467497,False
3525,0.0030329155063232257,489,3.0271508093991892,False
3526,0.0020529550768772753,331,2.2981472080207666,False
3527,0.003653143626225726,589,1.1934891910828234,False
3528,6.202281199025002e-05,10,4.237020492553711,False
3529,0.016994250485328505,2740,1.4751222947218123,False
3530,0.0035290980022452258,569,0.8727322747711557,False
3531,0.0026731831967797756,431,2.0368363757697723,False
3532,0.00018606843597075004,30,1.730006210009257,False
3533,0.0038950325929877007,628,0.8821469385912464,False
3534,0.0009303421798537502,150,4.9304425938924155,False
3535,0.007504760250820252,1210,0.6584186215046024,False
3536,0.0024002828240226757,387,1.0071564527753096,False
3537,0.0024933170420080504,402,4.775083775544048,False
3538,0.00016746159237367503,27,6.779491464296977,False
3539,0.0012528608022030503,202,1.7718837072353553,False
3540,0.0018730889221055505,302,1.7476779285645643,False
3541,0.0004961824959220001,80,1.2198169961571694,False
3542,0.0061588652306318265,993,0.8500294911057087,False
3543,0.0016436045177416253,265,1.6338359778782108,False
3544,0.00013024790517952503,21,1.9668624287559873,False
3545,0.0028282402267554006,456,0.9449437020117777,False
3546,0.0060844378562435264,981,0.8799154551872541,False
3547,0.0012776699269991503,206,7.599982943349672,False
3548,0.005005240927613176,807,1.5491408063872005,False
3549,2.4809124796100004e-05,4,0.9874163269996643,False
3550,0.0010605900850332753,171,1.5403253188607289,False
3551,0.007207050753267052,1162,1.300713337226907,False
3552,0.0003721368719415001,60,7.737939737240473,False
3553,3.721368719415001e-05,6,7.026480356852214,False
3554,0.0003287209035483251,53,2.647741488690646,False
3555,7.442737438830002e-05,12,14.223213503758112,False
3556,0.018520011660288653,2986,0.6513177235495381,False
3557,0.0011412197406206002,184,1.3828581416088601,False
3558,8.062965558732502e-05,13,0.9003157707361075,False
3559,6.202281199025002e-05,10,1.9809066295623778,False
3560,0.0027352060087700255,441,1.2220758699776093,False
3561,0.0012342539586059752,199,1.7145883617688662,False
3562,6.822509318927501e-05,11,1.1917921846563166,False
3563,0.0016498067989406504,266,3.721626065727463,False
3564,0.0020157413896831253,325,1.836588921913734,False
3565,0.0029212744447407756,471,1.3158186570347747,False
3566,0.0019785277024889753,319,2.3170598842507246,False
3567,0.0003721368719415001,60,4.138613885641098,False
3568,0.0014017155509796504,226,1.496650357162003,False
3569,0.005061061458404401,816,1.4116706401109695,False
3570,3.101140599512501e-05,5,2.081718587875366,False
3571,0.0006822509318927502,110,2.9816580978306857,False
3572,0.0023568668556295004,380,2.6488587583366194,False
3573,0.0019351117340958004,312,0.9882418318436696,False
3574,0.007616401312402702,1228,0.8806546945913607,False
3575,0.0018048638289162753,291,2.9892546790571966,False
3576,0.0019723254212899504,318,1.241554858549586,False
3577,0.0004775756523249251,77,1.422486765044076,False
3578,0.0004961824959220001,80,1.7802330613136292,False
3579,0.0022762372000421755,367,1.2563193766882375,False
3580,0.05611203800757919,9047,1.0262184332810385,False
3581,0.0019165048904987254,309,1.2462126572155259,False
3582,0.0004093505591356501,66,2.9876687201586636,False
3583,0.007740446936383202,1248,0.8775813579559326,False
3584,0.00011164106158245002,18,1.4623757137192621,False
3585,0.0025429352916002505,410,0.8651210395301261,False
3586,0.0013893109885816004,224,1.3226919961827142,False
3587,0.0011040060534264502,178,1.5531378582622228,False
3588,0.0019661231400909256,317,2.2869075495361906,False
3589,0.00022328212316490004,36,3.482762790388531,False
3590,0.0012528608022030503,202,1.4676647894453294,False
3591,0.02454242670454193,3957,0.9408179922540109,False
3592,0.005042454614807326,813,0.8389048158462638,False
3593,0.0070395891608933765,1135,0.8291776741128661,False
3594,0.0009985672730430252,161,1.5722095655358357,False
3595,0.0005271939019171251,85,1.7872964550467099,False
3596,0.004968027240419026,801,0.9525781624326098,False
3597,0.0004093505591356501,66,5.426260796460238,False
3598,0.00022948440436392506,37,1.672613575651839,False
3599,0.0004403619651307751,71,12.220409750938416,False
3600,6.202281199025001e-06,1,1.824317455291748,False
3601,0.0019103026092997003,308,2.0201339272709635,False
3602,3.721368719415001e-05,6,1.437637170155843,False
3603,0.0007442737438830002,120,5.166026292244593,False
3604,0.00021707984196587504,35,8.935517941202436,False
3605,0.00011164106158245002,18,3.70165843433804,False
3606,0.00024188896676197505,39,10.016031304995218,False
3607,0.0007876897122761752,127,5.226794941218819,False
3608,0.0009737581482469252,157,1.126055501069233,False
3609,0.0026731831967797756,431,1.9430038472615925,False
3610,0.0013645018637855003,220,5.227986770326441,False
3611,0.00035353002834442507,57,10.700346745942769,False
3612,0.02100712642109768,3387,0.6324636562404852,False
3613,0.0003287209035483251,53,2.623493498226382,False
3614,0.005557243954326402,896,2.366670130885073,False
3615,6.822509318927501e-05,11,1.5928067727522417,False
3616,0.003864021186992576,623,1.5363613914333607,False
3617,0.0006884532130917751,111,1.9417115600259454,False
3618,9.303421798537502e-05,15,1.8523178974787393,False
3619,0.0017676501417221253,285,1.0703893904100386,False
3620,0.0031321520055076256,505,1.8387025715100884,False
3621,0.0025491375727992754,411,0.928785040430779,False
3622,0.010060100104818552,1622,0.7380706096842021,False
3623,0.0004279574027327251,69,1.423827392467554,False
3624,0.0002480912479610001,40,1.0778371691703796,False
3625,0.003919841717783801,632,1.155699677482436,False
3626,0.0004217551215337001,68,1.4685812872998856,False
3627,0.0014203223945767254,229,0.9876905851489072,False
3628,0.002797228820760276,451,1.3658698197214671,False
3629,0.003367838691070576,543,1.1525086278634395,False
3630,0.0024188896676197507,390,1.3006953496199387,False
3631,0.0020343482332802003,328,0.8084115124330288,False
3632,0.003522895721046201,568,1.0303315910655009,False
3633,0.0019909322648870255,321,1.7052680985578494,False
3634,0.024920765857682457,4018,0.8723796300475072,False
3635,0.0023258554496343757,375,1.554035319328308,False
3636,0.013769064261835504,2220,0.5849717040319701,False
3637,1.2404562398050002e-05,2,8.706550478935242,False
3638,0.0017986615477172505,290,1.1661399302811457,False
3639,0.006351135947801601,1024,1.1383275045081973,False
3640,0.01649186570820748,2659,0.9541256880571897,False
3641,0.0002791026539561251,45,11.785442071490818,False
3642,0.00010543878038342502,17,3.7260227273492252,False
3643,0.0014451315193728252,233,0.9453823464111197,False
3644,0.009985672730430252,1610,1.433297051850313,False
3645,4.341596839317501e-05,7,2.299079963139125,False
3646,0.0011970402714118252,193,2.5343394285656626,False
3647,0.0022452257940470503,362,1.236233246260585,False
3648,0.0004589688087278501,74,7.890279512147646,False
3649,0.003522895721046201,568,1.1893156212820133,False
3650,0.0017180318921299253,277,1.9617770540154797,False
3651,0.0007318691814849501,118,0.8423522993669672,False
3652,9.923649918440002e-05,16,9.170301757752895,False
3653,0.0007318691814849501,118,1.3393793974892567,False
3654,0.0020715619204743504,334,1.3279368142167964,False
3655,0.034621133652957554,5582,0.8515605659990574,False
3656,0.0013582995825864753,219,1.784233470485635,False
3657,0.0018358752349114005,296,2.668133746530559,False
3658,0.0010357809602371752,167,1.881228428400919,False
3659,0.0019475162964938504,314,4.366021890549144,False
3660,0.0020529550768772753,331,2.2325397819910884,False
3661,0.00018606843597075004,30,8.859711297353108,False
3662,0.0020591573580763006,332,2.5302175301385215,False
3663,0.00025429352916002504,41,2.1445686933470935,False
3664,0.0035911208142354756,579,1.3242425243265683,False
3665,0.0014823452065669753,239,2.5299253428830264,False
3666,0.0019041003281006755,307,2.9915439220515445,False
3667,1.2404562398050002e-05,2,0.9138261079788208,False
3668,0.005625469047515676,907,0.5867615679264594,False
3669,0.005048656896006351,814,1.3230730451881447,False
3670,3.721368719415001e-05,6,4.68495758374532,False
3671,0.003442266065458876,555,1.2516206073331404,False
3672,0.0023382600120324254,377,1.2788507830875306,False
3673,0.011753322872152378,1895,0.8062734855510943,False
3674,0.0013458950201884253,217,1.3412065571903633,False
3675,0.0032996135978813007,532,0.9798941912507653,False
3676,0.0009551513046498502,154,9.338559662366842,False
3677,0.0011784334278147502,190,2.2343242852311387,False
3678,0.0025739466975953757,415,1.2278881845704044,False
3679,0.0022452257940470503,362,1.5350781514499727,False
3680,0.0007070600566888501,114,1.7045753117193256,False
3681,0.0008497125242664252,137,1.9969741628117805,False
3682,0.0033802432534686257,545,0.9366924019034849,False
3683,8.062965558732502e-05,13,1.684851939861591,False
3684,0.0012094448338098754,195,2.015522575378418,False
3685,0.0021273824512655754,343,1.2868878247091444,False
3686,0.0009737581482469252,157,1.1014532556959018,False
3687,0.0016932227673338255,273,1.3295139379990406,False
3688,0.0016932227673338255,273,1.16173278543102,False
3689,0.0007690828686791001,124,1.0788593397986503,False
3690,0.0003907437155385751,63,6.689719502888028,False
3691,0.0007070600566888501,114,11.547958044629349,False
3692,0.0002977094975532001,48,1.5699452459812164,False
3693,0.0020591573580763006,332,1.106618477278445,False
3694,0.0007194646190869002,116,1.111749373633286,False
3695,0.00031631634115027505,51,4.934620691280739,False
3696,0.0017862569853192003,288,1.2925795511239104,False
3697,9.923649918440002e-05,16,9.64973859488964,False
3698,0.003392647815866676,547,1.8092396721325583,False
3699,0.0004589688087278501,74,2.2616076614405656,False
3700,0.024288133175381907,3916,1.5941545615035497,False
3701,0.0023444622932314507,378,1.0710161981128512,False
3702,0.04795603823086131,7732,1.0770803649870768,False
3703,0.0038019983750023256,613,3.1238222833947686,False
3704,0.0020715619204743504,334,3.311295175623751,False
3705,0.00022328212316490004,36,5.832708633608288,False
3706,0.0015195588937611253,245,1.0715387052419234,False
3707,0.0008497125242664252,137,2.8013391668779137,False
3708,0.0010171741166401002,164,4.153495115477864,False
3709,2.4809124796100004e-05,4,1.8981156051158905,False
3710,0.0032623999106871507,526,0.75833373695272,False
3711,0.0023258554496343757,375,1.0962351185480754,False
3712,0.0020777642016733757,335,1.6125449266006697,False
3713,4.341596839317501e-05,7,3.6669862951551164,False
3714,0.015753794245523502,2540,0.7240338404347577,False
3715,0.0022514280752460756,363,1.7538401732431628,False
3716,0.003448468346657901,556,1.2241074751606948,False
3717,0.0023444622932314507,378,1.3637258060394772,False
3718,0.0009923649918440003,160,1.2721219837665558,False
3719,0.0016684136425377254,269,1.4193981225605792,False
3720,0.0015009520501640503,242,1.1222042204919926,False
3721,0.023146913434761305,3732,0.8494561390605898,False
3722,0.0019537185776928754,315,1.77607084758698,False
3723,9.303421798537502e-05,15,1.5694376468658446,False
3724,0.0016374022365426004,264,2.3591926296552024,False
3725,0.0012838722081981752,207,1.8736971933484654,False
3726,0.003063926912318351,494,1.807559607965261,False
3727,0.006865925287320677,1107,0.9246405900440027,False
3728,0.03193554589377973,5149,0.5609484302300716,False
3729,0.005885964857874727,949,1.8416466140144114,False
3730,0.00010543878038342502,17,1.1677343003890093,False
3731,0.0010729946474313252,173,6.041462918926526,False
3732,0.0023878782616246256,385,1.3844651364660883,False
3733,0.00021087756076685005,34,4.246523092774784,False
3734,0.0006326326823005501,102,6.305541954788507,False
3735,0.0015381657373582003,248,0.7502821760792886,False
3736,0.0008745216490625251,141,1.2155716858857066,False
3737,6.202281199025002e-05,10,2.008899974822998,False
3738,0.014395494662937028,2321,1.106114213295098,False
3739,0.003746177844211101,604,1.258821417756428,False
3740,0.0014947497689650254,241,2.547498661947448,False
3741,0.003386445534667651,546,0.9752155791272173,False
3742,0.003026713225124201,488,0.9678018786868111,False
3743,0.0037957960938033008,612,1.459466196158353,False
3744,0.0021583938572607006,348,2.493493908438189,False
3745,0.0006140258387034752,99,1.256925684033018,False
3746,0.0021583938572607006,348,1.4698911953246456,False
3747,0.017589669480434902,2836,1.112623962596038,False
3748,0.0031259497243086008,504,1.4636503623591528,False
3749,4.961824959220001e-05,8,1.2319379299879074,False
3750,0.0070023754736992265,1129,2.846663835726553,False
3751,0.0037027618758179257,597,0.8292309263443428,False
3752,0.004416024213705801,712,0.9191566786069548,False
3753,0.0008745216490625251,141,1.2670338086202635,False
3754,0.0020715619204743504,334,1.1534457328076848,False
3755,0.0003597323095434501,58,4.46958839071208,False
3756,0.0008745216490625251,141,1.3876717733153214,False
3757,0.014562956255310703,2348,0.695221138162954,False
3758,0.0013024790517952502,210,1.541332941963559,False
3759,0.0034174569406627757,551,1.257767816204341,False
3760,0.0005644075891112751,91,1.1884895589325455,False
3761,0.0011784334278147502,190,1.5628068447113037,False
3762,0.0026483740719836757,427,1.6825541701752351,False
3763,0.0007628805874800752,123,1.945933677316681,False
3764,0.0035477048458423008,572,0.7673976321320434,False
3765,0.00026049581035905006,42,8.67609351021903,False
3766,9.923649918440002e-05,16,1.6706486716866493,False
3767,0.004732340554856076,763,0.8371686682319891,False
3768,0.0019041003281006755,307,0.9078798888172311,False
3769,0.0003597323095434501,58,4.011933530199117,False
3770,0.0018172683913143255,293,1.3669528220700728,False
3771,0.0016249976741445503,262,1.1395167289799406,False
3772,0.0011784334278147502,190,10.318462571344877,False
3773,0.0020963710452704507,338,3.3559959107602135,False
3774,0.018606843597075005,3000,0.6658192342122395,False
3775,8.683193678635003e-05,14,1.3969516243253435,False
3776,0.0014451315193728252,233,1.1841444334758708,False
3777,0.0016746159237367505,270,0.9761554665035672,False
3778,0.0014265246757757502,230,1.2577899704808775,False
3779,0.0009613535858488752,155,1.7624736962779877,False
3780,0.0022762372000421755,367,1.4003605806860027,False
3781,0.0034360637842598507,554,1.079354665769997,False
3782,0.003026713225124201,488,0.8896990699357674,False
3783,0.005458007455142001,880,1.0422586776993492,False
3784,0.006010010481855226,969,1.2965854007762283,False
3785,0.0018916957657026255,305,1.633728699605973,False
3786,0.005420793767947851,874,0.851362054899028,False
3787,0.0007132623378878751,115,2.2662009249562804,False
3788,0.0020653596392753255,333,1.1315054786097896,False
3789,0.0020715619204743504,334,2.2095854585756083,False
3790,0.015741389683125454,2538,0.5750052254438588,False
3791,8.062965558732502e-05,13,1.1677157878875732,False
3792,0.0009427467422518002,152,1.457333909837823,False
3793,0.0016994250485328503,274,5.509734247722765,False
3794,0.0024374965112168257,393,1.130199007708911,False
3795,0.0003101140599512501,50,3.906969587802887,False
3796,0.0019971345460860503,322,2.26015771990237,False
3797,4.961824959220001e-05,8,1.2180072516202927,False
3798,0.00030391177875222506,49,1.439491301166768,False
3799,0.00030391177875222506,49,1.6153140919549125,False
3800,0.02960348816294633,4773,0.7380519094093526,False
3801,0.007889301685159802,1272,0.9684031878439885,False
3802,0.0005892167139073751,95,2.442938649026971,False
3803,0.0017738524229211504,286,1.4305000688646223,False
3804,0.03886969627428968,6267,1.2063451182315352,False
3805,0.0031383542867066505,506,1.4548188730662048,False
3806,0.006611631758160651,1066,1.1110197456647934,False
3807,4.961824959220001e-05,8,3.4866960048675537,False
3808,0.02116838573227233,3413,1.3703221178040839,False
3809,0.0017366387357270004,280,1.8763265873704638,False
3810,0.012478989772438304,2012,0.7194257782657388,False
3811,0.0007256669002859252,117,2.3387713167402477,False
3812,3.721368719415001e-05,6,0.7361944913864136,False
3813,0.0008745216490625251,141,4.1288141172828405,False
3814,0.0020281459520811755,327,2.3416443239293696,False
3815,0.005532434829530301,892,0.667583151916752,False
3816,0.0025057216044061005,404,1.1484567989217174,False
3817,0.019115430655395053,3082,1.225217454082234,False
3818,0.0028406447891534507,458,1.1609653770663333,False
3819,0.0004837779335239501,78,1.9646965036025414,False
3820,0.0008435102430674002,136,2.083696154987111,False
3821,6.202281199025001e-06,1,5.351269721984863,False
3822,0.004899802147229751,790,0.9438387875315509,False
3823,0.0025553398539983007,412,1.7002537024831308,False
3824,0.004906004428428776,791,1.0756410859176693,False
3825,0.0021583938572607006,348,1.8469644716416282,False
3826,0.0006946554942908002,112,1.5134804397821426,False
3827,0.004031482779366251,650,2.6067836961379416,False
3828,0.0004899802147229751,79,9.891815448109108,False
3829,0.005228523050778076,843,1.1420241693302122,False
3830,0.0020219436708821506,326,1.315357553446951,False
3831,0.0007318691814849501,118,2.0033642366781073,False
3832,0.0033554341286725258,541,0.9972316879441689,False
3833,8.062965558732502e-05,13,1.274280493076031,False
3834,0.00014885474877660004,24,13.872004047036171,False
3835,0.0029832972567310255,481,1.5020143061318665,False
3836,0.0021335847324646007,344,1.4000612594360529,False
3837,0.0010295786790381503,166,1.2186497931020805,False
3838,0.00030391177875222506,49,3.048986853385458,False
3839,0.0007380714626839752,119,12.326014669001603,False
3840,0.04485489763134881,7232,0.6222478652422407,False
3841,0.0017056273297318754,275,0.952178843238137,False
3842,0.0018048638289162753,291,3.6282587182480857,False
3843,0.0023444622932314507,378,2.295032833934461,False
3844,0.00014265246757757502,23,14.172990938891536,False
3845,0.0006760486506937252,109,4.42247096661034,False
3846,0.00011164106158245002,18,1.40081701013777,False
3847,0.0031135451619105506,502,1.115993793979584,False
3848,0.0005768121515093252,93,2.2321732005765362,False
3849,0.0024312942300178005,392,1.4363335486577482,False
3850,0.0010978037722274253,177,1.661705935742222,False
3851,7.442737438830002e-05,12,1.3840076526006062,False
3852,0.0023444622932314507,378,1.0276158496185586,False
3853,4.961824959220001e-05,8,0.8496503829956055,False
3854,0.0006698463694947001,108,1.9571819128813568,False
3855,0.0031321520055076256,505,5.004422217784541,False
3856,0.01767029913602223,2849,1.307410054225259,False
3857,0.005513827985933226,889,1.2173222948381148,False
3858,0.013006183674355428,2097,1.0519830332975701,False
3859,0.004087303310157476,659,0.7404991292446987,False
3860,0.0037213687194150007,600,1.833080946604411,False
3861,0.0015443680185572254,249,0.8843493351495888,False
3862,0.004478047025696051,722,0.7688161263505507,False
3863,0.0008745216490625251,141,1.1104909824141374,False
3864,0.0008621170866644752,139,1.2916798763137927,False
3865,0.006406956478592826,1033,1.6505418873941102,False
3866,0.0016808182049357753,271,1.8085466187818464,False
3867,0.0013272881765913503,214,1.7197390505086596,False
3868,0.0008187011182713002,132,1.6917832584092112,False
3869,0.0013148836141933004,212,1.1977043989694343,False
3870,0.010066302386017576,1623,1.4695969803129092,False
3871,0.0019041003281006755,307,1.6259720799200699,False
3872,0.0031507588491047006,508,1.718282205851998,False
3873,0.0019537185776928754,315,0.7791334087886508,False
3874,0.0024250919488187756,391,0.9259485527682487,False
3875,3.101140599512501e-05,5,38.274131774902344,False
3876,0.0034546706278569257,557,1.10620348350792,False
3877,0.0026111603847895257,421,3.1839371644969225,False
3878,0.0014947497689650254,241,2.252608378398468,False
3879,0.0075171648132183015,1212,1.3264958280147892,False
3880,0.0015939862681494253,257,0.9335592859913867,False
3881,0.0006078235575044501,98,1.2028248358745963,False
3882,0.0062705062922142766,1011,1.0269169441906092,False
3883,0.0027352060087700255,441,1.5550079643050558,False
3884,0.004639306336870701,748,2.1984750340010395,False
3885,0.0029026676011437006,468,0.8862082036132486,False
3886,0.00026049581035905006,42,1.1999398242859614,False
3887,0.0021087756076685004,340,1.3122466739486245,False
3888,0.0015381657373582003,248,1.7745268104537841,False
3889,9.303421798537502e-05,15,1.2264293988545736,False
3890,0.005526232548331276,891,0.7615937025324931,False
3891,0.0012094448338098754,195,1.573494441081316,False
3892,0.0024374965112168257,393,1.1408580969308169,False
3893,0.0004031482779366251,65,1.5649601973020113,False
3894,1.8606843597075006e-05,3,1.3032892147699993,False
3895,0.0014327269569747753,231,1.2774469986622468,False
3896,0.00012404562398050004,20,22.990415251255037,False
3897,0.0006512395258976251,105,1.263997863587879,False
3898,0.0021211801700665505,342,1.6623300104810481,False
3899,0.004267169464929201,688,1.4914129241261371,False
3900,0.0018420775161104254,297,1.475046851016857,False
3901,0.0031383542867066505,506,0.9143681921977771,False
3902,0.03516693439847176,5670,0.6493337923887545,False
3903,0.0003411254659463751,55,3.2876352483575992,False
3904,0.0009241398986547252,149,1.2707670895045236,False
3905,0.0013955132697806253,225,1.254178761376275,False
3906,0.0012590630834020753,203,3.4826784697659496,False
3907,0.0009861627106449752,159,2.023518004507389,False
3908,0.010537675757143478,1699,0.7587349354484069,False
3909,0.0017614478605231004,284,1.3989221042310689,False
3910,0.0023444622932314507,378,1.5268227719756031,False
3911,0.0012342539586059752,199,0.7758514797268201,False
3912,0.03343649794394378,5391,1.5808184324224546,False
3913,0.03571273514398596,5758,0.7796074382626956,False
3914,0.0024623056360129256,397,1.2656807935508132,False
3915,0.00032251862234930007,52,10.728606590857872,False
3916,0.0004217551215337001,68,1.8187717970679789,False
3917,0.0006884532130917751,111,0.8950555324554443,False
3918,0.0022948440436392505,370,1.7925075395687207,False
3919,0.013018588236753477,2099,0.6475193360807102,False
3920,0.014600169942504853,2354,1.3337175017610483,False
3921,0.006152662949432801,992,1.1572667667942662,False
3922,0.009216589861751152,1486,1.3072432181716447,False
3923,0.0,0,0.0,True
3924,0.0020157413896831253,325,1.628164881192721,False
3925,0.0006574418070966502,106,1.7483107155224062,False
3926,0.0030577246311193256,493,1.632949541838609,False
3927,0.0022700349188431506,366,0.9471727919057419,False
3928,0.0028902630387456505,466,0.9380248204321309,False
3929,0.013725648293442328,2213,0.6793315713350664,False
3930,0.008708002803431102,1404,0.6946786219238216,False
3931,0.0018234706725133503,294,1.3285836326021727,False
3932,4.961824959220001e-05,8,1.2972309738397598,False
3933,0.0004589688087278501,74,4.308798251925288,False
3934,0.00021087756076685005,34,2.259041624910691,False
3935,0.0009179376174557002,148,1.0355450116299294,False
3936,0.00016125931117465003,26,1.9650593079053438,False
3937,0.013930323573010153,2246,1.0640398407237188,False
3938,0.0049308135532248765,795,0.8765383246559767,False
3939,0.0,0,0.0,True
3940,0.0028654539139495506,462,0.6988239050943614,False
3941,0.0011164106158245003,180,1.2859331647555032,False
3942,0.00035353002834442507,57,3.5713562505287038,False
3943,0.0025305307292022004,408,2.6576414949753704,False
3944,0.0004217551215337001,68,3.348721335915958,False
3945,9.923649918440002e-05,16,5.478749521076679,False
3946,0.006047224169049376,975,4.088738086407001,False
3947,0.0010853992098293751,175,1.1380742379597255,False
3948,0.0008683193678635002,140,1.206414850269045,False
3949,0.0016560090801396754,267,1.211140606287267,False
3950,0.0007008577754898252,113,1.112381899251347,False
3951,0.0016746159237367505,270,1.3909327409885548,False
3952,0.005321557268763451,858,0.7028173327723861,False
3953,0.0020095391084841005,324,1.3194863144998197,False
3954,0.0003721368719415001,60,2.0778774579366046,False
3955,0.0028716561951485755,463,1.5834337784456125,False
3956,0.004992836365215126,805,0.8092320779835955,False
3957,0.0013086813329942753,211,1.8124262162294433,False
3958,0.00010543878038342502,17,13.179139361662024,False
3959,0.0027538128523671005,444,1.0685896207620431,False
3960,0.0013707041449845254,221,0.9844775383289044,False
3961,0.0009861627106449752,159,8.211646648323011,False
3962,0.0052781413003702765,851,1.0612654716792034,False
3963,0.004025280498167226,649,4.795816128536806,False
3964,4.341596839317501e-05,7,4.415167808532715,False
3965,0.004546272118885326,733,1.649496046452698,False
3966,0.004025280498167226,649,0.7573721305982357,False
3967,0.0008000942746742252,129,1.6488656591075335,False
3968,0.0024250919488187756,391,1.8768787524279427,False
3969,0.0027910265395612506,450,1.617054007848104,False
3970,0.0004589688087278501,74,1.0920365726625598,False
3971,0.0018296729537123754,295,3.8417696968983797,False
3972,0.0025429352916002505,410,1.7476536169284727,False
3973,0.0023878782616246256,385,1.6704578461585107,False
3974,0.0002977094975532001,48,1.6130193422238033,False
3975,0.0029646904131339505,478,2.0205757640395703,False
3976,0.007740446936383202,1248,0.8697302727363049,False
3977,0.005892167139073751,950,2.2271508507979543,False
3978,0.00017366387357270005,28,1.1321056825774056,False
3979,0.0035725139706384006,576,1.0118445402218237,False
3980,0.05820840905284964,9385,1.0320929712733502,False
3981,4.341596839317501e-05,7,1.684680734361921,False
3982,1.2404562398050002e-05,2,2.362472355365753,False
3983,0.009613535858488752,1550,0.803802428091726,False
3984,0.0022204166692509505,358,6.578321455577233,False
3985,0.0026855877591778258,433,1.6000301485524167,False
3986,0.00018606843597075004,30,1.7108291546503702,False
3987,0.00023568668556295006,38,3.404245922439977,False
3988,0.0009675558670479002,156,1.3194850255281498,False
3989,0.00016746159237367503,27,2.522303740183512,False
3990,0.0025429352916002505,410,2.3718380654730447,False
3991,0.0006140258387034752,99,3.0863508865086717,False
3992,0.0004341596839317501,70,3.141469022205898,False
3993,0.0002480912479610001,40,6.474400687217712,False
3994,0.00019227071716977504,31,1.5752410811762656,False
3995,0.00021707984196587504,35,1.1096311126436507,False
3996,0.0023754736992265754,383,1.3861518099164838,False
3997,0.0008993307738586252,145,1.196530949658361,False
3998,0.0002666980915580751,43,3.319076191547305,False
3999,0.0011226128970235252,181,1.1695440302896236,False
4000,0.03519794580446688,5675,0.9832452516933895,False
4001,6.822509318927501e-05,11,1.1776737516576594,False
4002,5.582053079122501e-05,9,0.9175465636783176,False
4003,0.00020467527956782505,33,12.143212022203388,False
4004,0.0005520030267132251,89,1.6205948926089855,False
4005,0.0019413140152948255,313,3.767969796832758,False
4006,0.0019971345460860503,322,1.5864046256734718,False
4007,0.0011474220218196253,185,1.4171689181714444,False
4008,0.0069837686301021515,1126,1.6282050893319437,False
4009,0.0012776699269991503,206,1.0999780349361086,False
4010,0.00014885474877660004,24,4.305645197629929,False
4011,2.4809124796100004e-05,4,5.188663691282272,False
4012,3.721368719415001e-05,6,1.8858998616536458,False
4013,0.0019599208588919003,316,1.7001515830619425,False
4014,0.0011412197406206002,184,1.612168322438779,False
4015,0.00021707984196587504,35,5.67401442527771,False
4016,0.0006822509318927502,110,5.130615120584315,False
4017,0.003522895721046201,568,1.129400222234323,False
4018,1.2404562398050002e-05,2,2.449066162109375,False
4019,0.0008993307738586252,145,1.0012946893428933,False
4020,0.005402186924350776,871,3.976409283078497,False
4021,0.0018978980469016504,306,0.9921652437035554,False
4022,0.006295315417010376,1015,0.819924935214038,False
4023,0.0019723254212899504,318,2.6773990595115804,False
4024,0.0028406447891534507,458,1.3724208211274127,False
4025,0.0010109718354410753,163,2.6088934654107123,False
4026,0.0016808182049357753,271,1.2093895203073086,False
4027,0.0031941748174978755,515,7.94892040248056,False
4028,0.004546272118885326,733,1.8650615452744301,False
4029,0.0005768121515093252,93,1.473667138366289,False
4030,0.0014265246757757502,230,1.4962085101915443,False
4031,0.0011040060534264502,178,1.4941793465882205,False
4032,2.4809124796100004e-05,4,0.4900766611099243,False
4033,0.0022204166692509505,358,1.6287890549478583,False
4034,0.0011164106158245003,180,0.8634327477878995,False
4035,7.442737438830002e-05,12,1.085488200187683,False
4036,0.00030391177875222506,49,2.076575919073455,False
4037,0.0048005656480453514,774,0.6851613700235845,False
4038,0.0006016212763054251,97,4.791072706586307,False
4039,0.0011350174594215753,183,1.626685018747882,False
4040,0.005160297957588801,832,0.9664357751607895,False
4041,0.013006183674355428,2097,0.6682372623019748,False
4042,0.006338731385403551,1022,0.9760546308674224,False
4043,0.0007380714626839752,119,1.2293386168840552,False
4044,0.0017552455793240754,283,1.144000112378555,False
4045,0.00029150721635417507,47,13.226811010786827,False
4046,0.0053153549875644265,857,0.8711413494208035,False
4047,3.721368719415001e-05,6,1.142521818478902,False
4048,0.004732340554856076,763,1.4988738462465618,False
4049,0.0027848242583622257,449,14.63837023407951,False
4050,2.4809124796100004e-05,4,3.493149220943451,False
4051,0.00015505702997562504,25,9.818938341140747,False
4052,0.0027910265395612506,450,5.168519897990756,False
4053,0.0004465642463298001,72,1.3051365464925766,False
4054,0.0071140165352816765,1147,0.6213240496677841,False
4055,0.0021770007008577756,351,1.6453244360084207,False
4056,0.00017366387357270005,28,1.6457804015704565,False
4057,0.0009241398986547252,149,1.3094011969214319,False
4058,0.0005582053079122502,90,1.61762801806132,False
4059,0.0007380714626839752,119,5.7361772581308825,False
4060,0.0022018098256538754,355,2.765240948636767,False
4061,0.0025367330104012257,409,1.3103829913733933,False
4062,0.03383964622188041,5456,0.7806806172793213,False
4063,0.02275616971922273,3669,0.6888251461882655,False
4064,2.4809124796100004e-05,4,23.419691026210785,False
4065,0.0024064851052217006,388,4.340518941584322,False
4066,0.006338731385403551,1022,0.8664140328035895,False
4067,0.0015877839869504003,256,1.2667526542209089,False
4068,0.0007628805874800752,123,1.45293131688746,False
4069,0.00031631634115027505,51,11.8933266471414,False
4070,0.00012404562398050004,20,12.75217672586441,False
4071,0.006245697167418176,1007,1.3049070420781337,False
4072,0.004881195303632676,787,1.076601483315949,False
4073,0.005693694140704951,918,0.8994182137882009,False
4074,9.923649918440002e-05,16,1.8131418228149414,False
4075,0.0005209916207181001,84,3.9857747767652785,False
4076,0.0021770007008577756,351,1.60739007023325,False
4077,0.0005209916207181001,84,1.4330493325278872,False
4078,0.0007566783062810502,122,1.4279519681070671,False
4079,0.0006512395258976251,105,3.5732098613466534,False
4080,0.005048656896006351,814,0.8559544139177852,False
4081,0.006437967884587952,1038,1.0799228157381562,False
4082,0.0026917900403768506,434,2.1261543903482676,False
4083,0.0022638326376441253,365,1.5080354710147805,False
4084,0.0012528608022030503,202,1.142361322251877,False
4085,0.00024188896676197505,39,1.5120805104573567,False
4086,6.202281199025002e-05,10,2.604815435409546,False
4087,0.0025739466975953757,415,0.9082875139742013,False
4088,0.010277179946784428,1657,0.9654812689063487,False
4089,2.4809124796100004e-05,4,5.446395218372345,False
4090,0.0009923649918440003,160,2.044418389350176,False
4091,0.004093505591356501,660,1.6897751118197586,False
4092,0.00012404562398050004,20,5.083594107627869,False
4093,0.0021335847324646007,344,2.2972786135451737,False
4094,0.0003721368719415001,60,2.381963328520457,False
4095,0.0009613535858488752,155,2.292305737157022,False
4096,0.006425563322189901,1036,3.0842711416910973,False
4097,0.004093505591356501,660,0.98439052177198,False
4098,0.0022824394812412004,368,1.5447802122520364,False
4099,0.010742351036711303,1732,1.2404012349681546,False
4100,0.00011784334278147503,19,1.1178856146963019,False
4101,0.0006512395258976251,105,13.322521276701064,False
4102,0.007938919934752002,1280,0.6911922298371792,False
4103,9.923649918440002e-05,16,1.0121609568595886,False
4104,0.005923178545068877,955,1.4066034841287822,False
4105,0.0025057216044061005,404,1.19083638858087,False
4106,0.0010543878038342502,170,1.4917460771167979,False
4107,0.0023444622932314507,378,1.5706076111112321,False
4108,0.0017676501417221253,285,3.0612190673225803,False
4109,0.0008000942746742252,129,1.223755999128948,False
4110,9.923649918440002e-05,16,2.0313805490732193,False
4111,0.006258101729816227,1009,0.8394337294713711,False
4112,0.003423659221861801,552,0.8156276258869447,False
4113,0.0011536243030186503,186,1.2372637102680821,False
4114,0.0007380714626839752,119,6.568377476780355,False
4115,0.0010853992098293751,175,1.2285644701548986,False
4116,0.0006698463694947001,108,1.4131815201706357,False
4117,0.0005768121515093252,93,1.024185307564274,False
4118,0.0037585824066091508,606,1.0463423154535074,False
4119,0.00023568668556295006,38,12.604628086090088,False
4120,0.0023940805428236504,386,1.125156914323105,False
4121,0.006803902475330427,1097,1.521524062673939,False
4122,0.0006636440882956752,107,1.4724411273671087,False
4123,0.0023196531684353504,374,2.1203097908254613,False
4124,0.0007814874310771502,126,4.951012955771552,False
4125,0.005625469047515676,907,0.9218781922328827,False
4126,0.005420793767947851,874,1.28990622243292,False
4127,0.0009985672730430252,161,2.817447356555773,False
4128,0.00011164106158245002,18,7.076796783341302,False
4129,0.0025739466975953757,415,1.6790277607469675,False
4130,0.0005147893395190752,83,2.4618116459214545,False
4131,8.683193678635003e-05,14,15.319592952728271,False
4132,0.00023568668556295006,38,1.9784337439035113,False
4133,0.0020405505144792256,329,3.385010848291739,False
4134,0.0023444622932314507,378,1.6626119396043202,False
4135,0.0016808182049357753,271,1.3251571136207159,False
4136,0.0032810067542842257,529,1.8750469574180126,False
4137,3.101140599512501e-05,5,1.695118522644043,False
4138,0.0004155528403346751,67,2.9927254488219077,False
4139,0.004434631057302876,715,0.8922801731349705,False
4140,3.101140599512501e-05,5,1.3123017311096192,False
4141,0.0006326326823005501,102,2.059132730259615,False
4142,0.0009427467422518002,152,2.6901065691521295,False
4143,0.0025243284480031755,407,1.1628758330310005,False
4144,0.00024188896676197505,39,2.8523284838749814,False
4145,0.0010171741166401002,164,2.5214515909916018,False
4146,0.0019103026092997003,308,1.2237832197895298,False
4147,0.0008497125242664252,137,1.1227962222412555,False
4148,0.0013272881765913503,214,3.3466378617509505,False
4149,0.0010853992098293751,175,1.0118837370191303,False
4150,6.822509318927501e-05,11,2.1190839247270064,False
4151,0.011957998151720203,1928,5.063288696326656,False
4152,0.0026049581035905004,420,0.931617850349063,False
4153,3.721368719415001e-05,6,1.6218638022740681,False
4154,0.0010791969286303503,174,1.2698360811704876,False
4155,0.0007194646190869002,116,1.225384196330761,False
4156,0.008069167839931527,1301,1.2413523133033793,False
4157,0.0006636440882956752,107,1.4615382591140604,False
4158,0.04084822397677866,6586,0.9983380813204767,False
4159,0.00024188896676197505,39,1.6225386307789729,False
4160,0.0015753794245523503,254,1.481226543741902,False
4161,8.062965558732502e-05,13,1.7522040055348322,False
4162,0.0021459892948626504,346,0.879765655953071,False
4163,0.0018668866409065254,301,2.101059147685865,False
4164,3.101140599512501e-05,5,2.1459553480148315,False
4165,0.0015691771433533252,253,1.7575429296305056,False
4166,0.0022018098256538754,355,1.6632934949767422,False
4167,0.0015877839869504003,256,1.0784475049003959,False
4168,0.0002666980915580751,43,1.2357021043466967,False
4169,0.02369891646147453,3821,1.0004613677171847,False
4170,0.0022328212316490006,360,1.9264359808630414,False
4171,0.0016622113613387003,268,1.6073033729595925,False
4172,0.0012156471150089002,196,1.24241333834979,False
4173,0.0020343482332802003,328,1.4567692101728626,False
4174,0.023779546117061855,3834,0.6710852233456893,False
4175,0.0004093505591356501,66,3.825260005213998,False
4176,0.0031879725362988507,514,0.7931735529509963,False
4177,0.0005582053079122502,90,12.279756773842706,False
4178,1.2404562398050002e-05,2,1.41951984167099,False
4179,0.0022514280752460756,363,1.5131148195135364,False
4180,3.721368719415001e-05,6,2.124101479848226,False
4181,0.003708964157016951,598,0.992842688608329,False
4182,0.00022948440436392506,37,3.5051124224791654,False
4183,0.00015505702997562504,25,6.96494649887085,False
4184,0.02470368601571658,3983,0.7445532405852314,False
4185,0.005569648516724451,898,1.4090556576682094,False
4186,0.0008993307738586252,145,8.434679583023334,False
4187,0.0021894052632558253,353,1.011985139873818,False
4188,0.0002791026539561251,45,10.166050635443794,False
4189,0.0003721368719415001,60,2.088236924012502,False
4190,0.0013272881765913503,214,7.073757269115092,False
4191,9.303421798537502e-05,15,2.0543652375539145,False
4192,0.0004651710899268751,75,2.5769924036661784,False
4193,0.0018978980469016504,306,1.2412575841729159,False
4194,0.0003411254659463751,55,1.3036402138796719,False
4195,0.013291488609510578,2143,1.2414578212180873,False
4196,0.0024809124796100006,400,1.7901023882627487,False
4197,0.0023878782616246256,385,0.9076192289203793,False
4198,0.0015381657373582003,248,1.5146589408959112,False
4199,0.0009985672730430252,161,1.1080141437720068,False
4200,0.0017242341733289504,278,1.0913840695250807,False
4201,0.0031383542867066505,506,1.3421003766681836,False
4202,0.0004775756523249251,77,2.2131370073789127,False
4203,0.007362107783242677,1187,1.1348920920965746,False
4204,3.101140599512501e-05,5,0.7832998275756836,False
4205,0.0012528608022030503,202,1.2659653614063073,False
4206,0.00018606843597075004,30,11.590655644734701,False
4207,0.0017366387357270004,280,2.1026062199047635,False
4208,0.0017862569853192003,288,2.6991748416589365,False
4209,0.0017366387357270004,280,3.0242182284593584,False
4210,0.00011784334278147503,19,1.9512984627171566,False
4211,0.0003597323095434501,58,1.7752969922690556,False
4212,0.008131190651921777,1311,0.8324566091134473,False
4213,0.008379281899882777,1351,1.1983133578282827,False
4214,4.341596839317501e-05,7,1.9775961807795934,False
4215,0.0010233763978391252,165,1.809313160722906,False
4216,0.0009861627106449752,159,1.7789661299507573,False
4217,0.0019413140152948255,313,1.1541032375999913,False
4218,0.00015505702997562504,25,1.548652868270874,False
4219,0.00039694599673760006,64,1.4768298976123333,False
4220,0.00032251862234930007,52,1.5169649078295782,False
4221,0.003008106381527126,485,6.833487257760825,False
4222,0.0028592516327505257,461,0.8214351163768975,False
4223,0.0029274767259398005,472,2.3809991125333108,False
4224,0.0020901687640714254,337,1.4279848867778608,False
4225,0.003218983942293976,519,1.0832061149711094,False
4226,0.0023878782616246256,385,1.702077564016565,False
4227,0.0020963710452704507,338,1.5022714603582077,False
4228,0.0013210858953923252,213,4.577826987969484,False
4229,0.0016436045177416253,265,1.409083380789127,False
4230,0.0020591573580763006,332,0.7522621495896075,False
4231,0.0010667923662323003,172,1.2643099177715391,False
4232,0.00011164106158245002,18,0.7302410536342197,False
4233,0.0014079178321786752,227,1.766345661642268,False
4234,0.0022886417624402257,369,1.447742186264617,False
4235,0.0013396927389894002,216,1.6448780999139503,False
4236,9.923649918440002e-05,16,1.5743506401777267,False
4237,0.00010543878038342502,17,2.848862241296207,False
4238,0.0019847299836880006,320,1.439954947680235,False
4239,0.0011164106158245003,180,1.7027274085415733,False
4240,0.006481383852981126,1045,0.8536674864554519,False
4241,0.004099707872555526,661,1.1420368315051797,False
4242,0.0009985672730430252,161,1.4525654849058354,False
4243,0.0033430295662744756,539,0.893921642887349,False
4244,0.00016125931117465003,26,2.753891564332522,False
4245,0.04385633035830579,7071,1.0470520848179956,False
4246,0.00010543878038342502,17,3.2658848061281094,False
4247,0.0021521915760616753,347,2.562773993448153,False
4248,0.0026483740719836757,427,1.6537306766599347,False
4249,0.003584918533036451,578,1.3357420239894036,False
4250,0.00022328212316490004,36,2.3111371629767947,False
4251,0.0006512395258976251,105,1.11323177700951,False
4252,0.0014141201133777003,228,1.141166371211671,False
4253,0.005129286551593676,827,0.8686496337927526,False
4254,0.0016374022365426004,264,1.4997140963872273,False
4255,0.0024374965112168257,393,1.1228276330399451,False
4256,0.0011164106158245003,180,1.5853760500748952,False
4257,0.0021956075444548506,354,1.3504656354586284,False
4258,0.006109246981039627,985,1.3960411739833465,False
4259,0.0034360637842598507,554,0.8749509563514902,False
4260,0.007064398285689477,1139,1.5400580020197867,False
4261,9.303421798537502e-05,15,1.4045344988505046,False
4262,0.0021521915760616753,347,1.7337787147901245,False
4263,0.0010916014910284002,176,1.0177568928761915,False
4264,0.0009055330550576502,146,2.1982235663557708,False
4265,0.0021211801700665505,342,3.4271024507388734,False
4266,0.0004341596839317501,70,1.8601269824164255,False
4267,0.0035477048458423008,572,0.9795236064420714,False
4268,0.0023072486060373007,372,1.3494802149393226,False
4269,0.0025553398539983007,412,1.2980027546003028,False
4270,0.0013520973013874504,218,0.9190403671439634,False
4271,0.027513319398874907,4436,0.6584400902791965,False
4272,7.442737438830002e-05,12,2.7308567563692727,False
4273,0.0029026676011437006,468,1.0148119651354277,False
4274,0.0019971345460860503,322,2.6236694273741348,False
4275,0.0019103026092997003,308,0.9930972592397169,False
4276,0.0015815817057513754,255,1.651612468326793,False
4277,0.0011474220218196253,185,1.3149316626626093,False
4278,0.0025863512599934254,417,2.342127101312724,False
4279,0.00011164106158245002,18,1.8171260754267375,False
4280,0.0011970402714118252,193,1.6276090960428504,False
4281,0.004347799120516526,701,0.8319396515205482,False
4282,0.003119747443109576,503,0.9679283782928649,False
4283,6.202281199025001e-06,1,4.148277759552002,False
4284,0.00016125931117465003,26,3.8314900948451114,False
4285,0.008112583808324702,1308,7.152240525691881,False
4286,0.00011164106158245002,18,1.9831400248739455,False
4287,0.00015505702997562504,25,0.962106647491455,False
4288,0.003560109408240351,574,1.1541121973808635,False
4289,0.0008187011182713002,132,1.157020592328274,False
4290,0.007194646190869002,1160,1.1836301047226478,False
4291,4.341596839317501e-05,7,4.0656322581427435,False
4292,0.0018668866409065254,301,1.907392604802534,False
4293,0.0010047695542420502,162,6.830235641679646,False
4294,2.4809124796100004e-05,4,6.781711459159851,False
4295,0.00026049581035905006,42,7.327640505064101,False
4296,0.004105910153754551,662,1.0930964022964869,False
4297,0.006134056105835726,989,2.5969175936840663,False
4298,0.0019909322648870255,321,1.1858942233884817,False
4299,0.00019847299836880003,32,3.427617222070694,False
4300,0.0019413140152948255,313,2.2571819872140124,False
4301,0.0003101140599512501,50,1.4335717177391052,False
4302,0.0011474220218196253,185,1.4084908085900385,False
4303,0.0004217551215337001,68,2.1179046788636375,False
4304,0.0023320577308334005,376,1.3107862757875564,False
4305,0.0006512395258976251,105,1.316119046438308,False
4306,0.0022266189504499753,359,0.9968241835038975,False
4307,0.0016063908305474753,259,2.8893543228679643,False
4308,0.009843020262852678,1587,0.6426952863235329,False
4309,0.0021273824512655754,343,1.1074289649985622,False
4310,0.0016622113613387003,268,1.8216745791150564,False
4311,0.00021707984196587504,35,8.388319608143398,False
4312,0.0016063908305474753,259,1.6963760585858554,False
4313,0.0008745216490625251,141,1.3414947623056723,False
4314,0.0030019041003281005,484,1.1087633647209356,False
4315,0.0021645961384597254,349,1.166336777558641,False
4316,6.202281199025002e-05,10,1.0806930303573608,False
4317,5.582053079122501e-05,9,1.187317106458876,False
4318,0.0032065793798959257,517,5.03325708230644,False
4319,0.00011164106158245002,18,4.1537867122226295,False
4320,0.0017056273297318754,275,1.2224542383714156,False
4321,0.0005520030267132251,89,4.724730026855897,False
4322,0.00039694599673760006,64,2.2426636032760143,False
4323,0.0020467527956782505,330,1.625991566253431,False
4324,0.0003411254659463751,55,5.107719287005338,False
4325,0.004546272118885326,733,0.9629692475109438,False
4326,0.0031321520055076256,505,1.5847489670951769,False
4327,0.004329192276919451,698,1.4856660584665642,False
4328,0.007318691814849502,1180,1.1470004168607422,False
4329,0.012156471150089002,1960,0.9287199273401378,False
4330,0.0010853992098293751,175,1.3559089463097709,False
4331,0.0020715619204743504,334,2.5988155107298296,False
4332,4.961824959220001e-05,8,1.839783638715744,False
4333,0.0019537185776928754,315,1.770298088921441,False
4334,0.0017676501417221253,285,0.9541062300665337,False
4335,0.004707531430059976,759,0.8330053161726638,False
4336,0.0013769064261835503,222,1.6452071892248619,False
4337,0.0002666980915580751,43,10.224294615346333,False
4338,0.0004527665275288251,73,2.9200143846746993,False
4339,9.923649918440002e-05,16,1.4544522166252136,False
4340,0.009762390607265352,1574,1.0519771745577549,False
4341,0.00039694599673760006,64,0.8868701662868261,False
4342,0.025844905756337182,4167,0.8889186246692061,False
4343,0.0025367330104012257,409,1.7173638880107105,False
4344,0.0008869262114605752,143,7.588112867795504,False
4345,2.4809124796100004e-05,4,2.5542125701904297,False
4346,0.0012590630834020753,203,1.1557892731257848,False
4347,0.009526703921702403,1536,0.7822552720705668,False
4348,0.00017366387357270005,28,4.062073682035718,False
4349,0.0004341596839317501,70,1.7527550969805037,False
4350,0.016702743268974328,2693,1.2555874479423434,False
4351,0.0004775756523249251,77,1.643402065549578,False
4352,0.0025615421351973255,413,4.085778077058584,False
4353,0.003727571000614026,601,1.3597224222840167,False
4354,0.0025429352916002505,410,1.58681853922402,False
4355,0.006096842418641576,983,1.0879265949175534,False
4356,0.0017180318921299253,277,3.9950548784827498,False
4357,0.0017552455793240754,283,1.1346885804152742,False
4358,0.00027290037275710005,44,1.5566203431649641,False
4359,0.0027352060087700255,441,1.909898482212404,False
4360,0.0009365444610527753,151,1.2557681538411323,False
4361,0.029336790071388258,4730,1.0040244685166986,False
4362,0.00028530493515515004,46,1.7763707197230796,False
4363,0.0023506645744304755,379,2.5754323442881843,False
4364,0.00015505702997562504,25,9.596056604385376,False
4365,0.00029150721635417507,47,1.303660917789378,False
4366,6.822509318927501e-05,11,3.372803558002819,False
4367,0.0020157413896831253,325,4.421753507394057,False
4368,0.0010916014910284002,176,1.675039143724875,False
4369,0.0017738524229211504,286,1.5028451272657701,False
4370,0.0026421717907846505,426,4.548362013040014,False
4371,0.0020901687640714254,337,1.054934000756691,False
4372,0.00028530493515515004,46,6.765337855919547,False
4373,0.0026917900403768506,434,1.1807831097308392,False
4374,0.0024995193232070756,403,1.8427785064091458,False
4375,6.822509318927501e-05,11,1.621347188949585,False
4376,0.0005582053079122502,90,2.556293336550395,False
4377,0.0015133566125621004,244,0.9881399801520051,False
4378,0.0015009520501640503,242,1.2870254664381673,False
4379,0.0003597323095434501,58,2.4146534636102874,False
4380,0.004750947398453151,766,2.4321177335694317,False
4381,0.0020157413896831253,325,1.2003514972099891,False
4382,0.0012590630834020753,203,2.2714423963001797,False
4383,0.00019227071716977504,31,5.772728127817953,False
4384,0.00015505702997562504,25,10.076981444358825,False
4385,0.004422226494904826,713,0.9454670447286684,False
4386,0.0023382600120324254,377,1.6003751040137415,False
4387,0.0008311056806693502,134,0.9515158302748381,False
4388,0.008007145027941276,1291,0.9529270147003008,False
4389,0.002952285850735901,476,1.7018472990568947,False
4390,0.004155528403346751,670,4.812718377006588,False
4391,0.0007132623378878751,115,1.3118135701055111,False
4392,0.0005830144327083501,94,1.214704840741259,False
4393,0.0021397870136636256,345,1.4503076193989186,False
4394,0.0007876897122761752,127,1.8385316095952913,False
4395,3.721368719415001e-05,6,1.1523784001668294,False
4396,9.303421798537502e-05,15,10.187245845794678,False
4397,0.0010853992098293751,175,1.7363143484933035,False
4398,0.0020095391084841005,324,2.9295123944311965,False
4399,0.0009241398986547252,149,1.4353798043807882,False
4400,0.0025491375727992754,411,1.4045085788063179,False
4401,0.0007690828686791001,124,3.1167042755311534,False
4402,0.00024188896676197505,39,1.3394589607532208,False
4403,0.003746177844211101,604,1.1179864667109307,False
4404,0.0003721368719415001,60,1.9208047171433766,False
4405,0.0005582053079122502,90,1.6152881039513483,False
4406,0.0034360637842598507,554,0.8096910007163506,False
4407,4.961824959220001e-05,8,1.9255624115467072,False
4408,1.8606843597075006e-05,3,16.707008639971416,False
4409,0.0033430295662744756,539,0.9973069113128039,False
4410,1.2404562398050002e-05,2,10.098323822021484,False
4411,0.0002977094975532001,48,7.087168343365192,False
4412,0.004521462994089226,729,0.8654274891433402,False
4413,2.4809124796100004e-05,4,2.117758184671402,False
4414,0.0008621170866644752,139,1.365074493044572,False
4415,0.0017614478605231004,284,1.1981531952468443,False
4416,0.0004527665275288251,73,1.7613363053700695,False
4417,0.005954189951064001,960,3.4365646322568257,False
4418,0.0019723254212899504,318,1.164478988017676,False
4419,0.0037585824066091508,606,1.1263285279273987,False
4420,0.0009055330550576502,146,1.1443724142361993,False
4421,0.005377377799554676,867,1.0659046789079114,False
4422,0.0025119238856051254,405,0.997972332989728,False
4423,0.0004031482779366251,65,1.6152978328558114,False
4424,0.00014885474877660004,24,2.238124509652456,False
4425,0.0011970402714118252,193,1.1140703839959258,False
4426,0.006704665976146026,1081,0.8327753354177554,False
4427,0.0005395984643151751,87,1.5863081970434079,False
4428,0.007721840092786127,1245,1.0018878270344562,False
4429,0.00020467527956782505,33,2.433384591882879,False
4430,0.01602049233708158,2583,0.8228264896158004,False
4431,0.00016125931117465003,26,1.8747608203154345,False
4432,0.003814402937400376,615,1.7353306324501347,False
4433,0.00032251862234930007,52,1.9766055804032545,False
4434,0.0016187953929455254,261,9.189515765599364,False
4435,0.04573562156161036,7374,1.1591460453257962,False
4436,0.0015815817057513754,255,1.218788353134604,False
4437,4.961824959220001e-05,8,1.677061915397644,False
4438,0.012075841494501678,1947,0.7022268210059873,False
4439,0.00028530493515515004,46,3.4186228669208027,False
4440,0.00014265246757757502,23,2.0052147948223613,False
4441,0.0028468470703524756,459,0.9150932738983554,False
4442,0.0002480912479610001,40,1.2068671226501464,False
4443,0.0028778584763476008,464,1.7949060617849744,False
4444,2.4809124796100004e-05,4,1.3017080426216125,False
4445,0.010810576129900577,1743,0.8797759216404891,False
4446,0.012795306113588577,2063,0.6671942065077618,False
4447,0.00029150721635417507,47,11.20682433818249,False
4448,0.0025615421351973255,413,1.7641637443630227,False
4449,0.0024871147608090255,401,1.948284398885142,False
4450,0.003770986969007201,608,1.0681915181247812,False
4451,0.0025553398539983007,412,1.5851598419610737,False
4452,0.003429861503060826,553,1.0570528796094236,False
4453,0.008261438557101302,1332,1.0429248194078784,False
4454,0.0005706098703103001,92,1.4988876412744108,False
4455,0.0015877839869504003,256,1.363112460821867,False
4456,0.00033492318474735006,54,0.912282974631698,False
4457,0.007703233249189052,1242,1.2972749066621594,False
4458,0.00012404562398050004,20,2.5824788212776184,False
4459,0.0014761429253679504,238,1.0550642559508316,False
4460,0.003640739063827676,587,1.2328969104123482,False
4461,0.0024995193232070756,403,1.531596926246624,False
4462,3.101140599512501e-05,5,21.887122106552123,False
4463,0.0002666980915580751,43,2.735962623773619,False
4464,0.0003907437155385751,63,0.9599343103075785,False
4465,0.0020405505144792256,329,2.591404648174993,False
4466,0.0015133566125621004,244,1.0169473388155952,False
4467,0.0017614478605231004,284,2.194810585236885,False
4468,0.00022328212316490004,36,8.708961486816406,False
4469,0.004484249306895076,723,0.8757663356812663,False
4470,0.011157903877045978,1799,1.6016777400641788,False
4471,0.0007194646190869002,116,2.4728815010909377,False
4472,0.0005209916207181001,84,2.88887505871909,False
4473,3.721368719415001e-05,6,1.176119049390157,False
4474,0.0026793854779788005,432,1.4298207434239212,False
4475,0.0007814874310771502,126,1.9787149353632851,False
4476,0.006475181571782102,1044,1.1824285590100563,False
4477,0.003256197629488126,525,2.065163486117408,False
4478,1.2404562398050002e-05,2,10.2063530087471,False
4479,0.00013645018637855003,22,1.8848093748092651,False
4480,0.03231388504692026,5210,1.2567072480745372,False
4481,0.0021087756076685004,340,1.7719990323571597,False
4482,0.0026049581035905004,420,2.2758181401661464,False
4483,0.008428900149474977,1359,0.9032440606595138,False
4484,0.0004899802147229751,79,1.2828853356687329,False
4485,0.0007814874310771502,126,1.5339300197268289,False
4486,0.0020467527956782505,330,0.9677743369882758,False
4487,0.0012466585210040252,201,8.357655152752624,False
4488,0.00036593459074247506,59,7.316984423136307,False
4489,0.005520030267132252,890,1.350354613079114,False
4490,0.0037213687194150007,600,0.9682661016782125,False
4491,0.015437477904373229,2489,0.6001476519267787,False
4492,0.0023444622932314507,378,2.0561683209484847,False
4493,0.00011164106158245002,18,1.5849597189161513,False
4494,0.0002666980915580751,43,9.241407438766124,False
4495,7.442737438830002e-05,12,1.2859004437923431,False
4496,0.014302460444951653,2306,0.6653891039845846,False
4497,0.0026607786343817255,429,1.5182328913317416,False
4498,0.0034918843150510757,563,0.8397159741572758,False
4499,1.8606843597075006e-05,3,0.5927395025889078,False
4500,0.004937015834423901,796,0.7304445103784303,False
4501,0.0006078235575044501,98,5.929510419466058,False
4502,0.0032996135978813007,532,0.9463340160541964,False
4503,0.00019227071716977504,31,2.964210118016889,False
4504,0.00014265246757757502,23,1.6165975954221643,False
4505,0.003677952751021826,593,2.300546876897699,False
4506,0.003901234874186726,629,1.2800822203034248,False
4507,0.012007616401312402,1936,0.7161596383560788,False
4508,6.202281199025001e-06,1,2.375669002532959,False
4509,0.0004589688087278501,74,4.03375412966754,False
4510,0.005383580080753701,868,0.7472121122245965,False
4511,0.0032065793798959257,517,0.9581008824435148,False
4512,0.0007938919934752001,128,3.6701547484844923,False
4513,0.0006760486506937252,109,1.17220779624554,False
4514,0.035247564054059086,5683,0.8389518816832314,False
4515,0.00031631634115027505,51,1.5802183431737564,False
4516,0.00011164106158245002,18,2.4796688887808056,False
4517,0.0006946554942908002,112,1.923605535711561,False
4518,0.00035353002834442507,57,1.9348297474677103,False
4519,0.00016746159237367503,27,13.617137202510127,False
4520,0.00016746159237367503,27,4.358822698946352,False
4521,0.0026855877591778258,433,1.495133489989794,False
4522,0.0003473277471454001,56,3.6271804911749705,False
4523,0.00036593459074247506,59,6.864013968887976,False
4524,0.0017862569853192003,288,1.168346927397781,False
4525,0.010345405039973702,1668,0.6679358373728873,False
4526,0.00019847299836880003,32,2.001762792468071,False
4527,6.822509318927501e-05,11,1.7311931306665593,False
4528,0.0007070600566888501,114,1.467135230700175,False
4529,0.0017924592665182254,289,1.7012574903692754,False
4530,5.582053079122501e-05,9,4.7576851050059,False
4531,0.00029150721635417507,47,1.6158348042914208,False
4532,0.0004217551215337001,68,1.5585340577013351,False
4533,0.04042646885524496,6518,0.5757229483979873,False
4534,6.202281199025002e-05,10,1.2712622165679932,False
4535,0.0019041003281006755,307,2.836455275259111,False
4536,0.0008559148054654502,138,1.533527149670366,False
4537,0.015363050529984929,2477,1.6377986681572025,False
4538,0.004180337528142851,674,1.2231598197529507,False
4539,0.0007442737438830002,120,1.5352713773647944,False
4540,0.0005023847771210251,81,7.683517441337491,False
4541,0.00023568668556295006,38,14.129885532354054,False
4542,0.0020839664828724005,336,1.2140199832973027,False
4543,0.00015505702997562504,25,1.0377999448776245,False
4544,0.027798624334030055,4482,1.13273997394063,False
4545,0.004068696466560401,656,1.225321708655939,False
4546,0.0015567725809552753,251,1.1231917033632437,False
4547,0.0011970402714118252,193,1.5769008255993147,False
4548,0.0020839664828724005,336,1.4725938552901858,False
4549,0.0019971345460860503,322,1.161592670108961,False
4550,0.0007380714626839752,119,1.4766258231732023,False
4551,0.0023010463248382754,371,2.4598742546739603,False
4552,0.005073466020802451,818,1.0966639029076164,False
4553,0.0027724196959641755,447,1.0198604057832585,False
4554,0.0021025733264694755,339,1.7045455798286955,False
4555,2.4809124796100004e-05,4,1.0310863554477692,False
4556,0.0010171741166401002,164,1.3307036902846359,False
4557,0.13273501994033404,21401,1.8242363723648647,False
4558,0.0004093505591356501,66,4.331168696735844,False
4559,0.003448468346657901,556,1.9484896248193095,False
4560,7.442737438830002e-05,12,2.691119800011317,False
4561,0.008267640838300326,1333,0.8630151813046341,False
4562,0.020678405517549354,3334,1.3414938708730422,False
4563,0.0023940805428236504,386,1.4782514831562734,False
4564,7.442737438830002e-05,12,2.125823746124903,False
4565,2.4809124796100004e-05,4,1.2759463787078857,False
4566,0.0028406447891534507,458,0.9100712001583983,False
4567,8.683193678635003e-05,14,1.2158061521393912,False
4568,0.0004837779335239501,78,2.273006182450515,False
4569,4.341596839317501e-05,7,1.5905240092958723,False
4570,0.00032251862234930007,52,1.7529359689125648,False
4571,0.0012218493962079253,197,1.2668989430829354,False
4572,0.0018234706725133503,294,1.0128171557471866,False
4573,8.683193678635003e-05,14,1.011519500187465,False
4574,0.0005520030267132251,89,2.0240352903859,False
4575,0.0018916957657026255,305,0.8306051832730653,False
4576,0.0025863512599934254,417,1.1176014426800844,False
4577,0.0014451315193728252,233,1.0067300842555296,False
4578,0.027290037275710007,4400,0.747869932868264,False
4579,0.0023072486060373007,372,1.5537729240873808,False
4580,0.0008869262114605752,143,3.5937813445404694,False
4581,0.004254764902531151,686,1.0888764462040048,False
4582,0.0029770949755320007,480,1.7935848156611125,False
4583,0.0017986615477172505,290,1.5902435639808918,False
4584,0.0018916957657026255,305,3.4371101082348434,False
4585,0.007051993723291426,1137,1.326844010734726,False
4586,0.007579187625208552,1222,2.0315916161685452,False
4587,0.0018792912033045754,303,0.8374888235979742,False
4588,0.0016436045177416253,265,1.1586998840547957,False
4589,0.0038578189057935507,622,0.9469279903690915,False
4590,0.0019599208588919003,316,2.7492949577826487,False
4591,0.007473748844825127,1205,0.8338352519941528,False
4592,0.0026421717907846505,426,4.1425584319611675,False
4593,0.004682722305263876,755,1.5759833252193123,False
4594,0.0023134508872363255,373,5.966466159347554,False
4595,0.0004279574027327251,69,1.4661005372586458,False
4596,0.0011474220218196253,185,2.3377398890417975,False
4597,0.0006202281199025002,100,7.086268210411072,False
4598,0.0008993307738586252,145,1.6317956661355906,False
4599,0.004161730684545776,671,3.4422442230844283,False
4600,0.0010233763978391252,165,1.3063105135252981,False
4601,4.961824959220001e-05,8,0.8833304643630981,False
4602,0.005458007455142001,880,0.867940509996631,False
4603,0.0024436987924158506,394,1.1649233323668466,False
4604,0.0021273824512655754,343,1.5320552312945486,False
4605,0.0003473277471454001,56,2.2970079268727983,False
4606,0.004025280498167226,649,0.8548218303909655,False
4607,0.0010667923662323003,172,2.0290512206942535,False
4608,0.0034732774714540007,560,2.7583612052457673,False
4609,0.0019971345460860503,322,1.913431972080136,False
4610,0.0025119238856051254,405,1.0535144379109511,False
4611,0.0005271939019171251,85,1.8067793032702277,False
4612,0.0004031482779366251,65,2.0143957211421086,False
4613,0.00012404562398050004,20,0.8072719097137451,False
4614,0.003597323095434501,580,1.2221011766071976,False
4615,0.005321557268763451,858,1.0296740144282788,False
4616,0.0047819588044482764,771,0.8427690958698436,False
4617,0.0011288151782225502,182,1.3286956954788376,False
4618,0.003677952751021826,593,1.2255880034593065,False
4619,9.303421798537502e-05,15,7.311792373657227,False
4620,0.0013334904577903754,215,1.0448674312857695,False
4621,0.005606862203918601,904,0.7784384594554394,False
4622,0.006499990696578201,1048,14.022738033123598,False
4623,0.0019847299836880006,320,1.7308803372085095,False
4624,0.0015071543313630753,243,1.1179998440997592,False
4625,0.0005458007455142001,88,1.1912913227623159,False
4626,0.0005458007455142001,88,4.839621457186612,False
4627,0.0022576303564451005,364,3.339317214357984,False
4628,0.0025057216044061005,404,1.866514771291525,False
4629,0.0005147893395190752,83,5.8749523220292055,False
4630,0.0008435102430674002,136,7.391481546794667,False
4631,0.0031693656927017757,511,0.8465818817601511,False
4632,0.0013645018637855003,220,1.2200525365092538,False
4633,4.961824959220001e-05,8,1.0497843325138092,False
4634,0.0028096333831583256,453,1.6488640861005972,False
4635,0.0002791026539561251,45,1.4935295634799532,False
4636,0.0021025733264694755,339,1.016598391321908,False
4637,0.0004279574027327251,69,9.954468177712481,False
4638,0.00011164106158245002,18,1.2182537847095065,False
4639,0.016088717430270853,2594,0.8290821448968021,False
4640,0.006834913881325551,1102,0.8039604010036766,False
4641,0.0016063908305474753,259,6.491977120918657,False
4642,0.003864021186992576,623,1.547925277468098,False
4643,0.003101140599512501,500,1.5615897877216338,False
4644,0.0014141201133777003,228,3.102061552959576,False
4645,0.0005147893395190752,83,2.152166681117322,False
4646,0.0010109718354410753,163,1.1438222223995653,False
4647,0.0002480912479610001,40,8.081461894512177,False
4648,0.00031631634115027505,51,10.521971962031197,False
4649,0.003789593812604276,611,2.7358896796715046,False
4650,3.721368719415001e-05,6,2.004973888397217,False
4651,0.0013955132697806253,225,1.2714412864049276,False
4652,0.013849693917422828,2233,0.5806309850131564,False
4653,8.062965558732502e-05,13,1.1330884053156927,False
4654,0.0014141201133777003,228,0.9880352370571672,False
4655,0.007436535157630977,1199,0.8342425829177106,False
4656,3.721368719415001e-05,6,2.687239329020182,False
4657,0.0011288151782225502,182,2.2522107546146097,False
4658,0.00016746159237367503,27,1.9506010700155187,False
4659,0.07594073100086211,12244,1.1413287312639417,False
4660,0.0011412197406206002,184,5.664386240036591,False
4661,0.0020467527956782505,330,1.1182871666821566,False
4662,0.00032251862234930007,52,14.945798096748499,False
4663,0.0014885474877660003,240,1.2901012072960536,False
4664,0.0016870204861348004,272,1.5975777217570473,False
4665,0.0021707984196587503,350,3.325180672236851,False
4666,0.0020529550768772753,331,1.3620111791028717,False
4667,0.0014637383629699002,236,1.8344368611351918,False
4668,0.0007380714626839752,119,7.107681551901233,False
4669,0.0017738524229211504,286,1.6981330051288739,False
4670,0.0015195588937611253,245,1.2795258736123845,False
4671,0.008280045400698377,1335,0.8131730161802599,False
4672,3.721368719415001e-05,6,2.3185302217801413,False
4673,0.0002666980915580751,43,1.7224223918693011,False
4674,0.0024995193232070756,403,2.0105009120392148,False
4675,0.0007752851498781252,125,8.694675228118896,False
4676,0.0014079178321786752,227,1.1861626366686715,False
4677,0.0014203223945767254,229,1.1642921897521705,False
4678,0.004198944371739926,677,2.695392630124902,False
4679,0.0022824394812412004,368,1.5024626753900363,False
4680,0.0057929306398893515,934,1.2236663289447924,False
4681,0.0026979923215758755,435,1.593878282349685,False
4682,0.0028158356643573504,454,1.3596517840145967,False
4683,0.0009551513046498502,154,3.189302596178922,False
4684,0.0019909322648870255,321,1.382700966154675,False
4685,0.0010791969286303503,174,1.2932169163364104,False
4686,0.003746177844211101,604,0.8342901965640238,False
4687,3.721368719415001e-05,6,1.550503174463908,False
4688,0.00014265246757757502,23,4.37843876817952,False
4689,0.0007318691814849501,118,1.5532982207961001,False
4690,0.0026483740719836757,427,1.6987335360859819,False
4691,0.0024374965112168257,393,1.1192857218152694,False
4692,0.009235196705348227,1489,15.151660914305795,False
4693,0.0010916014910284002,176,2.5661463805220346,False
4694,0.0026793854779788005,432,1.8265531946111608,False
4695,0.0017056273297318754,275,1.9059151801196013,False
4696,0.0013458950201884253,217,3.2145962967850648,False
4697,0.0012714676458001253,205,1.3934533282024104,False
4698,0.003926043998982826,633,1.020628214259095,False
4699,0.00019227071716977504,31,9.57059972132406,False
4700,0.00026049581035905006,42,1.3285110223860968,False
4701,6.822509318927501e-05,11,2.9376508105884898,False
4702,0.009526703921702403,1536,0.6904774544139703,False
4703,0.0020591573580763006,332,1.882980749190572,False
4704,0.0008497125242664252,137,2.280615746539875,False
4705,0.0024561033548139008,396,1.6096341534696443,False
4706,0.0014947497689650254,241,0.8823020448328548,False
4707,8.683193678635003e-05,14,2.3188177176884244,False
4708,0.00021707984196587504,35,2.011718681880406,False
4709,0.0021770007008577756,351,2.0407917648978384,False
4710,0.0020715619204743504,334,1.3875609454280602,False
4711,0.0007938919934752001,128,1.8401620760560036,False
4712,0.0007876897122761752,127,1.3146663913576622,False
4713,0.0016249976741445503,262,6.736207055681534,False
4714,3.721368719415001e-05,6,1.4382758339246113,False
4715,0.006586822633364552,1062,0.9056799562188416,False
4716,0.0022824394812412004,368,3.9129047814918603,False
4717,0.013855896198621853,2234,1.110691138005406,False
4718,0.0014141201133777003,228,1.5216065493592046,False
4719,0.00021087756076685005,34,2.9003336429595947,False
4720,0.0026669809155807508,430,3.6903832829275798,False
4721,0.010804373848701553,1742,0.9516102157011371,False
4722,0.0036283345014296257,585,2.022617953047793,False
4723,0.0035353002834442506,570,2.643785349527995,False
4724,0.0005520030267132251,89,1.8001875395185492,False
4725,0.0006822509318927502,110,1.099546066197482,False
4726,0.0007628805874800752,123,9.812140493858152,False
4727,0.0016746159237367505,270,1.6480596365752043,False
4728,0.00010543878038342502,17,2.1003484024721035,False
4729,0.0009427467422518002,152,1.3939156312691539,False
4730,0.0075543785004124515,1218,0.975659518014817,False
4731,0.0004837779335239501,78,6.329033839396941,False
4732,0.00011784334278147503,19,1.2628056814796047,False
4733,0.007169837066072902,1156,0.8581185010890234,False
4734,0.011250938095031353,1814,0.6813241844009013,False
4735,0.0057185032655010515,922,1.9926700602384555,False
4736,0.0022576303564451005,364,1.349340130994608,False
4737,0.007852087997965652,1266,0.8232771811703746,False
4738,0.0004155528403346751,67,3.0499902554412386,False
4739,0.0006884532130917751,111,1.8067714631020486,False
4740,0.005135488832792701,828,1.8260670284142242,False
4741,0.014345876413344828,2313,0.8096362995060296,False
4742,0.0019909322648870255,321,1.5882303933859614,False
4743,0.0020033368272850756,323,1.0309910788993717,False
4744,0.00019227071716977504,31,9.82084237375567,False
4745,0.005712300984302026,921,0.8886396398244023,False
4746,0.00013645018637855003,22,9.437447309494019,False
4747,0.0021956075444548506,354,1.7498446049663308,False
4748,8.683193678635003e-05,14,1.8911428196089608,False
4749,0.0011226128970235252,181,5.0978139928691295,False
4750,0.0021645961384597254,349,2.5181907606671396,False
4751,0.00017366387357270005,28,1.4463676639965601,False
4752,0.0023010463248382754,371,3.4090091552374497,False
4753,0.0004465642463298001,72,10.750599621070755,False
4754,0.0009551513046498502,154,1.0891919585017416,False
4755,0.0009985672730430252,161,1.8253429254389697,False
4756,3.101140599512501e-05,5,4.656188058853149,False
4757,0.004056291904162351,654,2.327912372915752,False
4758,0.005743312390297151,926,1.7115034037480858,False
4759,0.01769510826081833,2853,0.9428431233146338,False
4760,0.00020467527956782505,33,7.9121103069999,False
4761,0.010333000477575653,1666,0.746608523475308,False
4762,1.8606843597075006e-05,3,0.6430877844492594,False
4763,0.0024374965112168257,393,1.5733098501467522,False
4764,0.0004403619651307751,71,8.370201399628545,False
4765,0.00010543878038342502,17,1.4812216618481804,False
4766,0.0019041003281006755,307,1.4442383163526702,False
4767,0.014705608722888279,2371,0.86381851575989,False
4768,0.0021645961384597254,349,1.5918721199718793,False
4769,0.0019661231400909256,317,9.012793809457532,False
4770,0.0004899802147229751,79,1.1796619726132742,False
4771,0.0003473277471454001,56,1.4883286144052232,False
4772,0.0021521915760616753,347,1.8235819044305543,False
4773,0.0006388349634995752,103,1.6829366244158699,False
4774,0.0017614478605231004,284,1.9866449845508791,False
4775,0.012243303086875353,1974,0.7227178668299465,False
4776,0.008701800522232076,1403,0.7550883194589649,False
4777,0.0025677444163963504,414,1.5553672739848998,False
4778,0.0005644075891112751,91,7.172508619643829,False
4779,6.822509318927501e-05,11,1.6678844690322876,False
4780,0.00011164106158245002,18,1.8453259335623846,False
4781,0.0005395984643151751,87,6.058057653492894,False
4782,0.004062494185361376,655,1.374493610585919,False
4783,0.0003287209035483251,53,8.955888446771874,False
4784,0.008292449963096428,1337,2.2998488785708764,False
4785,0.0003411254659463751,55,1.496881406957453,False
4786,0.004757149679652176,767,1.0066546796975266,False
4787,0.0006450372446986001,104,1.217464839036648,False
4788,0.0004093505591356501,66,2.0030589031450674,False
4789,0.0021459892948626504,346,1.515363118552059,False
4790,0.008211820307509101,1324,1.1475139024394516,False
4791,0.0022700349188431506,366,1.0355953017219168,False
4792,0.0005892167139073751,95,1.4343783077440764,False
4793,0.0004527665275288251,73,1.4895328724221006,False
4794,0.0003411254659463751,55,1.928163801540028,False
4795,0.004812970210443401,776,0.7158757866043406,False
4796,0.0003783391531405251,61,9.904808661976798,False
4797,0.0003597323095434501,58,1.9318927115407483,False
4798,0.0028778584763476008,464,0.8031819863566036,False
4799,0.0009861627106449752,159,2.5179746698283547,False
4800,0.0021894052632558253,353,1.1971761710920685,False
4801,0.0005768121515093252,93,3.022642666293729,False
4802,0.0005147893395190752,83,1.3786526746060475,False
4803,0.00026049581035905006,42,2.2916141634895686,False
4804,0.005786728358690326,933,0.8124616276412915,False
4805,0.0008621170866644752,139,1.80398809309486,False
4806,0.0004775756523249251,77,2.4232174452249104,False
4807,0.0020777642016733757,335,1.0164718869906753,False
4808,0.0008807239302615502,142,1.264703052144655,False
4809,0.003045320068721276,491,2.872294057168203,False
4810,0.00014265246757757502,23,3.7777535552563877,False
4811,0.0022328212316490006,360,1.7808418893151814,False
4812,0.0005768121515093252,93,1.5832777523225354,False
4813,0.0017366387357270004,280,1.7392547232764108,False
4814,0.008292449963096428,1337,0.9836604126193403,False
4815,0.0005954189951064002,96,1.5376478185256321,False
4816,0.0005520030267132251,89,4.497840565242124,False
4817,0.0010047695542420502,162,5.111025367989952,False
4818,0.003888830311788676,627,1.7296353937906512,False
4819,0.0028902630387456505,466,1.9735131304663138,False
4820,0.0016932227673338255,273,1.341244895816286,False
4821,0.0005706098703103001,92,11.581227239059364,False
4822,0.0003411254659463751,55,2.684902483766729,False
4823,0.0005147893395190752,83,13.37295497900032,False
4824,0.0016311999553435754,263,1.3399688019045406,False
4825,0.004713733711259001,760,1.5462912208155581,False
4826,0.0019909322648870255,321,1.6927247671323402,False
4827,0.006202281199025002,1000,0.7069864101409912,False
4828,0.0003597323095434501,58,1.1773409350165005,False
4829,0.0043229899957204256,697,0.9885328421462728,False
4830,0.004509058431691176,727,1.9940527544716857,False
4831,0.0023444622932314507,378,2.1289025945638222,False
4832,3.101140599512501e-05,5,1.0616092681884766,False
4833,0.0003845414343395501,62,1.1789864320908823,False
4834,0.0003411254659463751,55,2.2015829541466454,False
4835,0.0004961824959220001,80,1.8944237366318704,False
4836,6.202281199025002e-05,10,1.165943992137909,False
4837,0.0020653596392753255,333,2.0103574618920907,False
4838,0.0030329155063232257,489,2.099112617457571,False
4839,0.0013520973013874504,218,3.7386626469979594,False
4840,0.0004031482779366251,65,1.8159964341383714,False
4841,0.0035166934398471756,567,2.0547878128300687,False
4842,0.013155038423132029,2121,1.1563147976959387,False
4843,0.0004341596839317501,70,1.5543607047625951,False
4844,0.0009861627106449752,159,1.3511611635580003,False
4845,0.0007256669002859252,117,1.460391468471951,False
4846,0.0008124988370722751,131,1.3769527792020608,False
4847,0.0022762372000421755,367,2.1443274586337138,False
4848,0.0016498067989406504,266,2.8191873780766823,False
4849,0.0027476105711680757,443,1.1595884908671843,False
4850,0.00029150721635417507,47,2.0098884435410196,False
4851,0.00014265246757757502,23,0.8064822684163633,False
4852,0.005048656896006351,814,0.7503864812030839,False
4853,0.0005768121515093252,93,2.071685109087216,False
4854,0.0003411254659463751,55,6.835343560305509,False
4855,0.003845414343395501,620,1.8584598777755614,False
4856,0.0013458950201884253,217,2.3112817953259164,False
4857,0.00032251862234930007,52,5.990667366064512,False
4858,0.016473258864610405,2656,1.3131773189069278,False
4859,0.0010791969286303503,174,1.4080059000815468,False
4860,0.0007628805874800752,123,2.231986030330503,False
4861,0.023146913434761305,3732,0.6682720276320478,False
4862,0.07528328919376547,12138,0.9743748914863509,False
4863,0.00011164106158245002,18,1.3458319107691448,False
4864,4.961824959220001e-05,8,3.575092911720276,False
4865,0.0019103026092997003,308,6.266714898022738,False
4866,0.00013645018637855003,22,4.187265737490221,False
4867,0.01722373488969243,2777,0.9080484106594768,False
4868,0.0021583938572607006,348,2.4686501587944467,False
4869,0.0024002828240226757,387,3.4910394178188433,False
4870,0.10909192400965075,17589,0.8462312323053915,False
4871,0.003429861503060826,553,0.7654525399423637,False
4872,0.0017924592665182254,289,2.549532118553109,False
4873,3.101140599512501e-05,5,1.486067771911621,False
4874,0.00022328212316490004,36,1.5749110579490662,False
4875,0.0012838722081981752,207,1.2152102079944334,False
4876,0.0023816759804256007,384,1.988895883783698,False
4877,0.00021707984196587504,35,2.4554821627480643,False
4878,0.0023196531684353504,374,2.1465142761322267,False
4879,0.0030143086627261507,486,5.420455959844,False
4880,0.0019165048904987254,309,2.905186437866063,False
4881,0.0003597323095434501,58,2.0836354699628106,False
4882,0.0023630691368285257,381,1.1832016024376777,False
4883,0.00027290037275710005,44,1.2560501938516444,False
4884,0.0012652653646011002,204,1.3170407297564488,False
4885,0.003584918533036451,578,0.7992592253899492,False
4886,0.0021025733264694755,339,1.6256712277730305,False
4887,0.0014451315193728252,233,1.0955262859491832,False
4888,0.0009179376174557002,148,1.0417762132915291,False
4889,0.0017490432981250503,282,3.7849887212117515,False
4890,0.0004465642463298001,72,6.408250186178419,False
4891,0.0003473277471454001,56,3.6467308465923582,False
4892,0.0003473277471454001,56,10.615349841969353,False
4893,0.0037957960938033008,612,0.8397873365411571,False
4894,0.0011350174594215753,183,1.4170889659006087,False
4895,6.202281199025002e-05,10,2.28201801776886,False
4896,0.0038206052185994007,616,1.3503095194116814,False
4897,0.0025119238856051254,405,2.918556610154517,False
4898,0.0007504760250820251,121,2.5886258941051388,False
4899,0.01924567856057458,3103,0.6611471074725442,False
4900,0.0011102083346254752,179,1.4545593654643223,False
4901,6.822509318927501e-05,11,3.183008410713889,False
4902,0.0009179376174557002,148,8.49696492182242,False
4903,0.0060844378562435264,981,5.778337270841686,False
4904,8.683193678635003e-05,14,14.150343784264155,False
4905,0.00012404562398050004,20,1.8207335948944092,False
4906,0.0019289094528967753,311,1.0626558947026539,False
4907,0.004571081243681426,737,0.8864092283365361,False
4908,0.005309152706365401,856,1.2719949531220944,False
4909,0.008106381527125677,1307,0.9327874924266438,False
4910,0.0008869262114605752,143,4.58903468905629,False
4911,2.4809124796100004e-05,4,0.701024055480957,False
4912,0.0015815817057513754,255,2.6776639293221867,False
4913,0.0023506645744304755,379,1.2447362999802845,False
4914,0.008025751871538351,1294,0.6286038339045906,False
4915,0.0015319634561591754,247,1.304647324056278,False
4916,0.004025280498167226,649,0.7789906667450727,False
4917,0.005383580080753701,868,0.9149457529393209,False
4918,0.0027662174147651507,446,0.9273686371576626,False
4919,0.03248134663929393,5237,1.6499763796159688,False
4920,0.00019847299836880003,32,8.195023816078901,False
4921,0.0011908379902128004,192,1.0790325024475653,False
4922,0.0010853992098293751,175,1.6668321752548219,False
4923,0.0005085870583200501,82,2.8849788511671672,False
4924,0.00013024790517952503,21,2.2153408981504894,False
4925,0.0024188896676197507,390,1.6980358625069643,False
4926,0.00015505702997562504,25,10.30654203414917,False
4927,0.00022948440436392506,37,1.921685125376727,False
4928,0.0026049581035905004,420,1.1106841291700091,False
4929,0.0013893109885816004,224,5.492150474871908,False
4930,0.0020467527956782505,330,3.4901649258353493,False
4931,0.011964200432919228,1929,1.3545700127501263,False
4932,0.005426996049146877,875,1.746763032913208,False
4933,0.003653143626225726,589,1.3047220532881991,False
4934,0.0017242341733289504,278,1.2462163331697313,False
4935,0.0019475162964938504,314,1.2656841361598603,False
4936,0.0005209916207181001,84,4.377365794919786,False
4937,0.0003721368719415001,60,2.1094832519690194,False
4938,0.0005520030267132251,89,1.6892399801297133,False
4939,0.0032686021918861756,527,0.9805604891261295,False
4940,0.00010543878038342502,17,1.6388912832035738,False
4941,0.0018544820785084755,299,6.377406374666603,False
4942,0.0022700349188431506,366,1.1648546099011363,False
4943,0.007070600566888501,1140,3.970647225777308,False
4944,3.721368719415001e-05,6,3.5775500933329263,False
4945,0.003708964157016951,598,1.1157886336081004,False
4946,0.0019723254212899504,318,1.5064550735665567,False
4947,0.0015939862681494253,257,0.8833611071805546,False
4948,0.003919841717783801,632,1.4994510148144975,False
4949,0.028685550545490632,4625,1.5058185144372889,False
4950,0.007355905502043652,1186,0.4925879420960734,False
4951,0.0048191724916424265,777,2.0190351440486145,False
4952,0.0002666980915580751,43,15.585851519606834,False
4953,0.0005395984643151751,87,9.09924624021026,False
4954,0.0009365444610527753,151,4.452662074013261,False
4955,0.0014451315193728252,233,4.3085212830310216,False
4956,0.00024188896676197505,39,9.02195703677642,False
4957,0.0003101140599512501,50,10.63661108970642,False
4958,0.0031259497243086008,504,0.8891918980886065,False
4959,0.0010295786790381503,166,2.7934481645204934,False
4960,0.0015629748621543004,252,1.4723288653388855,False
4961,0.0008869262114605752,143,1.7282625986979558,False
4962,0.0020653596392753255,333,1.8327903468329627,False
4963,0.00030391177875222506,49,1.5486921850515871,False
4964,0.0005892167139073751,95,2.91968693105798,False
4965,4.961824959220001e-05,8,1.8586542904376984,False
4966,0.016957036798134355,2734,0.5693805027635933,False
4967,0.002760015133566126,445,2.13138960720448,False
4968,0.0019475162964938504,314,1.7970509498741976,False
4969,0.0018916957657026255,305,1.6113765872892787,False
4970,0.00031631634115027505,51,8.342272534089929,False
4971,0.0005209916207181001,84,1.9051208410944258,False
4972,0.00014885474877660004,24,10.257122298081716,False
4973,0.0026855877591778258,433,1.4556878807913625,False
4974,0.0008062965558732502,130,5.760752177238464,False
4975,0.0020405505144792256,329,1.6136616414078826,False
4976,0.006822509318927502,1100,0.699856727881865,False
4977,0.0002666980915580751,43,1.5399861280308214,False
4978,0.00013024790517952503,21,6.35159987495059,False
4979,0.0013148836141933004,212,2.3581611227314427,False
4980,0.0013520973013874504,218,1.4726046105043604,False
4981,0.0023816759804256007,384,1.9731248778601487,False
4982,0.0030763314747164006,496,1.0074663469868321,False
4983,0.0007566783062810502,122,1.909531132119601,False
4984,0.0021832029820568004,352,2.6450480927120554,False
4985,0.0010791969286303503,174,1.9020417586140248,False
4986,0.0032499953482891006,524,1.0951865695360052,False
4987,0.0012156471150089002,196,1.1066610429968153,False
4988,0.0009179376174557002,148,1.7561667480984249,False
4989,0.00011164106158245002,18,2.1020538012186685,False
4990,0.0006698463694947001,108,4.314635829793082,False
4991,0.003696559594618901,596,1.7877086817018137,False
4992,0.00013024790517952503,21,9.98920962924049,False
4993,0.0074799511260241515,1206,1.2531824693157898,False
4994,0.0006946554942908002,112,1.2610954471996851,False
4995,0.0004403619651307751,71,2.3932415532394193,False
4996,0.0005520030267132251,89,7.041581611954764,False
4997,0.004229955777735051,682,1.491199145918368,False
4998,9.303421798537502e-05,15,4.296323442459107,False
4999,0.0005644075891112751,91,7.376969757970873,False
5000,0.003808200656201351,614,1.6541840137021937,False
5001,0.0013210858953923252,213,0.8588857628370115,False
5002,0.0021645961384597254,349,3.8927643948093187,False
5003,0.0006450372446986001,104,9.132836893200874,False
5004,0.0023382600120324254,377,1.0515557979715282,False
5005,0.0009985672730430252,161,1.7825647614757467,False
5006,0.16547066010878803,26679,5.611971342526543,False
5007,0.008211820307509101,1324,1.144337543187905,False
5008,0.0009117353362566752,147,1.9326958810391068,False
5009,0.0022390235128480255,361,2.1187375268777653,False
5010,0.0026049581035905004,420,1.356224207083384,False
5011,0.0021521915760616753,347,1.7548102233183143,False
5012,0.00026049581035905006,42,2.2532316531453813,False
5013,0.0013334904577903754,215,1.3632456407990567,False
5014,0.0009489490234508252,153,11.892516819480198,False
5015,0.00018606843597075004,30,2.433856240908305,False
5016,0.0017924592665182254,289,1.0067068891129278,False
5017,0.009241398986547252,1490,3.8524611812309932,False
5018,0.00036593459074247506,59,1.4399661128803836,False
5019,0.010097313792012702,1628,0.8136099358741423,False
5020,0.0005830144327083501,94,4.112158776597774,False
5021,0.0010171741166401002,164,8.343600989114947,False
5022,0.005786728358690326,933,0.9847890070908067,False
5023,0.0006016212763054251,97,6.492897788273919,False
5024,0.0009737581482469252,157,1.6249516875880539,False
5025,0.0013582995825864753,219,5.4408704031548,False
5026,0.0022762372000421755,367,0.8206630993928832,False
5027,0.00031631634115027505,51,1.1345274471769147,False
5028,0.0004155528403346751,67,1.8180821529075282,False
5029,3.721368719415001e-05,6,1.2011802593866985,False
5030,0.0003597323095434501,58,11.806287543527011,False
5031,0.0014203223945767254,229,4.495617850899176,False
5032,0.0005520030267132251,89,3.448824887865045,False
5033,0.0013955132697806253,225,1.2614192152023316,False
5034,0.0017924592665182254,289,1.174132557476268,False
5035,6.822509318927501e-05,11,1.4155664010481401,False
5036,0.0021273824512655754,343,1.4565249226183654,False
5037,0.0020529550768772753,331,1.162966267940141,False
5038,0.00027290037275710005,44,1.6056879867206921,False
5039,0.0028468470703524756,459,1.0275460125833815,False
5040,6.202281199025001e-06,1,1.6620367765426636,False
5041,0.0008062965558732502,130,1.6083685398101806,False
5042,0.0012094448338098754,195,1.522424340248108,False
5043,0.0003473277471454001,56,1.4008014798164368,False
5044,0.0010295786790381503,166,1.1222644950970109,False
5045,0.0029584881319349257,477,1.385807867819908,False
5046,0.0048935998660307265,789,0.8087668177141738,False
5047,0.004192742090540901,676,3.5703144429703437,False
5048,0.0007008577754898252,113,1.9750591316054353,False
5049,0.0024685079172119505,398,1.2963435371317455,False
5050,0.0020467527956782505,330,1.309883627024564,False
5051,0.0020653596392753255,333,1.861733792422412,False
5052,0.0023444622932314507,378,1.809753159051219,False
5053,0.005203713925981976,839,1.4600187298509872,False
5054,0.0025181261668041507,406,0.9850897906449041,False
5055,0.0007008577754898252,113,4.188511827350718,False
5056,0.0003721368719415001,60,1.352161455154419,False
5057,0.008720407365829151,1406,1.815156640063648,False
5058,0.0017614478605231004,284,1.1174649335968663,False
5059,0.0005892167139073751,95,2.135692942769904,False
5060,0.0026297672283866007,424,1.8024020307468918,False
5061,0.003622132220230601,584,0.8869213788476709,False
5062,0.0017986615477172505,290,4.367714684173978,False
5063,0.010103516073211726,1629,1.3181308169098556,False
5064,0.0006884532130917751,111,1.833789385116852,False
5065,0.0016187953929455254,261,1.4951219453665487,False
5066,0.0004713733711259001,76,1.3692157629289126,False
5067,0.0009737581482469252,157,4.666991052354217,False
5068,0.0023010463248382754,371,1.7370405618071234,False
5069,0.004366405964113601,704,1.0423320318487557,False
5070,0.03804479287481936,6134,0.7606200189282617,False
5071,0.0022204166692509505,358,2.942929714751643,False
5072,0.0032996135978813007,532,1.0946681342626874,False
5073,0.0,0,0.0,True
5074,0.00033492318474735006,54,6.8387663629319935,False
5075,0.00012404562398050004,20,6.2411626994609835,False
5076,0.0013086813329942753,211,1.1206597581293911,False
5077,0.008335865931489602,1344,5.037054846684138,False
5078,0.0010791969286303503,174,1.25443282483638,False
5079,0.0011536243030186503,186,2.6943177164241834,False
5080,0.0025305307292022004,408,2.6738019234993877,False
5081,0.00015505702997562504,25,1.6191761112213134,False
5082,0.00015505702997562504,25,10.563235397338866,False
5083,0.0003411254659463751,55,1.6950979102741588,False
5084,0.0004403619651307751,71,1.8937746135281845,False
5085,3.721368719415001e-05,6,0.7080592711766561,False
5086,0.0006450372446986001,104,0.9425655672183404,False
5087,0.003256197629488126,525,2.026871067682902,False
5088,0.0021211801700665505,342,1.4209861692629362,False
5089,0.008658384553838902,1396,1.2086916844277806,False
5090,0.0005023847771210251,81,1.510840654373169,False
5091,6.202281199025002e-05,10,0.8268816471099854,False
5092,0.0003101140599512501,50,1.8966988825798035,False
5093,0.0020529550768772753,331,1.4225566174688655,False
5094,0.0019041003281006755,307,2.5852603291067315,False
5095,0.0003845414343395501,62,1.3032447291958718,False
5096,0.0004775756523249251,77,3.755338476849841,False
5097,0.0024250919488187756,391,1.3369269395423362,False
5098,0.004366405964113601,704,0.9245336746627634,False
5099,0.0025739466975953757,415,1.3666229023990861,False
5100,0.0011784334278147502,190,1.4110562111202039,False
5101,0.0027165991651729505,438,3.451427932199278,False
5102,0.0023754736992265754,383,1.365388172724851,False
5103,0.016330606397032828,2633,0.6727603748638821,False
5104,0.0016374022365426004,264,1.4321917751521775,False
5105,0.0009675558670479002,156,2.529806727782274,False
5106,0.00022328212316490004,36,1.7492036157184176,False
5107,0.032009973268168034,5161,1.558835485466135,False
5108,0.00012404562398050004,20,1.3474215388298034,False
5109,0.0031693656927017757,511,2.659248451430737,False
5110,0.0024499010736148755,395,1.7512719754931292,False
5111,0.004267169464929201,688,1.2719914953029432,False
5112,0.0004589688087278501,74,1.0800659882055748,False
5113,0.0020777642016733757,335,1.7397199602269415,False
5114,0.00036593459074247506,59,3.667502825543032,False
5115,0.00031631634115027505,51,1.352063073831446,False
5116,0.0014513338005718503,234,0.7582632058706039,False
5117,0.0005333961831161502,86,3.026587986668875,False
5118,0.0002791026539561251,45,2.3949143674638536,False
5119,0.00017366387357270005,28,1.282458714076451,False
5120,0.0021459892948626504,346,2.603514245135247,False
5121,0.0017428410169260254,281,3.0069090912774787,False
5122,0.002778621977163201,448,2.821859306522778,False
5123,0.0008931284926596002,144,0.9499751759899987,False
5124,0.004124516997351626,665,1.1182396858258354,False
5125,4.341596839317501e-05,7,16.33363631793431,False
5126,0.0032437930670900757,523,1.0490571522575947,False
5127,0.0020777642016733757,335,2.0924580524216836,False
5128,0.0009923649918440003,160,1.5501403272151948,False
5129,0.006016212763054252,970,1.0592698168508785,False
5130,0.0035539071270413256,573,1.0712262342113474,False
5131,0.0006016212763054251,97,5.0688709426172,False
5132,3.101140599512501e-05,5,1.0849615573883056,False
5133,0.006568215789767477,1059,8.305739923847296,False
5134,0.0003597323095434501,58,1.0869343136918956,False
5135,0.0010233763978391252,165,1.6504476055954442,False
5136,0.0007008577754898252,113,1.1010476108145926,False
5137,0.0004775756523249251,77,1.9067013650745541,False
5138,0.004341596839317501,700,1.322196879386902,False
5139,0.0005395984643151751,87,1.0798970118336293,False
5140,0.0023258554496343757,375,1.8539845806757609,False
5141,6.202281199025001e-06,1,1.4077997207641602,False
5142,0.0006016212763054251,97,1.7417628310390354,False
5143,0.0006636440882956752,107,1.9824872484831053,False
5144,0.0012962767705962254,209,1.0807246277777203,False
5145,0.0015195588937611253,245,1.6077428671778464,False
5146,0.0021894052632558253,353,1.586080187778635,False
5147,7.442737438830002e-05,12,3.5276991625626883,False
5148,0.0010543878038342502,170,4.224980846573325,False
5149,0.0021397870136636256,345,3.9785928035127944,False
5150,0.003770986969007201,608,1.477577814146092,False
5151,0.00017986615477172505,29,1.1196881286029159,False
5152,0.0006326326823005501,102,7.932526347683925,False
5153,0.0006326326823005501,102,1.8899200359980266,False
5154,0.0013086813329942753,211,4.258864190341172,False
5155,0.0017986615477172505,290,1.295950854235682,False
5156,0.0021832029820568004,352,0.9664101184091785,False
5157,0.003063926912318351,494,1.863492623514492,False
5158,0.0018172683913143255,293,1.0138475040526926,False
5159,0.00012404562398050004,20,1.2933387517929078,False
5160,0.0016063908305474753,259,6.168333583356791,False
5161,0.030068659252873206,4848,0.5353923722265577,False
5162,0.008534338929858403,1376,1.2518297906878382,False
5163,0.0023878782616246256,385,1.7042193257963503,False
5164,0.0026917900403768506,434,1.5300704641825593,False
5165,0.017198925764896327,2773,1.4836475813900396,False
5166,0.00024188896676197505,39,1.6508398056030273,False
5167,0.0012714676458001253,205,1.2179854015024696,False
5168,0.0008559148054654502,138,1.820303912611975,False
5169,0.004267169464929201,688,0.7730638294718987,False
5170,9.303421798537502e-05,15,1.1509026686350505,False
5171,0.00019227071716977504,31,2.469050584300872,False
5172,0.0019661231400909256,317,2.0027180154240845,False
5173,0.0019661231400909256,317,1.7361856725313687,False
5174,0.0006140258387034752,99,3.9761749060467038,False
5175,0.0033244227226774006,536,1.3332586097183512,False
5176,0.0013955132697806253,225,1.3657077662150066,False
5177,0.0022514280752460756,363,1.0277276160631625,False
5178,0.0013272881765913503,214,1.2512255595109174,False
5179,0.005966594513462051,962,0.6946951668872159,False
5180,0.0010171741166401002,164,1.5310724319481268,False
5181,0.0020777642016733757,335,0.8491582596479956,False
5182,0.004639306336870701,748,2.2699227651810263,False
5183,0.0009489490234508252,153,1.4211276387856677,False
5184,0.007238062159262176,1167,2.425293648559616,False
5185,0.0020281459520811755,327,1.2672365499198983,False
5186,0.0005023847771210251,81,2.197848920468931,False
5187,0.0009613535858488752,155,1.4998183035081434,False
5188,0.0009303421798537502,150,2.124529342651367,False
5189,0.0010109718354410753,163,1.0109446772768453,False
5190,0.00017986615477172505,29,1.2719016445094142,False
5191,0.004527665275288251,730,0.848847966651394,False
5192,0.0014637383629699002,236,2.3089185200505336,False
5193,0.00020467527956782505,33,11.277748501662051,False
5194,0.0004031482779366251,65,1.7458521971335779,False
5195,0.0004527665275288251,73,1.6593293800745925,False
5196,0.0021521915760616753,347,1.8019924909305847,False
5197,0.006921745818111902,1116,0.8425097123696386,False
5198,0.0023630691368285257,381,1.7851737596857267,False
5199,2.4809124796100004e-05,4,0.9697117209434509,False
5200,0.0025615421351973255,413,1.8622469604736955,False
5201,0.004645508618069726,749,1.587742857684758,False
5202,0.0013955132697806253,225,4.403380857573615,False
5203,0.0033988500970657007,548,2.9321534337788604,False
5204,0.0013148836141933004,212,0.9637697069150097,False
5205,0.00016125931117465003,26,6.225595524677863,False
5206,0.0008559148054654502,138,1.4002844803575156,False
5207,0.0012404562398050003,200,0.9792886459827423,False
5208,0.0008124988370722751,131,2.646835663846431,False
5209,0.0014823452065669753,239,1.2181915279212856,False
5210,0.0004961824959220001,80,1.5241488635540008,False
5211,0.0007566783062810502,122,1.6642165965721256,False
5212,0.00014885474877660004,24,1.696003223458926,False
5213,0.00022328212316490004,36,1.2097777658038669,False
5214,0.00024188896676197505,39,8.998361165706928,False
5215,0.044141635293460935,7117,1.0938822649931228,False
5216,0.0004217551215337001,68,14.49645346403122,False
5217,0.00021087756076685005,34,2.4372796766898213,False
5218,0.0003101140599512501,50,2.8735950660705565,False
5219,0.0021707984196587503,350,1.9199513919012887,False
5220,0.0023072486060373007,372,1.6230411193063181,False
5221,0.0016125931117465003,260,1.1823848077884087,False
5222,0.004571081243681426,737,1.0336453333962077,False
5223,0.0005333961831161502,86,10.931697428226471,False
5224,0.0024561033548139008,396,1.2156914445486935,False
5225,0.00019227071716977504,31,9.124611508461737,False
5226,0.0019785277024889753,319,1.512025716536471,False
5227,0.0003721368719415001,60,1.3515295267105103,False
5228,0.0038392120621964757,619,1.4276779504893091,False
5229,0.00030391177875222506,49,1.0581822930550089,False
5230,0.0031259497243086008,504,1.2067831425912796,False
5231,0.007349703220844626,1185,0.987156616383967,False
5232,0.0022266189504499753,359,5.406385989242278,False
5233,0.00022328212316490004,36,4.204758230182859,False
5234,0.0018668866409065254,301,1.758494804863914,False
5235,0.0,0,0.0,True
5236,0.0014637383629699002,236,1.0245204305244704,False
5237,0.0019599208588919003,316,1.4829750106304507,False
5238,0.0009179376174557002,148,1.8767479706454921,False
5239,0.004682722305263876,755,1.1217656544502208,False
5240,0.0015319634561591754,247,1.0920633410635265,False
5241,0.0012528608022030503,202,1.471780236404721,False
5242,0.00014885474877660004,24,4.177174945672353,False
5243,0.00022328212316490004,36,5.210256589783563,False
5244,0.0016994250485328503,274,5.744372612368451,False
5245,0.0023940805428236504,386,1.4391345539241258,False
5246,0.00016746159237367503,27,4.463508129119873,False
5247,0.0019971345460860503,322,1.4596841172401949,False
5248,0.0020095391084841005,324,1.6561795826311465,False
5249,0.004812970210443401,776,1.2787839868634017,False
5250,0.00012404562398050004,20,9.82228776216507,False
5251,0.0021397870136636256,345,2.1389727692673173,False
5252,0.00016746159237367503,27,10.156082122414201,False
5253,0.0011040060534264502,178,1.6574002437377244,False
5254,0.00016125931117465003,26,6.811190385084886,False
5255,0.0005023847771210251,81,2.153329849243164,False
5256,0.0012094448338098754,195,1.6068157440576798,False
5257,0.0007380714626839752,119,1.659770120091799,False
5258,0.0012342539586059752,199,7.228915479314987,False
5259,3.101140599512501e-05,5,5.1960524559021,False
5260,0.0009613535858488752,155,4.081850611778997,False
5261,0.00019847299836880003,32,1.2383943162858486,False
5262,0.0008683193678635002,140,2.0235034721238274,False
5263,0.0019227071716977505,310,1.4728010019948405,False
5264,0.0006946554942908002,112,2.3657031591449464,False
5265,0.004416024213705801,712,3.718070010958093,False
5266,0.0010357809602371752,167,1.8113978994106819,False
5267,0.0021273824512655754,343,1.482991775340311,False
5268,0.0020715619204743504,334,1.7706707583929964,False
5269,0.008745216490625252,1410,1.2807543977778009,False
5270,0.004868790741234626,785,1.3198452578988045,False
5271,0.0003287209035483251,53,2.459396929111121,False
5272,8.062965558732502e-05,13,1.8817291076366718,False
5273,0.0008807239302615502,142,0.9353329480533868,False
5274,0.00023568668556295006,38,1.65126539531507,False
5275,0.0028778584763476008,464,1.1905637858756657,False
5276,0.0022824394812412004,368,1.4316073273834975,False
5277,0.0005644075891112751,91,1.6903081778641587,False
5278,0.0026731831967797756,431,1.5231320520564742,False
5279,0.0003411254659463751,55,8.822571461850947,False
5280,0.004378810526511651,706,1.847577721133786,False
5281,0.00016746159237367503,27,7.22922424475352,False
5282,0.0004589688087278501,74,1.5365500868977726,False
5283,0.0021707984196587503,350,1.7794072130748204,False
5284,0.013198454391525203,2128,0.831412957126933,False
5285,0.0012776699269991503,206,1.5722554870022154,False
5286,9.303421798537502e-05,15,1.7939908345540365,False
5287,0.005172702519986851,834,1.1809151761537546,False
5288,0.00016746159237367503,27,14.27262375972889,False
5289,0.0024623056360129256,397,1.5825992771600295,False
5290,0.0012280516774069504,198,2.8749291078008787,False
5291,0.0008497125242664252,137,1.590678181961505,False
5292,0.014172212539772128,2285,1.1886731471222391,False
5293,0.0024374965112168257,393,1.6027514434042778,False
5294,0.0029770949755320007,480,1.1942391112446784,False
5295,0.004515260712890201,728,0.9508056509625781,False
5296,0.0027165991651729505,438,0.9569502785869929,False
5297,0.0030205109439251756,487,3.340880339640122,False
5298,0.00012404562398050004,20,0.9626247644424438,False
5299,0.0003907437155385751,63,8.67923144877903,False
5300,0.0014947497689650254,241,0.9773369498272655,False
5301,0.0004341596839317501,70,1.3611997876848494,False
5302,0.004248562621332126,685,0.9056561470031739,False
5303,0.0018668866409065254,301,1.398615261248972,False
5304,3.101140599512501e-05,5,0.764274001121521,False
5305,0.0017056273297318754,275,4.498115254315463,False
5306,0.0019475162964938504,314,3.7838267961125465,False
5307,9.303421798537502e-05,15,1.8778393109639486,False
5308,0.011089678783856702,1788,1.0297708884714967,False
5309,0.0013893109885816004,224,1.741708017885685,False
5310,0.0009179376174557002,148,1.1572598686089386,False
5311,0.0008062965558732502,130,4.162021101438082,False
5312,0.0006574418070966502,106,1.9903201157192014,False
5313,0.002722801446371976,439,1.718374229509358,False
5314,0.005104477426797576,823,2.0921471156587286,False
5315,0.0003597323095434501,58,7.9890224954177596,False
5316,0.00016746159237367503,27,1.050284571117825,False
5317,0.0008497125242664252,137,2.1608981842542216,False
5318,0.0015319634561591754,247,1.4292715667230398,False
5319,0.0013645018637855003,220,1.0935148846019398,False
5320,3.101140599512501e-05,5,1.987149167060852,False
5321,0.0021149778888675257,341,1.2553753713009295,False
5322,6.822509318927501e-05,11,1.1863063465465198,False
5323,0.0022080121068529003,356,1.2270135112692802,False
5324,0.009880233950046828,1593,1.2720440830439048,False
5325,0.0011536243030186503,186,4.344035578671322,False
5326,0.0025367330104012257,409,1.582384888875164,False
5327,4.961824959220001e-05,8,15.000181198120117,False
5328,0.0006946554942908002,112,1.0788060405424662,False
5329,0.0013272881765913503,214,3.9442302456525997,False
5330,4.961824959220001e-05,8,15.183524444699287,False
5331,0.0018048638289162753,291,1.8902549895224292,False
5332,0.011250938095031353,1814,0.7216991526552177,False
5333,0.0007256669002859252,117,0.8936317466263078,False
5334,0.0023816759804256007,384,1.8514576386660337,False
5335,0.00030391177875222506,49,1.5421193059609861,False
5336,0.00017366387357270005,28,1.2016950803143638,False
5337,0.0014141201133777003,228,1.8467882306952226,False
5338,0.0018792912033045754,303,1.9923815443964288,False
5339,0.0025367330104012257,409,1.4722536726510904,False
5340,4.961824959220001e-05,8,3.353251427412033,False
5341,4.341596839317501e-05,7,1.4792658942086356,False
5342,3.101140599512501e-05,5,3.732724094390869,False
5343,0.0010667923662323003,172,5.956459558980409,False
5344,0.007169837066072902,1156,0.6731518469879784,False
5345,0.0007070600566888501,114,1.1874190213387472,False
5346,0.008342068212688626,1345,0.9978656066837807,False
5347,0.00033492318474735006,54,1.1217721656516746,False
5348,0.00032251862234930007,52,0.9596049074943249,False
5349,0.003423659221861801,552,1.6066336351028387,False
5350,0.00023568668556295006,38,1.214311631102311,False
5351,0.0004217551215337001,68,1.7613039507585413,False
5352,0.00017986615477172505,29,4.324119395223157,False
5353,0.0011102083346254752,179,1.2654745905092974,False
5354,0.0008993307738586252,145,1.0302921837773817,False
5355,1.2404562398050002e-05,2,5.5545424818992615,False
5356,0.0017614478605231004,284,0.9510635238298228,False
5357,0.0004279574027327251,69,1.9790873389313186,False
5358,0.0008311056806693502,134,3.3863958458402266,False
5359,8.062965558732502e-05,13,0.8501964165614202,False
5360,0.00018606843597075004,30,8.80580252011617,False
5361,0.005898369420272776,951,0.9665873288857574,False
5362,0.0018544820785084755,299,1.847189225480708,False
5363,0.0019413140152948255,313,1.8700622826719437,False
5364,0.004527665275288251,730,1.1245658479324758,False
5365,0.0008559148054654502,138,1.7012047715809033,False
5366,0.0010109718354410753,163,1.0975782469006403,False
5367,0.00021707984196587504,35,2.244994589260646,False
5368,0.0020467527956782505,330,0.8686849117279053,False
5369,0.0005147893395190752,83,11.076527515089655,False
5370,0.0020715619204743504,334,1.536298771818241,False
5371,0.005358770955957601,864,1.202728649256406,False
5372,0.011033858253065477,1779,0.6630212463241671,False
5373,9.303421798537502e-05,15,2.882752799987793,False
5374,0.0003845414343395501,62,1.9607167013229863,False
5375,9.303421798537502e-05,15,0.7107278188069661,False
5376,0.0019351117340958004,312,1.2014570832252502,False
5377,0.0003287209035483251,53,2.5856493958887063,False
5378,0.005724705546700076,923,1.0281220928948465,False
5379,0.00032251862234930007,52,6.313101365016057,False
5380,0.015096352438426854,2434,0.6355298668415506,False
5381,0.005991403638258151,966,1.2348802696844066,False
5382,0.012175077993686077,1963,3.1841045556721856,False
5383,0.007213253034466077,1163,0.7859761343879732,False
5384,0.0058115374834864265,937,0.7975447175342474,False
5385,0.0011846357090137753,191,1.5036205028364171,False
5386,0.0010295786790381503,166,1.9098084389445293,False
5387,0.004484249306895076,723,3.509002266747988,False
5388,0.0028902630387456505,466,0.8889464124589519,False
5389,0.003144556567905676,507,1.1909227984896777,False
5390,0.0032313885046920256,521,0.9088951282903924,False
5391,0.0008373079618683752,135,1.7679475960908113,False
5392,0.0011784334278147502,190,1.2438369173752635,False
5393,0.006332529104204526,1021,0.7477336775194069,False
5394,0.0038578189057935507,622,2.041145576158137,False
5395,0.023915996303440407,3856,0.6433734885142552,False
5396,0.0005706098703103001,92,1.7360257765521174,False
5397,0.003448468346657901,556,2.0503563327755003,False
5398,0.010333000477575653,1666,1.5734076126426064,False
5399,0.00026049581035905006,42,1.4268089589618502,False
5400,2.4809124796100004e-05,4,1.9509283900260925,False
5401,0.00010543878038342502,17,1.4722745418548584,False
5402,0.0038206052185994007,616,1.1173569482642334,False
5403,0.004316787714521401,696,0.7212897671022634,False
5404,0.00031631634115027505,51,1.1273214443057191,False
5405,0.0014451315193728252,233,5.70552337937089,False
5406,0.0022328212316490006,360,2.595993320478333,False
5407,0.0011226128970235252,181,1.147959772394507,False
5408,0.0021645961384597254,349,1.6399953215033414,False
5409,0.008962296332591126,1445,1.1316321376285752,False
5410,0.0024374965112168257,393,0.8852199728555655,False
5411,0.02841265017273353,4581,0.6335397594179605,False
5412,0.0002977094975532001,48,2.87672674904267,False
5413,0.003634536782628651,586,1.3895569344022576,False
5414,0.0016249976741445503,262,1.3283377731119403,False
5415,0.0005892167139073751,95,3.3877648642188625,False
5416,0.0015319634561591754,247,1.241547338393053,False
5417,0.0008931284926596002,144,1.6972109526395798,False
5418,0.004440833338501901,716,2.256947011920993,False
5419,0.0017552455793240754,283,1.1990366066302511,False
5420,0.0025553398539983007,412,1.0261771982734642,False
5421,0.0022204166692509505,358,3.084824103882859,False
5422,0.0020963710452704507,338,2.1021616998508836,False
5423,0.0021335847324646007,344,1.4124568811682767,False
5424,0.0006884532130917751,111,1.0299826044220108,False
5425,0.007182241628470951,1158,1.3187420306428108,False
5426,0.00030391177875222506,49,6.150242046434052,False
5427,0.007293882690053401,1176,0.711863290898654,False
5428,0.011970402714118252,1930,1.5759519236075445,False
5429,0.009607333577289727,1549,0.9630258457363614,False
5430,0.0006326326823005501,102,2.8624393051745844,False
5431,0.0003287209035483251,53,2.641067482390494,False
5432,0.0023134508872363255,373,1.6308791420095408,False
5433,0.00015505702997562504,25,1.2203302240371705,False
5434,0.003584918533036451,578,8.844374860653003,False
5435,0.002952285850735901,476,1.5139878392219543,False
5436,6.822509318927501e-05,11,18.337905688719317,False
5437,0.003845414343395501,620,0.8247725648264731,False
5438,0.01956819718292388,3155,0.5587380327626755,False
5439,0.004155528403346751,670,1.3721278432589858,False
5440,0.00015505702997562504,25,3.1786242485046388,False
5441,0.005110679707996601,824,1.2049462621651807,False
5442,0.00011164106158245002,18,1.2064211832152472,False
5443,1.8606843597075006e-05,3,1.7097474733988445,False
5444,0.003008106381527126,485,0.8727235211539515,False
5445,0.0020095391084841005,324,8.294946917045264,False
5446,0.0011102083346254752,179,2.4150051391324516,False
5447,0.0005085870583200501,82,8.879668885614814,False
5448,0.0024126873864207254,389,1.6476388584372317,False
5449,0.0020157413896831253,325,2.026535711288452,False
5450,0.004217551215337001,680,1.4143579493550693,False
5451,0.0014203223945767254,229,1.566592521542545,False
5452,3.101140599512501e-05,5,1.143688440322876,False
5453,0.0038392120621964757,619,0.6468861218608061,False
5454,0.0028220379455563757,455,1.3398648639301678,False
5455,0.0021335847324646007,344,1.273602707441463,False
5456,0.0021335847324646007,344,1.4506782196288885,False
5457,0.010810576129900577,1743,1.458608317635077,False
5458,4.961824959220001e-05,8,1.2250418663024902,False
5459,0.0019227071716977505,310,4.887681630734474,False
5460,0.0010171741166401002,164,1.4826870895013577,False
5461,0.0016249976741445503,262,3.0421888018382415,False
5462,0.008348270493887653,1346,0.8359926268569073,False
5463,0.003504288877449126,565,1.530125917586605,False
5464,0.0014141201133777003,228,1.491157398412102,False
5465,0.011319163188220627,1825,4.511555917099731,False
5466,0.0002666980915580751,43,8.474228687064592,False
5467,0.0018792912033045754,303,2.5951297881186206,False
5468,0.0014451315193728252,233,2.458343982696533,False
5469,0.00026049581035905006,42,12.978709445113228,False
5470,0.02410826702061018,3887,1.0468931470458294,False
5471,0.005557243954326402,896,5.486208911186883,False
5472,6.822509318927501e-05,11,1.8081139434467663,False
5473,0.0011908379902128004,192,1.413445133715868,False
5474,0.00010543878038342502,17,1.1979553979985855,False
5475,0.0012838722081981752,207,1.6241734684377476,False
5476,0.0004713733711259001,76,1.117920243426373,False
5477,0.0022452257940470503,362,1.0987443910777899,False
5478,0.00016125931117465003,26,2.2456050561024594,False
5479,0.0027848242583622257,449,1.3726669847301491,False
5480,0.00010543878038342502,17,2.6070908237906063,False
5481,8.062965558732502e-05,13,3.451682365857638,False
5482,0.010246168540789302,1652,2.4582134239898754,False
5483,0.0012280516774069504,198,2.213215750275236,False
5484,0.0020219436708821506,326,1.5028787781855812,False
5485,0.1161749291389373,18731,0.9798729216178644,False
5486,0.0013707041449845254,221,2.749805717986094,False
5487,0.0019785277024889753,319,2.177659776517216,False
5488,0.003460872909055951,558,1.6245225385953022,False
5489,0.0024809124796100006,400,1.9281392991542816,False
5490,8.683193678635003e-05,14,1.6945288862500871,False
5491,0.0022452257940470503,362,1.940883078298516,False
5492,0.010550080319541527,1701,1.3977454856589988,False
5493,0.0004899802147229751,79,5.708810967735097,False
5494,0.005228523050778076,843,1.1925987843799704,False
5495,0.0010047695542420502,162,1.0798785038936285,False
5496,0.0003411254659463751,55,4.158514508334073,False
5497,0.0006574418070966502,106,1.7214143130014528,False
5498,0.0026731831967797756,431,0.8818761671778774,False
5499,0.0015939862681494253,257,1.0081515219424948,False
5500,0.0006078235575044501,98,2.634032670332461,False
5501,0.0032810067542842257,529,3.6934360829102744,False
5502,0.0022762372000421755,367,2.7942565906924837,False
5503,8.062965558732502e-05,13,2.3076540506803074,False
5504,0.005092072864399526,821,1.4697061951355,False
5505,0.00014885474877660004,24,6.739393889904022,False
5506,0.0003845414343395501,62,1.3885120595655134,False
5507,0.00035353002834442507,57,4.168885868892335,False
5508,0.0011784334278147502,190,2.5746305402956513,False
5509,0.0020963710452704507,338,1.0465056042699419,False
5510,0.0018854934845036005,304,1.3029357022360752,False
5511,0.0036283345014296257,585,1.0261124843206162,False
5512,0.0019165048904987254,309,1.7443101082033323,False
5513,0.0012032425526108503,194,0.926156149697058,False
5514,0.0005271939019171251,85,9.352772881002988,False
5515,0.00021087756076685005,34,1.4718121640822466,False
5516,0.0013396927389894002,216,2.244760787045514,False
5517,0.0021521915760616753,347,1.1522026525794258,False
5518,0.007870694841562727,1269,1.114247625601207,False
5519,0.009365444610527752,1510,1.2326068802385142,False
5520,0.0014389292381738004,232,1.1841396432498406,False
5521,0.0005582053079122502,90,1.1719819439782038,False
5522,0.0017738524229211504,286,1.2242311764430334,False
5523,1.2404562398050002e-05,2,7.0886969566345215,False
5524,0.00029150721635417507,47,2.496686590478775,False
5525,4.341596839317501e-05,7,9.544589723859515,False
5526,0.00024188896676197505,39,10.270727188159258,False
5527,0.006487586134180151,1046,0.8709922575357996,False
5528,0.0018668866409065254,301,0.8656025503164906,False
5529,0.0012032425526108503,194,2.2656331443295037,False
5530,0.0035104911586481507,566,0.8709083957722668,False
5531,0.0004341596839317501,70,1.8093880040305002,False
5532,0.0004403619651307751,71,2.0198319713834305,False
5533,4.961824959220001e-05,8,4.7720940709114075,False
5534,0.00014265246757757502,23,1.6771225255468618,False
5535,0.0016125931117465003,260,1.0653858166474564,False
5536,0.004484249306895076,723,0.9026272285363816,False
5537,0.005588255360321526,901,1.0915342536274257,False
5538,6.822509318927501e-05,11,3.1034893556074663,False
5539,0.0008124988370722751,131,6.70594893521025,False
5540,0.00017986615477172505,29,1.709474703361248,False
5541,0.0005706098703103001,92,6.872118949890137,False
5542,0.0015505702997562505,250,0.9577441596984864,False
5543,0.0010295786790381503,166,1.054735481020916,False
5544,0.00021707984196587504,35,1.1583062989371165,False
5545,0.004614497212074601,744,2.0092300988974108,False
5546,0.0003411254659463751,55,7.294245654886419,False
5547,0.0026607786343817255,429,1.240070423046192,False
5548,0.0021521915760616753,347,1.5398185115726262,False
5549,0.0005892167139073751,95,5.021155165371142,False
5550,0.00028530493515515004,46,3.505771572175233,False
5551,0.0010729946474313252,173,0.9899523147957863,False
5552,3.721368719415001e-05,6,3.0710767110188804,False
5553,0.003864021186992576,623,0.833414577366261,False
5554,0.0025677444163963504,414,1.6394652416164748,False
5555,0.016522877114202604,2664,0.8804226895352384,False
5556,0.02204910966253388,3555,0.6902780296765635,False
5557,0.00018606843597075004,30,5.750806442896525,False
5558,0.0011598265842176752,187,1.3995464766089292,False
5559,0.004143123840948701,668,1.4647877328767034,False
5560,0.0026917900403768506,434,1.4977100453069132,False
5561,0.008776227896620376,1415,0.5374520311928469,False
5562,0.0047819588044482764,771,2.050231005894999,False
5563,0.0028840607575466256,465,0.7195276168084914,False
5564,0.0019723254212899504,318,2.6039284805081926,False
5565,0.003560109408240351,574,4.518630620079174,False
5566,0.00035353002834442507,57,9.563809476400676,False
5567,0.00022328212316490004,36,1.0286537243260279,False
5568,0.007492355688422202,1208,0.8903312698894779,False
5569,0.006047224169049376,975,0.7075222602257362,False
5570,9.303421798537502e-05,15,1.5344406604766845,False
5571,0.0002977094975532001,48,1.4119179894526799,False
5572,0.0033554341286725258,541,0.973628044128418,False
5573,0.0003783391531405251,61,2.702530899985892,False
5574,0.00014885474877660004,24,6.301067729791005,False
5575,0.00010543878038342502,17,3.184396182789522,False
5576,0.0034174569406627757,551,0.8956309675953998,False
5577,0.0029957018191290757,483,1.1876574456074718,False
5578,0.00014265246757757502,23,4.96984396810117,False
5579,3.721368719415001e-05,6,2.7569544315338135,False
5580,0.00039694599673760006,64,2.4019534960389137,False
5581,0.0009923649918440003,160,1.0741830356419086,False
5582,0.0008373079618683752,135,4.277632439578021,False
5583,8.062965558732502e-05,13,3.191824537057143,False
5584,0.0007132623378878751,115,1.4337988998578943,False
5585,0.0003907437155385751,63,3.003925802215697,False
5586,7.442737438830002e-05,12,2.492333233356476,False
5587,0.007275275846456326,1173,1.0123562345317765,False
5588,0.010184145728799053,1642,0.6056482614756502,False
5589,0.011703704622560178,1887,0.6254653688076001,False
5590,0.0013955132697806253,225,1.1125634071562025,False
5591,0.0025181261668041507,406,0.9821616331931993,False
5592,0.004769554242050226,769,0.923054103423467,False
5593,0.007337298658446577,1183,3.084022853400681,False
5594,0.0029398812883378506,474,1.0030974733175608,False
5595,0.0008062965558732502,130,1.3527786933458767,False
5596,0.0006078235575044501,98,4.695534674488768,False
5597,9.923649918440002e-05,16,1.4926541894674301,False
5598,0.0006016212763054251,97,5.502844551174911,False
5599,0.003237590785891051,522,1.1190272665571892,False
5600,0.008019549590339327,1293,0.7872185172356106,False
5601,0.0007380714626839752,119,2.587185145426197,False
5602,0.0026669809155807508,430,1.7931797335314197,False
5603,0.004806767929244376,775,0.8083609081083728,False
5604,0.00019227071716977504,31,1.1563212487005419,False
5605,0.0015319634561591754,247,1.2483470488173758,False
5606,0.0016374022365426004,264,1.4605946220231778,False
5607,0.0004279574027327251,69,2.6758954835974653,False
5608,0.18102598135594272,29187,4.00355659281235,False
5609,0.0004651710899268751,75,1.3204418436686198,False
5610,7.442737438830002e-05,12,1.2629609902699788,False
5611,1.8606843597075006e-05,3,1.2911490201950073,False
5612,0.00016125931117465003,26,2.301670872248136,False
5613,0.0006326326823005501,102,1.797959986855002,False
5614,8.683193678635003e-05,14,2.034828407423837,False
5615,0.0009117353362566752,147,1.219292858019978,False
5616,0.0018792912033045754,303,2.0519318631773342,False
5617,0.0018792912033045754,303,2.6964136495842004,False
5618,9.303421798537502e-05,15,1.5913360993067422,False
5619,0.0028654539139495506,462,1.8811833590140075,False
5620,0.00028530493515515004,46,8.547832717066226,False
5621,0.00011784334278147503,19,4.131331243013081,False
5622,0.0012962767705962254,209,1.39731219225523,False
5623,0.005321557268763451,858,0.8481594121261632,False
5624,0.005799132921088376,935,1.320773162688801,False
5625,0.05498322282935664,8865,0.8411840896047043,False
5626,0.0009179376174557002,148,4.027112161791003,False
5627,0.00019847299836880003,32,6.271136358380318,False
5628,0.0010419832414362003,168,1.7670337713900066,False
5629,0.004229955777735051,682,1.6837616550607766,False
5630,0.0012590630834020753,203,3.7343149079477844,False
5631,0.0015319634561591754,247,1.0423365261873252,False
5632,0.0019227071716977505,310,1.1214476431569746,False
5633,0.0009985672730430252,161,1.3053180253283578,False
5634,0.0017118296109309005,276,1.9646640169447747,False
5635,0.00020467527956782505,33,1.060367313298312,False
5636,0.00021087756076685005,34,2.6241802468019375,False
5637,0.0018358752349114005,296,3.2567147612571716,False
5638,0.03828047956038231,6172,0.6885098514816472,False
5639,0.02274376515682468,3667,0.7276671263708027,False
5640,0.23715662620711897,38237,2.0954896863180217,False
5641,0.0016498067989406504,266,1.2551329014892865,False
5642,0.0004155528403346751,67,1.282658338546753,False
5643,6.822509318927501e-05,11,2.1415752931074663,False
5644,0.0004651710899268751,75,1.7396048418680827,False
5645,0.00029150721635417507,47,3.620060403296288,False
5646,0.005234725331977101,844,0.8979076861770232,False
5647,0.0019537185776928754,315,1.6005033977447993,False
5648,0.0004651710899268751,75,2.8841816171010337,False
5649,0.0013893109885816004,224,3.215219546109438,False
5650,0.0023940805428236504,386,1.0712369924382226,False
5651,5.582053079122501e-05,9,2.2996425363752575,False
5652,0.009923649918440003,1600,1.4201345851272345,False
5653,0.005520030267132252,890,1.793379100253073,False
5654,0.0014947497689650254,241,1.1028539758500222,False
5655,0.0029274767259398005,472,0.8944959670810376,False
5656,0.007697030967990026,1241,2.092788454028121,False
5657,7.442737438830002e-05,12,2.6110956768194833,False
5658,9.923649918440002e-05,16,1.5985316187143326,False
5659,0.0004217551215337001,68,1.8239934584673714,False
5660,0.007566783062810502,1220,1.3772957692380812,False
5661,0.0026545763531827006,428,1.342929184993851,False
5662,5.582053079122501e-05,9,3.830713537004259,False
5663,0.0018544820785084755,299,1.0603277766983645,False
5664,8.062965558732502e-05,13,1.6493906057797945,False
5665,0.004633104055671676,747,1.1232030069333323,False
5666,0.003938448561380876,635,1.838104731642355,False
5667,0.0031879725362988507,514,2.3585840027619893,False
5668,0.010971835441075228,1769,1.5252172077625332,False
5669,0.0005085870583200501,82,1.500665884192397,False
5670,0.0024312942300178005,392,1.112445853194412,False
5671,0.13679131184449642,22055,0.9429427903408205,False
5672,9.923649918440002e-05,16,11.367172166705132,False
5673,0.003659345907424751,590,1.3818150746620308,False
5674,0.0018110661101153004,292,1.5639402854115996,False
5675,0.00030391177875222506,49,2.4913562317283784,False
5676,0.0020715619204743504,334,3.5745932870282386,False
5677,0.01575999652672253,2541,0.7067726312402383,False
5678,0.0007380714626839752,119,6.278434993840065,False
5679,0.00011164106158245002,18,0.8754404518339369,False
5680,0.0010729946474313252,173,2.1165763029473363,False
5681,0.0006946554942908002,112,3.921986298901694,False
5682,0.005489018861137126,885,1.7165013038505943,False
5683,0.0006574418070966502,106,1.5696752071380615,False
5684,0.0024188896676197507,390,1.7408289377505963,False
5685,0.009613535858488752,1550,0.7445680875932017,False
5686,0.0024374965112168257,393,1.987540304812463,False
5687,0.0017428410169260254,281,0.9935013730330824,False
5688,0.0024188896676197507,390,4.706574014516977,False
5689,0.0027848242583622257,449,0.9411624895703288,False
5690,4.341596839317501e-05,7,5.058979954038348,False
5691,0.0075357716568153765,1215,1.1335236506206998,False
5692,0.003963257686176976,639,0.9529738717235869,False
5693,0.0019289094528967753,311,1.5648334754624933,False
5694,0.00019847299836880003,32,1.4976501986384392,False
5695,0.0021521915760616753,347,11.84347473578769,False
5696,0.00019847299836880003,32,1.432803437113762,False
5697,0.0011722311466157253,189,1.7734675962458213,False
5698,0.003870223468191601,624,2.9475475696799083,False
5699,0.02027525723961273,3269,0.9318053629756448,False
5700,0.0015567725809552753,251,1.2439124265989934,False
5701,0.0022142143880519256,357,1.2761140080059277,False
5702,0.0004403619651307751,71,1.846082134985588,False
5703,0.0056812895783069015,916,0.930812889832076,False
5704,0.0025491375727992754,411,1.139163895535063,False
5705,0.0060844378562435264,981,1.0878304465465953,False
5706,0.0022948440436392505,370,0.9154827021263742,False
5707,0.0021770007008577756,351,2.4022976109105296,False
5708,0.0010233763978391252,165,2.0114594770200327,False
5709,0.0016001885493484504,258,6.224759271902632,False
5710,0.46776364346806754,75418,2.4558673203015196,False
5711,0.0012094448338098754,195,1.1239893766549918,False
5712,0.003578716251837426,577,0.8784541612687929,False
5713,0.0006760486506937252,109,3.917651706879292,False
5714,0.014432708350131178,2327,0.6895982556246768,False
5715,0.003975662248575026,641,1.7365781037186312,False
5716,0.0020405505144792256,329,2.843867803417078,False
5717,0.0019289094528967753,311,6.520173208889854,False
5718,0.00019847299836880003,32,12.547787960618734,False
5719,0.0022886417624402257,369,1.625262165780313,False
5720,0.00010543878038342502,17,1.5071447176091812,False
5721,0.0022638326376441253,365,0.9441140707225015,False
5722,3.721368719415001e-05,6,3.029131849606832,False
5723,0.01845178656709938,2975,0.9114390474207261,False
5724,0.004143123840948701,668,1.43069376167423,False
5725,0.0075171648132183015,1212,1.12582395002,False
5726,0.0021211801700665505,342,1.6643279449284425,False
5727,6.202281199025001e-06,1,1.1324958801269531,False
5728,7.442737438830002e-05,12,1.1175900499025981,False
5729,0.06090640137442551,9820,1.0191616749812047,False
5730,0.003845414343395501,620,3.5672244504574806,False
5731,0.0018420775161104254,297,1.6110381887416647,False
5732,0.003405052378264726,549,0.9659792180486932,False
5733,0.0020219436708821506,326,2.7420031706248325,False
5734,0.0014761429253679504,238,1.0737587458947127,False
5735,0.0011784334278147502,190,1.3018081489362214,False
5736,0.0034174569406627757,551,1.0238418267556413,False
5737,0.0006202281199025002,100,1.475052969455719,False
5738,8.062965558732502e-05,13,3.047942931835468,False
5739,0.0008683193678635002,140,1.5560894863946098,False
5740,0.0017118296109309005,276,0.9933064985966337,False
5741,0.0028034311019593007,452,0.8808975552035644,False
5742,0.021695579634189454,3498,0.6923669277428899,False
5743,0.00028530493515515004,46,7.985580983369247,False
5744,0.029994231878484906,4836,0.6566692942721081,False
5745,0.00015505702997562504,25,2.0688263320922853,False
5746,0.003411254659463751,550,1.332176359350031,False
5747,0.009749986044867303,1572,1.4685016467067729,False
5748,0.0026359695095856256,425,1.543407546492184,False
5749,0.00014885474877660004,24,1.145831783612569,False
5750,0.00014885474877660004,24,1.4249638766050339,False
5751,0.004211348934137976,679,0.8968435378418755,False
5752,0.0016498067989406504,266,2.498408171467315,False
5753,0.0061960789178259765,999,3.088315948471054,False
5754,0.0015195588937611253,245,1.1983302301290084,False
5755,0.009222792142950176,1487,1.5521867773880795,False
5756,0.0016436045177416253,265,1.6654265097852023,False
5757,0.003752380125410126,605,2.2303858768841454,False
5758,0.0018110661101153004,292,1.7703129861452809,False
5759,8.062965558732502e-05,13,1.7274014949798584,False
5760,0.010971835441075228,1769,3.876717692920217,False
5761,0.0012714676458001253,205,2.310561680793762,False
5762,0.00035353002834442507,57,1.747308657880415,False
5763,0.008168404339115927,1317,0.7263528896989294,False
5764,0.01687640714254703,2721,1.8840194360073417,False
5765,0.004794363366846326,773,0.8503816266571874,False
5766,0.0003597323095434501,58,1.109624630418317,False
5767,0.0026855877591778258,433,1.896712599395329,False
5768,0.0006326326823005501,102,2.9077198108037314,False
5769,0.00028530493515515004,46,1.5261010242545086,False
5770,0.0009923649918440003,160,1.9917444266378879,False
5771,0.0013769064261835503,222,1.1317784549953702,False
5772,0.0010419832414362003,168,1.7939580849238805,False
5773,0.0006078235575044501,98,1.5925029613533799,False
5774,0.0009303421798537502,150,1.6671994360287985,False
5775,0.0034732774714540007,560,1.4577760419675283,False
5776,0.004763351960851201,768,1.0526343404004972,False
5777,0.0019909322648870255,321,1.7326627914036545,False
5778,0.0024064851052217006,388,1.0415802739330173,False
5779,0.003237590785891051,522,1.1186381354642554,False
5780,0.0017862569853192003,288,2.22365335540639,False
5781,0.0020653596392753255,333,1.7904570650410008,False
5782,0.00029150721635417507,47,1.1480614885370781,False
5783,0.0010295786790381503,166,1.683092690375914,False
5784,0.0008000942746742252,129,1.4909421510474627,False
5785,0.06808864300289647,10978,1.1858146724468113,False
5786,0.0015567725809552753,251,1.0591162751870327,False
5787,0.0015319634561591754,247,1.9785175265570885,False
5788,0.04118314716152601,6640,0.6230931638235069,False
5789,0.00036593459074247506,59,8.21515318498773,False
5790,0.0009117353362566752,147,0.9581199689787261,False
5791,0.008943689488994051,1442,0.8988570386592954,False
5792,0.005284343581569301,852,0.869025019972537,False
5793,3.721368719415001e-05,6,1.1595415274302165,False
5794,0.0016932227673338255,273,1.09077638060182,False
5795,0.0018296729537123754,295,4.326334432020026,False
5796,0.00024188896676197505,39,2.1296900541354447,False
5797,0.0021832029820568004,352,1.6977294260127977,False
5798,0.002933679007138826,473,0.8555912638819495,False
5799,0.0004279574027327251,69,1.7464731085127678,False
5800,0.0013272881765913503,214,1.2278503803449257,False
5801,0.00033492318474735006,54,2.161427484618293,False
5802,0.0013210858953923252,213,3.6958272641813252,False
5803,0.0021335847324646007,344,1.6250583477491556,False
5804,0.009607333577289727,1549,9.680539816637205,False
5805,0.0002480912479610001,40,1.45965136885643,False
5806,0.0007504760250820251,121,2.128568649291992,False
5807,0.003864021186992576,623,1.4207710676361622,False
5808,0.0030391177875222506,490,0.8905091237048713,False
5809,0.004019078216968201,648,1.1452808437156088,False
5810,0.00032251862234930007,52,1.0469099237368658,False
5811,0.0004031482779366251,65,1.7833589003636288,False
5812,0.0020467527956782505,330,1.4672854524670225,False
5813,0.00019847299836880003,32,1.5997828990221024,False
5814,0.0002480912479610001,40,5.721036201715469,False
5815,0.0016125931117465003,260,1.4109020627461948,False
5816,0.0020405505144792256,329,5.6381279581585915,False
5817,0.0018978980469016504,306,1.7378655344832177,False
5818,0.0019041003281006755,307,3.940241929374223,False
5819,0.00013645018637855003,22,1.958776213906028,False
5820,0.00022328212316490004,36,9.028711166646746,False
5821,0.003485682033852051,562,1.0347002084993382,False
5822,0.0017676501417221253,285,1.6230092006817198,False
5823,0.0003721368719415001,60,6.334343047936757,False
5824,0.0028282402267554006,456,1.8005697204355608,False
5825,0.0003845414343395501,62,6.687410985269854,False
5826,0.0034546706278569257,557,1.2999666511905472,False
5827,0.0012280516774069504,198,10.226213040978017,False
5828,0.0048935998660307265,789,0.837088970479252,False
5829,0.0006450372446986001,104,1.2583396308697188,False
5830,0.00011784334278147503,19,2.8899535756362114,False
5831,7.442737438830002e-05,12,1.1213874816894531,False
5832,3.721368719415001e-05,6,3.8564401070276895,False
5833,0.0007690828686791001,124,4.592765029399626,False
5834,0.0005830144327083501,94,1.3899355264420206,False
5835,0.0007008577754898252,113,4.162238494484826,False
5836,0.0010109718354410753,163,5.098965334746004,False
5837,0.0016311999553435754,263,6.835756970449093,False
5838,0.0022328212316490006,360,1.453212523791525,False
5839,0.006878329849718727,1109,1.1081881510233214,False
5840,0.00011164106158245002,18,1.2548782295650907,False
5841,0.007157432503674852,1154,0.9322929877135742,False
5842,0.004211348934137976,679,2.126675444428805,False
5843,0.0005333961831161502,86,6.625954087390456,False
5844,0.0021770007008577756,351,8.190819753201259,False
5845,0.00014265246757757502,23,1.5919754349667092,False
5846,0.0008745216490625251,141,1.410275289352904,False
5847,0.0010233763978391252,165,1.533879648555409,False
5848,0.005501423423535177,887,1.430482868411764,False
5849,0.0031879725362988507,514,0.9469861232816941,False
5850,0.0038578189057935507,622,1.5359108668431591,False
5851,0.1125031786691145,18139,0.8563475532853503,False
5852,0.004589688087278501,740,1.0504981060285825,False
5853,0.0023382600120324254,377,1.3934699562563504,False
5854,0.0013086813329942753,211,5.384065617882245,False
5855,0.0008062965558732502,130,1.6841289144295912,False
5856,0.0003721368719415001,60,1.2475171128908793,False
5857,0.0009923649918440003,160,8.697511493414641,False
5858,0.0010481855226352253,169,3.1302042896225606,False
5859,0.0011040060534264502,178,1.7287331216790702,False
5860,0.0005458007455142001,88,1.5903502269224687,False
5861,0.0018916957657026255,305,2.2235224332965786,False
5862,0.00010543878038342502,17,2.223595177426058,False
5863,0.0013645018637855003,220,8.278882105783982,False
5864,8.683193678635003e-05,14,1.6232239944594247,False
5865,6.202281199025001e-06,1,0.5298351049423218,False
5866,0.004335394558118476,699,1.5535175631486295,False
5867,0.0003473277471454001,56,8.369038366845675,False
5868,0.004788161085647301,772,3.592526829613305,False
5869,0.00021087756076685005,34,1.542292272343355,False
5870,0.002933679007138826,473,0.9532767408241933,False
5871,0.0009241398986547252,149,1.7671941398774218,False
5872,0.007560580781611477,1219,2.9432603540334474,False
5873,0.00012404562398050004,20,1.3661184906959534,False
5874,0.0027103968839739256,437,0.9790167824900123,False
5875,0.0037399755630120757,603,1.5061275935291651,False
5876,0.0008807239302615502,142,0.9837614448977189,False
5877,0.005017645490011226,809,1.1512116168721203,False
5878,0.007107814254082651,1146,0.8223860709038913,False
5879,6.822509318927501e-05,11,2.905493064360185,False
5880,0.010512866632347377,1695,3.6006833641929963,False
5881,0.0009613535858488752,155,3.444188867076751,False
5882,0.003640739063827676,587,1.5272053508579833,False
5883,0.0024188896676197507,390,1.173889836286887,False
5884,0.0006450372446986001,104,5.714332477404521,False
5885,0.0012652653646011002,204,4.705414000679465,False
5886,0.0006636440882956752,107,1.9424522190450508,False
5887,0.0012590630834020753,203,0.930462322211618,False
5888,0.0008000942746742252,129,1.8513848689175392,False
5889,0.0026111603847895257,421,1.4842097855520362,False
5890,0.00026049581035905006,42,3.085598270098368,False
5891,0.004645508618069726,749,0.8497195046479616,False
5892,0.0009179376174557002,148,2.485463068291948,False
5893,0.003690357313419876,595,2.969199945545998,False
5894,0.0005582053079122502,90,1.7245306491851806,False
5895,0.0007194646190869002,116,0.9834700401487022,False
5896,4.961824959220001e-05,8,2.1627641171216965,False
5897,1.8606843597075006e-05,3,6.335250695546468,False
5898,0.006797700194131401,1096,0.7126686929786292,False
5899,0.017043868734920704,2748,2.0866005757316577,False
5900,0.0005644075891112751,91,1.3155733032540962,False
5901,0.0009551513046498502,154,0.7753743196462656,False
5902,0.0021335847324646007,344,1.60056456369023,False
5903,0.0005768121515093252,93,1.9361723802422965,False
5904,0.010953228597478153,1766,1.2389704080832233,False
5905,0.00014885474877660004,24,1.21809125940005,False
5906,0.0012714676458001253,205,1.7281934139205188,False
5907,6.202281199025002e-05,10,1.94293212890625,False
5908,0.0005023847771210251,81,1.489305363761054,False
5909,0.0023196531684353504,374,1.333373898490865,False
5910,0.0022576303564451005,364,1.661053784928479,False
5911,0.0018916957657026255,305,1.4248055168839753,False
5912,0.00013024790517952503,21,3.1597813878740584,False
5913,0.007907908528756877,1275,1.4427377199659162,False
5914,0.0005458007455142001,88,7.9478857503695926,False
5915,0.0019661231400909256,317,2.0119733005668086,False
5916,0.0010605900850332753,171,1.46630781296401,False
5917,8.062965558732502e-05,13,2.2642264549548807,False
5918,0.0005085870583200501,82,5.656540670045993,False
5919,0.0013210858953923252,213,1.2474267896911908,False
5920,0.0023258554496343757,375,1.6799677569071452,False
5921,0.0010978037722274253,177,1.0610299373077134,False
5922,0.004750947398453151,766,2.1138237968437354,False
5923,0.005544839391928351,894,1.5339712301890056,False
5924,0.0025925535411924507,418,1.465840614298314,False
5925,0.0005209916207181001,84,3.525710565703256,False
5926,0.0016808182049357753,271,0.6974861692238558,False
5927,0.0031135451619105506,502,1.1616260957907871,False
5928,0.0006698463694947001,108,0.9119063063904091,False
5929,0.0053711755183556515,866,2.0855096498758083,False
5930,0.0017738524229211504,286,2.3855909071602186,False
5931,0.005786728358690326,933,0.8084838796658531,False
5932,0.0016063908305474753,259,1.8524994261016257,False
5933,0.0021459892948626504,346,2.271160998096356,False
5934,0.0028902630387456505,466,2.2066341116704655,False
5935,0.0020715619204743504,334,9.768810019164743,False
5936,0.0017862569853192003,288,1.3870617763863669,False
5937,0.0035477048458423008,572,1.1963866655226354,False
5938,0.0038764257493906257,625,1.4677474411010742,False
5939,0.0013210858953923252,213,1.570413413741779,False
5940,0.0032251862234930007,520,0.5979603469371796,False
5941,0.0009737581482469252,157,1.6464433449848441,False
5942,0.0006388349634995752,103,1.7629513277590854,False
5943,0.0006884532130917751,111,1.4838897440884564,False
5944,0.0018172683913143255,293,1.046323986590519,False
5945,0.004167932965744801,672,0.8661517405084201,False
5946,0.0019413140152948255,313,1.8805680031212755,False
5947,0.007523367094417327,1213,1.141469322740786,False
5948,0.0019475162964938504,314,5.400494984001111,False
5949,0.0010978037722274253,177,7.691584482704852,False
5950,3.721368719415001e-05,6,1.3115150133768718,False
5951,0.0027103968839739256,437,1.2859153480224261,False
5952,0.00021087756076685005,34,1.4789434215601753,False
5953,4.341596839317501e-05,7,2.048351662499564,False
5954,7.442737438830002e-05,12,2.8869826793670654,False
5955,0.00021707984196587504,35,3.904552960395813,False
5956,0.0033244227226774006,536,1.419272837354176,False
5957,0.0003845414343395501,62,2.1187913148633895,False
5958,0.00012404562398050004,20,11.627719551324844,False
5959,0.0009117353362566752,147,2.5048828433160066,False
5960,0.0004651710899268751,75,1.0891600163777668,False
5961,0.003690357313419876,595,1.0845604868496166,False
5962,0.00013024790517952503,21,2.1235674846739996,False
5963,0.0032996135978813007,532,2.2007094984664057,False
5964,0.0006574418070966502,106,2.6842548104951964,False
5965,0.004906004428428776,791,2.3560461579020195,False
5966,0.009818211138056577,1583,1.2660195934418554,False
5967,8.062965558732502e-05,13,1.7814077505698571,False
5968,0.012646451364811977,2039,1.0838817939739591,False
5969,0.0013148836141933004,212,1.509242260231162,False
5970,0.00033492318474735006,54,7.483332340364103,False
5971,0.0021583938572607006,348,1.8819525765961613,False
5972,0.0004403619651307751,71,10.027636860457944,False
5973,0.004366405964113601,704,0.7006229599091139,False
5974,8.683193678635003e-05,14,2.717969690050398,False
5975,0.004862588460035601,784,4.777000704742208,False
5976,0.0018296729537123754,295,3.9248545226404223,False
5977,0.0031941748174978755,515,1.5084287597137747,False
5978,0.012125459744093878,1955,0.6788393054776789,False
5979,0.004006673654570151,646,1.3593744517479889,False
5980,0.005532434829530301,892,1.1308194281274428,False
5981,0.0011598265842176752,187,1.9428571201263265,False
5982,0.0031507588491047006,508,1.4675772884699303,False
5983,0.004862588460035601,784,3.5764443760319633,False
5984,0.00020467527956782505,33,9.97306816144423,False
5985,0.021770007008577754,3510,0.8067269056271285,False
5986,0.004217551215337001,680,3.8866454622324773,False
5987,0.004533867556487276,731,1.0480345608271586,False
5988,0.0023506645744304755,379,0.9975904493659027,False
5989,0.0019785277024889753,319,1.449990434332701,False
5990,0.0061216515434376765,987,0.7479446357023631,False
5991,0.003330625003876426,537,1.1826261947940848,False
5992,0.006499990696578201,1048,0.8147442889122563,False
5993,0.00017986615477172505,29,1.5283855569773708,False
5994,0.0009241398986547252,149,1.3456832882541938,False
5995,0.0008435102430674002,136,1.8180242531439836,False
5996,0.0009365444610527753,151,1.8552720420407933,False
5997,0.0005085870583200501,82,5.666871838453339,False
5998,0.0024188896676197507,390,1.8416392106276291,False
5999,4.341596839317501e-05,7,4.19989207812718,False
6000,6.202281199025001e-06,1,0.669155478477478,False
6001,0.0012218493962079253,197,2.280086801741934,False
6002,0.0026483740719836757,427,2.152524042185352,False
6003,0.004118314716152601,664,1.077875052589968,False
6004,0.0021397870136636256,345,0.9939542894778044,False
6005,0.0017862569853192003,288,1.299895104434755,False
6006,0.0004961824959220001,80,4.462023609876633,False
6007,0.0004465642463298001,72,1.7614444096883137,False
6008,6.202281199025002e-05,10,1.949934220314026,False
6009,0.0025677444163963504,414,1.2602546284164207,False
6010,0.0028716561951485755,463,2.9255213464568035,False
6011,0.0012900744893972003,208,1.1413637434060757,False
6012,8.683193678635003e-05,14,1.289655225617545,False
6013,0.0015009520501640503,242,0.836515656680115,False
6014,0.0017800547041201755,287,4.97475676254113,False
6015,0.0005271939019171251,85,5.958895993232727,False
6016,0.008869262114605751,1430,0.9295638711302431,False
6017,0.06616593583119872,10668,1.1621058992915803,False
6018,0.0007070600566888501,114,7.093969921271007,False
6019,0.0021397870136636256,345,1.215497536590134,False
6020,0.0003783391531405251,61,6.6991881972453635,False
6021,0.00022328212316490004,36,1.1676622960302565,False
6022,0.00039694599673760006,64,1.173808939754963,False
6023,0.0004465642463298001,72,1.782177107201682,False
6024,5.582053079122501e-05,9,5.994880411359999,False
6025,0.003448468346657901,556,1.734303824335551,False
6026,0.00019847299836880003,32,6.611539728939533,False
6027,0.0008807239302615502,142,4.606104405832962,False
6028,0.00013645018637855003,22,1.324250795624473,False
6029,0.0027848242583622257,449,1.1681499916620404,False
6030,0.0003411254659463751,55,1.0872443199157715,False
6031,0.0016125931117465003,260,0.9898153057465187,False
6032,0.0018730889221055505,302,2.3477668485894108,False
6033,0.003671750469822801,592,5.418108171103774,False
6034,0.0027290037275710007,440,0.8466427989981391,False
6035,0.0024623056360129256,397,2.9364883269110615,False
6036,0.0018792912033045754,303,1.8298644220868352,False
6037,6.202281199025001e-06,1,0.1304689645767212,False
6038,0.0033988500970657007,548,1.3443200640434767,False
6039,0.0010543878038342502,170,4.363341129527372,False
6040,0.0008869262114605752,143,8.117842985199882,False
6041,0.0003287209035483251,53,6.155647799653827,False
6042,0.0028344425079544254,457,0.7774679488634907,False
6043,0.029405015164577532,4741,0.7858405086064334,False
6044,0.00018606843597075004,30,9.677977561950684,False
6045,0.004385012807710676,707,0.7509466097749443,False
6046,0.0018978980469016504,306,1.474088897892073,False
6047,0.00026049581035905006,42,6.364135378882999,False
6048,0.0006698463694947001,108,1.1945501941221732,False
6049,0.00013024790517952503,21,1.6244765633628482,False
6050,0.0023692714180275506,382,0.9651799510910873,False
6051,0.010370214164769803,1672,0.9056139745210346,False
6052,0.0022762372000421755,367,1.6977364633648533,False
6053,0.0007690828686791001,124,1.3782066375978532,False
6054,0.00021707984196587504,35,1.0599092415400915,False
6055,0.0027165991651729505,438,2.851209158222425,False
6056,0.0028220379455563757,455,0.9905244481432569,False
6057,0.00017986615477172505,29,1.0202459343548478,False
6058,0.005426996049146877,875,0.9530240522112166,False
6059,0.0010109718354410753,163,1.5148784953392356,False
6060,6.202281199025002e-05,10,2.8919344902038575,False
6061,0.00036593459074247506,59,1.7561543068643344,False
6062,0.0007194646190869002,116,1.0266495429236313,False
6063,0.0011288151782225502,182,1.3088080201830183,False
6064,6.822509318927501e-05,11,19.929269725626167,False
6065,1.2404562398050002e-05,2,4.203227996826172,False
6066,0.0026545763531827006,428,1.1602290122308463,False
6067,0.006375945072597701,1028,1.5291423292011603,False
6068,0.005185107082384901,836,0.7365229529056823,False
6069,0.0015815817057513754,255,5.763616983563292,False
6070,0.03194795045617778,5151,2.1959763743349288,False
6071,0.006934150380509952,1118,12.80261570108598,False
6072,4.961824959220001e-05,8,1.1882005631923676,False
6073,0.007014780036097276,1131,0.7273748197142368,False
6074,0.00011164106158245002,18,7.655089179674785,False
6075,0.0023010463248382754,371,1.9548324414019316,False
6076,0.007157432503674852,1154,0.7241076160758165,False
6077,0.005253332175574176,847,0.8402888406125264,False
6078,0.0010233763978391252,165,0.7048312664031983,False
6079,0.0019599208588919003,316,1.9639452096027663,False
6080,0.0017056273297318754,275,1.7825477322665129,False
6081,0.003708964157016951,598,1.6074599914726206,False
6082,0.0011474220218196253,185,1.350937640989149,False
6083,0.0024499010736148755,395,3.5407123375542557,False
6084,0.0008683193678635002,140,1.7906491926738195,False
6085,0.0031755679739008005,512,1.6776941916905344,False
6086,0.00014265246757757502,23,1.8596421894819841,False
6087,0.0009489490234508252,153,1.8097055511536941,False
6088,0.020628787267957156,3326,1.646634190969989,False
6089,0.0010357809602371752,167,1.265656415573851,False
6090,0.0004651710899268751,75,1.1298187478383381,False
6091,0.002778621977163201,448,0.9508026260882616,False
6092,0.0017118296109309005,276,1.6312114017597144,False
6093,0.0002666980915580751,43,1.1390453632487807,False
6094,0.0002791026539561251,45,1.855821622742547,False
6095,1.2404562398050002e-05,2,0.8033933639526367,False
6096,0.0031321520055076256,505,1.6337106152336196,False
6097,0.0021521915760616753,347,2.350413155830559,False
6098,0.0023196531684353504,374,1.6765600819001223,False
6099,0.004434631057302876,715,0.8515692610840697,False
6100,0.004180337528142851,674,1.2102617248229528,False
6101,0.0024871147608090255,401,1.1576910435112933,False
6102,0.00027290037275710005,44,4.531845493750139,False
6103,0.0013396927389894002,216,4.123266793511532,False
6104,0.00016125931117465003,26,1.3742431493905873,False
6105,0.0024623056360129256,397,6.3207401914020025,False
6106,0.0025305307292022004,408,1.0985102314575046,False
6107,0.0018668866409065254,301,2.048243166996395,False
6108,0.006295315417010376,1015,1.7674092983377392,False
6109,0.0008000942746742252,129,1.7920267988545027,False
6110,0.0012280516774069504,198,1.4242620925710658,False
6111,0.0037027618758179257,597,1.0919539325401013,False
6112,0.0008621170866644752,139,3.6807311953400537,False
6113,0.0004837779335239501,78,1.103588872995132,False
6114,0.0017366387357270004,280,1.3049504365239823,False
6115,0.00014885474877660004,24,0.8386887709299723,False
6116,0.0010481855226352253,169,0.9166172898027318,False
6117,0.004719935992458026,761,1.054121768114288,False
6118,0.00015505702997562504,25,9.105743408203125,False
6119,9.923649918440002e-05,16,2.0048801600933075,False
6120,0.004583485806079476,739,0.8159733760663395,False
6121,0.0012590630834020753,203,1.876031766384106,False
6122,0.0015319634561591754,247,1.0458368111235892,False
6123,0.0015629748621543004,252,1.5479419297642178,False
6124,0.00035353002834442507,57,9.167951897570962,False
6125,0.0015071543313630753,243,1.0807413740903753,False
6126,0.00016125931117465003,26,11.843747381980602,False
6127,0.0006884532130917751,111,1.9010047182306513,False
6128,0.011071071940259627,1785,0.6211698599556247,False
6129,0.0029150721635417508,470,0.9867221020637674,False
6130,0.0023630691368285257,381,1.178530655195081,False
6131,0.0018420775161104254,297,1.3129646854368524,False
6132,0.0011474220218196253,185,1.2664661214158341,False
6133,0.0004341596839317501,70,1.0108143823487419,False
6134,0.0011846357090137753,191,2.017855553102743,False
6135,0.0007132623378878751,115,1.0015446051307346,False
6136,0.009551513046498502,1540,0.7849902165400517,False
6137,0.012113055181695828,1953,0.8356726920366654,False
6138,0.005433198330345901,876,1.271938116038771,False
6139,0.00012404562398050004,20,1.9295946955680847,False
6140,0.0005644075891112751,91,6.084242505031628,False
6141,6.822509318927501e-05,11,8.474188056859104,False
6142,0.0004837779335239501,78,14.76622136281087,False
6143,0.0028034311019593007,452,1.3183789047519718,False
6144,0.00014265246757757502,23,4.24015876521235,False
6145,0.0015629748621543004,252,1.1594347447629958,False
6146,0.0010109718354410753,163,3.7073166853079766,False
6147,0.0011784334278147502,190,1.35229931003169,False
6148,6.202281199025002e-05,10,1.3152377724647522,False
6149,0.0004279574027327251,69,4.343367215515911,False
6150,0.02154052260421383,3473,0.8581772883069505,False
6151,0.00014885474877660004,24,2.0615000476439795,False
6152,0.0007814874310771502,126,3.9119637220624894,False
6153,8.062965558732502e-05,13,1.4720896299068744,False
6154,0.0024809124796100006,400,0.9183304873108864,False
6155,0.0019165048904987254,309,1.6590439223934532,False
6156,0.003789593812604276,611,0.8702797628268477,False
6157,0.0005830144327083501,94,1.6118929081774773,False
6158,0.00021707984196587504,35,15.0525265114648,False
6159,0.00027290037275710005,44,1.084258410063657,False
6160,0.0016808182049357753,271,1.026239064786707,False
6161,0.008819643865013552,1422,1.3043093175827702,False
6162,0.0006822509318927502,110,1.3237258304249158,False
6163,0.00010543878038342502,17,10.159572994007783,False
6164,0.005507625704734201,888,1.0693714664326057,False
6165,0.00019847299836880003,32,1.9959745928645134,False
6166,0.0004651710899268751,75,1.0678050263722738,False
6167,0.0004341596839317501,70,1.7723157712391444,False
6168,0.0023320577308334005,376,2.3600726070556233,False
6169,0.003063926912318351,494,0.8367851149698018,False
6170,0.0023072486060373007,372,0.8770845660599329,False
6171,0.0007194646190869002,116,4.755357290136403,False
6172,0.0021025733264694755,339,1.994462492191686,False
6173,0.0003101140599512501,50,1.9547905349731445,False
6174,0.0007690828686791001,124,1.8481733299070788,False
6175,0.0006636440882956752,107,7.609741932877871,False
6176,0.006301517698209401,1016,0.9329812235719576,False
6177,0.0008807239302615502,142,1.3733391165733337,False
6178,0.00012404562398050004,20,13.800562465190888,False
6179,3.721368719415001e-05,6,1.2967855135599773,False
6180,0.0030205109439251756,487,1.580527488700663,False
6181,0.0005768121515093252,93,1.0479487654983357,False
6182,0.0011474220218196253,185,1.4072570304612855,False
6183,0.02175140016498068,3507,0.7410271685110527,False
6184,0.005433198330345901,876,1.6032184923076194,False
6185,0.0021149778888675257,341,1.9861312996257434,False
6186,0.0003597323095434501,58,8.05881466947753,False
6187,0.0004961824959220001,80,5.849597288668155,False
6188,0.0020715619204743504,334,1.0433397043250991,False
6189,8.683193678635003e-05,14,3.213346481323242,False
6190,0.0022080121068529003,356,1.222327087032661,False
6191,0.014228033070563353,2294,0.6349927865637834,False
6192,8.683193678635003e-05,14,10.347312620707921,False
6193,0.0020281459520811755,327,2.0781917655868996,False
6194,0.0032313885046920256,521,1.1593048384917217,False
6195,0.00025429352916002504,41,8.947601155536931,False
6196,0.0023072486060373007,372,1.710658472391867,False
6197,0.0024933170420080504,402,1.374570434069752,False
6198,0.002970892694332976,479,0.831598785575596,False
6199,0.009700367795275102,1564,1.4316427738160429,False
6200,0.00018606843597075004,30,2.578184497356415,False
6201,2.4809124796100004e-05,4,0.7785726189613342,False
6202,0.0005271939019171251,85,2.0119430233450495,False
6203,0.0009489490234508252,153,1.279064655303955,False
6204,0.0011164106158245003,180,0.9060603870285882,False
6205,0.00014885474877660004,24,1.2878399590651195,False
6206,0.0022328212316490006,360,1.6662767539421717,False
6207,0.0009675558670479002,156,1.066087252054459,False
6208,0.0010853992098293751,175,1.1688639613560268,False
6209,0.0005271939019171251,85,5.473113755618825,False
6210,0.0012156471150089002,196,1.574680774187555,False
6211,0.0019227071716977505,310,1.9017250749372667,False
6212,0.0012404562398050003,200,1.2707214272022247,False
6213,0.0019847299836880006,320,1.4513106986880302,False
6214,0.010128325198007828,1633,0.7696469799550997,False
6215,0.0010605900850332753,171,4.016906851216366,False
6216,0.0024188896676197507,390,1.8051068131740278,False
6217,0.004583485806079476,739,1.7205717553950453,False
6218,0.00016125931117465003,26,2.4907975838734555,False
6219,0.013533377576272553,2182,1.4294456286128785,False
6220,0.0019785277024889753,319,2.661371605523328,False
6221,0.007603996750004651,1226,1.909347401163123,False
6222,0.0005395984643151751,87,7.011998516389693,False
6223,0.0015815817057513754,255,1.7976969915277818,False
6224,0.0006140258387034752,99,2.4199761164308797,False
6225,0.0007938919934752001,128,4.230944439768791,False
6226,0.03624613132710211,5844,0.9219931877287669,False
6227,0.0024064851052217006,388,2.2661748820358945,False
6228,0.006413158759791851,1034,1.5484567454059535,False
6229,0.0005023847771210251,81,1.5719040014125683,False
6230,0.00018606843597075004,30,7.909933284918467,False
6231,0.003622132220230601,584,0.8156373010922785,False
6232,0.0021707984196587503,350,1.670792714527675,False
6233,0.0017056273297318754,275,5.98425142808394,False
6234,0.005185107082384901,836,0.7458998386939747,False
6235,0.0021335847324646007,344,1.9061263758082723,False
6236,0.0004403619651307751,71,1.691380242226829,False
6237,0.00013024790517952503,21,7.867746557508196,False
6238,0.0015753794245523503,254,1.619029424321933,False
6239,0.012826317519583703,2068,0.8266473969361768,False
6240,0.0021645961384597254,349,1.531807279860051,False
6241,0.0011288151782225502,182,1.579852777522999,False
6242,0.00020467527956782505,33,9.002092296426946,False
6243,0.0006202281199025002,100,2.387962235212326,False
6244,0.004831577054040476,779,2.7295572023183605,False
6245,0.0012342539586059752,199,0.8870882784301911,False
6246,0.0014079178321786752,227,1.2604931965798534,False
6247,0.0005644075891112751,91,1.1451623334989443,False
6248,0.005048656896006351,814,1.2479287201415117,False
6249,3.101140599512501e-05,5,5.907707452774048,False
6250,0.0020839664828724005,336,1.9651001862117223,False
6251,4.341596839317501e-05,7,2.354264327457973,False
6252,0.00016125931117465003,26,8.5924407518827,False
6253,0.0017738524229211504,286,2.0218213404808845,False
6254,0.0002480912479610001,40,2.1208178132772444,False
6255,0.006227090323821101,1004,0.7065171796487147,False
6256,0.007386916908038776,1191,0.635664573144152,False
6257,0.0021707984196587503,350,1.4555592516490392,False
6258,0.010556282600740553,1702,2.118158723856952,False
6259,0.0016932227673338255,273,1.4041884338462747,False
6260,0.0023072486060373007,372,0.9764200099693832,False
6261,0.0014265246757757502,230,2.3981454030327174,False
6262,0.003560109408240351,574,1.8513170081979307,False
6263,0.006828711600126527,1101,1.8919617967319748,False
6264,0.004484249306895076,723,1.631599653641053,False
6265,0.00021707984196587504,35,2.208902130808149,False
6266,0.0010729946474313252,173,2.0616742165791506,False
6267,0.003752380125410126,605,1.866484983302345,False
6268,0.0004651710899268751,75,2.5258129342397053,False
6269,0.0020405505144792256,329,1.3732470103672572,False
6270,0.00014265246757757502,23,14.372301915417546,False
6271,0.003690357313419876,595,0.9386722636823894,False
6272,0.00021087756076685005,34,1.3564194861580343,False
6273,0.0003907437155385751,63,9.467398125027854,False
6274,0.0007256669002859252,117,1.4980839093526204,False
6275,3.101140599512501e-05,5,0.9387401342391968,False
6276,0.0030701291935173757,495,1.1309611763617005,False
6277,8.062965558732502e-05,13,4.709120887976426,False
6278,0.0014265246757757502,230,2.0046918205592945,False
6279,5.582053079122501e-05,9,1.3493257496092055,False
6280,0.0017304364545279755,279,1.0491376734976272,False
6281,0.003622132220230601,584,1.4428747676006735,False
6282,0.0007566783062810502,122,1.010245719894034,False
6283,0.014687001879291204,2368,4.991100862622261,False
6284,0.0008435102430674002,136,1.1703136142562418,False
6285,0.00011784334278147503,19,5.981996536254883,False
6286,0.002778621977163201,448,4.133626584495817,False
6287,0.0010047695542420502,162,1.2373574008176356,False
6288,0.0002666980915580751,43,12.05496308415435,False
6289,0.0019227071716977505,310,1.6069821415408965,False
6290,0.0014513338005718503,234,1.6498227873419085,False
6291,0.0006326326823005501,102,1.9576781544030881,False
6292,0.0015629748621543004,252,3.820707863758481,False
6293,0.0005271939019171251,85,3.988296486349667,False
6294,0.00015505702997562504,25,1.2138601398468019,False
6295,0.0003845414343395501,62,4.613779752485214,False
6296,0.17598352674113538,28374,7.584563165703527,False
6297,0.004943218115622926,797,1.029485457814024,False
6298,0.0006946554942908002,112,1.1185076300586974,False
6299,0.0010978037722274253,177,1.7219329930968204,False
6300,0.0005395984643151751,87,1.510372694881483,False
6301,0.00019847299836880003,32,1.253511480987072,False
6302,0.0010543878038342502,170,4.100477109235876,False
6303,0.0021025733264694755,339,0.8200833294595589,False
6304,0.0006388349634995752,103,3.350105701140987,False
6305,0.003330625003876426,537,0.805189791560395,False
6306,0.0015691771433533252,253,1.3203171892128442,False
6307,0.008044358715135426,1297,0.9634065089450033,False
6308,0.0005458007455142001,88,1.353727552023801,False
6309,0.007238062159262176,1167,1.385791714822725,False
6310,0.0011164106158245003,180,4.563995460006926,False
6311,0.004118314716152601,664,1.8847729987408741,False
6312,0.0018916957657026255,305,0.9934216417250086,False
6313,0.0007194646190869002,116,1.374695879632029,False
6314,0.004192742090540901,676,1.0918196136429466,False
6315,0.0003473277471454001,56,2.402347981929779,False
6316,0.0017986615477172505,290,1.5654846618915426,False
6317,0.0007318691814849501,118,6.927132800474006,False
6318,0.003423659221861801,552,4.210169489185016,False
6319,0.003833009780997451,618,1.521881653267203,False
6320,0.0017118296109309005,276,1.057224571272947,False
6321,0.0008621170866644752,139,2.49455242963146,False
6322,0.0019351117340958004,312,2.097509740636899,False
6323,0.005749514671496176,927,0.8635050044219214,False
6324,0.0013396927389894002,216,0.9951125946309831,False
6325,0.00029150721635417507,47,1.737583190836805,False
6326,0.020591573580763006,3320,0.6489541995956237,False
6327,0.005110679707996601,824,1.0493780009954878,False
6328,0.0023196531684353504,374,2.4202119500879298,False
6329,0.004955622678020976,799,1.4152852274449508,False
6330,0.0005395984643151751,87,2.5452850413048402,False
6331,0.0021894052632558253,353,1.7370498467437268,False
6332,0.0008187011182713002,132,1.5601578517393633,False
6333,0.0019475162964938504,314,1.276577105947361,False
6334,3.721368719415001e-05,6,3.526234249273936,False
6335,0.018687473252662328,3013,1.2399760283309678,False
6336,0.0007442737438830002,120,2.6489967594544095,False
6337,0.010196550291197102,1644,0.9007256779357464,False
6338,0.0002480912479610001,40,6.2033811688423155,False
6339,0.00017986615477172505,29,2.4967997320767106,False
6340,0.008162202057916903,1316,0.6681954980258884,False
6341,6.822509318927501e-05,11,5.223976070230657,False
6342,0.0019165048904987254,309,1.840608278910319,False
6343,0.0008062965558732502,130,1.4276219533039973,False
6344,0.004937015834423901,796,0.899158204620208,False
6345,0.0008683193678635002,140,2.787721187727792,False
6346,0.00010543878038342502,17,2.010745840914109,False
6347,0.0031135451619105506,502,1.0125281326324342,False
6348,0.0009117353362566752,147,1.3404008879953502,False
6349,8.062965558732502e-05,13,3.6854360745503354,False
6350,0.0014823452065669753,239,1.0979634673026815,False
6351,4.961824959220001e-05,8,0.7984214127063751,False
6352,0.0023692714180275506,382,0.77770552772502,False
6353,0.00018606843597075004,30,0.8202046712239583,False
6354,0.0025615421351973255,413,1.4804060799734933,False
6355,8.683193678635003e-05,14,1.040150455066136,False
6356,0.0027848242583622257,449,1.6469527894510723,False
6357,0.0025925535411924507,418,1.6375368291681462,False
6358,0.0013955132697806253,225,2.326451054149204,False
6359,0.0012838722081981752,207,1.1842461484641844,False
6360,0.0017180318921299253,277,2.0043663367467666,False
6361,0.011616872685773827,1873,1.5832261295797223,False
6362,0.009123555643765777,1471,0.7252700865309227,False
6363,0.0008249033994703252,133,1.5964272963373285,False
6364,0.003994269092172101,644,1.2407394240361562,False
6365,0.00033492318474735006,54,2.0681159363852606,False
6366,0.0017366387357270004,280,1.037340269769941,False
6367,0.003988066810973076,643,0.8993191088710566,False
6368,0.0018730889221055505,302,1.1556894562102311,False
6369,0.05324038181243061,8584,1.6420028309675432,False
6370,0.0017428410169260254,281,3.5703588923525555,False
6371,5.582053079122501e-05,9,0.5199208524492052,False
6372,0.003907437155385751,630,2.303282960255941,False
6373,0.0003101140599512501,50,1.152732892036438,False
6374,0.00036593459074247506,59,3.3210204678066706,False
6375,0.004924611272025851,794,0.9133378252274443,False
6376,0.003696559594618901,596,0.9096004722902439,False
6377,0.0004279574027327251,69,1.9474243599435557,False
6378,0.00016125931117465003,26,2.2012557799999533,False
6379,0.0015381657373582003,248,1.474869514665296,False
6380,0.00021087756076685005,34,0.8913696197902455,False
6381,0.0019165048904987254,309,1.6327691880630444,False
6382,9.303421798537502e-05,15,2.8994199514389036,False
6383,0.0021149778888675257,341,1.4231960322500323,False
6384,0.004924611272025851,794,1.2434385855792451,False
6385,0.0004713733711259001,76,10.892912489803214,False
6386,0.004546272118885326,733,1.1479540803097443,False
6387,0.005011443208812201,808,1.7102899747614813,False
6388,0.0003907437155385751,63,1.3304759737045047,False
6389,0.0022824394812412004,368,1.7912155934002087,False
6390,0.002778621977163201,448,1.0959559381008148,False
6391,0.009092544237770651,1466,1.666427312085931,False
6392,0.00021087756076685005,34,7.219117445104263,False
6393,0.0002666980915580751,43,1.6923048024953797,False
6394,0.00021087756076685005,34,1.620036896537332,False
6395,0.0024188896676197507,390,1.3018853380129887,False
6396,0.0015195588937611253,245,7.244939948101433,False
6397,0.006301517698209401,1016,5.68644074708458,False
6398,0.0032810067542842257,529,2.113409162243733,False
6399,0.0019165048904987254,309,2.4907525935990913,False
6400,0.0023506645744304755,379,1.0062198833928573,False
6401,0.0023940805428236504,386,1.7204523673329328,False
6402,0.00011784334278147503,19,9.112265662143106,False
6403,0.00032251862234930007,52,1.3352153392938466,False
6404,0.0017738524229211504,286,1.5556231795491038,False
6405,0.008521934367460352,1374,1.7548458472957082,False
6406,0.00011164106158245002,18,1.6458509763081868,False
6407,0.04883055987992384,7873,1.3637377325770483,False
6408,0.00029150721635417507,47,8.329562088276477,False
6409,0.002952285850735901,476,0.9709220443453107,False
6410,2.4809124796100004e-05,4,2.8621089458465576,False
6411,0.020411707425991278,3291,0.9011679098476432,False
6412,0.0006264304011015251,101,3.198978874943044,False
6413,0.003063926912318351,494,1.2897464929804627,False
6414,0.0010357809602371752,167,0.9977573620345064,False
6415,0.0002977094975532001,48,5.870682706435521,False
6416,0.007907908528756877,1275,0.8761153202430875,False
6417,0.004906004428428776,791,1.8850112250722313,False
6418,0.00035353002834442507,57,1.7403441688470673,False
6419,0.0015691771433533252,253,0.9677805434102598,False
6420,0.0005892167139073751,95,1.843860109228837,False
6421,0.0022576303564451005,364,1.7810795438158644,False
6422,0.0026297672283866007,424,2.0479777983899385,False
6423,0.00018606843597075004,30,1.6808729728062948,False
6424,0.014755226972480478,2379,1.2663278872348422,False
6425,0.010153134322803927,1637,0.7038145716334525,False
6426,0.004310585433322376,695,0.8032587897005699,False
6427,0.00015505702997562504,25,2.268555088043213,False
6428,0.0004527665275288251,73,3.052921669123924,False
6429,0.0005395984643151751,87,1.6494983557997078,False
6430,0.005960392232263027,961,0.9495360764454852,False
6431,0.0012466585210040252,201,3.1145264444066516,False
6432,0.0017366387357270004,280,1.2032812054668154,False
6433,0.00026049581035905006,42,1.8737776676813762,False
6434,0.00036593459074247506,59,7.5249246055797,False
6435,0.00035353002834442507,57,7.804574029487476,False
6436,0.0002666980915580751,43,3.069870893345323,False
6437,0.021645961384597255,3490,0.7578042344582456,False
6438,0.0007814874310771502,126,1.1263720591862996,False
6439,0.0022824394812412004,368,1.5023271804270537,False
6440,0.005067263739603426,817,2.323809694922831,False
6441,0.0,0,0.0,True
6442,0.0008621170866644752,139,6.5189531286843385,False
6443,0.004329192276919451,698,1.58919839018737,False
6444,0.0025491375727992754,411,1.1124170563226778,False
6445,0.0019661231400909256,317,1.8396633160227105,False
6446,0.005929380826267901,956,4.859020243628753,False
6447,0.0025801489787944006,416,1.3342016224677746,False
6448,0.0027662174147651507,446,1.698760267864963,False
6449,0.0016311999553435754,263,2.263850605079883,False
6450,0.0006512395258976251,105,3.4317065590903875,False
6451,0.003845414343395501,620,1.3310373523542958,False
6452,0.0009241398986547252,149,1.2470915493549117,False
6453,0.0014389292381738004,232,1.2100050737117898,False
6454,0.0021583938572607006,348,1.6256395592086617,False
6455,0.0013955132697806253,225,1.7390286784701878,False
6456,0.00020467527956782505,33,2.415967341625329,False
6457,0.004056291904162351,654,1.7374452895709862,False
6458,0.0006078235575044501,98,1.8145721299307687,False
6459,0.0023878782616246256,385,2.4716504236320396,False
6460,0.012156471150089002,1960,1.0802141790487327,False
6461,0.00022328212316490004,36,3.839576390054491,False
6462,4.341596839317501e-05,7,3.285377127783639,False
6463,0.006605429476961627,1065,1.374946174711129,False
6464,0.0006140258387034752,99,2.2657591309210265,False
6465,0.003814402937400376,615,6.547050262466679,False
6466,0.007697030967990026,1241,0.7189573046663517,False
6467,0.0016249976741445503,262,1.8236392545336075,False
6468,0.0007008577754898252,113,4.276740550994873,False
6469,0.005420793767947851,874,0.704893902455642,False
6470,0.0005954189951064002,96,1.8061900387207668,False
6471,0.0003411254659463751,55,1.0291202653538096,False
6472,6.202281199025001e-06,1,10.275989532470703,False
6473,0.0010791969286303503,174,5.054580173273196,False
6474,0.004614497212074601,744,1.2837482601083734,False
6475,0.006413158759791851,1034,0.7714334254799775,False
6476,0.0009551513046498502,154,3.63166153585756,False
6477,0.0014389292381738004,232,1.0684411715844582,False
6478,0.0013210858953923252,213,1.2936284032785836,False
6479,0.0020343482332802003,328,1.2447512942116434,False
6480,0.0002666980915580751,43,7.564461586087249,False
6481,0.0074241305952329265,1197,0.7297584355226037,False
6482,0.0035477048458423008,572,1.240311676180446,False
6483,0.00028530493515515004,46,4.051699866419253,False
6484,0.00010543878038342502,17,0.7705476845011991,False
6485,0.0020467527956782505,330,1.0051231557672673,False
6486,0.0016684136425377254,269,1.3651726826416073,False
6487,0.006506192977777226,1049,1.6073037592766966,False
6488,0.0021583938572607006,348,7.040543952892566,False
6489,1.8606843597075006e-05,3,1.0761696100234985,False
6490,0.00019847299836880003,32,4.976773250848055,False
6491,0.003907437155385751,630,0.9517992492706057,False
6492,0.0021583938572607006,348,1.6140801721605762,False
6493,0.0008993307738586252,145,2.6481716484859072,False
6494,0.0023878782616246256,385,1.4783806193958628,False
6495,0.0003101140599512501,50,6.895472371578217,False
6496,0.0011722311466157253,189,4.746654041229733,False
6497,0.0015629748621543004,252,1.465902177587388,False
6498,0.0023816759804256007,384,1.2765110060572624,False
6499,0.006059628731447426,977,1.1745784919606017,False
6500,0.011244735813832327,1813,1.0162708024194869,False
6501,0.0024561033548139008,396,2.2761613220879524,False
6502,0.0024561033548139008,396,1.9949615844572433,False
6503,0.0020343482332802003,328,2.2658737170987013,False
6504,0.005234725331977101,844,1.3269347763174517,False
6505,0.0004713733711259001,76,5.948789060115814,False
6506,0.0007008577754898252,113,1.134119218429633,False
6507,0.0014389292381738004,232,1.1943909921522797,False
6508,0.0020157413896831253,325,1.6698419413199792,False
6509,0.03152619533464408,5083,0.5367044364048134,False
6510,0.0006512395258976251,105,2.9084412131990707,False
6511,1.2404562398050002e-05,2,0.6586796045303345,False
6512,9.923649918440002e-05,16,1.8222425132989883,False
6513,0.0028654539139495506,462,1.5414511961338324,False
6514,0.0026855877591778258,433,0.8892316575964384,False
6515,0.006593024914563576,1063,1.7131748163576745,False
6516,0.019524781214530704,3148,2.382858175221059,False
6517,0.006034819606651327,973,0.7973930432642107,False
6518,0.0029150721635417508,470,4.87560119096269,False
6519,0.011306758625822578,1823,2.9137067831419223,False
6520,0.005402186924350776,871,1.3716253008004855,False
6521,0.00010543878038342502,17,0.8795590120203355,False
6522,0.0007256669002859252,117,1.1733614124803462,False
6523,0.0017490432981250503,282,1.6161442073524421,False
6524,0.0027476105711680757,443,1.5396017124098527,False
6525,0.0005395984643151751,87,1.29335657070423,False
6526,0.004750947398453151,766,4.390375274435347,False
6527,0.0009675558670479002,156,1.1988173096607893,False
6528,0.0008187011182713002,132,0.996634324391683,False
6529,0.0009737581482469252,157,1.2451024412349532,False
6530,0.003144556567905676,507,0.9192055160477317,False
6531,0.0028158356643573504,454,1.2561098363431014,False
6532,0.0005147893395190752,83,3.1142700666404632,False
6533,0.0006636440882956752,107,3.1663769773233716,False
6534,0.0007070600566888501,114,1.4776141967689782,False
6535,0.0019723254212899504,318,4.1581013787467525,False
6536,0.0004651710899268751,75,11.446897888183594,False
6537,0.0003411254659463751,55,1.1566128795797175,False
6538,0.006127853824636702,988,0.7468204300413247,False
6539,0.005017645490011226,809,0.8984750319175578,False
6540,0.0007628805874800752,123,2.3196292883012353,False
6541,8.683193678635003e-05,14,15.64907261303493,False
6542,0.0019723254212899504,318,2.207216850616647,False
6543,0.0004217551215337001,68,1.3458078328300924,False
6544,0.0026793854779788005,432,1.9490433600213792,False
6545,0.00018606843597075004,30,2.0317553798357646,False
6546,0.0007628805874800752,123,1.6698884140185224,False
6547,0.0022452257940470503,362,1.1766451337060875,False
6548,0.0037585824066091508,606,1.6510428192198474,False
6549,0.0007070600566888501,114,2.4142119685808816,False
6550,0.0011226128970235252,181,1.0636251651121107,False
6551,0.005929380826267901,956,1.0118559110114764,False
6552,0.03264880823166761,5264,0.8127733697282508,False
6553,0.0021521915760616753,347,1.0335503672316713,False
6554,0.0007194646190869002,116,2.6904656640414535,False
6555,0.0014885474877660003,240,1.2898784259955087,False
6556,0.0024685079172119505,398,0.9022981171032891,False
6557,0.015083947876028804,2432,0.5812977442615911,False
6558,0.0022204166692509505,358,3.2630709686092825,False
6559,0.003584918533036451,578,1.3793786875516898,False
6560,0.004546272118885326,733,0.7987204781983754,False
6561,0.0009923649918440003,160,2.639021575450897,False
6562,0.003374040972269601,544,1.0551079722011791,False
6563,0.015338241405188828,2473,0.7658259429962492,False
6564,0.0005395984643151751,87,1.4357803731129086,False
6565,0.009681760951678027,1561,0.7812552296298196,False
6566,0.0025367330104012257,409,0.8813311284212145,False
6567,4.961824959220001e-05,8,2.0480298548936844,False
6568,0.0015009520501640503,242,0.78044184672931,False
6569,0.00036593459074247506,59,2.564338833598767,False
6570,0.0019289094528967753,311,1.9184456607536489,False
6571,6.822509318927501e-05,11,1.2104885578155518,False
6572,0.0022638326376441253,365,1.741445489125709,False
6573,0.0003721368719415001,60,7.530421610673269,False
6574,0.0009737581482469252,157,2.4297760147957286,False
6575,0.003442266065458876,555,2.239738392829895,False
6576,0.00028530493515515004,46,1.387088065562041,False
6577,0.0020405505144792256,329,2.0295628370847383,False
6578,0.0006264304011015251,101,1.3267516723953852,False
6579,6.822509318927501e-05,11,1.0560992197556929,False
6580,0.0006264304011015251,101,1.1478850959551217,False
6581,0.00019227071716977504,31,1.8260958387005715,False
6582,0.004719935992458026,761,6.846502963252826,False
6583,0.003690357313419876,595,1.2686286902227322,False
6584,0.0022204166692509505,358,1.6093844644850193,False
6585,0.0011350174594215753,183,2.9732380356293557,False
6586,0.0007690828686791001,124,1.5679934197856533,False
6587,0.013452747920685229,2169,1.4412072298437728,False
6588,0.007101611972883627,1145,0.757566070140189,False
6589,3.721368719415001e-05,6,3.5112401843070984,False
6590,0.0011908379902128004,192,1.0102581915756066,False
6591,0.0009923649918440003,160,1.8504607424139976,False
6592,0.0033430295662744756,539,1.2352456338772748,False
6593,0.0005954189951064002,96,1.5996251627802849,False
6594,0.0022638326376441253,365,1.742638621591542,False
6595,0.0020715619204743504,334,4.282383710324408,False
6596,0.0002480912479610001,40,2.0969196617603303,False
6597,0.005358770955957601,864,0.9380603405060591,False
6598,0.00021707984196587504,35,2.159980341366359,False
6599,0.014569158536509728,2349,0.663933846127383,False
6600,0.0007938919934752001,128,0.9815887585282326,False
6601,0.010822980692298628,1745,0.9571807292949163,False
6602,0.010550080319541527,1701,0.810033257746262,False
6603,0.0003597323095434501,58,2.470678580218348,False
6604,5.582053079122501e-05,9,2.414606293042501,False
6605,0.010773362442706427,1737,0.8758899362593735,False
6606,0.005439400611544926,877,1.191005354460452,False
6607,0.0003473277471454001,56,5.580449176686151,False
6608,0.007635008155999777,1231,0.724527106451659,False
6609,0.006884532130917752,1110,1.3760172270439766,False
6610,0.0010295786790381503,166,1.424894636653992,False
6611,0.002797228820760276,451,1.639105952235389,False
6612,0.00016125931117465003,26,1.903471359839806,False
6613,0.0030391177875222506,490,0.986724854488762,False
6614,0.0027910265395612506,450,2.490582367579142,False
6615,0.0019413140152948255,313,1.148796672638232,False
6616,0.00019227071716977504,31,1.4816528827913347,False
6617,0.0024623056360129256,397,1.35227110614104,False
6618,3.101140599512501e-05,5,1.1625081539154052,False
6619,3.721368719415001e-05,6,1.2664196689923604,False
6620,0.00012404562398050004,20,9.67059954404831,False
6621,0.01767029913602223,2849,0.8659554498578088,False
6622,2.4809124796100004e-05,4,0.8555356860160828,False
6623,0.0031569611303037255,509,1.5821614162392608,False
6624,0.0021583938572607006,348,1.6605458030070381,False
6625,0.0070023754736992265,1129,1.289152422449671,False
6626,0.0005271939019171251,85,1.4414564357084387,False
6627,0.0016560090801396754,267,2.7060378995281034,False
6628,0.0005954189951064002,96,12.076321393251419,False
6629,0.016994250485328505,2740,2.9518307877283028,False
6630,0.0004837779335239501,78,14.09178941983443,False
6631,0.004285776308526276,691,0.8031917225607225,False
6632,0.0017924592665182254,289,8.456739299850067,False
6633,0.0010109718354410753,163,4.111127617169012,False
6634,4.341596839317501e-05,7,0.7619488920484271,False
6635,0.0021211801700665505,342,1.891974479482885,False
6636,0.0015009520501640503,242,1.6214904607820118,False
6637,2.4809124796100004e-05,4,2.173409163951874,False
6638,0.00013645018637855003,22,1.6773882183161648,False
6639,0.0033802432534686257,545,1.843056957874823,False
6640,0.0008869262114605752,143,2.2430933105362043,False
6641,0.00017366387357270005,28,6.759793835026877,False
6642,0.0010481855226352253,169,2.069169467722876,False
6643,0.0018172683913143255,293,5.799380165318174,False
6644,0.0032499953482891006,524,0.8964329457465019,False
6645,6.202281199025001e-06,1,3.4327287673950195,False
6646,0.015363050529984929,2477,0.8606993562038454,False
6647,0.050145443494117134,8085,2.4941363370632343,False
6648,0.003926043998982826,633,2.5492374379111316,False
6649,3.101140599512501e-05,5,3.4636595964431764,False
6650,0.016671731862979204,2688,0.631995019458589,False
6651,0.004682722305263876,755,1.201814048969193,False
6652,0.0029274767259398005,472,0.9589667709197028,False
6653,0.0005892167139073751,95,2.22417789258455,False
6654,0.00035353002834442507,57,1.1552045617187232,False
6655,0.005092072864399526,821,0.8253741456007405,False
6656,1.2404562398050002e-05,2,1.2785316705703735,False
6657,0.0004899802147229751,79,1.977002506014667,False
6658,3.101140599512501e-05,5,1.364256238937378,False
6659,0.16294633166078484,26272,1.190821402546259,False
6660,0.0021832029820568004,352,1.162339556623589,False
6661,0.0028654539139495506,462,1.1231414146753618,False
6662,0.00013024790517952503,21,1.4991985275631858,False
6663,0.00017366387357270005,28,1.5969501308032445,False
6664,0.0003845414343395501,62,5.416314530757166,False
6665,0.004806767929244376,775,0.8219565216187508,False
6666,0.0015505702997562505,250,1.4230099487304688,False
6667,0.011343972313016728,1829,1.1664490410380834,False
6668,0.0002666980915580751,43,0.8190320536147716,False
6669,1.8606843597075006e-05,3,1.2903345823287964,False
6670,0.0022638326376441253,365,2.133938451009254,False
6671,0.0003907437155385751,63,2.4308202701901633,False
6672,0.0006574418070966502,106,1.666489711347616,False
6673,0.004657913180467776,751,1.00164665331377,False
6674,0.00027290037275710005,44,1.6584646566347643,False
6675,9.303421798537502e-05,15,1.25246954758962,False
6676,0.0056998964219039765,919,0.9200962988155063,False
6677,0.00010543878038342502,17,3.5199153283063103,False
6678,0.00019847299836880003,32,2.9424896501004696,False
6679,0.00030391177875222506,49,3.181334485813063,False
6680,0.014624979067300953,2358,0.8392294292433774,False
6681,0.0009923649918440003,160,7.140053667128086,False
6682,0.004298180870924326,693,1.1483064158826335,False
6683,3.721368719415001e-05,6,1.2664183179537456,False
6684,9.303421798537502e-05,15,2.3388285636901855,False
6685,0.0004899802147229751,79,1.6554929455624352,False
6686,0.0019413140152948255,313,1.238597852734331,False
6687,0.0015443680185572254,249,1.263418117201472,False
6688,2.4809124796100004e-05,4,1.0328581035137177,False
6689,0.0022452257940470503,362,2.730789729903416,False
6690,0.0010916014910284002,176,1.845714422789487,False
6691,0.0006822509318927502,110,1.1801633043722672,False
6692,0.004850183897637551,782,1.2547311473380574,False
6693,0.0019909322648870255,321,1.2259777112170542,False
6694,0.0023320577308334005,376,3.137758292099263,False
6695,8.062965558732502e-05,13,13.460129829553457,False
6696,0.003144556567905676,507,1.1842612392568495,False
6697,0.0011102083346254752,179,1.5660454061444244,False
6698,0.0006326326823005501,102,1.2955349683761597,False
6699,0.0009985672730430252,161,2.1068614980448848,False
6700,0.0021211801700665505,342,1.294754618092587,False
6701,0.006754284225738227,1089,1.5314335408180104,False
6702,0.0028964653199446758,467,0.94709413158817,False
6703,0.0018978980469016504,306,1.1126315145710715,False
6704,4.961824959220001e-05,8,1.8396483957767487,False
6705,0.0017552455793240754,283,0.9591169727985934,False
6706,0.0,0,0.0,True
6707,0.002797228820760276,451,1.658068954019483,False
6708,0.0012156471150089002,196,1.4206375078279145,False
6709,0.0011660288654167003,188,1.2727379177479035,False
6710,0.00019227071716977504,31,8.136429056044548,False
6711,3.721368719415001e-05,6,1.4658668835957844,False
6712,0.0017242341733289504,278,7.008867956322732,False
6713,0.00017366387357270005,28,6.1863435591970175,False
6714,0.014978509095645378,2415,1.0333571218802569,False
6715,0.00011164106158245002,18,2.376087533103095,False
6716,0.0006016212763054251,97,4.767844411515698,False
6717,0.0003287209035483251,53,9.880484140144205,False
6718,0.007796267467174427,1257,1.486419765742506,False
6719,0.00014265246757757502,23,3.813439690548441,False
6720,0.0005209916207181001,84,2.2288423648902347,False
6721,8.062965558732502e-05,13,1.8073170368488019,False
6722,0.0009303421798537502,150,1.9247916412353516,False
6723,0.00033492318474735006,54,7.819734498306557,False
6724,0.0004403619651307751,71,11.150294923446548,False
6725,0.0074427374388300015,1200,1.6384718758861223,False
6726,0.00039694599673760006,64,1.1210136525332928,False
6727,0.0022700349188431506,366,1.4111520797828507,False
6728,0.0003411254659463751,55,2.2350652651353315,False
6729,0.03677332522901924,5929,1.5093126842275522,False
6730,0.0015567725809552753,251,3.521297456733734,False
6731,0.0007752851498781252,125,6.299557174682617,False
6732,0.00017366387357270005,28,7.273628579718726,False
6733,0.0016374022365426004,264,1.546483282338489,False
6734,0.006245697167418176,1007,1.0374556962167614,False
6735,0.011747120590953352,1894,0.9010446497102473,False
6736,6.822509318927501e-05,11,1.1366939544677734,False
6737,0.00011784334278147503,19,1.2381115461650647,False
6738,0.00014265246757757502,23,1.3144144493600596,False
6739,0.0012280516774069504,198,5.295864806632803,False
6740,0.0008187011182713002,132,0.8674407556201472,False
6741,0.0004527665275288251,73,5.6887635433510555,False
6742,0.0015319634561591754,247,4.146800254520617,False
6743,0.0002791026539561251,45,2.1010837581422592,False
6744,0.0005520030267132251,89,3.299592703915714,False
6745,0.0004279574027327251,69,1.3366462890652642,False
6746,0.0014265246757757502,230,4.122436742678932,False
6747,0.0021335847324646007,344,0.9351347400698551,False
6748,0.0008559148054654502,138,1.524157784987187,False
6749,3.721368719415001e-05,6,5.356088399887085,False
6750,0.012652653646011003,2040,0.9266129231920429,False
6751,0.0002666980915580751,43,0.9099902552227641,False
6752,0.0025181261668041507,406,1.0179203005847086,False
6753,0.0019413140152948255,313,1.3432948581707744,False
6754,0.0008931284926596002,144,4.923016186389658,False
6755,0.009458478828513127,1525,0.9162964917792649,False
6756,0.0003597323095434501,58,1.5614555642522614,False
6757,0.0003287209035483251,53,6.074022706949486,False
6758,0.00011164106158245002,18,2.375232504473792,False
6759,0.0011040060534264502,178,2.068502310956462,False
6760,0.0008683193678635002,140,1.6365452826023101,False
6761,0.0049122067096278015,792,0.9749069003143696,False
6762,0.0007938919934752001,128,9.334035363048315,False
6763,0.00025429352916002504,41,1.4828414684388695,False
6764,0.0007380714626839752,119,4.504258149812202,False
6765,0.0015133566125621004,244,1.4053590092502657,False
6766,0.004403619651307751,710,1.0403373993618388,False
6767,0.0009489490234508252,153,7.428250873790068,False
6768,0.00019227071716977504,31,1.6317698455625964,False
6769,0.00035353002834442507,57,1.8659704819060208,False
6770,0.00029150721635417507,47,9.740432211693298,False
6771,0.0026793854779788005,432,2.3886164595131523,False
6772,0.0017490432981250503,282,0.735639769134792,False
6773,0.0020529550768772753,331,1.325285384302053,False
6774,0.0003721368719415001,60,3.0735335191090902,False
6775,0.0004279574027327251,69,2.021489169286645,False
6776,0.0006946554942908002,112,4.170036765081542,False
6777,0.0018482797973094504,298,1.4422639508375386,False
6778,0.0012962767705962254,209,1.1881804409209622,False
6779,0.0020033368272850756,323,1.6475807616585179,False
6780,0.005247129894375151,846,0.9679732288874633,False
6781,0.0011164106158245003,180,1.8866217546992832,False
6782,0.009557715327697527,1541,1.6142539187424527,False
6783,0.0027352060087700255,441,2.2734017193722886,False
6784,0.0004589688087278501,74,1.4089126329164248,False
6785,0.00020467527956782505,33,0.9437844030784838,False
6786,4.341596839317501e-05,7,1.685780371938433,False
6787,0.0005582053079122502,90,6.929079609447055,False
6788,0.0024436987924158506,394,1.6148356129675348,False
6789,0.00022948440436392506,37,1.9678300393594277,False
6790,0.004974229521618051,802,3.122037624629061,False
6791,4.961824959220001e-05,8,1.0487912446260452,False
6792,0.011883570777331903,1916,0.6991425691666334,False
6793,0.00015505702997562504,25,1.3830595302581787,False
6794,0.005420793767947851,874,1.4271124355853013,False
6795,0.023047676935576904,3716,0.5794315189283553,False
6796,0.0019289094528967753,311,1.0629275255264576,False
6797,0.0010109718354410753,163,1.8525758769614564,False
6798,9.923649918440002e-05,16,3.47252094745636,False
6799,2.4809124796100004e-05,4,3.7954203486442566,False
6800,0.0007070600566888501,114,3.2480578422546387,False
6801,0.0010233763978391252,165,4.6139633070338855,False
6802,0.0010853992098293751,175,1.2946276732853481,False
6803,0.012243303086875353,1974,0.7406043987022949,False
6804,0.0028406447891534507,458,1.703941196333373,False
6805,0.0004465642463298001,72,2.0151089396741657,False
6806,0.0014203223945767254,229,1.8254956793056305,False
6807,0.010066302386017576,1623,0.757187900319925,False
6808,0.0025553398539983007,412,3.5805622032545146,False
6809,0.0004155528403346751,67,1.0553387777129215,False
6810,0.0023010463248382754,371,2.083201772761795,False
6811,0.0020715619204743504,334,1.45417380440021,False
6812,0.19775973603091218,31885,2.6502154425204836,False
6813,0.0028158356643573504,454,1.499323968320166,False
6814,0.0014079178321786752,227,1.0523416575881352,False
6815,3.721368719415001e-05,6,2.2103178103764853,False
6816,0.005668885015908851,914,1.3157391334258233,False
6817,0.005011443208812201,808,0.9243332183006967,False
6818,0.0012590630834020753,203,1.5067737501830303,False
6819,4.961824959220001e-05,8,11.724929600954056,False
6820,0.006444170165786976,1039,0.799546839298252,False
6821,0.0010667923662323003,172,2.619244687779005,False
6822,0.00033492318474735006,54,4.104064453531195,False
6823,0.0066736545701509015,1076,1.2439472110298044,False
6824,0.0022328212316490006,360,2.041501889295048,False
6825,0.006648845445354801,1072,1.615261064536536,False
6826,0.004130719278550651,666,1.002353470604699,False
6827,0.0006946554942908002,112,2.2002787717751096,False
6828,0.005730907827899101,924,1.6296040867314194,False
6829,0.0009241398986547252,149,1.7813421639820073,False
6830,0.0010916014910284002,176,1.3072167919440703,False
6831,0.005823942045884476,939,0.7274830750129221,False
6832,0.009036723706979426,1457,1.3402101918287939,False
6833,0.0010543878038342502,170,1.520665918378269,False
6834,0.007448939720029027,1201,1.2019179349735714,False
6835,0.0020715619204743504,334,1.9328413609259143,False
6836,0.00014265246757757502,23,1.7286775060321973,False
6837,0.05549801216887571,8948,0.8480955685789051,False
6838,0.0019351117340958004,312,1.0953068290001307,False
6839,0.0036097276578325507,582,1.4049112804976525,False
6840,0.0008311056806693502,134,1.2722817534831032,False
6841,0.00022328212316490004,36,4.49622377090984,False
6842,0.0025181261668041507,406,4.2487039322336315,False
6843,6.822509318927501e-05,11,2.6345682469281284,False
6844,0.0018606843597075004,300,0.9094172565142313,False
6845,0.0006760486506937252,109,3.139643456957756,False
6846,0.0021645961384597254,349,1.6091044338521439,False
6847,0.0020281459520811755,327,1.2848476342834099,False
6848,0.00013645018637855003,22,1.6960459297353572,False
6849,9.923649918440002e-05,16,1.780364766716957,False
6850,0.0005458007455142001,88,8.753755382516168,False
6851,0.00028530493515515004,46,2.6115759507469507,False
6852,0.0018606843597075004,300,1.0092737654844919,False
6853,0.0015753794245523503,254,3.719273950171283,False
6854,0.0003597323095434501,58,1.554087723123616,False
6855,0.00032251862234930007,52,1.2663381099700928,False
6856,0.016591102207391878,2675,0.5751632219831521,False
6857,0.0032065793798959257,517,1.822488048782201,False
6858,0.00011164106158245002,18,0.9808882342444526,False
6859,0.012987576830758353,2094,0.6595760247996566,False
6860,0.0010543878038342502,170,1.4663809958626242,False
6861,0.011312960907021602,1824,0.5651653360640794,False
6862,4.341596839317501e-05,7,4.596988235201154,False
6863,0.0013210858953923252,213,1.6224900758322416,False
6864,0.0016746159237367505,270,1.7791143602795072,False
6865,0.005631671328714701,908,1.0128325732006376,False
6866,0.004440833338501901,716,1.384982730090285,False
6867,1.2404562398050002e-05,2,1.770192563533783,False
6868,0.0022762372000421755,367,1.336602014481859,False
6869,0.0007194646190869002,116,0.9833236141451474,False
6870,0.0005954189951064002,96,1.7356212710340817,False
6871,0.03719508035055293,5997,2.4525281286684897,False
6872,2.4809124796100004e-05,4,1.2165344059467316,False
6873,0.0035166934398471756,567,1.373935629871577,False
6874,0.004217551215337001,680,0.8862095482209149,False
6875,0.00019847299836880003,32,12.186991099268198,False
6876,0.0021087756076685004,340,1.0415511117262,False
6877,0.0009117353362566752,147,1.9024492769825214,False
6878,0.00025429352916002504,41,9.273299955740207,False
6879,0.0790604784439717,12747,1.3175095848226543,False
6880,0.0006636440882956752,107,1.5223464965820312,False
6881,0.0013272881765913503,214,1.0322664976119995,False
6882,0.0011784334278147502,190,1.2858701963173715,False
6883,0.0018792912033045754,303,3.765449119479743,False
6884,0.0006202281199025002,100,4.938042387962342,False
6885,0.003045320068721276,491,1.1158957287153255,False
6886,9.303421798537502e-05,15,1.084954595565796,False
6887,0.0008062965558732502,130,1.306623349739955,False
6888,0.0003411254659463751,55,2.6687239625237207,False
6889,0.002970892694332976,479,1.8104331067807988,False
6890,0.0005830144327083501,94,0.991843155089845,False
6891,0.00018606843597075004,30,15.524863759676615,False
6892,0.0011970402714118252,193,1.9314370735939304,False
6893,0.00017986615477172505,29,7.622645727519331,False
6894,0.006946554942908001,1120,1.1880856872669288,False
6895,0.0003101140599512501,50,7.119984889030457,False
6896,0.0065434066649713764,1055,3.924808559259532,False
6897,0.0004899802147229751,79,1.3164526782458341,False
6898,0.0009861627106449752,159,8.151756315861109,False
6899,0.004986634084016101,804,0.7137065328175749,False
6900,0.0022142143880519256,357,1.6160907384728183,False
6901,0.0011164106158245003,180,1.7128110143873427,False
6902,0.0012156471150089002,196,1.5006092275891985,False
6903,0.00012404562398050004,20,2.892447900772095,False
6904,0.0007566783062810502,122,1.0800341758571688,False
6905,0.012466585210040253,2010,6.110049499208062,False
6906,0.0020715619204743504,334,1.4977825169791719,False
6907,0.0,0,0.0,True
6908,0.00018606843597075004,30,2.2087000886599224,False
6909,0.0020095391084841005,324,0.8550774929700075,False
6910,3.721368719415001e-05,6,1.7778542041778564,False
6911,0.008875464395804777,1431,0.8811261418980373,False
6912,0.0006450372446986001,104,4.491235673427582,False
6913,0.0011288151782225502,182,1.8674619486043742,False
6914,0.0009799604294459501,158,6.962849924835978,False
6915,0.0014761429253679504,238,1.2606984306784237,False
6916,0.0011350174594215753,183,1.5782494362586184,False
6917,0.0005768121515093252,93,1.1300083180909515,False
6918,0.008546743492256452,1378,1.0365690159866876,False
6919,0.004881195303632676,787,1.121426845445112,False
6920,0.0030019041003281005,484,1.1758006180613494,False
6921,0.004223753496536026,681,1.1582255860607356,False
6922,0.0003907437155385751,63,1.241344349724906,False
6923,0.0034980865962501006,564,1.5576508269242362,False
6924,6.202281199025001e-06,1,0.9474306106567383,False
6925,0.0022638326376441253,365,1.8876042597914395,False
6926,0.0003473277471454001,56,7.935280936104911,False
6927,0.003808200656201351,614,1.0026610681987354,False
6928,1.2404562398050002e-05,2,1.8270295858383179,False
6929,0.0032437930670900757,523,1.0618597125460039,False
6930,0.0009799604294459501,158,1.3457134041605117,False
6931,0.0038950325929877007,628,1.7107405937781,False
6932,0.006313922260607451,1018,1.6794974730150638,False
6933,0.008230427151106176,1327,0.9954115645545897,False
6934,0.0012156471150089002,196,1.0972036646336925,False
6935,0.0026607786343817255,429,0.7939273182884519,False
6936,0.006351135947801601,1024,1.4161021979525685,False
6937,0.0017180318921299253,277,1.950425581381209,False
6938,0.0008249033994703252,133,1.2516757491835975,False
6939,6.822509318927501e-05,11,1.3317306150089612,False
6940,0.005420793767947851,874,1.5603148942681144,False
6941,0.0004093505591356501,66,1.4869120987978848,False
6942,0.0025181261668041507,406,1.4116974223423473,False
6943,0.007275275846456326,1173,2.708290908037854,False
6944,9.303421798537502e-05,15,4.910345284144084,False
6945,0.0018358752349114005,296,1.151549280495257,False
6946,0.0003783391531405251,61,1.0689426171975058,False
6947,0.0029026676011437006,468,3.442584170235528,False
6948,0.0004155528403346751,67,1.3329012216027103,False
6949,0.0036655481886237757,591,1.0523306292729127,False
6950,0.0029026676011437006,468,1.3431936718969264,False
6951,0.0009551513046498502,154,1.368317809971896,False
6952,0.003082533755915426,497,1.5574055111384248,False
6953,0.004174135246943826,673,1.2909762877057602,False
6954,0.006369742791398676,1027,0.7565387757866849,False
6955,0.003994269092172101,644,1.2665926005159105,False
6956,0.0018296729537123754,295,2.008032391435009,False
6957,0.0010295786790381503,166,1.3113697551819214,False
6958,0.004490451588094101,724,0.8093928711190408,False
6959,0.0009985672730430252,161,1.4050244078132677,False
6960,0.006165067511830852,994,1.0975286327377411,False
6961,0.003026713225124201,488,1.5176831913776085,False
6962,0.004633104055671676,747,0.8898186434703659,False
6963,9.923649918440002e-05,16,11.262781530618668,False
6964,0.0017800547041201755,287,0.9830605992041398,False
6965,0.0023382600120324254,377,2.3724538713930774,False
6966,0.0010047695542420502,162,1.3502560979054299,False
6967,0.004316787714521401,696,1.6826292439096275,False
6968,0.003442266065458876,555,2.0508498728812277,False
6969,0.0007380714626839752,119,2.705302847533667,False
6970,0.003622132220230601,584,1.4114010311561087,False
6971,8.062965558732502e-05,13,7.180195056475126,False
6972,0.0006388349634995752,103,1.620832302037952,False
6973,0.0004837779335239501,78,1.840082735587389,False
6974,0.00036593459074247506,59,2.320799494193772,False
6975,0.0028468470703524756,459,1.5097590048588438,False
6976,0.0027041946027749008,436,1.4177087132537036,False
6977,5.582053079122501e-05,9,1.899492661158244,False
6978,0.0002666980915580751,43,8.395287419474402,False
6979,0.004279574027327251,690,0.8716651826665022,False
6980,0.0015753794245523503,254,1.1737544095422339,False
6981,7.442737438830002e-05,12,5.579165498415629,False
6982,5.582053079122501e-05,9,1.2308871613608465,False
6983,0.010723744193114228,1729,0.7248373825885162,False
6984,0.0026855877591778258,433,1.0356403203814464,False
6985,6.822509318927501e-05,11,2.8274657292799517,False
6986,0.0017056273297318754,275,1.1745077874443748,False
6987,0.004502856150492151,726,0.6763292646276721,False
6988,6.822509318927501e-05,11,1.7382696758617053,False
6989,0.0004527665275288251,73,2.6321198270745474,False
6990,0.0013334904577903754,215,8.493990977974825,False
6991,0.0021459892948626504,346,1.2596524674768392,False
6992,0.0004217551215337001,68,7.081414468148175,False
6993,0.0019847299836880006,320,1.8029568821191788,False
6994,0.0010791969286303503,174,1.6952469561291836,False
6995,0.0013831087073825753,223,2.083699845412387,False
6996,0.0009427467422518002,152,1.1343856971514852,False
6997,0.0027662174147651507,446,1.4986367300486885,False
6998,0.0011722311466157253,189,1.0272600852623188,False
6999,0.0003597323095434501,58,6.567737920530911,False
7000,0.0014327269569747753,231,1.528016406220275,False
7001,0.0011350174594215753,183,1.2902820976705498,False
7002,0.0020281459520811755,327,1.791979071561714,False
7003,0.0012466585210040252,201,1.9447713194794916,False
7004,0.00011784334278147503,19,1.084197395726254,False
7005,0.0020281459520811755,327,1.7934862382550487,False
7006,0.0029212744447407756,471,2.9843773421714768,False
7007,0.00010543878038342502,17,2.3807253977831673,False
7008,0.0009861627106449752,159,3.0417489188272246,False
7009,0.0027041946027749008,436,1.6529705767784644,False
7010,0.0021583938572607006,348,1.2824237829652325,False
7011,0.006369742791398676,1027,1.1542214836558906,False
7012,0.0003845414343395501,62,2.814495821152964,False
7013,0.0007876897122761752,127,6.786453609391461,False
7014,0.025962749099118654,4186,0.7103946337674829,False
7015,0.0022080121068529003,356,2.0534117965216048,False
7016,0.019859704399278054,3202,0.7644773819236589,False
7017,0.004285776308526276,691,0.9995910272584465,False
7018,0.00011784334278147503,19,2.370909853985435,False
7019,0.0014451315193728252,233,1.2852139022728917,False
7020,0.00015505702997562504,25,4.554218325614929,False
7021,0.0015629748621543004,252,1.4057727091842227,False
7022,0.00022328212316490004,36,2.9898129999637604,False
7023,0.0023692714180275506,382,2.232684463106525,False
7024,0.0004465642463298001,72,1.0217842095428042,False
7025,0.00024188896676197505,39,5.379996868280264,False
7026,0.0021087756076685004,340,1.905476889189552,False
7027,0.0003101140599512501,50,7.229347310066223,False
7028,0.0019289094528967753,311,2.1453666127379685,False
7029,0.0022328212316490006,360,1.1824706925286188,False
7030,3.721368719415001e-05,6,2.4042794505755105,False
7031,0.0008497125242664252,137,1.649211613801274,False
7032,0.00039694599673760006,64,1.2070673387497663,False
7033,0.0052781413003702765,851,1.2796115045962126,False
7034,0.0012342539586059752,199,1.2675878785962436,False
7035,0.00018606843597075004,30,2.0518434047698975,False
7036,0.0021956075444548506,354,1.7132955553841456,False
7037,0.00025429352916002504,41,1.481109305125911,False
7038,0.00022948440436392506,37,8.52893480739078,False
7039,0.003200377098696901,516,0.8049295244290847,False
7040,0.0006512395258976251,105,2.107838075501578,False
7041,0.0003845414343395501,62,1.3160439498962895,False
7042,0.00012404562398050004,20,1.0831969618797301,False
7043,0.0003845414343395501,62,2.4500467200433054,False
7044,0.0007752851498781252,125,2.0118714027404785,False
7045,6.202281199025002e-05,10,9.123869705200196,False
7046,0.0003473277471454001,56,4.52768378172602,False
7047,0.00013645018637855003,22,3.257726387544112,False
7048,0.0011226128970235252,181,0.8711294831491966,False
7049,0.00029150721635417507,47,1.8580470034416685,False
7050,0.012286719055268527,1981,1.5186896149646387,False
7051,0.0011164106158245003,180,1.3014856312010024,False
7052,0.0018606843597075004,300,1.8221845734119415,False
7053,0.00014885474877660004,24,1.8358727594216664,False
7054,0.0020343482332802003,328,1.1787031554594272,False
7055,0.0009489490234508252,153,2.155730083876965,False
7056,0.0005520030267132251,89,1.8647218661361866,False
7057,0.0008869262114605752,143,0.8413795374490164,False
7058,0.0009241398986547252,149,1.0437535175541104,False
7059,0.0012838722081981752,207,2.3627227803935176,False
7060,0.0006450372446986001,104,1.1050937794722044,False
7061,0.0007442737438830002,120,1.4224965910116831,False
7062,1.2404562398050002e-05,2,0.8588638305664062,False
7063,0.0006574418070966502,106,1.3599604244502086,False
7064,0.00017986615477172505,29,10.538196169096848,False
7065,0.0025243284480031755,407,3.7214358857574275,False
7066,0.0008249033994703252,133,1.3547311062203313,False
7067,0.00019847299836880003,32,8.546821802854538,False
7068,0.0026173626659885506,422,0.8523343891894083,False
7069,0.007293882690053401,1176,1.8006176421431457,False
7070,0.008708002803431102,1404,0.8718475466779834,False
7071,0.013161240704331053,2122,0.8124836320364733,False
7072,0.0017180318921299253,277,1.00336043412935,False
7073,0.003653143626225726,589,1.6560040758906884,False
7074,0.004719935992458026,761,0.9153016412461791,False
7075,0.0018110661101153004,292,0.9313521119829726,False
7076,0.004639306336870701,748,0.9338033773044851,False
7077,0.003200377098696901,516,1.0385514349900475,False
7078,0.01568556915233423,2529,0.8075224188958858,False
7079,0.00017366387357270005,28,1.8188533101763045,False
7080,0.0003907437155385751,63,6.99882305614532,False
7081,0.00019227071716977504,31,7.016216051193975,False
7082,0.00011784334278147503,19,1.6949513774169118,False
7083,2.4809124796100004e-05,4,1.2664921879768372,False
7084,0.0020281459520811755,327,1.255836982245839,False
7085,0.0021521915760616753,347,2.9572416794746683,False
7086,0.0020715619204743504,334,0.9794790252240119,False
7087,0.004068696466560401,656,1.256629975285472,False
7088,0.0018296729537123754,295,1.6403843580666235,False
7089,0.0018916957657026255,305,2.1214559758295777,False
7090,0.0019103026092997003,308,2.433699600108258,False
7091,0.00019227071716977504,31,1.5468193407981627,False
7092,0.006053426450248402,976,1.269826244135372,False
7093,6.822509318927501e-05,11,3.107555216008967,False
7094,6.202281199025002e-05,10,2.9018430709838867,False
7095,0.00021087756076685005,34,1.8713349945404951,False
7096,0.0012032425526108503,194,4.944043692239781,False
7097,0.0015815817057513754,255,3.2907091612909354,False
7098,0.009737581482469252,1570,0.831387429935917,False
7099,0.007765256061179302,1252,0.9345908012633888,False
7100,0.0024499010736148755,395,1.7029721417004549,False
7101,0.03753000353530028,6051,0.6124607137246006,False
7102,0.00015505702997562504,25,12.697158012390137,False
7103,0.002760015133566126,445,1.0625585877493526,False
7104,0.00017366387357270005,28,1.1345652767590113,False
7105,0.005178904801185876,835,0.9795277646915641,False
7106,0.0034732774714540007,560,1.0369756596429007,False
7107,0.00023568668556295006,38,8.533923782800374,False
7108,0.0003845414343395501,62,2.1416023431285733,False
7109,0.0020901687640714254,337,1.7659379919487928,False
7110,0.00014885474877660004,24,1.4615779221057892,False
7111,0.0066550477265538265,1073,1.2135878098088786,False
7112,0.0013955132697806253,225,1.187434392505222,False
7113,0.0022576303564451005,364,1.8940176551158612,False
7114,0.00014885474877660004,24,2.1877364963293076,False
7115,5.582053079122501e-05,9,1.906266212463379,False
7116,0.0027290037275710007,440,1.0266001630913129,False
7117,8.062965558732502e-05,13,1.7551745818211482,False
7118,0.0019289094528967753,311,1.1291954080391544,False
7119,0.0020963710452704507,338,1.8119915713219954,False
7120,0.008863059833406727,1429,0.9534356415563734,False
7121,0.0004217551215337001,68,1.2198465431437773,False
7122,0.0036841550322208507,594,1.4861652642388135,False
7123,0.007126421097679726,1149,1.3598977127108396,False
7124,4.341596839317501e-05,7,1.4426531621388026,False
7125,0.0023444622932314507,378,2.0237954413449324,False
7126,0.0007566783062810502,122,1.982365502685797,False
7127,0.004831577054040476,779,0.7371537122248991,False
7128,0.0032996135978813007,532,1.3768367090619595,False
7129,0.0019289094528967753,311,1.2408364666236558,False
7130,0.06038540975370742,9736,0.8846891837327717,False
7131,0.006456574728185027,1041,2.9599474202429983,False
7132,0.0057743237962922765,931,1.745277395565963,False
7133,0.0004465642463298001,72,1.6332472893926833,False
7134,0.0011970402714118252,193,1.3010282985904673,False
7135,0.0013458950201884253,217,1.0751211676180088,False
7136,0.0020467527956782505,330,1.3541196805058104,False
7137,0.0005830144327083501,94,1.2711789937729532,False
7138,0.0011660288654167003,188,1.586196465061066,False
7139,0.0006636440882956752,107,1.9787392660836194,False
7140,0.012243303086875353,1974,2.2435524248666194,False
7141,0.0021832029820568004,352,1.366660893640735,False
7142,0.004974229521618051,802,0.8246061165731149,False
7143,0.0026545763531827006,428,1.5067931346804182,False
7144,2.4809124796100004e-05,4,3.183290421962738,False
7145,0.017031464172522656,2746,1.3567275004237564,False
7146,0.0006636440882956752,107,1.3658935823173166,False
7147,0.0004899802147229751,79,1.2575989146775837,False
7148,0.00027290037275710005,44,2.9307929331606086,False
7149,0.0020343482332802003,328,3.1865760785777395,False
7150,0.0031259497243086008,504,1.8008277170241824,False
7151,0.0047819588044482764,771,1.5029413758858015,False
7152,0.0016001885493484504,258,3.7589285997457282,False
7153,0.0014389292381738004,232,1.5215433753769974,False
7154,0.007083005129286552,1142,3.336807258074839,False
7155,0.0031073428807115258,501,1.5760298239256807,False
7156,0.00011784334278147503,19,2.6259652815367045,False
7157,0.0053525686747585765,863,0.8714893469252426,False
7158,0.0020777642016733757,335,2.431132836840046,False
7159,0.0002480912479610001,40,5.272875210642814,False
7160,0.00012404562398050004,20,3.6728761553764344,False
7161,0.009067735112974552,1462,0.8027709146857098,False
7162,0.011250938095031353,1814,0.9242637470249567,False
7163,0.00013645018637855003,22,11.3008319681341,False
7164,0.0003101140599512501,50,2.236936616897583,False
7165,0.0021521915760616753,347,3.200320611426054,False
7166,0.0035539071270413256,573,1.2646149111875897,False
7167,6.202281199025002e-05,10,1.1205837726593018,False
7168,0.0017800547041201755,287,1.2715411103145586,False
7169,0.0005333961831161502,86,1.3250381433686544,False
7170,0.0021583938572607006,348,1.4095718295409763,False
7171,0.0022700349188431506,366,1.0011851917850516,False
7172,0.00024188896676197505,39,1.5067267662439592,False
7173,0.00023568668556295006,38,3.3230080604553223,False
7174,0.09222171914830275,14869,0.9444941141568658,False
7175,0.00020467527956782505,33,8.18719286629648,False
7176,0.0021894052632558253,353,1.7022396937308162,False
7177,0.0009241398986547252,149,1.8068040529353506,False
7178,0.028238986299160832,4553,0.5477065742604946,False
7179,0.0007876897122761752,127,5.392614695030873,False
7180,0.0021521915760616753,347,1.7797660947876637,False
7181,0.006456574728185027,1041,0.7656749785805298,False
7182,0.007746649217582227,1249,1.053445709142998,False
7183,0.0012776699269991503,206,1.2294062885265906,False
7184,0.00017986615477172505,29,1.894846768214785,False
7185,0.004298180870924326,693,1.0186401528197448,False
7186,0.0005892167139073751,95,1.5686147965882953,False
7187,0.00011784334278147503,19,4.8860268341867545,False
7188,0.0021397870136636256,345,1.0119185115980065,False
7189,0.007969931340747126,1285,0.8203486270941649,False
7190,0.0013458950201884253,217,1.2445450757505707,False
7191,0.0024623056360129256,397,1.304872195726678,False
7192,0.0007876897122761752,127,1.4178615310999352,False
7193,0.0018916957657026255,305,1.6665938529811921,False
7194,0.0004217551215337001,68,1.530818043386235,False
7195,0.0027848242583622257,449,1.4125484294509039,False
7196,0.0008869262114605752,143,1.251579601447899,False
7197,0.0019289094528967753,311,1.5503990293699061,False
7198,0.0061030446998406014,984,2.0770678939373513,False
7199,0.0025553398539983007,412,1.3810849884181347,False
7200,0.0020343482332802003,328,1.1992600458424265,False
7201,0.0019165048904987254,309,2.108907315337542,False
7202,0.009625940420886802,1552,1.0081175356796108,False
7203,0.0004217551215337001,68,2.4107293872272266,False
7204,0.0009675558670479002,156,5.900129089752833,False
7205,0.0002791026539561251,45,1.470947880215115,False
7206,0.00029150721635417507,47,3.6129549031561994,False
7207,0.02386017577264918,3847,0.8640674509752996,False
7208,0.0022080121068529003,356,2.476767977301994,False
7209,0.003442266065458876,555,1.7103338056856447,False
7210,1.8606843597075006e-05,3,16.819382190704346,False
7211,0.0010605900850332753,171,1.5009622545967325,False
7212,0.003826807499798426,617,1.5439158332212624,False
7213,0.0006326326823005501,102,1.2836799411212696,False
7214,0.008062965558732501,1300,1.5156612902421218,False
7215,0.0011474220218196253,185,1.4489345756736962,False
7216,0.005575850797923477,899,1.0284392608286144,False
7217,0.0023816759804256007,384,1.0316895482440789,False
7218,0.0017986615477172505,290,1.8018868972515238,False
7219,0.0074799511260241515,1206,1.0980655553922132,False
7220,0.0004837779335239501,78,1.2738318748963184,False
7221,0.0008745216490625251,141,1.9877204725928341,False
7222,0.0036841550322208507,594,2.1119798967733927,False
7223,0.0020963710452704507,338,6.463950817048902,False
7224,0.00011164106158245002,18,4.913838942845662,False
7225,0.0006636440882956752,107,1.0463151998609026,False
7226,0.0007628805874800752,123,1.9209839619272124,False
7227,0.0008311056806693502,134,1.3526535817046663,False
7228,0.0025243284480031755,407,1.1930089149193916,False
7229,0.0013148836141933004,212,1.9216324276519272,False
7230,0.02604337875470598,4199,0.8810641440245957,False
7231,3.721368719415001e-05,6,1.0889086325963337,False
7232,0.0032065793798959257,517,1.4462201802827404,False
7233,0.018098256538754954,2918,1.245235067920541,False
7234,0.015939862681494252,2570,0.8407917152582903,False
7235,0.0014761429253679504,238,6.028563997324775,False
7236,0.00022328212316490004,36,1.556872010231018,False
7237,0.0006140258387034752,99,1.2981239786051741,False
7238,0.0004527665275288251,73,10.299481339650612,False
7239,0.00019847299836880003,32,9.832247622311115,False
7240,0.0019165048904987254,309,1.8113774871363224,False
7241,0.0006264304011015251,101,2.5671006511933734,False
7242,0.0024250919488187756,391,3.9964020551013215,False
7243,0.0011226128970235252,181,1.1746686426974133,False
7244,0.0006140258387034752,99,1.3135073762951475,False
7245,0.0009551513046498502,154,8.063181168073184,False
7246,0.0014699406441689253,237,1.5010441566821393,False
7247,0.0005395984643151751,87,1.223354205317881,False
7248,0.005439400611544926,877,0.7142795995812323,False
7249,0.02811494067518033,4533,0.7479419350597787,False
7250,0.00020467527956782505,33,2.224595785140991,False
7251,0.010289584509182477,1659,0.7730810005597281,False
7252,6.202281199025002e-05,10,2.524219501018524,False
7253,0.0002977094975532001,48,14.454719553391138,False
7254,0.0015691771433533252,253,1.3181263844486282,False
7255,0.0006140258387034752,99,3.6865327237832424,False
7256,0.0020591573580763006,332,1.8292535816330509,False
7257,0.0025243284480031755,407,2.2727841077331243,False
7258,3.101140599512501e-05,5,4.993334817886352,False
7259,0.0010853992098293751,175,1.1012960699626377,False
7260,4.341596839317501e-05,7,1.1013844864709037,False
7261,0.0004527665275288251,73,1.9292006623255062,False
7262,0.0032872090354832506,530,0.9960301210295479,False
7263,0.00010543878038342502,17,2.3776999571744133,False
7264,0.0018916957657026255,305,1.5013374641293384,False
7265,0.0024933170420080504,402,2.8632938090841566,False
7266,4.961824959220001e-05,8,17.325106889009476,False
7267,0.0007256669002859252,117,2.100403221244486,False
7268,0.014755226972480478,2379,1.1186841328938801,False
7269,0.0020839664828724005,336,2.7219281253360568,False
7270,0.0032251862234930007,520,1.549859187236199,False
7271,0.006872127568519701,1108,1.0303388304658745,False
7272,0.3168373327709932,51084,2.8087619216652504,False
7273,0.0007380714626839752,119,1.8144048121796936,False
7274,0.0023382600120324254,377,1.5245993510481533,False
7275,0.035173136679670786,5671,0.5333283830836765,False
7276,0.016144537961062078,2603,0.6579374482986151,False
7277,0.0024312942300178005,392,1.5977462977170944,False
7278,0.006450372446986001,1040,0.9172513471199916,False
7279,0.0021335847324646007,344,1.1263110124787619,False
7280,0.0012342539586059752,199,1.3410659477339317,False
7281,1.2404562398050002e-05,2,53.27439504861832,False
7282,0.00016746159237367503,27,1.3503290503113359,False
7283,4.341596839317501e-05,7,3.7902733939034596,False
7284,0.00021087756076685005,34,7.6426703228670005,False
7285,0.0010791969286303503,174,1.0883867555651172,False
7286,0.01960541087011803,3161,1.0740158723072701,False
7287,4.341596839317501e-05,7,1.1402862071990967,False
7288,0.0006884532130917751,111,11.407446597073529,False
7289,0.004992836365215126,805,0.7164587873849809,False
7290,0.0013272881765913503,214,0.9678088822097421,False
7291,0.0022700349188431506,366,1.5396124352522886,False
7292,4.341596839317501e-05,7,5.5373857872826715,False
7293,0.0002666980915580751,43,1.9496800040089808,False
7294,0.0004217551215337001,68,1.222642686437158,False
7295,0.0015009520501640503,242,1.5222627564895252,False
7296,0.0033988500970657007,548,1.1191243533670467,False
7297,0.00027290037275710005,44,1.4241317835721103,False
7298,0.0020715619204743504,334,2.20137600805945,False
7299,0.0005085870583200501,82,1.4452113087584333,False
7300,0.0010916014910284002,176,5.9350100579586895,False
7301,3.101140599512501e-05,5,1.1408755779266357,False
7302,0.0023754736992265754,383,0.8388464998638661,False
7303,0.004757149679652176,767,0.8188488871985962,False
7304,0.0009365444610527753,151,4.546401641226762,False
7305,0.0016808182049357753,271,4.737770894796646,False
7306,0.010599698569133727,1709,1.1916870009208576,False
7307,0.0004961824959220001,80,1.418122610449791,False
7308,0.0062146857614230515,1002,0.8004125225805713,False
7309,0.0007628805874800752,123,1.4054861020266525,False
7310,0.05695554825064659,9183,5.657539016240097,False
7311,0.0034360637842598507,554,1.3398848832299133,False
7312,0.0005209916207181001,84,3.7992038485549746,False
7313,0.00014885474877660004,24,1.4597813785076141,False
7314,0.0005023847771210251,81,4.45855176448822,False
7315,0.0006760486506937252,109,3.0441499675085786,False
7316,0.0003101140599512501,50,12.912141139507293,False
7317,0.0008249033994703252,133,4.848525694438389,False
7318,0.0012156471150089002,196,3.641716413960165,False
7319,0.0033430295662744756,539,1.6832553168174729,False
7320,0.0014451315193728252,233,3.394332150021336,False
7321,0.00012404562398050004,20,1.0609894275665284,False
7322,0.0025801489787944006,416,0.7893954908045439,False
7323,0.0020467527956782505,330,1.737761138424729,False
7324,0.00039694599673760006,64,7.360887559130788,False
7325,0.0005085870583200501,82,2.8205016328067316,False
7326,0.00035353002834442507,57,7.770487797887702,False
7327,0.0010047695542420502,162,1.2492510624873785,False
7328,0.0003473277471454001,56,1.0095959774085455,False
7329,0.0006450372446986001,104,1.3969381222358117,False
7330,0.0025429352916002505,410,2.864543154472258,False
7331,0.0018730889221055505,302,3.713656561264139,False
7332,0.00016125931117465003,26,1.5937817096710205,False
7333,0.013967537260204303,2252,0.8262981973575233,False
7334,0.008528136648659377,1375,0.741786679354581,False
7335,0.0022886417624402257,369,1.2508505140216692,False
7336,0.0019165048904987254,309,1.183115466127118,False
7337,0.0019909322648870255,321,2.8734145810670944,False
7338,0.0026173626659885506,422,3.1895959591978533,False
7339,0.0019723254212899504,318,1.8372581743594236,False
7340,0.0005644075891112751,91,5.96077055983491,False
7341,0.0016374022365426004,264,1.308396583253687,False
7342,0.004769554242050226,769,2.046337362848736,False
7343,0.00022328212316490004,36,1.09918964571423,False
7344,0.011486624780594302,1852,1.0012371959748072,False
7345,0.0007566783062810502,122,1.5071469985070776,False
7346,0.01929529681016678,3111,0.888535919238501,False
7347,0.0021087756076685004,340,1.8368006425745347,False
7348,0.003653143626225726,589,2.003246104980365,False
7349,0.003467075190254976,559,1.5672278327464204,False
7350,0.0021645961384597254,349,7.178293427628569,False
7351,0.0027103968839739256,437,1.519359568982157,False
7352,0.0025925535411924507,418,5.39034595957213,False
7353,0.005358770955957601,864,1.8829105868935585,False
7354,0.00025429352916002504,41,2.5638974003675505,False
7355,0.0018482797973094504,298,3.1995230473127942,False
7356,0.00032251862234930007,52,6.656880041727653,False
7357,0.00022948440436392506,37,1.6153394080497123,False
7358,0.0027290037275710007,440,1.0119078465483404,False
7359,0.0019289094528967753,311,1.2242094159509591,False
7360,0.006295315417010376,1015,0.8316804693250234,False
7361,0.015319634561591753,2470,1.096560961225255,False
7362,9.303421798537502e-05,15,1.4553987661997476,False
7363,0.0016746159237367505,270,3.2004323561986285,False
7364,0.0017676501417221253,285,1.1603745184446637,False
7365,0.0012156471150089002,196,5.533963500845189,False
7366,0.0009799604294459501,158,2.0061515464058406,False
7367,0.0004837779335239501,78,1.2334843965677114,False
7368,0.0031879725362988507,514,1.0367396729001739,False
7369,0.00010543878038342502,17,1.1609589632819681,False
7370,0.0062146857614230515,1002,1.2208896430428633,False
7371,0.006406956478592826,1033,1.569788913989921,False
7372,0.009086341956571627,1465,1.012020047451449,False
7373,0.0021397870136636256,345,1.889964693180029,False
7374,0.0037399755630120757,603,1.5103635629808922,False
7375,0.0029398812883378506,474,2.5140061635005324,False
7376,0.0009613535858488752,155,1.883925308719758,False
7377,0.0024871147608090255,401,0.8565715943785974,False
7378,0.0011040060534264502,178,1.7861402905389163,False
7379,0.0010357809602371752,167,1.129614179719708,False
7380,0.010885003504288877,1755,0.6949953302019342,False
7381,0.0025057216044061005,404,1.6598516206930178,False
7382,0.0021273824512655754,343,1.494609504677464,False
7383,0.0002791026539561251,45,1.850795406765408,False
7384,0.005247129894375151,846,1.1508932333466009,False
7385,0.0011970402714118252,193,5.235262376039139,False
7386,0.011424601968604052,1842,0.6498494620690776,False
7387,0.0026173626659885506,422,0.7897412943614037,False
7388,0.003597323095434501,580,1.4483253863351098,False
7389,0.0013148836141933004,212,1.1465066581402186,False
7390,0.00011164106158245002,18,1.0342365238401625,False
7391,0.0004713733711259001,76,2.225267899663825,False
7392,0.003256197629488126,525,0.9260394788923718,False
7393,0.0007876897122761752,127,1.5291499359401193,False
7394,0.0005582053079122502,90,1.3402310477362738,False
7395,0.0015567725809552753,251,0.9718357248610234,False
7396,0.0012032425526108503,194,1.2896400014149774,False
7397,0.0005085870583200501,82,1.4588175197926962,False
7398,0.0013645018637855003,220,1.6989796931093388,False
7399,0.04092265135116696,6598,2.4406642353003516,False
7400,0.009092544237770651,1466,0.647728801912045,False
7401,0.0004155528403346751,67,6.27357946936764,False
7402,0.004695126867661926,757,0.8488378121641857,False
7403,0.003640739063827676,587,0.7389305364943444,False
7404,0.0022204166692509505,358,1.3994378480831338,False
7405,0.0007814874310771502,126,2.9854009302835616,False
7406,0.00021707984196587504,35,1.8178380216870988,False
7407,0.00030391177875222506,49,5.947899550807719,False
7408,0.00022948440436392506,37,8.921107884999868,False
7409,0.0034980865962501006,564,1.2690730145637026,False
7410,0.003200377098696901,516,1.4510496785474378,False
7411,0.008838250708610627,1425,0.8959339437150119,False
7412,0.0004031482779366251,65,2.118384214547964,False
7413,1.8606843597075006e-05,3,0.3478291829427083,False
7414,7.442737438830002e-05,12,1.087859074274699,False
7415,0.039924084078123936,6437,0.9178503174875878,False
7416,0.0016498067989406504,266,1.5734733629943733,False
7417,0.0020157413896831253,325,0.965606208214393,False
7418,0.0014389292381738004,232,1.4204510604513103,False
7419,0.0004155528403346751,67,6.463088752618477,False
7420,0.00024188896676197505,39,3.2371056324396377,False
7421,0.00023568668556295006,38,1.5283274462348537,False
7422,0.0004093505591356501,66,1.5326452959667554,False
7423,0.0017428410169260254,281,1.3654191650954006,False
7424,0.024306740018978982,3919,0.7179058743666921,False
7425,0.0007752851498781252,125,1.8113784847259522,False
7426,0.006686059132548951,1078,0.8943998919789556,False
7427,0.0012590630834020753,203,1.4718148215063687,False
7428,0.006171269793029876,995,0.8111199517944949,False
7429,0.003808200656201351,614,1.1232964359587878,False
7430,0.011139297033448903,1796,1.3948255482654528,False
7431,0.0019971345460860503,322,10.795471289143059,False
7432,0.0011164106158245003,180,1.1406251509984335,False
7433,0.0025739466975953757,415,1.5283866411232085,False
7434,0.0010543878038342502,170,1.4000163555145264,False
7435,5.582053079122501e-05,9,1.1547467841042414,False
7436,0.0008931284926596002,144,2.108765425781409,False
7437,0.0014575360817708754,235,0.8149165437576619,False
7438,0.0019847299836880006,320,1.4730586003512145,False
7439,0.0009241398986547252,149,1.7003632303852363,False
7440,1.8606843597075006e-05,3,1.8469266891479492,False
7441,0.0009241398986547252,149,1.4260453889834002,False
7442,0.0011164106158245003,180,0.9018834584289127,False
7443,0.00029150721635417507,47,6.31442802510363,False
7444,0.0021832029820568004,352,3.0852853005582634,False
7445,0.0003783391531405251,61,11.216178327310281,False
7446,0.009384051454124827,1513,1.2766628643572921,False
7447,7.442737438830002e-05,12,1.4592223664124806,False
7448,0.0023072486060373007,372,2.4294335951087294,False
7449,0.0012466585210040252,201,2.423107313279489,False
7450,0.004260967183730176,687,0.9167078297905179,False
7451,0.00018606843597075004,30,2.2344343741734822,False
7452,0.006841116162524577,1103,1.2239664601717661,False
7453,0.00022328212316490004,36,8.41560125682089,False
7454,0.0026049581035905004,420,0.9403403548967271,False
7455,3.721368719415001e-05,6,3.9978599548339844,False
7456,0.0003473277471454001,56,12.684484085866384,False
7457,0.012175077993686077,1963,1.096670241727552,False
7458,0.010035290980022453,1618,1.095539620912856,False
7459,0.0024995193232070756,403,2.021114215661515,False
7460,0.013049599642748603,2104,0.763011875261372,False
7461,0.00011164106158245002,18,1.6379397710164387,False
7462,0.00035353002834442507,57,1.7473736478571307,False
7463,0.005209916207181001,840,1.4444752143962043,False
7464,0.0017490432981250503,282,1.12124820296646,False
7465,0.0015877839869504003,256,3.5478621274232864,False
7466,0.023208936246751556,3742,1.2623964999844721,False
7467,0.014141201133777002,2280,0.6511030364454838,False
7468,0.0022390235128480255,361,3.3293977133785257,False
7469,0.0017800547041201755,287,1.5985230427585828,False
7470,3.101140599512501e-05,5,5.289879417419433,False
7471,0.004267169464929201,688,2.9906647316245145,False
7472,0.004217551215337001,680,1.8394850860623753,False
7473,0.0028096333831583256,453,2.0338776837911037,False
7474,0.012491394334836353,2014,0.6787825663016356,False
7475,0.0009799604294459501,158,1.0403452070453498,False
7476,0.0017552455793240754,283,8.668486001213532,False
7477,0.007287680408854377,1175,0.7041957230263568,False
7478,0.015412668779577128,2485,0.7562918582912422,False
7479,0.00015505702997562504,25,7.039289293289184,False
7480,0.005017645490011226,809,1.4049198848502744,False
7481,0.004105910153754551,662,2.9349421720130207,False
7482,0.0014637383629699002,236,1.2106500141701455,False
7483,0.0005644075891112751,91,5.656285754926912,False
7484,0.02533631869801713,4085,2.061799378611029,False
7485,0.010301989071580527,1661,1.1146484782794812,False
7486,0.003919841717783801,632,1.6740885550462747,False
7487,0.0006202281199025002,100,0.8868735897541046,False
7488,0.00016746159237367503,27,2.530373078805429,False
7489,0.013217061235122278,2131,0.8536154819955741,False
7490,0.0025243284480031755,407,1.5670227855077832,False
7491,0.0005830144327083501,94,1.8830299808623943,False
7492,0.0004775756523249251,77,1.5751862402086134,False
7493,0.00014265246757757502,23,1.528730211050614,False
7494,0.0002791026539561251,45,13.336078140470716,False
7495,0.005526232548331276,891,1.1555449488989833,False
7496,0.0007566783062810502,122,2.2594161346310475,False
7497,0.0030577246311193256,493,0.7933190309009978,False
7498,0.0025553398539983007,412,4.271413163074012,False
7499,0.0003597323095434501,58,8.284287814436288,False
7500,0.0021956075444548506,354,2.3350980116822626,False
7501,0.0005147893395190752,83,5.012270217918488,False
7502,0.0017738524229211504,286,0.9986255844156225,False
7503,0.006189876636626951,998,0.8327696731907571,False
7504,0.0023568668556295004,380,1.2843600360970748,False
7505,0.0024871147608090255,401,0.9437614518805335,False
7506,0.0019909322648870255,321,4.285401648821489,False
7507,0.0013893109885816004,224,1.6473203796361173,False
7508,0.00021087756076685005,34,1.6859386458116419,False
7509,0.0012156471150089002,196,1.049999197526854,False
7510,0.0020343482332802003,328,2.1533479952230685,False
7511,0.003690357313419876,595,0.8599916117531913,False
7512,0.0024002828240226757,387,1.5143623681647524,False
7513,0.00016746159237367503,27,2.5381224243729203,False
7514,0.0006636440882956752,107,3.0220621100095943,False
7515,0.0027352060087700255,441,9.995975563044992,False
7516,0.0019599208588919003,316,1.0098904665512374,False
7517,0.006010010481855226,969,1.4803838262370987,False
7518,0.0003101140599512501,50,4.865855751037597,False
7519,0.0008931284926596002,144,1.4255174828900232,False
7520,9.303421798537502e-05,15,1.0314843813578287,False
7521,0.010109718354410753,1630,4.920320597455546,False
7522,0.006053426450248402,976,1.6640704314483972,False
7523,0.00017986615477172505,29,3.575303349001654,False
7524,0.01847659569189548,2979,0.95676349897279,False
7525,0.0033244227226774006,536,1.6712739979153248,False
7526,0.0010916014910284002,176,1.5189891376278617,False
7527,0.0023134508872363255,373,1.2734213370739935,False
7528,0.0002977094975532001,48,9.343180721004805,False
7529,0.0019971345460860503,322,2.104724235416199,False
7530,0.005997605919457177,967,4.956027315715723,False
7531,0.0019537185776928754,315,1.4735606424392216,False
7532,0.004397417370108726,709,2.425751671972665,False
7533,0.00024188896676197505,39,4.862312671465752,False
7534,0.0002791026539561251,45,1.984239477581448,False
7535,3.721368719415001e-05,6,1.6238061388333638,False
7536,0.0006760486506937252,109,2.6780198801548107,False
7537,0.0018668866409065254,301,1.782375954710368,False
7538,0.0066550477265538265,1073,1.7555369282035436,False
7539,0.0023258554496343757,375,0.9498356431325277,False
7540,0.004279574027327251,690,1.512402509951937,False
7541,0.0035104911586481507,566,1.1837861213582985,False
7542,0.003950853123778926,637,0.7371798504839887,False
7543,0.0028096333831583256,453,13.763390716338,False
7544,0.0008000942746742252,129,1.4894736848136252,False
7545,0.00028530493515515004,46,1.552104810009832,False
7546,0.003808200656201351,614,1.5103064220192377,False
7547,0.02735826236889928,4411,4.2268321281980965,False
7548,0.0020839664828724005,336,7.071391822326751,False
7549,0.0013334904577903754,215,1.209975313585858,False
7550,0.00013645018637855003,22,1.84546038237485,False
7551,0.0004589688087278501,74,8.261442058795208,False
7552,0.00022948440436392506,37,2.775978958284533,False
7553,9.923649918440002e-05,16,2.6807139068841934,False
7554,0.00028530493515515004,46,1.5180189920508342,False
7555,0.0038392120621964757,619,5.9801963995269505,False
7556,0.0015133566125621004,244,2.0724223803301327,False
7557,0.00015505702997562504,25,10.152935256958008,False
7558,1.2404562398050002e-05,2,2.172879457473755,False
7559,6.202281199025002e-05,10,2.4437485933303833,False
7560,0.0005706098703103001,92,1.1080605543178061,False
7561,0.0020157413896831253,325,1.3014023149930514,False
7562,0.0023692714180275506,382,1.5935304682916371,False
7563,0.0020963710452704507,338,1.617143623927641,False
7564,0.004651710899268751,750,1.3744634939829508,False
7565,0.0023630691368285257,381,1.2416179787142696,False
7566,0.00011164106158245002,18,1.348166373040941,False
7567,0.0003845414343395501,62,1.305913959780047,False
7568,0.009402658297721902,1516,2.4795515562424875,False
7569,0.00022948440436392506,37,10.030185544813001,False
7570,0.0031259497243086008,504,0.762203809287813,False
7571,0.00028530493515515004,46,2.2676044184228648,False
7572,0.0010171741166401002,164,7.998317048317048,False
7573,0.021050542389490855,3394,2.015383665324241,False
7574,0.009458478828513127,1525,1.3698232710166056,False
7575,0.0022700349188431506,366,0.9918388528902022,False
7576,0.008025751871538351,1294,0.9354738430040881,False
7577,0.00036593459074247506,59,2.0965532529152044,False
7578,0.0019847299836880006,320,1.8330486804246902,False
7579,0.0003783391531405251,61,1.6854012989607015,False
7580,0.0005892167139073751,95,1.91134016388341,False
7581,0.0021211801700665505,342,1.5735513623694928,False
7582,0.0028840607575466256,465,1.0280166861831501,False
7583,0.0025677444163963504,414,2.43349869441295,False
7584,0.0023010463248382754,371,1.5749248687147772,False
7585,0.003405052378264726,549,1.250046446023743,False
7586,0.0025925535411924507,418,1.3591981892380418,False
7587,0.015127363844421978,2439,1.149140780653412,False
7588,0.00031631634115027505,51,4.444420405462677,False
7589,0.0010295786790381503,166,1.7647309805973466,False
7590,0.0009861627106449752,159,1.4498008549588282,False
7591,0.0014513338005718503,234,1.049894190242148,False
7592,0.0024126873864207254,389,1.7642155907147954,False
7593,0.0019909322648870255,321,1.0032814210077683,False
7594,4.341596839317501e-05,7,2.062777979033334,False
7595,3.721368719415001e-05,6,1.527519663174947,False
7596,0.014228033070563353,2294,0.849932390394269,False
7597,0.0011350174594215753,183,1.2405221351508886,False
7598,0.0009179376174557002,148,1.1936094164848328,False
7599,0.0015195588937611253,245,4.8007724737634465,False
7600,0.008292449963096428,1337,1.0723850658426735,False
7601,0.04644268161829921,7488,1.1752823193868,False
7602,0.0011040060534264502,178,1.3131667730513583,False
7603,0.0017304364545279755,279,3.1058031085571507,False
7604,0.0020157413896831253,325,1.3285360072209285,False
7605,5.582053079122501e-05,9,1.285386774275038,False
7606,0.0007628805874800752,123,2.4338355490831827,False
7607,0.0014637383629699002,236,1.9041171700267467,False
7608,0.0006326326823005501,102,1.749392010417639,False
7609,0.0025677444163963504,414,1.280128186163695,False
7610,0.0032623999106871507,526,1.010813670466608,False
7611,0.0020653596392753255,333,1.27029148522798,False
7612,0.0008435102430674002,136,2.0427266499575447,False
7613,0.0003101140599512501,50,2.3698974895477294,False
7614,0.0007814874310771502,126,3.5721855797464888,False
7615,0.0003907437155385751,63,6.007516843932016,False
7616,0.0024561033548139008,396,6.427948609145001,False
7617,0.0052781413003702765,851,1.0315725032927427,False
7618,0.0027538128523671005,444,0.9774715532590678,False
7619,0.0006636440882956752,107,5.455197163831408,False
7620,0.0014079178321786752,227,1.6867945708892418,False
7621,0.006729475100942127,1085,4.0851572336689115,False
7622,0.006183674355427927,997,0.8313009746096198,False
7623,0.009514299359304352,1534,4.261486558280059,False
7624,0.00014885474877660004,24,12.724804302056631,False
7625,0.0019909322648870255,321,1.6439505005922643,False
7626,0.0005147893395190752,83,2.908162896891674,False
7627,0.004465642463298001,720,1.1395097547107274,False
7628,0.004006673654570151,646,3.0153552371281958,False
7629,0.004564878962482401,736,2.3230185358096724,False
7630,0.0019041003281006755,307,1.354461486642446,False
7631,0.02911971022942238,4695,1.5170116818624055,False
7632,0.0022018098256538754,355,1.6101748694836253,False
7633,0.0011970402714118252,193,3.0904243801541895,False
7634,0.0020777642016733757,335,5.833400986087856,False
7635,0.0022576303564451005,364,2.3727318935996884,False
7636,0.003312018160279351,534,1.4490294045723333,False
7637,0.0017304364545279755,279,1.5355617624029891,False
7638,0.0038392120621964757,619,1.0630671122925348,False
7639,0.0006326326823005501,102,1.2468793707735397,False
7640,0.0003411254659463751,55,1.0814002253792503,False
7641,0.0008373079618683752,135,4.464386751033642,False
7642,0.006841116162524577,1103,1.3524222096203677,False
7643,0.0004961824959220001,80,5.18107419013977,False
7644,0.0014761429253679504,238,1.6364268174692362,False
7645,0.0026421717907846505,426,1.0623768226641443,False
7646,0.0032810067542842257,529,0.9227168158907971,False
7647,0.0023568668556295004,380,2.044729287373392,False
7648,0.0019041003281006755,307,7.3483692892987875,False
7649,3.101140599512501e-05,5,1.7432803630828857,False
7650,0.0011102083346254752,179,1.4860812618745771,False
7651,0.005575850797923477,899,2.289580735003988,False
7652,0.0012094448338098754,195,1.4916386720461723,False
7653,0.04467503147657709,7203,0.531657014375724,False
7654,0.0007256669002859252,117,2.0867709359552107,False
7655,0.0010047695542420502,162,1.3324491565610155,False
7656,0.003584918533036451,578,2.635990237075977,False
7657,0.004397417370108726,709,2.332321722517565,False
7658,0.0004837779335239501,78,6.768080420983144,False
7659,0.0009241398986547252,149,1.7850043701645513,False
7660,0.0004031482779366251,65,7.49259624847999,False
7661,0.0030515223499203007,492,0.9005456901178127,False
7662,0.0017118296109309005,276,1.3024256289869114,False
7663,0.0009551513046498502,154,5.711801487130004,False
7664,0.010897408066686928,1757,0.8648855484000104,False
7665,0.0022142143880519256,357,4.839930253202508,False
7666,0.0004217551215337001,68,2.1227493899710037,False
7667,0.0004403619651307751,71,1.0742911721619082,False
7668,0.0007256669002859252,117,6.882869272150545,False
7669,0.0022390235128480255,361,2.332001672887406,False
7670,0.004385012807710676,707,3.343020781769274,False
7671,0.0025491375727992754,411,1.9817086669940438,False
7672,0.0022018098256538754,355,2.0277234762487275,False
7673,0.0018048638289162753,291,1.4265738467580265,False
7674,0.005966594513462051,962,1.106587233017983,False
7675,0.0016001885493484504,258,1.1999501507411632,False
7676,0.0023816759804256007,384,1.3464301514128845,False
7677,0.0007132623378878751,115,1.570437246820201,False
7678,0.0028468470703524756,459,0.7945948732704379,False
7679,0.0035104911586481507,566,0.9603652381222998,False
7680,0.0010295786790381503,166,1.325920262968684,False
7681,0.007145027941276801,1152,1.4864638124903042,False
7682,0.0005582053079122502,90,2.098262251747979,False
7683,0.010221359415993203,1648,0.752831078704121,False
7684,0.0025057216044061005,404,1.6775963330032801,False
7685,0.00013645018637855003,22,9.144040714610707,False
7686,0.0012342539586059752,199,1.2218613924093582,False
7687,0.0008497125242664252,137,1.5271424846927615,False
7688,0.1359974198510212,21927,1.1583462167700638,False
7689,0.0005209916207181001,84,1.0661753969533103,False
7690,0.00013024790517952503,21,10.312543562480382,False
7691,0.005085870583200501,820,0.7929180389497338,False
7692,6.202281199025002e-05,10,2.6791194915771483,False
7693,6.822509318927501e-05,11,2.5557424046776513,False
7694,0.0006636440882956752,107,1.3355540271117308,False
7695,0.003312018160279351,534,0.8988147538699461,False
7696,0.004515260712890201,728,2.024524285243108,False
7697,0.005092072864399526,821,0.963703485412226,False
7698,0.004217551215337001,680,0.7890038616517011,False
7699,0.0005395984643151751,87,0.8301548368629368,False
7700,0.0010978037722274253,177,1.26730275019414,False
7701,0.00036593459074247506,59,6.067157616049556,False
7702,0.0012900744893972003,208,1.139212774542662,False
7703,0.0023692714180275506,382,1.5220226327162139,False
7704,0.006351135947801601,1024,6.810059171752073,False
7705,0.0004527665275288251,73,6.218573730285853,False
7706,0.0012838722081981752,207,1.2789156690311894,False
7707,0.0035353002834442506,570,1.4620877680025604,False
7708,0.0004403619651307751,71,2.3103825139327787,False
7709,0.0019661231400909256,317,1.1890034916273051,False
7710,8.683193678635003e-05,14,1.562665683882577,False
7711,0.0012466585210040252,201,1.6112068511953401,False
7712,0.0047819588044482764,771,1.144553330776447,False
7713,0.0021583938572607006,348,1.0876282059598243,False
7714,0.00031631634115027505,51,0.8920276702619067,False
7715,0.0005768121515093252,93,13.970658497143818,False
7716,0.004719935992458026,761,3.832087644452961,False
7717,0.0022452257940470503,362,3.5102479299787657,False
7718,0.0019971345460860503,322,1.3900779781874664,False
7719,0.019450353840142404,3136,0.7876878240887,False
7720,0.0004217551215337001,68,1.9328448842553532,False
7721,0.0025739466975953757,415,1.2308306590620293,False
7722,0.0016063908305474753,259,2.352072846475255,False
7723,0.00017986615477172505,29,1.2250997896852165,False
7724,0.004205146652938951,678,1.1864270210969412,False
7725,0.0010481855226352253,169,0.9406340587773973,False
7726,1.2404562398050002e-05,2,7.446414351463318,False
7727,0.0023816759804256007,384,1.3228739912932117,False
7728,0.0005209916207181001,84,8.424118134237471,False
7729,0.0019847299836880006,320,1.8694295108318328,False
7730,0.0011908379902128004,192,2.163271208604177,False
7731,0.0011412197406206002,184,1.8386761157409004,False
7732,0.0032686021918861756,527,0.9047757136075275,False
7733,0.02090788992191328,3371,0.7518633624913961,False
7734,6.202281199025001e-06,1,1.317980408668518,False
7735,6.202281199025002e-05,10,7.176760363578796,False
7736,0.0004403619651307751,71,12.170249401683538,False
7737,0.0005706098703103001,92,4.870928396349368,False
7738,0.004533867556487276,731,1.010161139733488,False
7739,0.0002791026539561251,45,6.66229702366723,False
7740,0.003826807499798426,617,7.2489700925987774,False
7741,0.0012094448338098754,195,1.5100904794839711,False
7742,0.0019537185776928754,315,2.8390427634829565,False
7743,0.003913639436584776,631,1.096009648167388,False
7744,0.00019847299836880003,32,1.6061496511101723,False
7745,0.00014885474877660004,24,1.942128876845042,False
7746,0.05386060993233311,8684,12.631592130658266,False
7747,0.0023010463248382754,371,2.426238829877499,False
7748,0.0017056273297318754,275,1.5813678446683017,False
7749,0.0005458007455142001,88,1.456442047249187,False
7750,0.0018482797973094504,298,1.681151002445477,False
7751,0.0019847299836880006,320,1.6759862899780273,False
7752,0.0014513338005718503,234,1.2435685620348678,False
7753,0.0015195588937611253,245,1.1467439422802048,False
7754,0.005030050052409276,811,1.4965243586482602,False
7755,0.0004899802147229751,79,10.004754066467285,False
7756,0.0010667923662323003,172,1.3378700766452523,False
7757,0.00016746159237367503,27,1.645316137207879,False
7758,0.004899802147229751,790,0.8403779749628864,False
7759,0.008590159460649626,1385,0.7023646313360882,False
7760,6.202281199025002e-05,10,1.78159202337265,False
7761,0.0025305307292022004,408,1.723608012585079,False
7762,0.00013024790517952503,21,1.7332914443243117,False
7763,0.0019599208588919003,316,2.0559224803236464,False
7764,3.721368719415001e-05,6,1.4223538239796956,False
7765,0.0022700349188431506,366,1.1948466307478525,False
7766,0.0018048638289162753,291,1.8084280544130253,False
7767,0.0009365444610527753,151,0.9036194307125167,False
7768,4.341596839317501e-05,7,4.312247361455645,False
7769,0.00023568668556295006,38,12.901656840976916,False
7770,0.00033492318474735006,54,1.5976894255037661,False
7771,0.00035353002834442507,57,1.5458647786525257,False
7772,0.0017118296109309005,276,1.2742224551629329,False
7773,0.0037957960938033008,612,2.7590447599981345,False
7774,0.004788161085647301,772,1.4849342836617188,False
7775,0.003442266065458876,555,2.2901801654884406,False
7776,0.02350044346310573,3789,0.9327206585205271,False
7777,0.0022018098256538754,355,1.9112421781244413,False
7778,0.0008000942746742252,129,1.1429737630740617,False
7779,0.0010047695542420502,162,1.345270933928313,False
7780,0.003026713225124201,488,0.92253783442935,False
7781,0.004062494185361376,655,3.920061245401397,False
7782,0.0022142143880519256,357,4.064274624950078,False
7783,9.923649918440002e-05,16,2.023309640586376,False
7784,0.0014575360817708754,235,1.8851950970101863,False
7785,0.0014079178321786752,227,1.4901643314025474,False
7786,0.0020529550768772753,331,1.3312021151770277,False
7787,0.0012094448338098754,195,7.408337505047138,False
7788,0.0008993307738586252,145,1.2970277654713598,False
7789,0.0026545763531827006,428,1.7284255676737457,False
7790,0.00021707984196587504,35,1.8865358284541538,False
7791,0.0004713733711259001,76,8.439267075375506,False
7792,0.0010791969286303503,174,0.8257900983437725,False
7793,0.004118314716152601,664,1.2509721524744148,False
7794,0.0031569611303037255,509,3.4646822352306312,False
7795,0.0018172683913143255,293,1.005855293810978,False
7796,0.00014885474877660004,24,16.715456103285153,False
7797,0.0018544820785084755,299,1.3584388259262545,False
7798,0.003988066810973076,643,1.9140606638432291,False
7799,0.0008062965558732502,130,1.9854078613794768,False
7800,0.0029212744447407756,471,0.9829478071500288,False
7801,0.0065434066649713764,1055,0.8765805628627398,False
7802,0.0028096333831583256,453,1.399298728959713,False
7803,0.0002791026539561251,45,3.6727091312408446,False
7804,0.003969459967376001,640,1.1295751646161079,False
7805,0.0016311999553435754,263,2.199294516342221,False
7806,0.0019041003281006755,307,1.3077613258983103,False
7807,0.0021149778888675257,341,2.228410811018734,False
7808,0.0004031482779366251,65,1.1495920162934523,False
7809,0.00030391177875222506,49,9.346884591238839,False
7810,0.0008807239302615502,142,1.8227035990903075,False
7811,0.0011164106158245003,180,1.4077453328503502,False
7812,0.00014885474877660004,24,1.464062621196111,False
7813,0.015772401089120577,2543,0.7357690490890665,False
7814,0.0022824394812412004,368,1.7900146258913952,False
7815,0.0005644075891112751,91,2.0375340456490987,False
7816,0.00016746159237367503,27,5.459425104988946,False
7817,0.0012404562398050003,200,0.8712187540531159,False
7818,0.0021211801700665505,342,1.072847741389135,False
7819,0.004000471373371126,645,0.9820973470229512,False
7820,0.0012776699269991503,206,4.343061119607351,False
7821,0.005538637110729327,893,1.006320478133899,False
7822,0.0065806203521655265,1061,0.9522400549511995,False
7823,1.8606843597075006e-05,3,1.3350259860356648,False
7824,0.0004589688087278501,74,1.4655094823321781,False
7825,0.0033182204414783758,535,1.1198256782282179,False
7826,0.0011784334278147502,190,10.601815137110258,False
7827,0.008633575429042802,1392,1.6490094516982978,False
7828,0.0003845414343395501,62,2.2911171394009746,False
7829,0.004620699493273626,745,0.9436942414149342,False
7830,0.4272441403948372,68885,2.659525081714542,False
7831,0.0012032425526108503,194,1.4557785717482419,False
7832,0.0022638326376441253,365,1.8954417372403078,False
7833,0.00029150721635417507,47,1.498464510795918,False
7834,0.0009675558670479002,156,1.9360801134354029,False
7835,0.0020715619204743504,334,3.176565283072923,False
7836,0.0015071543313630753,243,1.8547886340215864,False
7837,0.0025677444163963504,414,2.911490007299156,False
7838,0.0004465642463298001,72,2.3210911518997617,False
7839,0.00011784334278147503,19,5.077923523752313,False
7840,4.341596839317501e-05,7,1.5995247534343175,False
7841,0.0021770007008577756,351,2.807959171441885,False
7842,0.003715166438215976,599,1.4077518672895353,False
7843,0.0025615421351973255,413,1.6446573890150316,False
7844,1.2404562398050002e-05,2,1.2230628728866577,False
7845,0.0015691771433533252,253,1.3201936497518667,False
7846,0.0023816759804256007,384,1.1649519018828869,False
7847,9.303421798537502e-05,15,1.337311855951945,False
7848,0.004986634084016101,804,0.8520682130880024,False
7849,0.0008559148054654502,138,1.730276252048603,False
7850,0.008552945773455478,1379,0.7795586637866246,False
7851,0.01998995230445758,3223,1.0154933391651528,False
7852,0.0014017155509796504,226,2.1523583151597894,False
7853,0.01886113712623503,3041,1.5845309727601964,False
7854,2.4809124796100004e-05,4,0.9659036993980408,False
7855,0.0006078235575044501,98,11.99525973018335,False
7856,0.0020033368272850756,323,1.5410964776856981,False
7857,0.009260005830144327,1493,0.9527371324154649,False
7858,0.00015505702997562504,25,1.3609978866577148,False
7859,0.0018854934845036005,304,1.4819969221165306,False
7860,0.002741408289969051,442,1.2197507889562063,False
7861,0.0002480912479610001,40,4.919040703773499,False
7862,0.003640739063827676,587,0.8116527700342961,False
7863,0.004254764902531151,686,1.91677019547443,False
7864,9.303421798537502e-05,15,11.064478969573974,False
7865,0.0023568668556295004,380,1.1665023640582437,False
7866,0.0020715619204743504,334,1.7404980059869275,False
7867,0.0024126873864207254,389,0.9578030109405518,False
7868,0.0019909322648870255,321,1.8941840724410297,False
7869,0.0025987558223914756,419,0.9942142001768854,False
7870,0.0007132623378878751,115,3.4362732078718103,False
7871,0.00016125931117465003,26,6.75513862646543,False
7872,0.0013086813329942753,211,1.0278386193994098,False
7873,0.0003101140599512501,50,1.6712861800193786,False
7874,0.0016560090801396754,267,1.6241664136393685,False
7875,0.0017242341733289504,278,1.3277803187747654,False
7876,0.00026049581035905006,42,1.8057274279140292,False
7877,0.006003808200656201,968,1.4164204853625337,False
7878,0.0002791026539561251,45,1.74036595026652,False
7879,0.0012404562398050003,200,0.7328254848718643,False
7880,0.0028778584763476008,464,0.9642158659367726,False
7881,0.007176039347271927,1157,1.2519112445201561,False
7882,0.004763351960851201,768,0.9508448190366229,False
7883,0.0026359695095856256,425,1.311104975307689,False
7884,0.0020467527956782505,330,1.9455808740673644,False
7885,0.0004527665275288251,73,1.1866857352322095,False
7886,0.0009365444610527753,151,2.3314504954988595,False
7887,0.0021521915760616753,347,1.7008695179859568,False
7888,9.923649918440002e-05,16,1.0704389214515686,False
7889,0.00036593459074247506,59,8.410270210039817,False
7890,0.015170779812815154,2446,1.2722694493665718,False
7891,0.0021583938572607006,348,1.231541158481576,False
7892,0.0006388349634995752,103,1.313329708228991,False
7893,0.0028964653199446758,467,1.0023489087756237,False
7894,0.0012156471150089002,196,1.8525258381755985,False
7895,0.0002977094975532001,48,2.672563709318638,False
7896,0.0007442737438830002,120,1.7533292909463247,False
7897,0.0023072486060373007,372,2.8448097478317957,False
7898,0.0025367330104012257,409,1.0277803375551928,False
7899,0.011170308439444028,1801,0.8231604111187991,False
7900,0.00019227071716977504,31,1.0900241636460828,False
7901,0.008577754898251577,1383,0.9923605293962116,False
7902,0.0010481855226352253,169,0.9253059428119095,False
7903,0.0020343482332802003,328,2.6399006821760316,False
7904,0.0010791969286303503,174,1.329257105273762,False
7905,0.0024809124796100006,400,2.23526988953352,False
7906,0.01708728470331388,2755,0.9026744254055127,False
7907,0.0007008577754898252,113,6.42438753727263,False
7908,0.0014637383629699002,236,0.8688944664041874,False
7909,0.0019661231400909256,317,1.3086904986799703,False
7910,0.0053711755183556515,866,0.8702521863765584,False
7911,0.0035663116894393758,575,2.624211054884869,False
7912,0.0014885474877660003,240,1.3834740658601126,False
7913,0.013700839168646228,2209,5.8978550904689735,False
7914,0.0019785277024889753,319,2.3648686091354274,False
7915,0.019103026092997005,3080,0.696618571683958,False
7916,0.0018792912033045754,303,1.7387032713433697,False
7917,0.0016498067989406504,266,1.273004024548638,False
7918,0.003752380125410126,605,1.2945076367086616,False
7919,0.0011412197406206002,184,1.5918071878992992,False
7920,0.0018854934845036005,304,1.36494043939992,False
7921,0.00032251862234930007,52,4.112827933751619,False
7922,0.005538637110729327,893,1.7675889649022734,False
7923,0.0018358752349114005,296,1.5408420192228782,False
7924,0.0024002828240226757,387,2.162815078592424,False
7925,0.0009861627106449752,159,1.7217805700482063,False
7926,0.0007132623378878751,115,6.44844538025234,False
7927,0.003119747443109576,503,0.902682277838705,False
7928,0.0032065793798959257,517,1.5958094550747013,False
7929,0.004347799120516526,701,3.341101351886265,False
7930,2.4809124796100004e-05,4,0.5814502537250519,False
7931,0.010525271194745427,1697,0.8831491768184521,False
7932,0.0014265246757757502,230,2.873626601177713,False
7933,0.00014265246757757502,23,10.337973594665527,False
7934,0.0015071543313630753,243,1.4163285557625225,False
7935,0.0015691771433533252,253,1.3901529637250034,False
7936,0.0019041003281006755,307,1.8420207030610076,False
7937,0.004459440182098976,719,0.8807148167420494,False
7938,0.004285776308526276,691,0.6282248842043401,False
7939,0.005284343581569301,852,1.2727284063475792,False
7940,0.0764803294651773,12331,5.616672292203086,False
7941,0.0005271939019171251,85,1.60377397256739,False
7942,0.004335394558118476,699,0.7680123108139365,False
7943,0.0037027618758179257,597,1.5074313865035422,False
7944,4.341596839317501e-05,7,2.2386484486716136,False
7945,0.0003101140599512501,50,6.609674775600434,False
7946,4.961824959220001e-05,8,6.494490712881088,False
7947,0.0008311056806693502,134,8.18776697454168,False
7948,0.0021211801700665505,342,4.372617674152753,False
7949,0.0022762372000421755,367,1.6280376388201596,False
7950,0.0027848242583622257,449,0.8511643892938151,False
7951,0.0021832029820568004,352,1.9191704592244192,False
7952,0.0023568668556295004,380,0.9135244909085726,False
7953,0.008515732086261328,1373,0.7518663989829044,False
7954,0.0025429352916002505,410,0.979281328073362,False
7955,0.0008124988370722751,131,5.100178015141087,False
7956,0.0012962767705962254,209,1.163038955350812,False
7957,0.022526685314858803,3632,0.6227728774369026,False
7958,0.0053339618311615015,860,2.259895863782528,False
7959,0.004205146652938951,678,1.1147654016109343,False
7960,9.923649918440002e-05,16,3.4203172400593758,False
7961,0.00018606843597075004,30,5.087619821230571,False
7962,0.0023568668556295004,380,1.623821432966935,False
7963,0.0004961824959220001,80,2.5059337303042413,False
7964,0.0009675558670479002,156,1.6500598925810595,False
7965,0.014358280975742878,2315,0.9850591498883703,False
7966,7.442737438830002e-05,12,0.8033526440461477,False
7967,0.0025677444163963504,414,1.8788420215321049,False
7968,0.003944650842579901,636,0.9140400530407263,False
7969,0.0029957018191290757,483,1.812208914855499,False
7970,0.0006884532130917751,111,2.206676388646031,False
7971,0.0052595344567732015,848,1.573105310353468,False
7972,0.0012962767705962254,209,1.06652151226427,False
7973,4.961824959220001e-05,8,2.5609842240810394,False
7974,0.013750457418238429,2217,0.9856737728962018,False
7975,0.0030329155063232257,489,0.8439744472016099,False
7976,1.8606843597075006e-05,3,1.2324174642562866,False
7977,0.006810104756529452,1098,0.8507559104043929,False
7978,0.0004527665275288251,73,1.6910459897289538,False
7979,0.0023878782616246256,385,2.9207736746057287,False
7980,0.02573326469475473,4149,0.6131607445500563,False
7981,0.007783862904776377,1255,0.7912027488191764,False
7982,0.0031507588491047006,508,1.9340037004215511,False
7983,0.0003721368719415001,60,1.1977137943108878,False
7984,0.00021707984196587504,35,10.958656995637076,False
7985,0.0025925535411924507,418,4.385075705473503,False
7986,0.0022142143880519256,357,1.5183960339602303,False
7987,0.0005333961831161502,86,1.528804016667743,False
7988,0.0008124988370722751,131,1.224649048943556,False
7989,0.006183674355427927,997,0.8757770943904712,False
7990,0.0006202281199025002,100,13.089292322397233,False
7991,0.010438439257959077,1683,1.1751076043254198,False
7992,0.003864021186992576,623,2.1122196773082065,False
7993,0.0021707984196587503,350,1.5932140210696628,False
7994,0.0037957960938033008,612,0.8722404638926188,False
7995,0.0012466585210040252,201,3.9835551437453844,False
7996,0.0018606843597075004,300,1.1864173046747843,False
7997,3.101140599512501e-05,5,1.1316888093948365,False
7998,0.0010357809602371752,167,2.1272345188848987,False
7999,0.0006264304011015251,101,1.1089547931557835,False
8000,0.0004465642463298001,72,4.287622292836507,False
8001,0.0011598265842176752,187,1.0769630976539244,False
8002,0.0025615421351973255,413,1.2026240600512046,False
8003,0.0025367330104012257,409,1.0991108531182436,False
8004,0.0004031482779366251,65,11.22158883718344,False
8005,6.822509318927501e-05,11,1.227398536422036,False
8006,0.006115449262238651,986,1.1959013068410012,False
8007,0.0007876897122761752,127,4.07344203107939,False
8008,0.0016187953929455254,261,3.5278753882623723,False
8009,0.0028096333831583256,453,1.9401614863351482,False
8010,0.007603996750004651,1226,0.6827779321841665,False
8011,1.2404562398050002e-05,2,47.54046946763992,False
8012,0.00029150721635417507,47,2.2001837923171674,False
8013,0.003442266065458876,555,0.8189592181025325,False
8014,0.0025739466975953757,415,2.4223618355142067,False
8015,0.0021087756076685004,340,0.9097129330915563,False
8016,0.006531002102573327,1053,1.106680201895443,False
8017,0.00018606843597075004,30,2.107982170581818,False
8018,0.024697483734517557,3982,1.505537601166308,False
8019,0.0026111603847895257,421,1.189902255767315,False
8020,0.014048166915791627,2265,0.7023505692976726,False
8021,0.0013272881765913503,214,2.051289161789083,False
8022,3.101140599512501e-05,5,4.608174133300781,False
8023,0.007281478127655352,1174,1.2658020804241121,False
8024,7.442737438830002e-05,12,0.5616242190202078,False
8025,0.0026111603847895257,421,0.9307680104520711,False
8026,0.00015505702997562504,25,3.4198662853240966,False
8027,0.0004589688087278501,74,7.947676491092992,False
8028,0.00020467527956782505,33,1.1855666131684275,False
8029,0.01575999652672253,2541,1.119165462567458,False
8030,0.004626901774472651,746,3.4165400416857437,False
8031,5.582053079122501e-05,9,1.5951489210128784,False
8032,0.0019909322648870255,321,1.9225639554199028,False
8033,0.005557243954326402,896,0.6561916060745716,False
8034,0.0021894052632558253,353,1.4256442018676412,False
8035,0.0009179376174557002,148,0.8789963577244733,False
8036,0.0021521915760616753,347,1.0303224294261217,False
8037,0.00011164106158245002,18,1.533542858229743,False
8038,0.003485682033852051,562,1.8794762443393151,False
8039,0.006078235575044501,980,3.6608333082831637,False
8040,0.0030329155063232257,489,1.2753552437316178,False
8041,0.00015505702997562504,25,2.210010962486267,False
8042,0.0004589688087278501,74,1.1286484083613835,False
8043,0.0019537185776928754,315,1.3683980903928241,False
8044,0.0018420775161104254,297,0.7120621669974793,False
8045,0.00015505702997562504,25,1.8560754299163817,False
8046,0.004025280498167226,649,1.2056057640510642,False
8047,0.0014637383629699002,236,1.135145977897159,False
8048,0.0030391177875222506,490,0.811571063800734,False
8049,0.00025429352916002504,41,3.070071772831242,False
8050,0.0021770007008577756,351,1.9153649518292855,False
8051,0.0011908379902128004,192,1.1758975467334192,False
8052,0.0013831087073825753,223,1.2131881361050456,False
8053,0.0004465642463298001,72,1.6199334032005734,False
8054,0.0030887360371144507,498,1.2711643447358925,False
8055,0.0014637383629699002,236,1.118343985686868,False
8056,9.923649918440002e-05,16,1.7311696782708168,False
8057,0.0070023754736992265,1129,0.6643555470543482,False
8058,0.003659345907424751,590,0.8795694634065789,False
8059,1.8606843597075006e-05,3,3.145686467488607,False
8060,0.0022080121068529003,356,1.5792248503545696,False
8061,0.0022762372000421755,367,1.0248043205822521,False
8062,0.0011784334278147502,190,10.269732208000987,False
8063,0.007783862904776377,1255,0.7854062471731725,False
8064,0.00035353002834442507,57,3.3463668174910963,False
8065,0.005482816579938102,884,1.3572426908965565,False
8066,0.0003907437155385751,63,1.7031580304342604,False
8067,0.0009613535858488752,155,5.252783948375333,False
8068,0.00011164106158245002,18,1.1950984928343031,False
8069,0.0006388349634995752,103,1.5131547647772483,False
8070,3.721368719415001e-05,6,1.8680015405019124,False
8071,0.0019537185776928754,315,1.110557480463906,False
8072,0.0024250919488187756,391,1.4128590642338823,False
8073,0.0025491375727992754,411,2.3403284024728186,False
8074,0.0011784334278147502,190,1.5240935739717985,False
8075,0.00019227071716977504,31,1.1250651267267042,False
8076,0.0017738524229211504,286,2.2168746069594696,False
8077,0.0020281459520811755,327,1.6010353747493267,False
8078,0.0003597323095434501,58,2.5584818371411027,False
8079,0.002952285850735901,476,1.682320544699661,False
8080,0.0008062965558732502,130,3.9668750726259674,False
8081,0.0024561033548139008,396,1.4847730584818908,False
8082,0.0002791026539561251,45,2.3497065597110325,False
8083,6.202281199025002e-05,10,0.5405621886253357,False
8084,0.0012900744893972003,208,2.065469973362409,False
8085,0.0026979923215758755,435,1.494748306274414,False
8086,0.0020343482332802003,328,2.9723386782698515,False
8087,0.0010853992098293751,175,0.767842070715768,False
8088,0.0009303421798537502,150,1.7009221084912618,False
8089,6.202281199025002e-05,10,2.872798943519592,False
8090,0.0007938919934752001,128,2.109957386739552,False
8091,0.0002977094975532001,48,7.329695006211598,False
8092,0.0011970402714118252,193,1.8108961050992185,False
8093,0.00021087756076685005,34,0.8802244137315189,False
8094,0.07212632806346174,11629,1.3889286225942417,False
8095,0.0027538128523671005,444,1.672197994348165,False
8096,0.0022142143880519256,357,1.6518935395889924,False
8097,0.003957055404977951,638,1.9204287743867379,False
8098,0.008968498613790152,1446,0.8320925700713985,False
8099,0.0007380714626839752,119,0.9598078507335246,False
8100,0.0019785277024889753,319,2.7161615134032915,False
8101,9.303421798537502e-05,15,1.0803961912790934,False
8102,1.8606843597075006e-05,3,1.4250365098317463,False
8103,0.0005085870583200501,82,5.904433363821449,False
8104,0.0010419832414362003,168,4.428947502658481,False
8105,0.0006388349634995752,103,2.8433856177098544,False
8106,0.0007070600566888501,114,2.2592168523554217,False
8107,0.0003907437155385751,63,0.9476121153150286,False
8108,0.0021832029820568004,352,1.41455690799789,False
8109,0.0004837779335239501,78,5.060440399707892,False
8110,0.0016249976741445503,262,3.7087564199935388,False
8111,0.0015877839869504003,256,1.2914372570812702,False
8112,0.003789593812604276,611,1.9593773455939785,False
8113,0.018954171344220404,3056,0.9014861302850135,False
8114,0.0002977094975532001,48,3.457352951169014,False
8115,0.00039694599673760006,64,3.7962340619415045,False
8116,0.003293411316682276,531,3.141485386649094,False
8117,0.00014885474877660004,24,3.2866883079210916,False
8118,0.0002977094975532001,48,1.62098595003287,False
8119,0.0014079178321786752,227,1.3402965352398708,False
8120,0.004924611272025851,794,0.8824418209662065,False
8121,0.0011846357090137753,191,1.5731728183037323,False
8122,0.2639008627373148,42549,1.185378381016868,False
8123,0.0013024790517952502,210,1.1682384173075357,False
8124,0.0007628805874800752,123,0.7926008672249026,False
8125,0.0024436987924158506,394,1.3671729116875508,False
8126,0.003975662248575026,641,1.1323730767052185,False
8127,0.002952285850735901,476,1.9694214267890995,False
8128,4.961824959220001e-05,8,2.395582213997841,False
8129,0.015170779812815154,2446,0.6921614300298184,False
8130,0.0037957960938033008,612,4.658951798295663,False
8131,0.003448468346657901,556,1.0166678743825541,False
8132,0.002722801446371976,439,4.00353067448036,False
8133,0.003746177844211101,604,1.447313476082505,False
8134,0.0025181261668041507,406,1.3367779366488528,False
8135,0.00017986615477172505,29,2.631284076592018,False
8136,0.005154095676389776,831,1.3611736354988548,False
8137,0.025764276100749856,4154,0.6323888563857265,False
8138,0.0006450372446986001,104,3.271889756505306,False
8139,0.008863059833406727,1429,0.8219380215217051,False
8140,0.0012094448338098754,195,1.8812063351655617,False
8141,0.0015505702997562505,250,1.015787322998047,False
8142,0.0005333961831161502,86,2.7533409817274226,False
8143,0.00013024790517952503,21,8.343570345924014,False
8144,0.00019847299836880003,32,2.0571079589426517,False
8145,0.0065806203521655265,1061,0.7143027047634574,False
8146,0.004422226494904826,713,1.5395143363118005,False
8147,0.0006946554942908002,112,1.37859189084598,False
8148,3.721368719415001e-05,6,2.4560643831888833,False
8149,0.0011040060534264502,178,1.1969501101568845,False
8150,0.0014017155509796504,226,0.8576563913210303,False
8151,3.721368719415001e-05,6,0.9939015507698059,False
8152,0.005141691113991726,829,0.779436943183043,False
8153,0.0015133566125621004,244,5.520610078436429,False
8154,0.015611141777945928,2517,0.6566178295694745,False
8155,0.005346366393559551,862,1.1634235238254484,False
8156,0.0003907437155385751,63,1.3859473107353089,False
8157,4.961824959220001e-05,8,2.1544385850429535,False
8158,1.2404562398050002e-05,2,1.1030880808830261,False
8159,0.0020715619204743504,334,3.060937483867485,False
8160,0.0061960789178259765,999,1.1800226537553637,False
8161,1.2404562398050002e-05,2,2.6182024478912354,False
8162,0.0010357809602371752,167,2.0578801146524395,False
8163,0.0019289094528967753,311,1.7378102207490485,False
8164,0.012956565424763228,2089,1.0647516579306142,False
8165,0.004459440182098976,719,1.4527533490402476,False
8166,0.00014885474877660004,24,2.0181219478448233,False
8167,0.003560109408240351,574,0.8470593574570446,False
8168,0.0005520030267132251,89,1.0950185448935863,False
8169,0.0011226128970235252,181,1.2475940166915978,False
8170,0.0,0,0.0,True
8171,0.0022018098256538754,355,2.0048058009483447,False
8172,0.0022266189504499753,359,1.3672810530596125,False
8173,0.0036469413450267007,588,0.9255661994827037,False
8174,0.0007876897122761752,127,4.1367215209119905,False
8175,0.0004403619651307751,71,3.8326977676069234,False
8176,0.003144556567905676,507,1.6348628417039528,False
8177,0.0022762372000421755,367,1.9998858994943893,False
8178,0.0018792912033045754,303,0.919280221753388,False
8179,0.0005706098703103001,92,1.3928558321102806,False
8180,0.0012900744893972003,208,8.608112198802141,False
8181,0.0023382600120324254,377,1.0144157795438082,False
8182,0.0030763314747164006,496,0.959399968866379,False
8183,0.0021707984196587503,350,2.0911028841563635,False
8184,0.0024747101984109753,399,1.7878542269082893,False
8185,0.0019847299836880006,320,5.048122840002179,False
8186,0.006574418070966501,1060,1.2954753379776793,False
8187,0.0017986615477172505,290,1.3132690405023508,False
8188,0.0008311056806693502,134,2.7413239470168724,False
8189,0.0003721368719415001,60,1.6243303080399831,False
8190,0.0023940805428236504,386,1.419109771906403,False
8191,0.0016374022365426004,264,1.07653982982491,False
8192,0.00033492318474735006,54,1.3851252352749859,False
8193,0.00031631634115027505,51,1.298633664262061,False
8194,0.0007318691814849501,118,6.301663806882956,False
8195,0.0019661231400909256,317,0.9605500502541238,False
8196,0.0003101140599512501,50,1.6591655206680298,False
8197,0.0006450372446986001,104,9.395319121388289,False
8198,0.0021397870136636256,345,1.8069658614587092,False
8199,0.0021707984196587503,350,1.4927759119442532,False
8200,0.04806147701124473,7749,6.471174550496435,False
8201,0.10096073335772897,16278,1.1422881348916099,False
8202,0.0008187011182713002,132,1.5588523077242302,False
8203,0.0003473277471454001,56,2.6340660729578564,False
8204,0.005619266766316651,906,1.0128967698836169,False
8205,0.0008062965558732502,130,6.301077881226173,False
8206,0.004248562621332126,685,1.113438192771299,False
8207,0.0021583938572607006,348,1.8428715631879609,False
8208,0.00025429352916002504,41,1.0007604505957626,False
8209,0.00021707984196587504,35,1.5751510211399624,False
8210,0.0003473277471454001,56,2.5889477814946855,False
8211,0.006791497912932377,1095,1.8424179808734213,False
8212,0.0029212744447407756,471,1.2823076875852677,False
8213,0.0007814874310771502,126,1.0104903909895155,False
8214,0.0006574418070966502,106,1.6912121412889012,False
8215,0.0002666980915580751,43,5.717032249583754,False
8216,0.009718974638872177,1567,1.3560278444588374,False
8217,0.0006760486506937252,109,0.9979801002992402,False
8218,0.003392647815866676,547,1.6453400294567158,False
8219,0.004558676681283376,735,2.248030554031839,False
8220,0.024461797048954605,3944,0.7719035738621958,False
8221,0.0007008577754898252,113,1.7832994608752495,False
8222,0.0008249033994703252,133,1.5878018992287772,False
8223,3.721368719415001e-05,6,1.3500170707702637,False
8224,0.004465642463298001,720,4.7404525602857275,False
8225,0.0005271939019171251,85,2.2112828366896684,False
8226,0.013062004205146653,2106,1.544260499484179,False
8227,0.0015195588937611253,245,1.1133499203896036,False
8228,0.00016746159237367503,27,7.98117772296623,False
8229,0.00011784334278147503,19,3.4197694063186646,False
8230,0.0023320577308334005,376,3.0991910042914936,False
8231,0.0005706098703103001,92,2.1997476893922556,False
8232,0.0006760486506937252,109,1.4376790731325062,False
8233,0.0019971345460860503,322,1.577655201372893,False
8234,0.0002977094975532001,48,1.8400519341230392,False
8235,0.0017862569853192003,288,1.5064751758343644,False
8236,0.0002791026539561251,45,1.8698188834720189,False
8237,0.02243365109687343,3617,1.2797346297040775,False
8238,0.0003721368719415001,60,1.7229766527811685,False
8239,0.0011908379902128004,192,1.5995036624372005,False
8240,0.0024995193232070756,403,2.160323131764793,False
8241,0.007864492560363702,1268,0.7849814312691192,False
8242,0.0003845414343395501,62,1.2852189579317648,False
8243,0.0011660288654167003,188,1.7418254829467612,False
8244,0.004155528403346751,670,1.020932256285824,False
8245,0.003063926912318351,494,2.0798269148297637,False
8246,0.0003845414343395501,62,7.7060324068992365,False
8247,0.0031383542867066505,506,1.6691228926417385,False
8248,0.02100712642109768,3387,1.0691856810009723,False
8249,2.4809124796100004e-05,4,1.2502858936786652,False
8250,0.0005271939019171251,85,2.0449240067425896,False
8251,0.0004775756523249251,77,11.32076544575877,False
8252,8.683193678635003e-05,14,1.0567210572106498,False
8253,0.0024747101984109753,399,1.842182916208616,False
8254,0.0023816759804256007,384,1.2319239086161058,False
8255,0.0003845414343395501,62,1.2915349814199633,False
8256,0.006332529104204526,1021,1.7199509787162535,False
8257,0.0020343482332802003,328,1.9617763147121523,False
8258,0.00039694599673760006,64,6.748755495995283,False
8259,0.003237590785891051,522,1.368360432856841,False
8260,0.0010853992098293751,175,1.0977900981903077,False
8261,8.062965558732502e-05,13,1.8829879944141095,False
8262,3.101140599512501e-05,5,1.8432091236114503,False
8263,0.0013645018637855003,220,1.1507751421494918,False
8264,5.582053079122501e-05,9,2.0341197649637857,False
8265,0.0003411254659463751,55,13.111897683143615,False
8266,0.0003287209035483251,53,5.313703093888624,False
8267,0.00013645018637855003,22,15.065712094306946,False
8268,0.013465152483083278,2171,1.2331374716176684,False
8269,0.004961824959220001,800,1.255937762260437,False
8270,0.0014265246757757502,230,1.1038456797599792,False
8271,0.00032251862234930007,52,2.1280560929041643,False
8272,0.008608766304246701,1388,0.8805403888053784,False
8273,0.007864492560363702,1268,1.6551328938842196,False
8274,0.003963257686176976,639,1.4404243385661188,False
8275,0.0024871147608090255,401,1.2395016796273781,False
8276,0.0008807239302615502,142,8.607695901897591,False
8277,0.006010010481855226,969,0.6616626538728413,False
8278,0.012230898524477302,1972,1.0389567559195823,False
8279,0.0036841550322208507,594,1.7918636399487453,False
8280,0.0013769064261835503,222,1.9276125817685514,False
8281,0.0013334904577903754,215,3.7039155555325887,False
8282,0.0009799604294459501,158,1.8370495838455008,False
8283,0.0005458007455142001,88,2.686410730535334,False
8284,0.00011164106158245002,18,1.9912063346968756,False
8285,0.0006450372446986001,104,1.203056662128522,False
8286,0.0008497125242664252,137,1.2710896382366654,False
8287,0.0010047695542420502,162,1.070186033660983,False
8288,0.0004775756523249251,77,1.2974819765462504,False
8289,0.006152662949432801,992,0.8584405683702038,False
8290,0.011207522126638178,1807,0.7475904080507566,False
8291,0.009551513046498502,1540,0.6495989551791898,False
8292,0.00015505702997562504,25,3.538424320220947,False
8293,0.0070023754736992265,1129,0.6927172624505231,False
8294,0.0007380714626839752,119,1.9538399051217472,False
8295,0.00014265246757757502,23,1.358901656192282,False
8296,0.004031482779366251,650,1.8468783253889818,False
8297,0.004490451588094101,724,1.7888898423034183,False
8298,0.0018358752349114005,296,1.4509463962670919,False
8299,0.00012404562398050004,20,1.4016427040100097,False
8300,0.0019723254212899504,318,1.3010178601966713,False
8301,0.00033492318474735006,54,1.0699752789956551,False
8302,3.721368719415001e-05,6,3.317598581314087,False
8303,0.0006078235575044501,98,1.6608568478603751,False
8304,0.0024126873864207254,389,1.197292935878881,False
8305,0.0008683193678635002,140,1.8813721639769418,False
8306,0.0002480912479610001,40,8.911661648750306,False
8307,0.0004341596839317501,70,2.378625328200204,False
8308,0.0016311999553435754,263,1.5273272610435922,False
8309,0.00033492318474735006,54,1.734348096229412,False
8310,0.0020529550768772753,331,1.4513988617323677,False
8311,0.00030391177875222506,49,3.946523425530414,False
8312,0.07210772121986467,11626,1.6401094823496365,False
8313,0.0007318691814849501,118,7.6895489399716,False
8314,0.0008807239302615502,142,1.0201149389777384,False
8315,0.0010357809602371752,167,1.735653253372558,False
8316,0.00018606843597075004,30,14.55574771563212,False
8317,0.0003845414343395501,62,1.7344354468007241,False
8318,0.0015133566125621004,244,1.2049051386411074,False
8319,0.00021087756076685005,34,12.332150732769685,False
8320,0.0009179376174557002,148,1.4778065971426062,False
8321,0.0031693656927017757,511,0.9431730035233171,False
8322,5.582053079122501e-05,9,13.05334824985928,False
8323,0.0004465642463298001,72,6.069366746478611,False
8324,0.0021459892948626504,346,1.4709020474053531,False
8325,0.0011040060534264502,178,8.02644292290291,False
8326,0.017825356165997855,2874,0.8915506613777177,False
8327,0.0006450372446986001,104,7.171178217117603,False
8328,0.0030763314747164006,496,1.246819018596603,False
8329,0.00019227071716977504,31,1.3315100977497716,False
8330,0.0020715619204743504,334,1.7621591340995835,False
8331,0.0005395984643151751,87,1.9191582449551285,False
8332,0.00027290037275710005,44,1.6906065073880283,False
8333,0.008974700894989177,1447,1.0578720353765165,False
8334,0.0005892167139073751,95,1.2865103044007953,False
8335,0.03444746977938486,5554,0.8509353209108511,False
8336,0.0037585824066091508,606,1.6736178032242426,False
8337,1.8606843597075006e-05,3,1.5776880582173665,False
8338,1.2404562398050002e-05,2,2.9880512952804565,False
8339,0.004999038646414151,806,1.4179624271747788,False
8340,0.0006140258387034752,99,1.910518761837121,False
8341,0.011858761652535802,1912,1.5395614275373675,False
8342,0.0014823452065669753,239,1.303692827663661,False
8343,3.101140599512501e-05,5,1.5253105640411377,False
8344,0.0021459892948626504,346,2.0232184112416527,False
8345,0.0014637383629699002,236,2.4601978629322376,False
8346,0.0007070600566888501,114,2.2813034559551038,False
8347,0.012317730461263653,1986,1.1818687202707159,False
8348,0.0026669809155807508,430,1.18565252437148,False
8349,0.00023568668556295006,38,1.8364898342835276,False
8350,0.006748081944539202,1088,0.723046766484485,False
8351,0.0024933170420080504,402,2.1564198708652857,False
8352,0.004447035619700926,717,1.573206970216174,False
8353,6.822509318927501e-05,11,12.451421347531406,False
8354,0.0016187953929455254,261,2.203408919074983,False
8355,0.0005147893395190752,83,10.814558839223471,False
8356,0.006859723006121652,1106,1.4257451136332093,False
8357,0.011474220218196253,1850,1.5337902578147682,False
8358,0.0027848242583622257,449,2.903831475561605,False
8359,0.0012528608022030503,202,1.5303114534604667,False
8360,0.0014265246757757502,230,2.118588268238565,False
8361,0.0008931284926596002,144,1.3644670711623297,False
8362,0.0003907437155385751,63,1.7395874526765611,False
8363,0.0005706098703103001,92,1.4138215391532234,False
8364,0.0025367330104012257,409,0.9802926242497264,False
8365,0.0033988500970657007,548,1.2260235152105345,False
8366,0.008906475801799901,1436,3.4069103289779514,False
8367,0.0018234706725133503,294,1.3042181482931383,False
8368,0.0019289094528967753,311,1.3897007431631303,False
8369,0.0008435102430674002,136,1.3413659798748352,False
8370,0.00035353002834442507,57,4.228869806256211,False
8371,0.0019165048904987254,309,1.030726185894321,False
8372,0.005042454614807326,813,0.8095438034625364,False
8373,0.005067263739603426,817,1.0125045748644097,False
8374,0.00016125931117465003,26,1.3568156361579895,False
8375,0.0006388349634995752,103,1.6685482390875954,False
8376,0.005271939019171251,850,2.006924337499282,False
8377,0.0008559148054654502,138,1.2762753911640332,False
8378,0.006450372446986001,1040,2.2227852289493266,False
8379,0.0016560090801396754,267,3.4583269768439875,False
8380,0.0008621170866644752,139,1.866190778265754,False
8381,0.0018110661101153004,292,2.484631410200302,False
8382,0.0004961824959220001,80,6.610268931090832,False
8383,0.0012280516774069504,198,1.140274413908371,False
8384,0.0056998964219039765,919,0.777215855944014,False
8385,7.442737438830002e-05,12,3.4798838992913566,False
8386,0.0006016212763054251,97,1.7675329348475664,False
8387,0.004794363366846326,773,1.0394804827762916,False
8388,0.0004713733711259001,76,2.7716060218058134,False
8389,0.0010916014910284002,176,5.0810146094723185,False
8390,0.021807220695771904,3516,0.7108554688194371,False
8391,0.0019909322648870255,321,2.275336971164121,False
8392,0.002952285850735901,476,1.3239031491660271,False
8393,0.0008062965558732502,130,3.762630922977741,False
8394,0.00016746159237367503,27,4.3904985233589455,False
8395,0.0018544820785084755,299,1.0438109273495881,False
8396,0.00026049581035905006,42,2.2765295193308877,False
8397,0.007176039347271927,1157,0.7389037808984544,False
8398,0.0019413140152948255,313,1.5578629700139688,False
8399,0.00013645018637855003,22,2.8953644795851274,False
8400,2.4809124796100004e-05,4,0.9778614640235901,False
8401,0.0020095391084841005,324,1.630456057595618,False
8402,0.0026979923215758755,435,1.4948686917622884,False
8403,0.004260967183730176,687,1.2423335308591352,False
8404,9.923649918440002e-05,16,1.6110157072544098,False
8405,0.0008187011182713002,132,1.2751761476198833,False
8406,0.0021397870136636256,345,1.5908878409344218,False
8407,0.0009923649918440003,160,1.7331745952367783,False
8408,0.0003101140599512501,50,4.623444299697876,False
8409,6.822509318927501e-05,11,1.4710996584458784,False
8410,0.0007132623378878751,115,1.3275758183520774,False
8411,0.008354472775086677,1347,0.9528600739476941,False
8412,0.0019661231400909256,317,1.2622907105304466,False
8413,0.00031631634115027505,51,15.641618062468137,False
8414,0.0019041003281006755,307,2.342924266374072,False
8415,0.0006884532130917751,111,1.2951334414181408,False
8416,0.0007876897122761752,127,5.9933361040325615,False
8417,0.004105910153754551,662,1.0458410067140516,False
8418,0.0019847299836880006,320,1.4143480867147447,False
8419,0.010630709975128853,1714,0.8057043349311678,False
8420,0.0006512395258976251,105,1.3083148150216966,False
8421,0.0011536243030186503,186,4.974461426658015,False
8422,0.00015505702997562504,25,2.839650664329529,False
8423,6.202281199025002e-05,10,0.782521390914917,False
8424,0.00023568668556295006,38,9.165303738493668,False
8425,0.0017304364545279755,279,1.5101302101620637,False
8426,2.4809124796100004e-05,4,37.38031196594238,False
8427,0.0034546706278569257,557,1.2283412023335427,False
8428,0.013446545639486203,2168,0.7666889866779651,False
8429,0.003584918533036451,578,1.0624944289250358,False
8430,0.0017304364545279755,279,1.1603856582368146,False
8431,0.18992005259534456,30621,1.778269165832374,False
8432,0.0005147893395190752,83,1.5930042554097004,False
8433,0.0029957018191290757,483,4.431924369024194,False
8434,0.0981386954121726,15823,0.8646317574631767,False
8435,5.582053079122501e-05,9,1.8064205249150593,False
8436,0.0008373079618683752,135,2.078662360156024,False
8437,0.0022080121068529003,356,1.2529401651928933,False
8438,0.012261909930472428,1977,1.0834060672804389,False
8439,0.0003845414343395501,62,2.652168560412622,False
8440,0.0048377793352395015,780,1.4743176729251177,False
8441,0.0003845414343395501,62,6.538188588234686,False
8442,0.013217061235122278,2131,0.6483876798030973,False
8443,0.0004527665275288251,73,2.204674975512779,False
8444,3.101140599512501e-05,5,2.624113941192627,False
8445,0.0048377793352395015,780,1.2107254404288073,False
8446,0.00023568668556295006,38,2.651648389665704,False
8447,0.010829182973497652,1746,1.1352780944020204,False
8448,0.0017304364545279755,279,2.9851402680933687,False
8449,0.0015629748621543004,252,1.1091759365702432,False
8450,0.007349703220844626,1185,0.8513623829129376,False
8451,4.961824959220001e-05,8,2.176702991127968,False
8452,0.0003473277471454001,56,3.640259783182825,False
8453,0.005520030267132252,890,3.691880177781823,False
8454,0.0007814874310771502,126,2.202223117389376,False
8455,0.0026483740719836757,427,1.1945332810806166,False
8456,0.0020715619204743504,334,1.2931889573970954,False
8457,0.00014265246757757502,23,5.600729641707047,False
8458,2.4809124796100004e-05,4,1.8960395455360413,False
8459,0.005147893395190751,830,1.033817510719759,False
8460,0.002952285850735901,476,0.9248656665577608,False
8461,0.0004093505591356501,66,5.680875583128496,False
8462,0.00013645018637855003,22,3.898774407126687,False
8463,0.0017614478605231004,284,1.921530779818414,False
8464,3.721368719415001e-05,6,1.8124112288157146,False
8465,0.0008745216490625251,141,1.7058477088914696,False
8466,0.0017366387357270004,280,1.1146989750010627,False
8467,0.007331096377247551,1182,2.3272062013597052,False
8468,0.0006636440882956752,107,5.4088189356794985,False
8469,0.0030887360371144507,498,0.9558206724833294,False
8470,6.202281199025002e-05,10,11.891212010383606,False
8471,0.0005706098703103001,92,0.8896531644074813,False
8472,0.00032251862234930007,52,6.263540964860183,False
8473,0.003764784687808176,607,1.0418791024649556,False
8474,0.0025615421351973255,413,1.2357055999464908,False
8475,0.015319634561591753,2470,0.6717275920667146,False
8476,5.582053079122501e-05,9,24.13029448191325,False
8477,0.016733754674969455,2698,1.5520319271034626,False
8478,0.0005520030267132251,89,1.6301853429065662,False
8479,0.006437967884587952,1038,1.5261599085004802,False
8480,0.0011536243030186503,186,1.8001217496010564,False
8481,0.0006078235575044501,98,1.529846607422342,False
8482,0.0007132623378878751,115,4.427876018441242,False
8483,0.0019041003281006755,307,1.415249011415612,False
8484,0.0003783391531405251,61,4.57579514628551,False
8485,0.0006202281199025002,100,1.7367420637607573,False
8486,0.0013645018637855003,220,1.2102741501548073,False
8487,0.0053153549875644265,857,1.1125393425708892,False
8488,0.0003783391531405251,61,2.2734554048444404,False
8489,9.923649918440002e-05,16,0.7577643766999245,False
8490,0.0007070600566888501,114,1.0547268505682026,False
8491,0.0030763314747164006,496,1.1115301131240782,False
8492,0.0005706098703103001,92,1.4667943081130153,False
8493,2.4809124796100004e-05,4,1.7904685735702515,False
8494,0.0024623056360129256,397,1.1748446529398036,False
8495,0.0026049581035905004,420,1.754249624411265,False
8496,0.0022204166692509505,358,1.2370581467058406,False
8497,0.00017366387357270005,28,1.2056878805160522,False
8498,0.18721585799256968,30185,1.6988283150713828,False
8499,1.8606843597075006e-05,3,1.18302317460378,False
8500,0.0022452257940470503,362,1.6661181301701793,False
8501,0.013911716729413078,2243,0.8630293515767044,False
8502,0.0003907437155385751,63,2.0408234861161976,False
8503,0.00015505702997562504,25,2.4347861671447752,False
8504,0.032289075922124155,5206,0.813897102464404,False
8505,0.0004155528403346751,67,3.4895698579389656,False
8506,0.0023692714180275506,382,0.8678834132499096,False
8507,0.0021645961384597254,349,1.6036659158061775,False
8508,0.00032251862234930007,52,5.824007939833861,False
8509,0.011982807276516303,1932,0.8250571617675371,False
8510,0.00030391177875222506,49,4.855087959036535,False
8511,0.0020529550768772753,331,1.842599224828161,False
8512,0.016814384330556778,2711,0.6504612904727701,False
8513,0.0018296729537123754,295,1.5174133199756428,False
8514,0.0024374965112168257,393,1.4432520596428986,False
8515,0.0048005656480453514,774,1.0259988899378814,False
8516,0.0022328212316490006,360,1.1645709306001664,False
8517,4.961824959220001e-05,8,1.1373726576566696,False
8518,0.0019475162964938504,314,1.7717507492964435,False
8519,0.004236158058934076,683,0.8394057268977689,False
8520,0.00010543878038342502,17,1.9113413516212912,False
8521,0.010165538885201978,1639,1.2486545790834642,False
8522,0.0006326326823005501,102,4.483212919796214,False
8523,0.0006326326823005501,102,1.1741724061030967,False
8524,0.02104434010829183,3393,2.1705390374779245,False
8525,0.0025181261668041507,406,1.5709941381304136,False
8526,0.0030515223499203007,492,1.147099052502857,False
8527,0.006487586134180151,1046,0.7864950391576121,False
8528,0.0017862569853192003,288,2.7173396141992674,False
8529,0.003907437155385751,630,1.2218206723531086,False
8530,0.0021832029820568004,352,1.312481067058715,False
8531,0.033349666007157434,5377,0.91275975215118,False
8532,0.0020777642016733757,335,1.3622712363058063,False
8533,0.0016746159237367505,270,1.9188107737788447,False
8534,0.016820586611755804,2712,0.9933056625644717,False
8535,0.0015381657373582003,248,17.331558245805002,False
8536,0.00021707984196587504,35,3.687646303858076,False
8537,0.0002977094975532001,48,1.4351812998453777,False
8538,9.303421798537502e-05,15,1.9910356283187867,False
8539,0.0008000942746742252,129,7.333234517149223,False
8540,9.303421798537502e-05,15,1.2430549383163452,False
8541,0.00024188896676197505,39,3.1750594774881997,False
8542,0.014259044476558479,2299,1.732770271019191,False
8543,0.00018606843597075004,30,6.160189537207286,False
8544,0.0022452257940470503,362,1.7040873709963171,False
8545,0.0023568668556295004,380,1.3277036001807765,False
8546,0.0007318691814849501,118,1.4118245345051006,False
8547,0.0014885474877660003,240,1.506830089787642,False
8548,0.0005768121515093252,93,5.741611373039984,False
8549,6.822509318927501e-05,11,6.601476669311523,False
8550,0.0005147893395190752,83,7.394830545747136,False
8551,6.202281199025001e-06,1,2.6280517578125,False
8552,0.008007145027941276,1291,1.5747383776604897,False
8553,0.0014885474877660003,240,1.2220434392491977,False
8554,0.009340635485731653,1506,0.8311197095974825,False
8555,0.00016746159237367503,27,1.1657659742567275,False
8556,0.00014885474877660004,24,1.5906667162974675,False
8557,0.0020405505144792256,329,2.6441725177243125,False
8558,0.00026049581035905006,42,13.81501507191431,False
8559,0.0028778584763476008,464,2.169083402331533,False
8560,0.004825374772841451,778,0.647610102643697,False
8561,0.00019227071716977504,31,5.399998218782486,False
8562,0.00015505702997562504,25,1.4067804288864136,False
8563,6.822509318927501e-05,11,2.4118282469836148,False
8564,0.0019289094528967753,311,3.2537375362739684,False
8565,0.0006450372446986001,104,3.643837129840484,False
8566,0.0012032425526108503,194,1.4103328542611033,False
8567,0.0024064851052217006,388,2.0090388333060076,False
8568,0.0025305307292022004,408,1.0964936251733817,False
8569,0.0006946554942908002,112,6.599618911743164,False
8570,0.0004279574027327251,69,4.8232085566589795,False
8571,0.0005085870583200501,82,8.287197403791474,False
8572,0.0025491375727992754,411,0.9339277732691336,False
8573,0.00019847299836880003,32,1.6140539571642876,False
8574,0.0028282402267554006,456,1.5785100376396848,False
8575,0.004843981616438526,781,1.0582244826645308,False
8576,0.0018730889221055505,302,3.491328465622782,False
8577,7.442737438830002e-05,12,1.581687827905019,False
8578,0.0024312942300178005,392,2.442147527422224,False
8579,0.0018978980469016504,306,1.1256474638296887,False
8580,0.00020467527956782505,33,1.8293672836188115,False
8581,0.0016311999553435754,263,1.0332192078289424,False
8582,0.00013645018637855003,22,12.668385950001804,False
8583,0.0020777642016733757,335,1.8979432276825408,False
8584,0.0006326326823005501,102,4.416193671086255,False
8585,0.0026421717907846505,426,0.9393720805924823,False
8586,0.006059628731447426,977,2.1915347354072874,False
8587,6.202281199025001e-06,1,0.5652981996536255,False
8588,0.012807710675986628,2065,0.7396341012118803,False
8589,0.0018234706725133503,294,1.0964854128506718,False
8590,0.0025987558223914756,419,1.6679557900440152,False
8591,0.0017986615477172505,290,2.196501381232821,False
8592,0.0013645018637855003,220,1.4937165130268444,False
8593,0.0004527665275288251,73,1.6037836434089974,False
8594,0.0018730889221055505,302,3.2949820512177928,False
8595,0.0032065793798959257,517,0.8229748063668523,False
8596,0.0027041946027749008,436,1.5025268290021003,False
8597,0.0018296729537123754,295,1.7475420438637168,False
8598,3.721368719415001e-05,6,1.6451380650202434,False
8599,8.062965558732502e-05,13,8.911567568778992,False
8600,0.0004837779335239501,78,1.7355865561045134,False
8601,0.005079668302001476,819,0.7526144276899587,False
8602,0.0017242341733289504,278,1.1903977093936728,False
8603,0.0012342539586059752,199,1.7557938913604123,False
8604,0.004713733711259001,760,0.8777639810976229,False
8605,0.0006946554942908002,112,2.0184386170336177,False
8606,0.0004961824959220001,80,1.45823515355587,False
8607,0.0025987558223914756,419,1.8186630781624369,False
8608,0.0032313885046920256,521,1.5569009838085943,False
8609,0.0011474220218196253,185,1.7325793446721258,False
8610,0.0020529550768772753,331,8.443122895462636,False
8611,0.008745216490625252,1410,1.4407215281581203,False
8612,0.0011040060534264502,178,1.1417498039395622,False
8613,0.0011908379902128004,192,1.4779488792022069,False
8614,0.0007070600566888501,114,1.7138396836163705,False
8615,5.582053079122501e-05,9,1.5381384823057387,False
8616,8.062965558732502e-05,13,2.4773240089416504,False
8617,1.8606843597075006e-05,3,10.12078301111857,False
8618,0.0023754736992265754,383,2.2396318097027414,False
8619,0.0018110661101153004,292,1.494843746293081,False
8620,0.0023630691368285257,381,2.1119127104601523,False
8621,0.004881195303632676,787,1.9266448316307505,False
8622,0.0061588652306318265,993,0.9636744655751269,False
8623,0.0010171741166401002,164,1.1577263481733275,False
8624,0.009526703921702403,1536,0.6849150136113167,False
8625,0.0004775756523249251,77,2.8203354005689745,False
8626,0.0006078235575044501,98,1.8456725636307074,False
8627,0.0019475162964938504,314,1.0160552604942565,False
8628,0.03198516414337193,5157,0.925681584099131,False
8629,0.004050089622963326,653,1.793396673012656,False
8630,0.003944650842579901,636,1.3162890421519489,False
8631,0.0015567725809552753,251,2.3365197865611527,False
8632,0.0026669809155807508,430,1.7318504799244017,False
8633,0.0006388349634995752,103,2.3971971030374175,False
8634,0.00016746159237367503,27,3.0461028505254677,False
8635,0.0008559148054654502,138,3.6806761285533076,False
8636,0.0018668866409065254,301,1.711829546678106,False
8637,4.341596839317501e-05,7,1.726557425090245,False
8638,7.442737438830002e-05,12,1.211440106232961,False
8639,0.00027290037275710005,44,8.598985019055279,False
8640,0.003634536782628651,586,0.7152094027288131,False
8641,0.0007566783062810502,122,1.2827212927771396,False
8642,0.0009489490234508252,153,0.9964148928137386,False
8643,0.0004775756523249251,77,1.9573025053197688,False
8644,8.062965558732502e-05,13,13.755638709435097,False
8645,0.0009117353362566752,147,1.4044033386269394,False
8646,0.0010605900850332753,171,2.0294431803519264,False
8647,0.0016498067989406504,266,0.9530505699322636,False
8648,1.8606843597075006e-05,3,2.6893322467803955,False
8649,0.00014885474877660004,24,2.62272114555041,False
8650,0.003969459967376001,640,1.223237855732441,False
8651,0.00022948440436392506,37,6.100078885619705,False
8652,0.0028840607575466256,465,1.392994701734153,False
8653,8.062965558732502e-05,13,13.585071490361141,False
8654,0.0008000942746742252,129,0.8569175365359284,False
8655,0.0007256669002859252,117,4.09459402724209,False
8656,0.007988538184344201,1288,0.6785496140118712,False
8657,0.00013645018637855003,22,2.4736719727516174,False
8658,0.010122122916808802,1632,4.604511041267245,False
8659,0.0019475162964938504,314,1.5801528882069193,False
8660,0.00018606843597075004,30,11.545104479789734,False
8661,0.0003287209035483251,53,1.443753294225009,False
8662,0.0016249976741445503,262,0.8502340712620102,False
8663,0.0011164106158245003,180,1.6864597850375704,False
8664,0.00022328212316490004,36,3.6793869733810425,False
8665,0.0010791969286303503,174,1.5502434763415107,False
8666,0.0032127816610949505,518,1.3876436451687315,False
8667,0.013124027017136903,2116,0.8482835567741178,False
8668,0.0024188896676197507,390,1.7506633379520513,False
8669,0.0006574418070966502,106,1.6072732682497997,False
8670,0.0017490432981250503,282,2.510958025641475,False
8671,0.0021832029820568004,352,0.9916708875786174,False
8672,0.0005830144327083501,94,1.4658029586710828,False
8673,0.0005830144327083501,94,1.5500981845754258,False
8674,5.582053079122501e-05,9,1.080531530910068,False
8675,0.004595890368477526,741,1.2668842686976176,False
8676,0.0030887360371144507,498,0.8861813564377138,False
8677,0.0008621170866644752,139,1.3748720789984834,False
8678,0.009111151081367726,1469,0.5759143770917733,False
8679,0.007262871284058277,1171,2.061886062182289,False
8680,0.006921745818111902,1116,1.620448482079318,False
8681,0.004465642463298001,720,0.829887592792511,False
8682,0.007337298658446577,1183,0.7601252045554825,False
8683,0.0002480912479610001,40,4.385551607608795,False
8684,0.004701329148860951,758,3.988708193824285,False
8685,0.00021087756076685005,34,1.3715634626500748,False
8686,0.008825846146212577,1423,1.5339833783667773,False
8687,0.0018110661101153004,292,1.6615378419830376,False
8688,0.014718013285286328,2373,0.6492710029129434,False
8689,0.0036283345014296257,585,1.1016234332679684,False
8690,0.0019661231400909256,317,2.0954968620926047,False
8691,0.007579187625208552,1222,0.7692585873330674,False
8692,0.005668885015908851,914,0.9402214712595783,False
8693,0.0010295786790381503,166,1.0912701365459396,False
8694,0.006127853824636702,988,0.6209397343730154,False
8695,0.0017738524229211504,286,0.9933439593215089,False
8696,0.0019041003281006755,307,1.1280453748734067,False
8697,0.0007938919934752001,128,1.2589146345853806,False
8698,0.003764784687808176,607,0.9515588201054631,False
8699,0.003957055404977951,638,1.3113924201379374,False
8700,0.0007442737438830002,120,4.214413966735204,False
8701,0.0014823452065669753,239,1.1701900510109617,False
8702,0.0004093505591356501,66,4.402833151094841,False
8703,0.026068187879502082,4203,0.789752126108769,False
8704,0.00015505702997562504,25,5.647356176376343,False
8705,0.003671750469822801,592,0.9477177497905653,False
8706,0.0005706098703103001,92,1.2163891390613888,False
8707,0.0019723254212899504,318,1.687179278277751,False
8708,0.01954338805812778,3151,1.8457482969598216,False
8709,0.0030577246311193256,493,1.1590468791628947,False
8710,0.00015505702997562504,25,1.2650675392150879,False
8711,2.4809124796100004e-05,4,27.38487121462822,False
8712,0.0010357809602371752,167,8.474506568052098,False
8713,0.0021707984196587503,350,1.357610331944057,False
8714,0.005123084270394651,826,1.295222240123564,False
8715,0.0007132623378878751,115,1.7295204079669455,False
8716,0.0013210858953923252,213,1.0932731785125016,False
8717,0.00024188896676197505,39,1.4656911691029866,False
8718,0.0005706098703103001,92,1.0767390196738036,False
8719,0.0011288151782225502,182,1.4149287323375324,False
8720,0.0022266189504499753,359,2.5345244669980658,False
8721,0.0010978037722274253,177,1.365404892775972,False
8722,0.007796267467174427,1257,1.3064915513650899,False
8723,3.721368719415001e-05,6,1.8215805292129517,False
8724,0.0013520973013874504,218,1.5806257418536265,False
8725,0.007666019561994902,1236,0.970803038587848,False
8726,0.0006388349634995752,103,5.767592226417319,False
8727,4.961824959220001e-05,8,2.175700753927231,False
8728,0.0016311999553435754,263,1.3848424664921635,False
8729,0.0010171741166401002,164,4.215906300195834,False
8730,0.0011970402714118252,193,1.747088117920673,False
8731,0.0005209916207181001,84,4.780132997603643,False
8732,3.101140599512501e-05,5,2.7020709991455076,False
8733,0.0004961824959220001,80,5.343746720254421,False
8734,0.05410249889909509,8723,1.1158777420829362,False
8735,0.0015505702997562505,250,1.0893639926910401,False
8736,0.0005209916207181001,84,2.243522141660963,False
8737,6.202281199025001e-06,1,0.8230235576629639,False
8738,0.003634536782628651,586,1.5008965299398012,False
8739,0.0008435102430674002,136,5.8056794965968415,False
8740,0.004614497212074601,744,2.2138639505832427,False
8741,0.0008124988370722751,131,1.0968473103210217,False
8742,0.004081101028958451,658,1.2236422970664538,False
8743,0.0007380714626839752,119,1.4298861928346778,False
8744,0.0004217551215337001,68,2.7677780915709103,False
8745,0.008118786089523726,1309,1.390004671831182,False
8746,0.009601131296090703,1548,0.7942431810906383,False
8747,6.202281199025002e-05,10,2.4293460607528687,False
8748,0.0010109718354410753,163,0.9632434559746023,False
8749,4.961824959220001e-05,8,4.175763130187988,False
8750,0.0010295786790381503,166,1.3791331031236305,False
8751,0.0013893109885816004,224,1.7797754843320166,False
8752,0.0010667923662323003,172,1.0045375505159067,False
8753,0.0003411254659463751,55,1.1183720393614336,False
8754,0.0008062965558732502,130,0.8585769543280968,False
8755,0.0021832029820568004,352,4.526906308464029,False
8756,2.4809124796100004e-05,4,1.9669485092163086,False
8757,0.0012156471150089002,196,1.6062604833622367,False
8758,0.00014885474877660004,24,1.6457391480604808,False
8759,0.02465406776612438,3975,0.8335778688634716,False
8760,0.00029150721635417507,47,1.4828202217183215,False
8761,0.0007814874310771502,126,2.262014649217091,False
8762,0.0038392120621964757,619,2.280774468173888,False
8763,0.0018978980469016504,306,1.157097078616323,False
8764,0.00011784334278147503,19,0.9080026275233218,False
8765,0.0011722311466157253,189,1.4965791046304047,False
8766,0.00019847299836880003,32,1.792113147675991,False
8767,0.004099707872555526,661,1.0251374948042784,False
8768,3.721368719415001e-05,6,1.811944603919983,False
8769,0.0013024790517952502,210,2.1035535727228436,False
8770,0.003460872909055951,558,1.3715832936293764,False
8771,0.00016125931117465003,26,2.087512676532452,False
8772,0.0015319634561591754,247,1.4406808156233568,False
8773,0.0023692714180275506,382,0.9104961431463351,False
8774,0.0004217551215337001,68,9.206803071148256,False
8775,0.00027290037275710005,44,4.980525564063679,False
8776,0.0006512395258976251,105,5.097425647008986,False
8777,0.0020901687640714254,337,1.662709248879543,False
8778,0.0016311999553435754,263,1.1103274151399563,False
8779,0.0007938919934752001,128,2.0482849460095167,False
8780,0.00014885474877660004,24,1.0209837953249614,False
8781,0.008453709274271077,1363,0.7460519782952849,False
8782,2.4809124796100004e-05,4,1.2761332392692566,False
8783,0.004750947398453151,766,0.8952103277410601,False
8784,0.008062965558732501,1300,0.6680592258159931,False
8785,0.005054859177205376,815,0.8281365260024743,False
8786,0.0066550477265538265,1073,0.9074252258364774,False
8787,0.002778621977163201,448,1.5542026119572776,False
8788,0.033907871315069685,5467,0.746940404509242,False
8789,0.0005458007455142001,88,2.035870438272303,False
8790,0.0015071543313630753,243,0.9624973197042206,False
8791,0.0006264304011015251,101,1.8677939093939149,False
8792,0.0019351117340958004,312,1.552108189998529,False
8793,0.0012404562398050003,200,4.146084151268005,False
8794,0.0003597323095434501,58,1.4449944290621528,False
8795,0.0020963710452704507,338,1.7582696715050194,False
8796,0.00014885474877660004,24,4.9619936893383665,False
8797,3.101140599512501e-05,5,1.5568098545074462,False
8798,0.0006822509318927502,110,2.359237371791493,False
8799,0.0008000942746742252,129,0.8495071091393168,False
8800,0.03088115808994548,4979,0.8710715475272022,False
8801,0.0004961824959220001,80,1.6588715136051178,False
8802,0.0025057216044061005,404,0.792231552081533,False
8803,0.0004279574027327251,69,1.832436658334041,False
8804,0.0007194646190869002,116,4.5316237005694155,False
8805,0.0018420775161104254,297,1.2663401385349056,False
8806,9.923649918440002e-05,16,1.2114718109369278,False
8807,0.0011474220218196253,185,1.1901513486295132,False
8808,0.0025925535411924507,418,2.850679751218221,False
8809,0.0002666980915580751,43,1.4247208861417548,False
8810,0.0007814874310771502,126,1.0010544761778817,False
8811,3.721368719415001e-05,6,1.9391075770060222,False
8812,0.012181280274885103,1964,1.785435220738778,False
8813,0.006450372446986001,1040,0.9101953799907978,False
8814,0.0008807239302615502,142,2.7250411191456756,False
8815,0.0028406447891534507,458,1.3149479684871357,False
8816,0.05505144792254591,8876,1.1216839527750724,False
8817,0.0014327269569747753,231,1.089412032267748,False
8818,0.004248562621332126,685,1.1926184974447653,False
8819,0.0010605900850332753,171,3.7372706236197932,False
8820,0.00010543878038342502,17,1.5050617947297937,False
8821,5.582053079122501e-05,9,2.1194995244344077,False
8822,0.004986634084016101,804,0.8982096548697248,False
8823,0.0012652653646011002,204,1.0689426806627536,False
8824,0.0005271939019171251,85,1.7767312302308924,False
8825,0.0007566783062810502,122,1.1070632592576448,False
8826,0.005203713925981976,839,0.9942022377316517,False
8827,0.010295786790381503,1660,0.7714846558599587,False
8828,8.062965558732502e-05,13,1.8580326850597675,False
8829,0.006667452288951876,1075,0.923836652179097,False
8830,0.005867358014277652,946,1.7128154610226574,False
8831,0.0003783391531405251,61,1.4876942282817402,False
8832,0.0003101140599512501,50,2.607584547996521,False
8833,0.00019227071716977504,31,1.8395710068364297,False
8834,0.005023847771210251,810,0.759703822194794,False
8835,0.004155528403346751,670,1.9492159797184503,False
8836,0.009148364768561876,1475,0.8119329640016717,False
8837,0.0020591573580763006,332,1.3055822892361377,False
8838,0.0010295786790381503,166,3.274838124413088,False
8839,0.0004837779335239501,78,2.1724045796272082,False
8840,0.0032313885046920256,521,1.140947116771266,False
8841,0.0007938919934752001,128,3.465959107503295,False
8842,0.0015815817057513754,255,1.987030889006222,False
8843,0.0025305307292022004,408,4.627348543089979,False
8844,0.0002666980915580751,43,1.4217539720757062,False
8845,0.0021770007008577756,351,1.2272659659046055,False
8846,0.0,0,0.0,True
8847,0.06628998145517921,10688,0.6940465958532459,False
8848,0.0021583938572607006,348,2.0102450676348016,False
8849,0.002722801446371976,439,1.7943588001038329,False
8850,0.012875935769175903,2076,1.167059920426738,False
8851,0.0009799604294459501,158,1.2993374142465712,False
8852,0.017440814731658302,2812,1.209189297973177,False
8853,0.005147893395190751,830,0.8693276686840746,False
8854,0.016311999553435753,2630,3.111417136536805,False
8855,0.0013645018637855003,220,2.293054755709388,False
8856,4.961824959220001e-05,8,1.9103437960147858,False
8857,0.006152662949432801,992,0.6440892541600812,False
8858,0.0032313885046920256,521,1.15636876265513,False
8859,0.0004217551215337001,68,1.169748909333173,False
8860,0.0023382600120324254,377,1.5381917833333307,False
8861,0.0023444622932314507,378,2.185379762182791,False
8862,0.0005954189951064002,96,10.054157121727863,False
8863,0.0008000942746742252,129,1.2165805203045985,False
8864,0.004577283524880451,738,0.8545459395824733,False
8865,0.0003907437155385751,63,8.855586106815036,False
8866,7.442737438830002e-05,12,19.912124653657276,False
8867,0.0002666980915580751,43,4.9753496757773465,False
8868,0.0021273824512655754,343,1.6278377760951095,False
8869,0.0008807239302615502,142,1.2393214299645223,False
8870,4.961824959220001e-05,8,1.0241253674030304,False
8871,8.683193678635003e-05,14,1.884158389908927,False
8872,0.0006698463694947001,108,1.4043014115757413,False
8873,0.004763351960851201,768,0.9431750178337097,False
8874,0.0013272881765913503,214,1.0812838851848496,False
8875,0.005253332175574176,847,1.3824454975240767,False
8876,0.0004465642463298001,72,1.3573531177308824,False
8877,0.010364011883570777,1671,0.9301006781134614,False
8878,0.004831577054040476,779,0.8616758525295037,False
8879,0.00024188896676197505,39,1.5192212875072773,False
8880,0.0004155528403346751,67,3.557490334581973,False
8881,0.00011784334278147503,19,8.688577978234543,False
8882,0.0020033368272850756,323,3.6388005981504365,False
8883,0.00018606843597075004,30,2.7164299647013346,False
8884,0.0011722311466157253,189,1.4006723607027973,False
8885,0.0013396927389894002,216,4.744293604735975,False
8886,0.0015691771433533252,253,1.549661802208942,False
8887,0.010742351036711303,1732,1.8573349475447631,False
8888,0.0020095391084841005,324,1.99845611166071,False
8889,0.0006636440882956752,107,2.302579837424733,False
8890,0.005823942045884476,939,2.3939629862991514,False
8891,8.062965558732502e-05,13,1.6017778469966009,False
8892,0.008360675056285701,1348,0.791664992224215,False
8893,4.961824959220001e-05,8,3.418305069208145,False
8894,0.0048935998660307265,789,1.0740427532727879,False
8895,0.00026049581035905006,42,1.6357340755916776,False
8896,0.0016746159237367505,270,1.0955121252271864,False
8897,0.0010357809602371752,167,1.5014008340721359,False
8898,0.0028902630387456505,466,1.312663543122009,False
8899,0.0014699406441689253,237,4.014670142644568,False
8900,0.004533867556487276,731,1.2321217820027948,False
8901,0.004974229521618051,802,1.8453877254614508,False
8902,0.0023134508872363255,373,1.6558449082975413,False
8903,0.0056626827347098264,913,1.2088297711275233,False
8904,0.0022142143880519256,357,2.0531756500570046,False
8905,0.0030329155063232257,489,1.2131734211264456,False
8906,0.028722764232684782,4631,0.8024642703806548,False
8907,0.005383580080753701,868,1.6070883988235403,False
8908,0.016212763054251355,2614,0.538155815121593,False
8909,0.0018358752349114005,296,1.3586801004570883,False
8910,0.0025243284480031755,407,1.561393200033127,False
8911,0.0004217551215337001,68,1.8468750715255737,False
8912,6.202281199025001e-06,1,6.346436500549316,False
8913,0.0035166934398471756,567,1.6568670541941595,False
8914,0.0002977094975532001,48,3.3010344008604684,False
8915,0.00011164106158245002,18,2.3007497125201755,False
8916,0.0004217551215337001,68,2.227748394012451,False
8917,0.0016684136425377254,269,1.3544294076338133,False
8918,0.00026049581035905006,42,1.1528140420005435,False
8919,0.004372608245312626,705,1.7657897171399273,False
8920,4.341596839317501e-05,7,0.9046729121889386,False
8921,0.003448468346657901,556,0.9031562457839362,False
8922,0.0019599208588919003,316,1.5744618283042424,False
8923,0.0030391177875222506,490,1.0372212726242689,False
8924,0.0003845414343395501,62,2.708401995320474,False
8925,0.0007566783062810502,122,1.5636721868984034,False
8926,0.0016870204861348004,272,1.2525357753038406,False
8927,0.004062494185361376,655,1.1137934156956564,False
8928,0.00026049581035905006,42,2.1284496500378562,False
8929,0.0007008577754898252,113,1.194225427323738,False
8930,4.341596839317501e-05,7,1.9751894133431571,False
8931,0.0005209916207181001,84,1.361047788744881,False
8932,0.0008497125242664252,137,1.7962075654607619,False
8933,0.005644075891112751,910,1.4827878898316686,False
8934,0.0021335847324646007,344,1.6255526258501896,False
8935,0.0010853992098293751,175,11.387058597292219,False
8936,0.0028964653199446758,467,0.8213565385316117,False
8937,0.0023568668556295004,380,1.3666167045894422,False
8938,0.0021645961384597254,349,1.3381221157773517,False
8939,2.4809124796100004e-05,4,3.4459744095802307,False
8940,0.0026793854779788005,432,1.5268669520263318,False
8941,0.02248326934646563,3625,0.7816394232388201,False
8942,0.0022514280752460756,363,1.1238008110319615,False
8943,0.005823942045884476,939,0.7845349428625787,False
8944,4.961824959220001e-05,8,1.5690158754587173,False
8945,0.0015877839869504003,256,1.2131386934779584,False
8946,0.0008249033994703252,133,1.1915106145959151,False
8947,0.0030763314747164006,496,1.22322060816711,False
8948,0.0003721368719415001,60,10.479616677761078,False
8949,3.721368719415001e-05,6,2.557165344556173,False
8950,0.0024064851052217006,388,3.0707525635503004,False
8951,0.0020529550768772753,331,1.372969308288436,False
8952,0.0070023754736992265,1129,0.7723981445082739,False
8953,0.004564878962482401,736,0.86986970383188,False
8954,0.0018482797973094504,298,1.1870982146903173,False
8955,0.0024126873864207254,389,9.582348932643782,False
8956,0.0011660288654167003,188,0.9285150924895672,False
8957,0.00021707984196587504,35,7.25087263584137,False
8958,0.0022576303564451005,364,1.0212523609727293,False
8959,0.0007194646190869002,116,1.2858504241910473,False
8960,0.0020777642016733757,335,1.821622847799045,False
8961,0.0004403619651307751,71,2.2753913234656964,False
8962,0.0007132623378878751,115,1.2773391226063604,False
8963,0.007777660623577352,1254,0.9744492565806022,False
8964,0.0020095391084841005,324,0.9855871119616945,False
8965,0.00025429352916002504,41,6.059784685693136,False
8966,0.003727571000614026,601,1.1791363492384925,False
8967,3.101140599512501e-05,5,0.6708944082260132,False
8968,0.010153134322803927,1637,0.8097766510363971,False
8969,0.00021707984196587504,35,2.6171928065163748,False
8970,0.0074427374388300015,1200,0.7166300376256307,False
8971,0.0024436987924158506,394,2.2990549645448093,False
8972,0.0020281459520811755,327,1.3621554258037416,False
8973,0.0002666980915580751,43,2.3701526758282685,False
8974,0.0031879725362988507,514,0.8413273332647776,False
8975,0.004540069837686301,732,1.1052519623699084,False
8976,0.0002977094975532001,48,1.7836625824371974,False
8977,0.0024250919488187756,391,3.5673944337288743,False
8978,0.014724215566485354,2374,0.8225360876788788,False
8979,0.0008745216490625251,141,1.5891707501512893,False
8980,0.0016436045177416253,265,1.3466571537953502,False
8981,1.8606843597075006e-05,3,3.239501118659973,False
8982,0.016746159237367504,2700,1.906634925559715,False
8983,0.0003473277471454001,56,13.994407968861717,False
8984,0.0026235649471875754,423,4.468211519520897,False
8985,0.005048656896006351,814,1.0642719151639821,False
8986,0.00017986615477172505,29,1.2217587849189495,False
8987,0.0002480912479610001,40,11.968009454011916,False
8988,0.0012962767705962254,209,2.140305178017137,False
8989,0.04681481849024071,7548,1.0218371900225924,False
8990,0.003715166438215976,599,3.2116279409007356,False
8991,0.0003597323095434501,58,2.0252509692619585,False
8992,0.0009985672730430252,161,0.9648616165848252,False
8993,0.0022762372000421755,367,1.8058325718144306,False
8994,0.0007752851498781252,125,1.3314236946105957,False
8995,0.00020467527956782505,33,8.517119577436736,False
8996,0.003448468346657901,556,2.0940469597741,False
8997,0.0004899802147229751,79,1.6274974119814136,False
8998,0.010729946474313252,1730,0.7486328852659015,False
8999,0.0017304364545279755,279,0.7904120346124027,False
9000,3.721368719415001e-05,6,1.2764641046524048,False
9001,0.00021707984196587504,35,3.029196694919041,False
9002,0.0020343482332802003,328,1.5244702940307013,False
9003,0.0015505702997562505,250,0.8336107258796692,False
9004,0.0003287209035483251,53,7.045554165570241,False
9005,0.0030887360371144507,498,1.9431460315443905,False
9006,0.054114903461493134,8725,1.0806801974670934,False
9007,0.003764784687808176,607,0.878032324930785,False
9008,0.011734716028555303,1892,0.5637874560426708,False
9009,0.010500462069949328,1693,0.6816701325733705,False
9010,0.004167932965744801,672,0.8893209851923443,False
9011,0.0022018098256538754,355,5.86195329377349,False
9012,0.0002666980915580751,43,1.4804218979768975,False
9013,0.0003721368719415001,60,1.8979732672373453,False
9014,0.0021521915760616753,347,1.3840052713921847,False
9015,0.004143123840948701,668,0.7680567324518444,False
9016,9.303421798537502e-05,15,2.03992817401886,False
9017,0.0004403619651307751,71,5.438088974482577,False
9018,3.101140599512501e-05,5,2.3803760528564455,False
9019,0.006326326823005502,1020,1.3804400559733896,False
9020,0.0004651710899268751,75,4.317563117345174,False
9021,0.008025751871538351,1294,0.7549076979458793,False
9022,0.0016311999553435754,263,1.6248306611644905,False
9023,0.0023878782616246256,385,0.8602112373748383,False
9024,0.0024561033548139008,396,1.5798855198152137,False
9025,0.0019103026092997003,308,2.0227828826997185,False
9026,0.0026731831967797756,431,1.425728113081505,False
9027,0.0033058158790803256,533,0.9649622650575906,False
9028,0.0035911208142354756,579,2.1606900708457144,False
9029,0.00011784334278147503,19,1.4599888952154862,False
9030,0.0022886417624402257,369,2.0462431080619172,False
9031,0.0033616364098715506,542,0.7803146170514096,False
9032,0.003969459967376001,640,1.175617103651166,False
9033,0.003405052378264726,549,0.9764937047315643,False
9034,0.0025119238856051254,405,1.0640018392492223,False
9035,0.0004713733711259001,76,2.1002678698615025,False
9036,0.0053525686747585765,863,0.7234733124044513,False
9037,0.0033554341286725258,541,5.275425082213777,False
9038,0.0012404562398050003,200,1.0364074224233628,False
9039,8.062965558732502e-05,13,2.4120301466721754,False
9040,0.0008000942746742252,129,6.242119524830072,False
9041,0.0021335847324646007,344,1.109344939506331,False
9042,6.202281199025002e-05,10,1.466277575492859,False
9043,0.01781915388479883,2873,1.2161674326900982,False
9044,0.0010978037722274253,177,1.7903156509507174,False
9045,0.0009613535858488752,155,1.4062196008620724,False
9046,0.003330625003876426,537,1.3435740097940967,False
9047,0.0020281459520811755,327,1.608388415170372,False
9048,0.0017738524229211504,286,1.0764209698963831,False
9049,0.00021087756076685005,34,4.470357368974125,False
9050,0.0021273824512655754,343,1.294342232167547,False
9051,9.303421798537502e-05,15,2.106408182779948,False
9052,0.004416024213705801,712,1.2555773616506811,False
9053,0.0009179376174557002,148,7.7343169982368885,False
9054,0.0014451315193728252,233,1.5693088682935985,False
9055,0.0020467527956782505,330,2.118035936716831,False
9056,0.0003721368719415001,60,5.250785875320434,False
9057,0.0010791969286303503,174,2.0950854132915366,False
9058,0.0025181261668041507,406,0.9406069934074515,False
9059,0.0004775756523249251,77,1.2110028127571204,False
9060,4.341596839317501e-05,7,2.6866975682122365,False
9061,5.582053079122501e-05,9,1.9393991364373102,False
9062,0.00030391177875222506,49,6.34519514259027,False
9063,0.0027848242583622257,449,1.2924336075517275,False
9064,0.00019847299836880003,32,2.2011534832417965,False
9065,0.007467546563626102,1204,0.9666726078305926,False
9066,0.0019351117340958004,312,2.2810227962640615,False
9067,3.721368719415001e-05,6,1.1316866477330525,False
9068,4.961824959220001e-05,8,4.284497231245041,False
9069,0.006115449262238651,986,1.6481287339154411,False
9070,0.0019909322648870255,321,1.6400124265397449,False
9071,0.0007008577754898252,113,3.4102157734136664,False
9072,2.4809124796100004e-05,4,1.035412073135376,False
9073,0.0018668866409065254,301,3.429984245981489,False
9074,0.004713733711259001,760,0.9912319446864881,False
9075,0.00018606843597075004,30,10.058783706029256,False
9076,0.00010543878038342502,17,1.5377235272351433,False
9077,0.0036655481886237757,591,1.0158640713054314,False
9078,0.00022948440436392506,37,1.8246197185000859,False
9079,0.0022886417624402257,369,1.6034188881153013,False
9080,0.006034819606651327,973,0.8014638004910664,False
9081,0.0027662174147651507,446,1.5465954755988356,False
9082,0.003938448561380876,635,1.6210368864179596,False
9083,6.202281199025002e-05,10,2.313633692264557,False
9084,0.008534338929858403,1376,0.6646416007086288,False
9085,0.0022266189504499753,359,2.735745703609541,False
9086,0.00031631634115027505,51,3.4331983912224864,False
9087,0.00014265246757757502,23,1.7726017495860225,False
9088,0.0005209916207181001,84,1.4117818276087444,False
9089,0.0022018098256538754,355,6.433587256955429,False
9090,0.0023444622932314507,378,2.628933329115469,False
9091,0.0020901687640714254,337,1.7761294664897975,False
9092,0.0029026676011437006,468,2.0229171560360837,False
9093,0.009377849172925803,1512,0.9403811721574693,False
9094,0.0021583938572607006,348,1.4745990962817752,False
9095,0.004248562621332126,685,1.4879221923159858,False
9096,0.04099707872555526,6610,0.7449184971750233,False
9097,0.003733773281813051,602,1.7891988370109635,False
9098,0.0015753794245523503,254,1.3393725231876523,False
9099,0.0006016212763054251,97,9.857781518365918,False
9100,0.0020653596392753255,333,1.0278213324847523,False
9101,0.020852069391122056,3362,0.5433725027155833,False
9102,0.0008124988370722751,131,6.855745801488862,False
9103,0.015474691591567379,2495,1.56200717016308,False
9104,0.0002480912479610001,40,10.127523890137672,False
9105,0.0005147893395190752,83,8.592394656445606,False
9106,0.0012032425526108503,194,1.837353604970519,False
9107,0.0013831087073825753,223,1.3238862319912077,False
9108,0.006239494886219152,1006,0.6982837320559068,False
9109,0.0026359695095856256,425,5.137123990619884,False
9110,0.0015071543313630753,243,1.4668514007403526,False
9111,9.923649918440002e-05,16,12.58769778907299,False
9112,0.0007504760250820251,121,5.5238460824509295,False
9113,0.0023940805428236504,386,1.7859163015617607,False
9114,0.0020839664828724005,336,1.776643462124325,False
9115,0.0021521915760616753,347,1.5961998986235957,False
9116,0.009911245356041952,1598,0.7591879716951946,False
9117,8.683193678635003e-05,14,2.2490471431187222,False
9118,0.0010853992098293751,175,2.9917057827540807,False
9119,0.003144556567905676,507,1.067079292246576,False
9120,0.0008993307738586252,145,8.622615158146825,False
9121,0.0018110661101153004,292,1.5870335204144046,False
9122,0.0027165991651729505,438,1.1776781789788373,False
9123,0.0028344425079544254,457,0.9434488576141958,False
9124,0.0034918843150510757,563,1.2071841912837054,False
9125,1.2404562398050002e-05,2,1.2183914184570312,False
9126,0.004143123840948701,668,1.0182671118639186,False
9127,0.0019041003281006755,307,2.197811416383675,False
9128,0.0008249033994703252,133,6.048830924177528,False
9129,0.0024312942300178005,392,1.008369959130579,False
9130,7.442737438830002e-05,12,11.55051706234614,False
9131,0.031544802178241155,5086,0.5874994149416205,False
9132,8.062965558732502e-05,13,1.1800891252664418,False
9133,0.007157432503674852,1154,0.8178383564411871,False
9134,0.0031879725362988507,514,1.2746324924179553,False
9135,0.0022824394812412004,368,2.391154963037242,False
9136,0.0003845414343395501,62,9.444905042648315,False
9137,0.0009427467422518002,152,2.0305303052852026,False
9138,0.0023134508872363255,373,1.7824449392170434,False
9139,0.03859059362033356,6222,3.2476999879994604,False
9140,0.0004589688087278501,74,6.336220568901783,False
9141,0.0007876897122761752,127,1.1677827797536775,False
9142,3.721368719415001e-05,6,1.3076679507891338,False
9143,0.0004527665275288251,73,6.084449047911657,False
9144,0.0006202281199025002,100,3.861071684360504,False
9145,0.0021707984196587503,350,1.1574129264695303,False
9146,0.004074898747759426,657,0.9011620009145055,False
9147,0.0020157413896831253,325,1.7006321716308594,False
9148,0.0010481855226352253,169,1.1458709790156438,False
9149,0.0010916014910284002,176,1.259770005941391,False
9150,0.012832519800782727,2069,1.7321247573979757,False
9151,0.0024499010736148755,395,1.7266931962363328,False
9152,0.0016436045177416253,265,1.6605085085023124,False
9153,0.00010543878038342502,17,1.2242867666132309,False
9154,0.0005706098703103001,92,1.6144999939462412,False
9155,4.961824959220001e-05,8,0.7252276092767715,False
9156,0.0020529550768772753,331,2.0293790307289883,False
9157,0.0022080121068529003,356,1.6531247131610185,False
9158,0.00020467527956782505,33,1.6470655744726008,False
9159,0.0003783391531405251,61,2.7378221242154233,False
9160,0.0003783391531405251,61,11.524515202788056,False
9161,0.0017986615477172505,290,1.3053176078303106,False
9162,0.004465642463298001,720,1.703730657365587,False
9163,0.0025553398539983007,412,1.3253535495221036,False
9164,0.004986634084016101,804,1.4714063577984102,False
9165,0.0017428410169260254,281,1.018945898449718,False
9166,0.0007628805874800752,123,4.466497229366768,False
9167,1.8606843597075006e-05,3,2.3871395190556846,False
9168,0.0010978037722274253,177,1.4653844092525332,False
9169,0.0004713733711259001,76,1.848588278419093,False
9170,0.0018668866409065254,301,0.8717929041662882,False
9171,0.0005830144327083501,94,1.7735476975745343,False
9172,0.0005644075891112751,91,3.5081737277271983,False
9173,0.00013024790517952503,21,1.8015244858605521,False
9174,0.0006760486506937252,109,1.982399895650531,False
9175,0.00011164106158245002,18,1.549159778489007,False
9176,0.00022948440436392506,37,1.8100802962844436,False
9177,0.0006574418070966502,106,1.6036977081928614,False
9178,0.00014885474877660004,24,3.368497664729754,False
9179,5.582053079122501e-05,9,5.427894883685642,False
9180,0.0006016212763054251,97,2.1265284228570684,False
9181,0.0029646904131339505,478,2.0981535088567056,False
9182,0.003504288877449126,565,0.9296496855474151,False
9183,0.0004899802147229751,79,9.991432340839241,False
9184,0.0004775756523249251,77,2.3423520760102705,False
9185,0.0010481855226352253,169,1.832835890837675,False
9186,0.013396927389894004,2160,0.7937281869075916,False
9187,0.00022948440436392506,37,1.6124976035710927,False
9188,0.0013520973013874504,218,1.4332620217165817,False
9189,0.002952285850735901,476,1.530911519998262,False
9190,0.005048656896006351,814,1.270081614393567,False
9191,0.011133094752249878,1795,0.7365631071637933,False
9192,0.0018234706725133503,294,0.8468729508977358,False
9193,4.341596839317501e-05,7,1.1116483211517334,False
9194,0.0013396927389894002,216,1.3606892117747553,False
9195,0.00017366387357270005,28,1.4144612210137504,False
9196,0.0021707984196587503,350,1.8549540267671858,False
9197,0.0019599208588919003,316,1.726009010891371,False
9198,0.0005458007455142001,88,4.514892292293635,False
9199,0.0015009520501640503,242,1.7947998174951096,False
9200,4.341596839317501e-05,7,1.296908174242292,False
9201,0.004769554242050226,769,1.0707546649270623,False
9202,0.0004961824959220001,80,3.7237631559371946,False
9203,0.0009303421798537502,150,1.6810627706845602,False
9204,0.0020095391084841005,324,1.9506150866732186,False
9205,6.202281199025002e-05,10,0.7796263933181763,False
9206,0.004515260712890201,728,1.5818739243588604,False
9207,0.0018668866409065254,301,3.224901700732716,False
9208,0.0007008577754898252,113,1.0855702193437424,False
9209,4.961824959220001e-05,8,2.0225400179624557,False
9210,0.004843981616438526,781,1.3865376410197356,False
9211,0.0026669809155807508,430,0.610595794611199,False
9212,0.0028468470703524756,459,0.9236196848302106,False
9213,0.0027724196959641755,447,3.762574623095109,False
9214,0.0019661231400909256,317,1.7264072236954602,False
9215,0.007120218816480702,1148,1.094988214845026,False
9216,0.00016125931117465003,26,3.2807213847453776,False
9217,0.0027538128523671005,444,40.58326310671128,False
9218,0.0022824394812412004,368,2.157213459196298,False
9219,0.011598265842176752,1870,0.7259762687479111,False
9220,0.0010171741166401002,164,14.096234206019378,False
9221,0.0011722311466157253,189,1.3556063288734073,False
9222,0.0003721368719415001,60,4.960666882991791,False
9223,0.0024499010736148755,395,1.3710708714738677,False
9224,0.00016746159237367503,27,1.1218644424721047,False
9225,0.0022266189504499753,359,1.2404273120805747,False
9226,0.0656387419292816,10583,1.0417612597204096,False
9227,0.0014141201133777003,228,1.9131793170644527,False
9228,8.062965558732502e-05,13,1.7860552714421198,False
9229,0.0009551513046498502,154,1.3652219238219323,False
9230,0.0009551513046498502,154,1.046992516362822,False
9231,0.006679856851349927,1077,1.2463948790852184,False
9232,0.0012714676458001253,205,1.7181567122296588,False
9233,1.2404562398050002e-05,2,0.8438259363174438,False
9234,0.0015567725809552753,251,2.019999334061763,False
9235,0.003845414343395501,620,1.6970834182154748,False
9236,0.02742028518088953,4421,1.9202273614102967,False
9237,0.0016125931117465003,260,0.9649967464116903,False
9238,0.0006140258387034752,99,13.684092796210086,False
9239,0.004713733711259001,760,2.041395433639225,False
9240,0.0004217551215337001,68,13.071204206522774,False
9241,0.0023878782616246256,385,1.7842851208401964,False
9242,2.4809124796100004e-05,4,2.142207533121109,False
9243,0.0028034311019593007,452,1.725417721851737,False
9244,0.008286247681897401,1336,0.8059391175915381,False
9245,0.004248562621332126,685,1.583957279511612,False
9246,0.009297219517338477,1499,1.385860548089392,False
9247,0.00016125931117465003,26,1.9012896647820106,False
9248,0.012168875712487053,1962,0.6389759629509135,False
9249,0.00026049581035905006,42,7.373053766432262,False
9250,0.006847318443723602,1104,0.8896239524086317,False
9251,0.1126024151682989,18155,0.9323251399085135,False
9252,0.0011598265842176752,187,2.305163855221182,False
9253,0.00039694599673760006,64,1.420608876273036,False
9254,1.2404562398050002e-05,2,5.4634575843811035,False
9255,0.0028840607575466256,465,2.0538985052416403,False
9256,0.0029584881319349257,477,1.9775227380748566,False
9257,0.0007876897122761752,127,1.229543494427298,False
9258,0.0020467527956782505,330,2.241872381441521,False
9259,0.0010916014910284002,176,1.4339205568486995,False
9260,0.0004155528403346751,67,12.810086084835564,False
9261,0.0003101140599512501,50,2.3668480634689333,False
9262,0.0005147893395190752,83,1.4555256481630257,False
9263,0.0021273824512655754,343,1.667100396517762,False
9264,0.0015071543313630753,243,1.4776197470755243,False
9265,0.0017490432981250503,282,1.2230528618427032,False
9266,0.0017428410169260254,281,1.135436823359588,False
9267,0.0014451315193728252,233,2.38449743530781,False
9268,3.101140599512501e-05,5,1.0373780965805053,False
9269,0.011102083346254753,1790,1.964707301049259,False
9270,0.0004837779335239501,78,6.958359270523756,False
9271,0.0004775756523249251,77,8.286573580333165,False
9272,0.0005706098703103001,92,1.2540098350981008,False
9273,0.002741408289969051,442,0.8667995530555691,False
9274,0.0023134508872363255,373,1.7043425688475131,False
9275,1.2404562398050002e-05,2,5.581186592578888,False
9276,0.0006636440882956752,107,1.402707649168567,False
9277,0.007343500939645602,1184,0.8824673605126303,False
9278,0.00016746159237367503,27,1.079266415701972,False
9279,0.004968027240419026,801,6.905128027764748,False
9280,0.014153605696175053,2282,0.6176416387064848,False
9281,0.0028158356643573504,454,1.1466439140525684,False
9282,0.00012404562398050004,20,1.4459053039550782,False
9283,0.0014017155509796504,226,1.8366061153665054,False
9284,0.00017366387357270005,28,2.40471955708095,False
9285,0.0019599208588919003,316,1.1382036107250406,False
9286,0.0020033368272850756,323,1.8997155808073818,False
9287,0.004471844744497026,721,0.7626977362017691,False
9288,0.0036841550322208507,594,2.6867991966831966,False
9289,0.0005395984643151751,87,1.224998175412759,False
9290,0.0018172683913143255,293,1.0780361081146137,False
9291,0.0014141201133777003,228,1.1525411480351497,False
9292,0.0005333961831161502,86,6.877659018649611,False
9293,0.0017862569853192003,288,1.317589371982548,False
9294,0.0004279574027327251,69,1.5018349557683088,False
9295,0.0010171741166401002,164,3.8838309427586997,False
9296,0.004130719278550651,666,0.9861749654059654,False
9297,6.202281199025001e-06,1,0.8628777265548706,False
9298,0.0011536243030186503,186,1.2358387189526712,False
9299,0.0025057216044061005,404,1.0438395419923385,False
9300,9.923649918440002e-05,16,1.6991678103804588,False
9301,0.013818682511427703,2228,1.0862125314544733,False
9302,5.582053079122501e-05,9,2.727304538091024,False
9303,4.341596839317501e-05,7,1.681821278163365,False
9304,0.003715166438215976,599,1.3243262192641754,False
9305,0.0014017155509796504,226,4.46212130626746,False
9306,0.007306287252451452,1178,1.1622535850479567,False
9307,0.006016212763054252,970,0.9570637609540802,False
9308,0.0004217551215337001,68,1.6077696418060976,False
9309,0.0018110661101153004,292,1.4713227969326386,False
9310,0.0008311056806693502,134,1.1048728441124531,False
9311,0.0017924592665182254,289,1.7565540409418126,False
9312,0.0010233763978391252,165,1.1389703013680197,False
9313,0.005867358014277652,946,0.9544689822902639,False
9314,0.0002791026539561251,45,2.2245075861612955,False
9315,0.00012404562398050004,20,2.537782037258148,False
9316,6.202281199025002e-05,10,10.90386587381363,False
9317,0.0012714676458001253,205,0.8530111161673941,False
9318,0.0024126873864207254,389,0.9848830414921581,False
9319,0.0004093505591356501,66,1.5695261937199216,False
9320,0.0038206052185994007,616,2.125257768414237,False
9321,0.0014079178321786752,227,5.447807769418288,False
9322,0.010463248382755178,1687,0.7649198666647756,False
9323,0.010661721381123977,1719,0.6180172954068897,False
9324,0.0006202281199025002,100,3.2863663697242735,False
9325,0.0008869262114605752,143,2.0432761507434445,False
9326,0.0014451315193728252,233,1.285863649180007,False
9327,0.005085870583200501,820,1.7179422590790725,False
9328,0.0024933170420080504,402,0.9549746643844529,False
9329,0.0071140165352816765,1147,0.9678269604963121,False
9330,8.683193678635003e-05,14,3.783910342625209,False
9331,0.0020777642016733757,335,1.528260542029765,False
9332,5.582053079122501e-05,9,1.7944537533654108,False
9333,0.0023072486060373007,372,0.8552666950610376,False
9334,0.0020281459520811755,327,2.013710779516704,False
9335,0.0023568668556295004,380,2.934476012618918,False
9336,0.0007690828686791001,124,1.853648700060383,False
9337,0.00012404562398050004,20,1.8107342362403869,False
9338,0.0047819588044482764,771,0.8041016743186228,False
9339,0.017999020039570553,2902,0.6072055154796472,False
9340,0.0005023847771210251,81,4.7315793626102405,False
9341,0.008385484181081803,1352,2.9581989565720925,False
9342,0.0012342539586059752,199,2.1260959467097145,False
9343,0.006413158759791851,1034,1.030727989669003,False
9344,0.0008249033994703252,133,0.9239492344677,False
9345,0.0009985672730430252,161,1.250834684194245,False
9346,1.8606843597075006e-05,3,1.3350111643473308,False
9347,0.0013396927389894002,216,1.5578763175893713,False
9348,0.0008124988370722751,131,1.8984504765226642,False
9349,0.014085380602985777,2271,1.9365266995616863,False
9350,0.0018296729537123754,295,1.0871930288056195,False
9351,0.0015195588937611253,245,1.4772890246644312,False
9352,0.0011722311466157253,189,1.4622867536292505,False
9353,0.029063889698631155,4686,3.7512366001391277,False
9354,0.0056626827347098264,913,0.9745367077329203,False
9355,0.0032872090354832506,530,1.1352933577771456,False
9356,0.010705137349517153,1726,1.0852571865360265,False
9357,0.0014699406441689253,237,1.0292333555623951,False
9358,0.0005954189951064002,96,1.561600825438897,False
9359,0.0006760486506937252,109,1.5156484787617255,False
9360,0.02929337410299508,4723,0.7824515311010758,False
9361,0.009036723706979426,1457,1.1006848483193632,False
9362,0.0022638326376441253,365,1.14859862458216,False
9363,0.0023692714180275506,382,1.6267519833529807,False
9364,0.006332529104204526,1021,1.1141498922484394,False
9365,0.0065620135085684515,1058,2.759118262220646,False
9366,0.0025863512599934254,417,3.2508088990652877,False
9367,0.0013458950201884253,217,1.2570242552163964,False
9368,0.00014265246757757502,23,2.8886256321616797,False
9369,0.0056998964219039765,919,1.764682578703265,False
9370,0.009855424825250727,1589,1.0208425788927409,False
9371,0.0026483740719836757,427,1.7742783629642995,False
9372,0.003864021186992576,623,0.8189292443889293,False
9373,0.003708964157016951,598,1.1130900434825732,False
9374,0.0011970402714118252,193,1.0595082668442801,False
9375,0.00011784334278147503,19,1.355628396335401,False
9376,0.00022328212316490004,36,0.9558340840869479,False
9377,0.007932717653552976,1279,0.9103998856399095,False
9378,0.003708964157016951,598,0.906817086364912,False
9379,0.0019909322648870255,321,1.4038034294995936,False
9380,6.202281199025002e-05,10,2.9208194971084596,False
9381,1.8606843597075006e-05,3,1.6875094572703044,False
9382,0.00032251862234930007,52,15.169219299004627,False
9383,0.0061216515434376765,987,1.0627619135585116,False
9384,0.0012900744893972003,208,1.2202772555442958,False
9385,0.011238533532633302,1812,0.9542995436038929,False
9386,0.004385012807710676,707,0.840593418272415,False
9387,0.0023134508872363255,373,6.546098950081792,False
9388,0.0015505702997562505,250,1.2006355042457582,False
9389,0.0026917900403768506,434,1.5561304183050235,False
9390,0.0025801489787944006,416,0.8646119924692007,False
9391,0.007275275846456326,1173,1.0598535033646346,False
9392,0.0057557169526952015,928,5.427888070586427,False
9393,0.0024312942300178005,392,1.0542320669913778,False
9394,0.00011784334278147503,19,2.7657210073973,False
9395,0.0017924592665182254,289,1.8933709686602689,False
9396,0.028332020517146207,4568,0.6671378357815451,False
9397,0.006028617325452301,972,1.0084602253917805,False
9398,0.00039694599673760006,64,8.995074985548854,False
9399,0.004453237900899951,718,1.3002070181881153,False
9400,0.0009303421798537502,150,3.7973900270462035,False
9401,0.004664115461666801,752,0.7347918748855591,False
9402,0.0016994250485328503,274,1.1770221682360573,False
9403,0.0022018098256538754,355,1.2551513591282804,False
9404,0.0014327269569747753,231,5.0562512038590075,False
9405,0.0009179376174557002,148,8.224397093057632,False
9406,0.02304147465437788,3715,0.5704779110237214,False
9407,0.00031631634115027505,51,1.2771258634679459,False
9408,3.721368719415001e-05,6,2.75413445631663,False
9409,0.00017366387357270005,28,1.2035984652382987,False
9410,0.005569648516724451,898,3.5196147445581007,False
9411,0.009080139675372603,1464,0.9074713297880412,False
9412,0.0012900744893972003,208,2.431543984092199,False
9413,0.0020839664828724005,336,0.8830746859312057,False
9414,0.0011908379902128004,192,1.2101345198849838,False
9415,0.0018420775161104254,297,1.4623818108529756,False
9416,0.0007194646190869002,116,4.19036577487814,False
9417,0.00024188896676197505,39,5.664454784148779,False
9418,0.0008435102430674002,136,3.4754334916086758,False
9419,0.0003473277471454001,56,0.9327428638935089,False
9420,0.0016622113613387003,268,1.2018028635587266,False
9421,0.05116881989195626,8250,0.909661650686553,False
9422,0.0015133566125621004,244,4.158053442591527,False
9423,4.961824959220001e-05,8,0.8339427411556244,False
9424,0.0019289094528967753,311,1.2920576590817074,False
9425,0.0019537185776928754,315,1.0397232464381627,False
9426,0.0007504760250820251,121,1.2126541925855905,False
9427,0.0014823452065669753,239,1.0369025698266767,False
9428,0.00013645018637855003,22,8.294753871180795,False
9429,0.0004279574027327251,69,9.897612257280212,False
9430,0.0019723254212899504,318,1.3887376770283442,False
9431,0.02693650724736558,4343,2.9990261517278123,False
9432,0.0019723254212899504,318,1.358976905450881,False
9433,0.0003721368719415001,60,8.528311367829641,False
9434,0.005879762576675701,948,0.9768932066889252,False
9435,0.0020591573580763006,332,2.0494473109762352,False
9436,0.0026235649471875754,423,0.888065823708302,False
9437,0.0009303421798537502,150,4.188370227813721,False
9438,0.004205146652938951,678,0.9956060173237218,False
9439,0.0007504760250820251,121,7.278292465801082,False
9440,5.582053079122501e-05,9,1.132666481865777,False
9441,0.004248562621332126,685,0.9137352574480712,False
9442,0.0020777642016733757,335,2.554189993730232,False
9443,0.010500462069949328,1693,0.7324853278586516,False
9444,0.0015753794245523503,254,1.1075617309630386,False
9445,9.303421798537502e-05,15,1.646949052810669,False
9446,0.0023878782616246256,385,2.162218708496589,False
9447,0.0016063908305474753,259,5.378286355250591,False
9448,0.00027290037275710005,44,1.2245215313001112,False
9449,0.005786728358690326,933,1.3101855092237744,False
9450,0.006369742791398676,1027,0.911720423526634,False
9451,0.00033492318474735006,54,1.6218244698312547,False
9452,0.0012156471150089002,196,0.8589489034243992,False
9453,0.0024499010736148755,395,1.2552754622471483,False
9454,0.0002977094975532001,48,7.078128327926,False
9455,0.0019785277024889753,319,0.9761817683246816,False
9456,0.0025677444163963504,414,3.5442701131825287,False
9457,0.00035353002834442507,57,1.7640526001913506,False
9458,0.0019041003281006755,307,1.5215962620433845,False
9459,0.0014265246757757502,230,1.0629482699477155,False
9460,0.0022700349188431506,366,1.800312101840973,False
9461,0.009979470449231228,1609,2.275635668696492,False
9462,0.0031135451619105506,502,1.4437248697318878,False
9463,1.8606843597075006e-05,3,1.5459187825520833,False
9464,0.0004155528403346751,67,6.472649342978179,False
9465,0.007306287252451452,1178,0.6401793562090863,False
9466,6.202281199025001e-06,1,1.228288173675537,False
9467,0.0010047695542420502,162,1.103592394310751,False
9468,0.003826807499798426,617,0.8953374015647356,False
9469,0.004161730684545776,671,1.0773613150890822,False
9470,0.0006884532130917751,111,1.2465923487603128,False
9471,0.004906004428428776,791,1.0523548439691401,False
9472,4.341596839317501e-05,7,3.166876588548933,False
9473,0.00021707984196587504,35,2.906395380837577,False
9474,0.0005644075891112751,91,2.9690471350491703,False
9475,0.0003287209035483251,53,1.4926501692466017,False
9476,1.2404562398050002e-05,2,1.6570608615875244,False
9477,0.0021149778888675257,341,2.047528490642648,False
9478,0.0008807239302615502,142,3.4744852462285003,False
9479,0.004366405964113601,704,0.8077193429185585,False
9480,0.004602092649676551,742,1.1147300509429685,False
9481,9.923649918440002e-05,16,2.168523631989956,False
9482,0.003808200656201351,614,1.1679722556073813,False
9483,0.006183674355427927,997,0.9251579640502318,False
9484,0.00011784334278147503,19,1.3194340028260882,False
9485,0.0007318691814849501,118,2.0915758963358604,False
9486,0.0007256669002859252,117,1.7784139131888366,False
9487,0.0005706098703103001,92,1.3201674326606418,False
9488,0.0036469413450267007,588,0.8803178331478924,False
9489,0.0014451315193728252,233,1.3261490338861686,False
9490,0.010463248382755178,1687,1.0351440478303975,False
9491,0.0019847299836880006,320,2.0628904953598974,False
9492,0.0007194646190869002,116,1.2617186544270351,False
9493,0.0013458950201884253,217,1.3983319014448174,False
9494,0.00031631634115027505,51,1.1979887228386075,False
9495,0.0007256669002859252,117,8.679618939375265,False
9496,0.0033182204414783758,535,1.0455713272094727,False
9497,0.003870223468191601,624,1.319081528064532,False
9498,0.00013024790517952503,21,11.485440350714184,False
9499,0.0002791026539561251,45,3.2882897112104628,False
9500,0.0011288151782225502,182,1.4850781094896925,False
9501,0.0036655481886237757,591,1.7619747494279632,False
9502,0.0023692714180275506,382,1.5149635382347706,False
9503,0.0024995193232070756,403,1.0517800907343255,False
9504,0.0021894052632558253,353,1.8541535270788176,False
9505,0.003715166438215976,599,1.3282636688627265,False
9506,0.0014761429253679504,238,1.6216589067162586,False
9507,0.0020343482332802003,328,1.3150079373906298,False
9508,0.0012590630834020753,203,1.2921103632508828,False
9509,0.011647884091768953,1878,0.7919826060692216,False
9510,4.341596839317501e-05,7,0.6120838608060565,False
9511,0.00011784334278147503,19,10.051761137811761,False
9512,0.0019909322648870255,321,0.9685945696548509,False
9513,0.0007442737438830002,120,1.5203546653191249,False
9514,0.02186304122656313,3525,0.7733076985677083,False
9515,0.0020157413896831253,325,1.7710657787322999,False
9516,0.0021459892948626504,346,2.157647128739109,False
9517,0.007746649217582227,1249,0.5872305514241716,False
9518,0.004149326122147726,669,0.9763149379436568,False
9519,0.004236158058934076,683,2.3358523137049305,False
9520,1.8606843597075006e-05,3,2.071932037671407,False
9521,0.0012776699269991503,206,0.8100836242286904,False
9522,0.0034732774714540007,560,1.6989365875720979,False
9523,0.0075543785004124515,1218,1.1423513783609927,False
9524,0.0016249976741445503,262,0.9503207102076698,False
9525,0.0005458007455142001,88,4.357064390724355,False
9526,0.0006636440882956752,107,1.791466138073217,False
9527,0.00012404562398050004,20,1.381448459625244,False
9528,0.0004279574027327251,69,9.982371212779611,False
9529,0.044774267975761485,7219,0.863375639317686,False
9530,0.0020715619204743504,334,1.692870944916845,False
9531,0.03490643858811271,5628,0.7685956229702665,False
9532,0.011461815655798202,1848,0.7724522667013721,False
9533,8.683193678635003e-05,14,1.5760215435709273,False
9534,0.00014885474877660004,24,4.838490933179855,False
9535,0.0016125931117465003,260,1.2835420727729798,False
9536,0.007827278873169552,1262,0.7304549723532989,False
9537,2.4809124796100004e-05,4,2.077384352684021,False
9538,0.0007380714626839752,119,1.5323748568526836,False
9539,0.0007938919934752001,128,5.733697336167097,False
9540,0.0019351117340958004,312,2.1943937562979183,False
9541,0.009197983018154077,1483,0.7854949297811723,False
9542,0.0047819588044482764,771,0.8178054906050982,False
9543,0.0017738524229211504,286,0.9828588825005752,False
9544,0.0008559148054654502,138,1.3689511686131575,False
9545,0.0016125931117465003,260,1.6535133490195641,False
9546,5.582053079122501e-05,9,4.283811926841736,False
9547,0.00013645018637855003,22,3.1593607501550154,False
9548,0.0024002828240226757,387,2.9281722273321424,False
9549,0.00013645018637855003,22,1.170464033430273,False
9550,0.004385012807710676,707,0.7822418361269938,False
9551,0.0010605900850332753,171,2.2020414984017087,False
9552,1.8606843597075006e-05,3,3.105079015096029,False
9553,0.0026793854779788005,432,1.2197975047208645,False
9554,0.0012342539586059752,199,1.7767249687233162,False
9555,0.0010357809602371752,167,1.3672108436059096,False
9556,0.0007504760250820251,121,1.5993029923478435,False
9557,0.007759053779980277,1251,1.395575981536548,False
9558,0.0014389292381738004,232,1.4026191635378475,False
9559,0.009464681109712152,1526,0.6288876164787562,False
9560,0.0018234706725133503,294,1.6406659528511722,False
9561,0.0015443680185572254,249,1.115191190597044,False
9562,0.0028902630387456505,466,1.1773191224863602,False
9563,0.0024312942300178005,392,0.7745942376097854,False
9564,0.007715637811587101,1244,0.9594159591044644,False
9565,0.0003411254659463751,55,1.718538266962225,False
9566,0.0003597323095434501,58,2.7913202478967865,False
9567,0.002797228820760276,451,0.9774897304712536,False
9568,0.012168875712487053,1962,0.6794837801949815,False
9569,0.0033802432534686257,545,4.5332045581362665,False
9570,0.0021087756076685004,340,2.184115124099395,False
9571,0.006506192977777226,1049,1.5394304191873003,False
9572,0.0053153549875644265,857,0.9086252293759216,False
9573,0.0016063908305474753,259,1.606776930650689,False
9574,0.00010543878038342502,17,2.036371749990127,False
9575,0.0013210858953923252,213,7.905599961258436,False
9576,0.00019227071716977504,31,1.1612884306138562,False
9577,0.014178414820971152,2286,0.6268114009032829,False
9578,0.0028840607575466256,465,4.297036893906132,False
9579,0.00039694599673760006,64,2.693124260753393,False
9580,0.0012032425526108503,194,1.0140829350530487,False
9581,0.004676520024064851,754,3.2908532540425064,False
9582,0.003789593812604276,611,1.6394055839841377,False
9583,0.006989970911301177,1127,2.4516188197148616,False
9584,0.013291488609510578,2143,0.8738384202324337,False
9585,0.0005085870583200501,82,1.8601694833941576,False
9586,0.0021459892948626504,346,3.768512560453029,False
9587,0.0003907437155385751,63,1.9326898465080866,False
9588,0.00011784334278147503,19,4.429280023825796,False
9589,0.0003721368719415001,60,2.9989293654759726,False
9590,0.0005830144327083501,94,1.7334640913821282,False
9591,0.009080139675372603,1464,0.7221984368204419,False
9592,0.0026607786343817255,429,1.752697790141428,False
9593,0.053122538469649136,8565,1.255201857478314,False
9594,0.0009117353362566752,147,4.840250253677368,False
9595,5.582053079122501e-05,9,2.0439554982715182,False
9596,0.0026483740719836757,427,0.910795516096736,False
9597,0.0004279574027327251,69,4.871345186579054,False
9598,5.582053079122501e-05,9,2.2242240640852184,False
9599,0.0008993307738586252,145,1.4059383597867243,False
9600,0.0019041003281006755,307,0.9171076849928119,False
9601,0.02028766180201078,3271,0.8215288799569279,False
9602,0.00021707984196587504,35,1.8759676286152431,False
9603,0.005861155733078626,945,1.0533043407258533,False
9604,5.582053079122501e-05,9,1.4413078361087375,False
9605,0.005253332175574176,847,1.9045873314599642,False
9606,0.0009675558670479002,156,1.2397511112384307,False
9607,0.0034918843150510757,563,1.2726492130099987,False
9608,0.0008931284926596002,144,1.9901836183336046,False
9609,0.0006884532130917751,111,1.6303515971243918,False
9610,0.016001885493484504,2580,0.6391739647517832,False
9611,0.00027290037275710005,44,1.347544550895691,False
9612,0.0009923649918440003,160,1.2953670248389244,False
9613,0.00013645018637855003,22,1.443342620676214,False
9614,0.003312018160279351,534,1.3164031800259366,False
9615,0.0004837779335239501,78,5.457122405370076,False
9616,0.00023568668556295006,38,1.2509736512836658,False
9617,0.00022328212316490004,36,1.4210100306404962,False
9618,0.005656480453510801,912,2.4134011991452753,False
9619,0.0009737581482469252,157,1.3229402220173248,False
9620,0.0003287209035483251,53,8.81471996937158,False
9621,0.0004155528403346751,67,0.9543611576308065,False
9622,0.00024188896676197505,39,1.5413447587918012,False
9623,0.0031879725362988507,514,1.3555928292441461,False
9624,3.101140599512501e-05,5,0.8733204126358032,False
9625,0.00035353002834442507,57,1.6282561536420856,False
9626,0.0016498067989406504,266,1.732596867066577,False
9627,0.00029150721635417507,47,1.5079377433086962,False
9628,0.004050089622963326,653,1.5804904788778167,False
9629,0.0018048638289162753,291,1.4225124739289694,False
9630,0.0017118296109309005,276,2.403732154680335,False
9631,0.0014761429253679504,238,1.4985800510695,False
9632,0.0016746159237367505,270,1.2344742015556054,False
9633,0.0012900744893972003,208,3.0695817034978132,False
9634,0.0026173626659885506,422,1.5072169620278888,False
9635,0.0024002828240226757,387,1.0516441025475198,False
9636,0.0029212744447407756,471,0.8009885587510029,False
9637,0.00020467527956782505,33,1.174498312401049,False
9638,0.0037027618758179257,597,1.493718323396079,False
9639,0.006661250007752852,1074,1.5389450724120468,False
9640,0.0043229899957204256,697,1.3765357101664824,False
9641,0.0005830144327083501,94,5.640383662061488,False
9642,0.0024933170420080504,402,1.8649469109910044,False
9643,0.0003783391531405251,61,1.3106413669273502,False
9644,0.004347799120516526,701,0.892533689694806,False
9645,0.004037685060565276,651,0.8979999568605204,False
9646,0.0057371101090981265,925,0.8194885243596257,False
9647,0.0028282402267554006,456,3.290022615277976,False
9648,0.016411236052620154,2646,0.6877390082280742,False
9649,0.0010357809602371752,167,1.0220423544238428,False
9650,0.0004465642463298001,72,1.4275806198517482,False
9651,0.004862588460035601,784,0.8524943480686266,False
9652,0.0016374022365426004,264,1.2984125469670151,False
9653,0.0024561033548139008,396,1.2701465842699764,False
9654,0.0020467527956782505,330,2.1055758996443315,False
9655,0.0014327269569747753,231,1.5066036249135997,False
9656,6.202281199025002e-05,10,1.2667629599571228,False
9657,0.0002480912479610001,40,1.8649863302707672,False
9658,5.582053079122501e-05,9,2.0647050274742975,False
9659,0.0020529550768772753,331,1.9861366799230662,False
9660,0.004031482779366251,650,0.8433282826497005,False
9661,0.0030577246311193256,493,1.0628835463378783,False
9662,0.005209916207181001,840,1.053168947356088,False
9663,0.008980903176188201,1448,0.9268274359940165,False
9664,0.0011536243030186503,186,0.9271873184429702,False
9665,0.006022415044253276,971,0.7974079536728707,False
9666,0.0006822509318927502,110,1.5007946556264704,False
9667,0.0018358752349114005,296,1.5066665515706346,False
9668,0.003392647815866676,547,1.4968706110059888,False
9669,0.14769492219238237,23813,1.1702995301894907,False
9670,0.0020529550768772753,331,2.9222860844113674,False
9671,0.011486624780594302,1852,0.7700579223056077,False
9672,0.0003411254659463751,55,2.4834716189991344,False
9673,0.007765256061179302,1252,0.904637138683575,False
9674,0.016411236052620154,2646,0.7133748608832097,False
9675,7.442737438830002e-05,12,1.3021061420440674,False
9676,0.0020591573580763006,332,1.7191264834030564,False
9677,0.0019971345460860503,322,1.2094241799034686,False
9678,2.4809124796100004e-05,4,0.6664982438087463,False
9679,0.008521934367460352,1374,0.9704770503953382,False
9680,0.00030391177875222506,49,2.040030931939884,False
9681,0.0019227071716977505,310,1.4001266033418718,False
9682,0.0026173626659885506,422,1.0433999729382484,False
9683,0.00021087756076685005,34,1.1421618882347555,False
9684,0.0007876897122761752,127,3.657968461044191,False
9685,0.005631671328714701,908,2.556674057166482,False
9686,0.00013645018637855003,22,8.203287558122115,False
9687,0.0017366387357270004,280,1.821620237827301,False
9688,0.00011784334278147503,19,1.544026770089802,False
9689,0.00015505702997562504,25,2.2361052322387693,False
9690,0.0004837779335239501,78,1.149951933286129,False
9691,0.006884532130917752,1110,0.7283952075081903,False
9692,0.0002791026539561251,45,1.8512440098656548,False
9693,0.00022328212316490004,36,1.0394361052248213,False
9694,0.006847318443723602,1104,1.2157710341439731,False
9695,4.341596839317501e-05,7,2.176668269293649,False
9696,0.00023568668556295006,38,2.2761556380673458,False
9697,0.0022948440436392505,370,2.510173077841063,False
9698,0.0019227071716977505,310,1.8586584737223963,False
9699,0.0003287209035483251,53,0.6989627469260737,False
9700,0.0014885474877660003,240,1.3788456171751022,False
9701,0.00019227071716977504,31,8.607580431046024,False
9702,0.0006264304011015251,101,1.9652592144390144,False
9703,0.014811047503271703,2388,0.6718968546370565,False
9704,9.923649918440002e-05,16,1.7022180333733559,False
9705,0.0009551513046498502,154,2.3910025420126977,False
9706,0.011573456717380652,1866,1.247299070015853,False
9707,7.442737438830002e-05,12,2.3807249069213867,False
9708,4.341596839317501e-05,7,2.338172231401716,False
9709,3.101140599512501e-05,5,3.0130938053131104,False
9710,0.0033430295662744756,539,1.7754265642785407,False
9711,0.0012900744893972003,208,1.5979754116672735,False
9712,0.007225657596864127,1165,1.1990714715785735,False
9713,0.014910284002456104,2404,1.0232747374675832,False
9714,0.0006574418070966502,106,1.0302077126952838,False
9715,0.00021087756076685005,34,1.3689564711907332,False
9716,0.006034819606651327,973,3.137562221515338,False
9717,0.0010791969286303503,174,2.385094930385721,False
9718,0.0013396927389894002,216,1.2846357071841206,False
9719,0.0028592516327505257,461,1.221387886432143,False
9720,0.0018792912033045754,303,1.404693339130666,False
9721,0.0007752851498781252,125,5.790051515579224,False
9722,0.0004589688087278501,74,3.9761507833326184,False
9723,0.004229955777735051,682,0.9111755397662389,False
9724,0.0006202281199025002,100,1.0982125890254975,False
9725,0.19174972554905695,30916,1.0222929348564962,False
9726,0.0012962767705962254,209,1.5582636994037902,False
9727,0.00016125931117465003,26,11.821900661175068,False
9728,0.0016125931117465003,260,1.1601719067646907,False
9729,0.0024374965112168257,393,1.3801393696976678,False
9730,7.442737438830002e-05,12,1.9745928943157196,False
9731,0.0016498067989406504,266,1.182203469867993,False
9732,0.003442266065458876,555,0.789754039317638,False
9733,0.032065793798959255,5170,0.6228233839142023,False
9734,0.0008187011182713002,132,1.2721177872383234,False
9735,6.202281199025002e-05,10,1.4134122848510742,False
9736,0.0003101140599512501,50,1.7793694734573364,False
9737,0.0005209916207181001,84,0.930605791863941,False
9738,0.0035725139706384006,576,1.389016913043128,False
9739,0.0006760486506937252,109,3.0304287781409167,False
9740,0.0024126873864207254,389,1.5909691056126494,False
9741,0.0022452257940470503,362,1.2848111812581016,False
9742,6.202281199025001e-06,1,1.2098370790481567,False
9743,0.0003411254659463751,55,2.0238991585644808,False
9744,0.0014141201133777003,228,1.4616386262994063,False
9745,0.004521462994089226,729,0.892819736883637,False
9746,3.721368719415001e-05,6,1.5927982330322266,False
9747,0.0025491375727992754,411,1.5488314477776668,False
9748,0.0023010463248382754,371,1.8423546867550544,False
9749,0.0015505702997562505,250,2.225570034980774,False
9750,0.003293411316682276,531,1.640497314503413,False
9751,3.721368719415001e-05,6,2.549526333808899,False
9752,0.0005644075891112751,91,1.9417995594360016,False
9753,0.0025367330104012257,409,1.7269508040038763,False
9754,0.0020219436708821506,326,1.8867345031785088,False
9755,0.002760015133566126,445,1.5831041445892848,False
9756,0.006940352661708976,1119,1.0806138897922233,False
9757,0.0008807239302615502,142,2.141296751062635,False
9758,0.0013024790517952502,210,1.3104777092025393,False
9759,0.011945593589322153,1926,0.5123719713522019,False
9760,0.0017490432981250503,282,3.1878903968959835,False
9761,0.0021149778888675257,341,1.2041429235788383,False
9762,0.0022328212316490006,360,1.3073928342925178,False
9763,0.0004589688087278501,74,10.166253879263595,False
9764,0.0017924592665182254,289,3.5371144865623396,False
9765,0.0008745216490625251,141,1.6063027212805783,False
9766,0.0010916014910284002,176,6.050682250748981,False
9767,0.006034819606651327,973,0.7807851028834438,False
9768,0.0025119238856051254,405,3.031385374657902,False
9769,0.0004403619651307751,71,1.305985155239911,False
9770,0.00018606843597075004,30,1.2967596888542174,False
9771,0.004068696466560401,656,1.1500250929739417,False
9772,0.0011040060534264502,178,2.0824270221624483,False
9773,0.0007008577754898252,113,1.0356103973051087,False
9774,0.005166500238787826,833,0.9758495603288923,False
9775,0.0005085870583200501,82,1.7729048191047296,False
9776,0.0004217551215337001,68,4.782860775204266,False
9777,0.00017366387357270005,28,1.812614185469491,False
9778,0.00036593459074247506,59,5.522045584048255,False
9779,0.0020281459520811755,327,1.6168764505182203,False
9780,0.005644075891112751,910,0.8305364776443649,False
9781,0.0019785277024889753,319,2.8128145327762377,False
9782,0.0021211801700665505,342,1.5297536752377336,False
9783,0.0009675558670479002,156,1.475932532396072,False
9784,0.003442266065458876,555,0.8334859566645579,False
9785,0.005116881989195626,825,0.9381281708226059,False
9786,0.00013024790517952503,21,4.557700384230841,False
9787,0.0035725139706384006,576,1.2284842729568481,False
9788,0.0009179376174557002,148,1.2380858627525535,False
9789,0.0005395984643151751,87,5.79614590228289,False
9790,0.0013396927389894002,216,0.7501075118780136,False
9791,0.0015691771433533252,253,6.585382760749033,False
9792,0.0008683193678635002,140,2.5245714153562275,False
9793,0.009520501640503377,1535,0.7714783861116788,False
9794,0.016609709050988953,2678,1.7275317382954947,False
9795,0.007486153407223177,1207,0.8578414190082186,False
9796,0.0033368272850754508,538,3.9651155148296993,False
9797,0.005569648516724451,898,8.919558588008838,False
9798,0.0022700349188431506,366,4.684783556096541,False
9799,0.00021087756076685005,34,3.442356355050031,False
9800,0.003659345907424751,590,0.8377727557036836,False
9801,0.0028034311019593007,452,0.9671098953854721,False
9802,0.01676476608096458,2703,1.6177211259410773,False
9803,0.0006884532130917751,111,2.4429499308268228,False
9804,9.923649918440002e-05,16,20.049032792448997,False
9805,0.0006946554942908002,112,2.1467278599739075,False
9806,0.0024312942300178005,392,1.0516358556187884,False
9807,0.00010543878038342502,17,1.0519195724936092,False
9808,0.0,0,0.0,True
9809,0.0020157413896831253,325,1.9255697188010583,False
9810,0.0015071543313630753,243,1.014347945221167,False
9811,0.0014327269569747753,231,0.9335119476566067,False
9812,0.0034980865962501006,564,1.5016456083625767,False
9813,0.0026669809155807508,430,0.9238820175791895,False
9814,9.303421798537502e-05,15,1.41160302956899,False
9815,8.683193678635003e-05,14,8.605061565126691,False
9816,0.002933679007138826,473,2.6932353486974447,False
9817,0.0010481855226352253,169,4.913048682128184,False
9818,0.0058301443270835016,940,0.7876072564023606,False
9819,0.002760015133566126,445,0.9034227521232004,False
9820,0.00011784334278147503,19,1.7909242981358577,False
9821,5.582053079122501e-05,9,1.178086241086324,False
9822,0.008987105457387227,1449,0.7002417141194999,False
9823,0.0009489490234508252,153,2.384216299244002,False
9824,0.020864473953520105,3364,1.0927908539630287,False
9825,1.2404562398050002e-05,2,1.27082097530365,False
9826,0.05255813088053786,8474,0.6268752026676091,False
9827,0.0025181261668041507,406,1.6102937724202724,False
9828,0.0010109718354410753,163,5.039625530593966,False
9829,0.007138825660077777,1151,5.8869259300488785,False
9830,0.004161730684545776,671,0.8220050452185459,False
9831,0.0005768121515093252,93,11.19123682411768,False
9832,0.0,0,0.0,True
9833,0.00029150721635417507,47,1.4610505053337584,False
9834,0.0034794797526530256,561,1.3913390302828077,False
9835,0.0024126873864207254,389,1.8558445467127627,False
9836,0.004329192276919451,698,0.795060919485666,False
9837,0.0004279574027327251,69,1.829024038453033,False
9838,0.0016001885493484504,258,2.3890391773031663,False
9839,0.0020591573580763006,332,1.6809978621551789,False
9840,0.053072920220056934,8557,13.346592377735881,False
9841,0.0006264304011015251,101,1.854129960041235,False
9842,0.005234725331977101,844,3.332871349784435,False
9843,0.00016125931117465003,26,1.763341527718764,False
9844,0.0005333961831161502,86,3.273363337960354,False
9845,0.004775756523249251,770,1.1611721701436228,False
9846,0.007628805874800752,1230,0.8647839755546756,False
9847,0.0009613535858488752,155,1.2949492454528808,False
9848,9.923649918440002e-05,16,1.7839581295847893,False
9849,0.008763823334222327,1413,0.8396411627130312,False
9850,0.0016498067989406504,266,1.0847109843017464,False
9851,0.0017118296109309005,276,1.546989745851876,False
9852,0.008329663650290578,1343,4.393745360672696,False
9853,0.0003473277471454001,56,1.3628042276416505,False
9854,0.00028530493515515004,46,8.113643454468768,False
9855,0.010202752572396128,1645,0.6525912044258465,False
9856,0.015549118965955679,2507,0.9996541848351959,False
9857,0.0033058158790803256,533,1.3906541040645979,False
9858,0.0004279574027327251,69,2.023512843726338,False
9859,0.0018978980469016504,306,0.9550315297506993,False
9860,0.003485682033852051,562,1.4383342092147502,False
9861,0.004540069837686301,732,0.7750714606926089,False
9862,8.683193678635003e-05,14,1.4321419852120536,False
9863,0.003944650842579901,636,1.837211103184418,False
9864,0.0056626827347098264,913,2.3305382715519785,False
9865,0.004366405964113601,704,0.8170688328417864,False
9866,0.0004713733711259001,76,1.7257616551298844,False
9867,0.0019599208588919003,316,2.0219300464738774,False
9868,0.0014203223945767254,229,0.9310009182800892,False
9869,0.0016808182049357753,271,1.347903825700063,False
9870,0.0005706098703103001,92,10.714211045399956,False
9871,0.0002666980915580751,43,2.627040705015493,False
9872,0.0004775756523249251,77,1.4912774779579856,False
9873,0.003101140599512501,500,0.8865479621887207,False
9874,0.00013645018637855003,22,7.272393952716481,False
9875,4.341596839317501e-05,7,2.3407834597996304,False
9876,0.0011722311466157253,189,2.030367440647549,False
9877,0.005271939019171251,850,0.735880043927361,False
9878,0.00036593459074247506,59,1.3014115034523657,False
9879,9.303421798537502e-05,15,2.258224892616272,False
9880,0.00015505702997562504,25,2.7352947998046875,False
9881,0.0005644075891112751,91,3.9596638076907986,False
9882,0.0005892167139073751,95,1.8008019422229968,False
9883,9.923649918440002e-05,16,1.486090511083603,False
9884,0.009849222544051702,1588,0.8580772110286828,False
9885,0.00017366387357270005,28,1.73224196263722,False
9886,0.0006760486506937252,109,1.1246731171914197,False
9887,0.0025057216044061005,404,1.7132102563829705,False
9888,0.0014947497689650254,241,0.877148544145323,False
9889,0.0017428410169260254,281,1.7603027120603785,False
9890,4.341596839317501e-05,7,2.377890007836478,False
9891,0.0009551513046498502,154,4.865396827072292,False
9892,0.0012466585210040252,201,7.4871674094034075,False
9893,0.0026359695095856256,425,2.385352236242855,False
9894,0.0004961824959220001,80,2.357142895460129,False
9895,8.062965558732502e-05,13,0.9474778817250178,False
9896,0.0015815817057513754,255,1.0936940599890317,False
9897,0.0010667923662323003,172,8.199851902418358,False
9898,0.0011288151782225502,182,1.7564548725610252,False
9899,2.4809124796100004e-05,4,3.2380444407463074,False
9900,0.0016560090801396754,267,1.4028640775644823,False
9901,0.003485682033852051,562,1.0119562081170677,False
9902,0.0014079178321786752,227,1.2223371062509814,False
9903,0.0023630691368285257,381,4.524525713419977,False
9904,0.012801508394787603,2064,0.8712517254112303,False
9905,0.00013024790517952503,21,1.346953312555949,False
9906,0.005693694140704951,918,0.9799734408559363,False
9907,0.003677952751021826,593,0.961047771809274,False
9908,0.004279574027327251,690,1.2154831955398337,False
9909,3.101140599512501e-05,5,6.365779829025269,False
9910,0.0005892167139073751,95,2.9236929165689567,False
9911,6.822509318927501e-05,11,1.5104580575769597,False
9912,0.0019103026092997003,308,5.212735831737518,False
9913,0.0007628805874800752,123,10.00805116378195,False
9914,0.0023568668556295004,380,1.9405107171911942,False
9915,0.02742028518088953,4421,0.7329912563169523,False
9916,0.004354001401715551,702,1.3750032526135785,False
9917,0.0021211801700665505,342,1.6620793042824282,False
9918,0.00014885474877660004,24,4.204254895448685,False
9919,0.0020095391084841005,324,1.0670374992453022,False
9920,0.011765727434550427,1897,0.7540428431083104,False
9921,0.0028530493515515004,460,2.1799139582592506,False
9922,0.0030701291935173757,495,1.123375805941495,False
9923,0.0018048638289162753,291,1.5114604296143521,False
9924,0.0005147893395190752,83,14.013930337974823,False
9925,0.0002791026539561251,45,1.1973588519626193,False
9926,0.0018854934845036005,304,2.1654251758989536,False
9927,0.0031507588491047006,508,1.5687174705539162,False
9928,0.0028344425079544254,457,1.399497740639117,False
9929,0.00019847299836880003,32,1.735411699861288,False
9930,0.0024126873864207254,389,4.027528347270348,False
9931,0.0028592516327505257,461,1.3412522949003605,False
9932,0.0018730889221055505,302,1.1373888056799275,False
9933,0.00033492318474735006,54,2.8696239391962686,False
9934,0.00019227071716977504,31,2.435860272376768,False
9935,3.101140599512501e-05,5,1.4380823612213134,False
9936,0.004130719278550651,666,1.1520349703751527,False
9937,0.00016746159237367503,27,0.8371213586242111,False
9938,0.0004093505591356501,66,2.2581247886021933,False
9939,0.002760015133566126,445,2.4479138749369076,False
9940,0.0024561033548139008,396,1.8824439617720516,False
9941,0.0005395984643151751,87,5.4588244454614046,False
9942,0.00017366387357270005,28,1.0388710115637099,False
9943,0.005885964857874727,949,1.30533131771771,False
9944,0.008354472775086677,1347,1.0122770425029037,False
9945,0.0012280516774069504,198,1.520847662530764,False
9946,0.02234681916008708,3603,1.8144636998532582,False
9947,0.00012404562398050004,20,5.193649232387543,False
9948,0.005383580080753701,868,1.5842828013105876,False
9949,0.011561052154982602,1864,1.6755888831717773,False
9950,3.101140599512501e-05,5,0.9165658950805664,False
9951,0.0018048638289162753,291,1.4393991227821796,False
9952,0.0004589688087278501,74,0.9957380310909169,False
9953,0.005873560295476676,947,1.0140710778321989,False
9954,0.0026111603847895257,421,1.1191050434339074,False
9955,0.00032251862234930007,52,5.611788926216272,False
9956,0.0017490432981250503,282,1.2502270831283948,False
9957,0.0009303421798537502,150,2.433079400062561,False
9958,0.0004527665275288251,73,1.3595443000532177,False
9959,0.0017676501417221253,285,1.6544874308402078,False
9960,0.005414591486748826,873,0.7466343129213733,False
9961,0.0017366387357270004,280,4.696243128606251,False
9962,0.0025677444163963504,414,1.4084211596544238,False
9963,0.0021583938572607006,348,1.4986228751040054,False
9964,0.0006140258387034752,99,7.0998972702508025,False
9965,0.0004155528403346751,67,1.5441661379230556,False
9966,0.0021397870136636256,345,1.0572325015413588,False
9967,0.004701329148860951,758,1.8860249528784236,False
9968,9.923649918440002e-05,16,1.947591871023178,False
9969,0.00029150721635417507,47,1.2050522591205353,False
9970,0.0009675558670479002,156,1.0017031966111598,False
9971,0.0025243284480031755,407,1.4711127615092134,False
9972,0.0020467527956782505,330,2.4973799633257316,False
9973,0.0008187011182713002,132,1.1847267873359448,False
9974,0.0020467527956782505,330,1.3305407484372458,False
9975,0.0009303421798537502,150,1.0326702046394347,False
9976,0.0022266189504499753,359,1.3809281119397092,False
9977,0.003634536782628651,586,1.0150672364153552,False
9978,0.005017645490011226,809,1.0909204541973778,False
9979,0.0003411254659463751,55,2.18965848792683,False
9980,0.0004961824959220001,80,3.2654297783970834,False
9981,0.0015009520501640503,242,5.607777629016844,False
9982,0.0004155528403346751,67,0.9635506672645683,False
9983,0.0028840607575466256,465,1.1031067673878003,False
9984,0.0015939862681494253,257,1.20142967135062,False
9985,0.0003101140599512501,50,1.3770282649993897,False
9986,0.008987105457387227,1449,1.16707958625546,False
9987,3.101140599512501e-05,5,1.8624917030334474,False
9988,0.006884532130917752,1110,2.837581085514378,False
9989,0.00019847299836880003,32,1.116977084428072,False
9990,0.0008124988370722751,131,0.8986027905049215,False
9991,0.006437967884587952,1038,1.016145566754718,False
9992,0.0004899802147229751,79,1.6794661238223692,False
9993,0.0020901687640714254,337,2.340582434430674,False
9994,0.013260477203515452,2138,0.6628958445157371,False
9995,0.00025429352916002504,41,2.6467287656737537,False
9996,0.0009613535858488752,155,1.528790150150176,False
9997,0.0019227071716977505,310,1.852123026694021,False
9998,0.02351284802550378,3791,0.6126697548333211,False
9999,0.00013024790517952503,21,3.860264778137207,False
10000,0.0008000942746742252,129,1.4916019513625507,False
10001,0.0029957018191290757,483,1.6122303196608896,False
10002,9.923649918440002e-05,16,16.765965461730957,False
10003,6.822509318927501e-05,11,1.4012945782054553,False
10004,0.0004031482779366251,65,2.323888815366305,False
10005,0.0014079178321786752,227,1.68616906031638,False
10006,0.0006016212763054251,97,1.5559709686593912,False
10007,0.00017986615477172505,29,1.0471351475551212,False
10008,0.010512866632347377,1695,1.2493812847981411,False
10009,0.0007690828686791001,124,1.891808154121522,False
10010,0.008236629432305203,1328,0.9957092713160687,False
10011,0.005160297957588801,832,1.5172242783010006,False
10012,0.0022142143880519256,357,1.4961925371020448,False
10013,0.0033616364098715506,542,9.653262808314109,False
10014,0.006549608946170402,1056,0.9490484337915074,False
10015,0.0006574418070966502,106,1.199143816839974,False
10016,0.003144556567905676,507,1.7591108175424428,False
10017,0.006996173192500201,1128,3.030822786033576,False
10018,6.822509318927501e-05,11,2.1089639121835884,False
10019,0.004943218115622926,797,1.2519042207725075,False
10020,0.015170779812815154,2446,0.9339719748555493,False
10021,0.005030050052409276,811,0.8151422005546373,False
10022,0.0009117353362566752,147,1.7529283202424342,False
10023,0.0023940805428236504,386,1.8591303226243647,False
10024,0.0002977094975532001,48,1.3199046428004901,False
10025,0.009210387580552128,1485,0.9030736981016216,False
10026,0.003677952751021826,593,1.1661704258010117,False
10027,9.923649918440002e-05,16,2.131591707468033,False
10028,0.0003287209035483251,53,2.524790687381097,False
10029,0.0004403619651307751,71,1.8223477366944434,False
10030,0.003578716251837426,577,1.0061699680893632,False
10031,1.8606843597075006e-05,3,5.605600595474243,False
10032,0.0005520030267132251,89,1.8257022078117628,False
10033,0.0013769064261835503,222,1.245164790669003,False
10034,0.0016498067989406504,266,1.6151696022291828,False
10035,0.004868790741234626,785,9.895174612209296,False
10036,0.017019059610124603,2744,1.0257855629434391,False
10037,0.0011226128970235252,181,1.357950960074999,False
10038,0.004391215088909701,708,8.503774826641136,False
10039,0.0021645961384597254,349,1.365672135762977,False
10040,0.0021894052632558253,353,0.9724830223548175,False
10041,0.003938448561380876,635,1.8110235897574838,False
10042,0.011691300060162127,1885,4.143182166628243,False
10043,0.0006202281199025002,100,8.69456906914711,False
10044,0.00011784334278147503,19,4.020517073179546,False
10045,0.00022328212316490004,36,1.7539910044935014,False
10046,0.0010295786790381503,166,1.0061990812600377,False
10047,0.09700367795275103,15640,0.793878445052125,False
10048,0.0010481855226352253,169,3.9939357289195767,False
10049,0.0017676501417221253,285,1.5109032614189282,False
10050,0.0008621170866644752,139,1.642756510123932,False
10051,0.0021273824512655754,343,1.504005373045585,False
10052,0.00017986615477172505,29,1.7795842187157993,False
10053,0.0025057216044061005,404,1.3735686363560138,False
10054,0.0010729946474313252,173,3.069016036959742,False
10055,0.0008993307738586252,145,1.2055087541711742,False
10056,0.00013024790517952503,21,12.81265015829177,False
10057,0.0020405505144792256,329,1.3594943600222695,False
10058,0.0026297672283866007,424,1.6813142175944347,False
10059,0.005898369420272776,951,2.4513075844346535,False
10060,0.021397870136636254,3450,1.4984132423953733,False
10061,0.006816307037728476,1099,0.898448977066887,False
10062,0.0004961824959220001,80,1.2891522079706192,False
10063,0.0008249033994703252,133,1.7021870129090502,False
10064,0.0019537185776928754,315,1.5217231943493799,False
10065,0.0008311056806693502,134,4.291512131690979,False
10066,0.012658855927210028,2041,0.6464670042031422,False
10067,0.0021025733264694755,339,2.176464109645832,False
10068,0.00014885474877660004,24,9.162127926945686,False
10069,0.0004589688087278501,74,8.273689637313018,False
10070,2.4809124796100004e-05,4,3.8048172295093536,False
10071,0.00028530493515515004,46,1.6848612764607305,False
10072,0.00013645018637855003,22,15.398302273316817,False
10073,0.0019537185776928754,315,2.111856280432807,False
10074,0.0007504760250820251,121,1.7138075040391654,False
10075,0.0012342539586059752,199,0.9225332377544001,False
10076,3.101140599512501e-05,5,1.1318753719329835,False
10077,0.0013831087073825753,223,1.561968287010364,False
10078,0.0014265246757757502,230,1.0345237908156022,False
10079,0.0008311056806693502,134,1.9211604399467581,False
10080,0.0028034311019593007,452,1.5055627015839637,False
10081,0.00013024790517952503,21,4.02987155460176,False
10082,0.0026979923215758755,435,1.4642876833334737,False
10083,0.0007566783062810502,122,2.6430642976135506,False
10084,0.003423659221861801,552,1.1205208569333174,False
10085,0.0035663116894393758,575,1.402088408884795,False
10086,0.01903480099980773,3069,0.8389278087448165,False
10087,0.0019599208588919003,316,1.1405742983274822,False
10088,0.0008000942746742252,129,7.574707024781278,False
10089,0.0007566783062810502,122,2.326478745116562,False
10090,2.4809124796100004e-05,4,1.631990134716034,False
10091,0.0017180318921299253,277,1.0518878926438975,False
10092,0.0003101140599512501,50,8.914247074127196,False
10093,0.0054083892055498016,872,1.0408742537192248,False
10094,0.005172702519986851,834,1.2175885527539883,False
10095,0.00010543878038342502,17,1.3118050939896528,False
10096,0.00039694599673760006,64,5.860162513330579,False
10097,0.00011164106158245002,18,13.81644736395942,False
10098,0.0012280516774069504,198,1.4419266906651584,False
10099,0.0010047695542420502,162,1.597482959429423,False
10100,0.0022266189504499753,359,1.785547466663265,False
10101,0.00011164106158245002,18,13.027934663825565,False
10102,0.013967537260204303,2252,1.4852148906375757,False
10103,0.0012404562398050003,200,2.77944060921669,False
10104,0.0028716561951485755,463,2.4461353067187974,False
10105,0.00013024790517952503,21,12.746475707916986,False
10106,0.0025181261668041507,406,0.9990162485338784,False
10107,0.0024002828240226757,387,1.2357626173847405,False
10108,0.021112565201481106,3404,0.8675051956983627,False
10109,3.721368719415001e-05,6,1.1746408541997273,False
10110,0.003082533755915426,497,7.014727094763481,False
10111,0.0013458950201884253,217,1.9399601852838895,False
10112,0.00022948440436392506,37,7.687710188530587,False
10113,6.202281199025002e-05,10,1.521402156352997,False
10114,0.003423659221861801,552,1.670816638979359,False
10115,0.0013396927389894002,216,1.015145378532233,False
10116,0.0021025733264694755,339,1.4276807680945833,False
10117,0.0015629748621543004,252,2.5808258018796404,False
10118,0.0024126873864207254,389,1.0627718094382004,False
10119,9.303421798537502e-05,15,2.0507177352905273,False
10120,0.0003783391531405251,61,1.743543939512284,False
10121,0.00017366387357270005,28,2.1189331838062833,False
10122,0.0021583938572607006,348,1.611190477321888,False
10123,0.0008000942746742252,129,2.796139405679333,False
10124,0.0004093505591356501,66,2.034686326980591,False
10125,0.00019227071716977504,31,1.949913086429719,False
10126,0.0009365444610527753,151,5.454938673815191,False
10127,0.0010791969286303503,174,1.3757788751317166,False
10128,0.0008869262114605752,143,1.828057512536749,False
10129,0.0006574418070966502,106,1.956368216928446,False
10130,0.0012652653646011002,204,1.0433009424630333,False
10131,0.006276708573413301,1012,0.8845300919453617,False
10132,0.0017676501417221253,285,4.001817820364969,False
10133,0.0006202281199025002,100,1.73194744348526,False
10134,0.0021645961384597254,349,9.231317302900605,False
10135,0.0038206052185994007,616,0.8352103945496795,False
10136,0.0015753794245523503,254,1.9418086113892203,False
10137,0.004447035619700926,717,1.2043053279195703,False
10138,0.00011164106158245002,18,2.9970556762483387,False
10139,0.003833009780997451,618,2.9853798332337806,False
10140,0.0008807239302615502,142,1.3986811713433602,False
10141,0.00016125931117465003,26,2.801216959953308,False
10142,0.014383090100538978,2319,0.5881173833787005,False
10143,0.0023072486060373007,372,1.8604885692237525,False
10144,0.0005830144327083501,94,1.757767783834579,False
10145,0.00020467527956782505,33,11.804154135964133,False
10146,0.0003845414343395501,62,14.214235749936872,False
10147,0.0024809124796100006,400,1.8119918823242187,False
10148,0.0018482797973094504,298,1.363272650129843,False
10149,0.004546272118885326,733,1.9557456827098643,False
10150,0.007529569375616352,1214,0.7027473433995758,False
10151,0.00021707984196587504,35,1.6353970118931362,False
10152,0.00030391177875222506,49,10.924292681168536,False
10153,0.0007256669002859252,117,10.26974830056867,False
10154,0.0005458007455142001,88,1.2066876265135678,False
10155,0.0033616364098715506,542,1.7703384710853831,False
10156,0.0026855877591778258,433,0.990690993657013,False
10157,1.2404562398050002e-05,2,2.196065664291382,False
10158,0.0025057216044061005,404,1.061225678661082,False
10159,0.0010233763978391252,165,6.818402728167447,False
10160,0.005526232548331276,891,0.6822100156619225,False
10161,0.006338731385403551,1022,1.4448879656259794,False
10162,0.00011784334278147503,19,1.5321138030604313,False
10163,0.0020467527956782505,330,1.4773387901710742,False
10164,0.0004961824959220001,80,2.1657379031181336,False
10165,0.0020529550768772753,331,1.3682520807329621,False
10166,0.0016001885493484504,258,1.1131403381510299,False
10167,0.00022328212316490004,36,2.7814301782184176,False
10168,0.0020343482332802003,328,0.7904000820183172,False
10169,0.0008497125242664252,137,1.0774147754167989,False
10170,0.004211348934137976,679,0.974398024478963,False
10171,0.0005147893395190752,83,1.625875659735806,False
10172,6.202281199025002e-05,10,3.366818833351135,False
10173,0.0004713733711259001,76,2.6916067380654183,False
10174,9.923649918440002e-05,16,2.617670014500618,False
10175,0.0020467527956782505,330,2.187370161937945,False
10176,0.0009923649918440003,160,3.9346809834241867,False
10177,0.00036593459074247506,59,5.423681865304204,False
10178,0.0003845414343395501,62,8.076363621219512,False
10179,0.06914923308792974,11149,1.8791700139560232,False
10180,0.00014885474877660004,24,6.165791735053062,False
10181,0.0005023847771210251,81,8.167553476345391,False
10182,0.0013148836141933004,212,1.5272687684814885,False
10183,6.202281199025002e-05,10,1.6727998495101928,False
10184,0.0004217551215337001,68,0.7397926484837252,False
10185,0.0005395984643151751,87,6.095118637742667,False
10186,1.8606843597075006e-05,3,1.1364518404006958,False
10187,0.0013769064261835503,222,1.428032481992567,False
10188,0.0018730889221055505,302,1.0678791980080258,False
10189,0.00011164106158245002,18,1.7083020607630413,False
10190,0.0017800547041201755,287,1.7441328165838528,False
10191,0.0014141201133777003,228,3.846984578852068,False
10192,0.0025429352916002505,410,1.595728730864641,False
10193,0.00015505702997562504,25,1.962978310585022,False
10194,0.0006574418070966502,106,1.1378190956025753,False
10195,0.003733773281813051,602,1.0417615890106886,False
10196,0.0022390235128480255,361,2.0755116467330597,False
10197,0.0004589688087278501,74,2.216224739680419,False
10198,0.0009303421798537502,150,2.2681829992930096,False
10199,0.0011784334278147502,190,2.0415296027534886,False
10200,0.0021770007008577756,351,1.4186904457559613,False
10201,0.00016746159237367503,27,0.8970859668872975,False
10202,0.0016436045177416253,265,2.9751122555642757,False
10203,0.0028344425079544254,457,0.8585900989090066,False
10204,0.0013769064261835503,222,0.9381362344767596,False
10205,0.0034360637842598507,554,0.701009442659922,False
10206,2.4809124796100004e-05,4,0.46537506580352783,False
10207,0.0014699406441689253,237,4.776318882588093,False
10208,0.0030019041003281005,484,1.0198848075117946,False
10209,0.011387388281409902,1836,0.6542871367178191,False
10210,0.0026545763531827006,428,2.688374670866494,False
10211,9.303421798537502e-05,15,1.1566429058710734,False
10212,0.011145499314647927,1797,1.217312442904787,False
10213,3.101140599512501e-05,5,4.841549634933472,False
10214,0.0027165991651729505,438,3.4559513512811706,False
10215,0.0018420775161104254,297,1.9124107497308391,False
10216,0.0014637383629699002,236,2.7268706090369466,False
10217,0.007988538184344201,1288,1.3992453273038687,False
10218,0.0004465642463298001,72,1.6989188889662425,False
10219,0.01563595090274203,2521,0.7748195064866983,False
10220,0.0009179376174557002,148,1.7201581726203095,False
10221,0.0017924592665182254,289,1.3703301864511825,False
10222,0.003163163411502751,510,1.788875793943218,False
10223,0.004540069837686301,732,0.7814636328181283,False
10224,0.005780526077491301,932,2.1225264103115884,False
10225,0.004713733711259001,760,1.5848415898649315,False
10226,0.0022204166692509505,358,1.2675497728353107,False
10227,4.961824959220001e-05,8,0.7936831414699554,False
10228,0.0019041003281006755,307,3.1406503193541537,False
10229,0.0021087756076685004,340,1.2971541902598214,False
10230,0.006748081944539202,1088,5.994845182908809,False
10231,0.0020157413896831253,325,2.178802713247446,False
10232,0.0013024790517952502,210,1.5699293868882316,False
10233,0.003826807499798426,617,3.3536745941619626,False
10234,0.016622113613387005,2680,0.7034048404266585,False
10235,0.0003411254659463751,55,3.3551081440665507,False
10236,0.0011722311466157253,189,1.2668778013300013,False
10237,0.0020529550768772753,331,1.0010924663428453,False
10238,0.0032127816610949505,518,1.0844418266104916,False
10239,0.00039694599673760006,64,1.5376540496945381,False
10240,0.0019723254212899504,318,0.8993789115042057,False
10241,0.0018792912033045754,303,1.6246384220941625,False
10242,0.00010543878038342502,17,2.387723445892334,False
10243,0.0006388349634995752,103,1.8012754917144775,False
10244,9.923649918440002e-05,16,4.619118079543114,False
10245,0.0023320577308334005,376,1.5645128494881568,False
10246,0.0004651710899268751,75,11.87008794148763,False
10247,0.0022824394812412004,368,1.5536922268245532,False
10248,0.0003907437155385751,63,1.5458370125482952,False
10249,0.003200377098696901,516,0.9631375444027804,False
10250,0.0014885474877660003,240,1.6610087662935258,False
10251,0.0004341596839317501,70,7.2694404397692,False
10252,0.006450372446986001,1040,0.7198885477506197,False
10253,4.341596839317501e-05,7,2.358501843043736,False
10254,0.0018668866409065254,301,2.1164033864423684,False
10255,0.00022328212316490004,36,10.801967607604134,False
10256,0.0007504760250820251,121,0.9614161164307398,False
10257,0.025069620606459054,4042,1.2764380010031993,False
10258,0.01754625351204173,2829,0.9783483534661567,False
10259,0.0003907437155385751,63,1.1647706164254084,False
10260,0.004999038646414151,806,1.8023164621357883,False
10261,8.683193678635003e-05,14,9.963258249419075,False
10262,0.0018234706725133503,294,1.7235230564260158,False
10263,0.00039694599673760006,64,2.1078313030302525,False
10264,0.0026855877591778258,433,0.8608352237705821,False
10265,0.002989499537930051,482,0.8672370416000176,False
10266,0.0010481855226352253,169,6.354745589064423,False
10267,0.0020839664828724005,336,1.60899601628383,False
10268,0.0010605900850332753,171,1.2303367609169051,False
10269,0.0020715619204743504,334,1.384866951468462,False
10270,0.008819643865013552,1422,0.6975630862132742,False
10271,0.0008000942746742252,129,1.246238254761511,False
10272,0.0025367330104012257,409,1.9883103289056232,False
10273,0.0014513338005718503,234,1.355990266188597,False
10274,0.0020529550768772753,331,1.745090495423608,False
10275,0.006400754197393802,1032,1.1568271208179088,False
10276,0.0020219436708821506,326,1.7989169212938085,False
10277,0.0026917900403768506,434,1.8384213332206971,False
10278,0.0003907437155385751,63,3.749898838618445,False
10279,0.0006450372446986001,104,2.9044968715080848,False
10280,0.0017800547041201755,287,2.3709414150656722,False
10281,0.00010543878038342502,17,1.7156822891796337,False
10282,0.0038019983750023256,613,1.298285388829852,False
10283,0.0005830144327083501,94,6.500847921726551,False
10284,4.961824959220001e-05,8,1.695282682776451,False
10285,0.00010543878038342502,17,1.4280671442256254,False
10286,0.0006946554942908002,112,1.3800469828503472,False
10287,0.0009055330550576502,146,1.2000719488483587,False
10288,0.0011784334278147502,190,1.1770216395980433,False
10289,0.004651710899268751,750,1.4096573802630106,False
10290,0.004105910153754551,662,1.97108576629097,False
10291,0.004186539809341876,675,1.5250130404366387,False
10292,0.0016436045177416253,265,3.3563087751280585,False
10293,0.00021087756076685005,34,14.14349480236278,False
10294,6.202281199025002e-05,10,0.8481701135635376,False
10295,0.0017180318921299253,277,1.8806225194827744,False
10296,0.02858631404630623,4609,1.2248513032826718,False
10297,0.0013148836141933004,212,1.890365497121271,False
10298,0.0019909322648870255,321,4.519756993029348,False
10299,0.0029646904131339505,478,1.0507602766467936,False
10300,0.009067735112974552,1462,0.8489568407982384,False
10301,0.0006140258387034752,99,8.79574957038417,False
10302,0.004260967183730176,687,1.1260410791921824,False
10303,0.004167932965744801,672,0.9863910240431627,False
10304,0.0004341596839317501,70,2.266364938872201,False
10305,3.721368719415001e-05,6,2.32995742559433,False
10306,0.004794363366846326,773,1.4705424345788796,False
10307,0.0007070600566888501,114,1.5125966040711654,False
10308,0.0065620135085684515,1058,1.0934092779916715,False
10309,0.0022018098256538754,355,0.9412351772818767,False
10310,0.0032686021918861756,527,1.095635220493266,False
10311,0.00015505702997562504,25,10.82583062171936,False
10312,0.0022018098256538754,355,5.749080078366776,False
10313,0.0019413140152948255,313,2.410062394583949,False
10314,0.00022948440436392506,37,8.997476378002682,False
10315,0.0011288151782225502,182,1.2784623916332538,False
10316,4.961824959220001e-05,8,6.9740209877491,False
10317,0.0024002828240226757,387,2.363271599900199,False
10318,0.0013955132697806253,225,1.956227945221795,False
10319,0.024939372701279532,4021,0.7111065439311048,False
10320,0.009768592888464378,1575,0.8025976290021624,False
10321,0.00017986615477172505,29,7.018795621806178,False
10322,0.0010171741166401002,164,0.8263342591320596,False
10323,2.4809124796100004e-05,4,0.7409393191337585,False
10324,7.442737438830002e-05,12,7.811420172452927,False
10325,0.0018482797973094504,298,1.0558050466863902,False
10326,0.00017986615477172505,29,3.2610422455031296,False
10327,0.0014079178321786752,227,3.5692946175646676,False
10328,0.006760486506937251,1090,1.034021890272788,False
10329,0.0002666980915580751,43,12.160009666930797,False
10330,0.017794344760002728,2869,1.2605933551798303,False
10331,0.0003597323095434501,58,1.4660626752623196,False
10332,0.00029150721635417507,47,9.602699502985528,False
10333,4.341596839317501e-05,7,2.9474335057394847,False
10334,0.0006884532130917751,111,1.0718993947312638,False
10335,0.0018482797973094504,298,0.9697121901800169,False
10336,0.00031631634115027505,51,10.49509340174058,False
10337,0.0004403619651307751,71,1.3681569032266105,False
10338,0.0016932227673338255,273,1.6985477715621502,False
10339,0.0005830144327083501,94,4.490664638103323,False
10340,0.0004589688087278501,74,2.184161584119539,False
10341,0.0002791026539561251,45,12.027254750993517,False
10342,0.0006016212763054251,97,1.5391337674917633,False
10343,1.2404562398050002e-05,2,2.1812732815742493,False
10344,0.0010109718354410753,163,2.089755160676921,False
10345,0.0005830144327083501,94,9.814360590691262,False
10346,0.0023878782616246256,385,1.611558241348762,False
10347,0.0021149778888675257,341,7.648231160955345,False
10348,3.721368719415001e-05,6,32.24566396077474,False
10349,0.0034360637842598507,554,0.937647127717841,False
10350,0.03330004775756523,5369,0.7227691434397336,False
10351,0.0003721368719415001,60,7.569786433378855,False
10352,0.0012342539586059752,199,1.3679080728310435,False
10353,0.00021087756076685005,34,7.368658244609833,False
10354,0.0005271939019171251,85,8.107593135272756,False
10355,0.00019847299836880003,32,13.201067585498095,False
10356,0.02859871860870428,4611,0.7906546029111771,False
10357,0.010450843820357127,1685,0.9015420659005818,False
10358,0.007560580781611477,1219,5.657486046602532,False
10359,0.0021894052632558253,353,5.363079584691747,False
10360,0.01778194019760468,2867,0.6575355356813184,False
10361,0.003938448561380876,635,1.526999546223738,False
10362,0.013148836141933002,2120,0.7582839479986226,False
10363,0.004639306336870701,748,0.7248001261190935,False
10364,0.0065247998213743014,1052,0.9604565580534844,False
10365,0.0014575360817708754,235,1.817506018598029,False
10366,0.00029150721635417507,47,6.798939633876719,False
10367,0.0006264304011015251,101,1.3562304348048597,False
10368,0.014699406441689253,2370,0.868682776020549,False
10369,0.00013645018637855003,22,1.542687258937142,False
10370,4.961824959220001e-05,8,0.7365929186344147,False
10371,0.0002977094975532001,48,2.234774649143219,False
10372,0.0008869262114605752,143,1.850890725642651,False
10373,0.02043651655078738,3295,0.6533862394700463,False
10374,0.0036841550322208507,594,2.9990315017876803,False
10375,0.0023568668556295004,380,1.8648512661457062,False
10376,0.0019165048904987254,309,1.669273130330453,False
10377,0.0033616364098715506,542,1.1967859057042871,False
10378,0.0007690828686791001,124,11.111088757553409,False
10379,0.0021149778888675257,341,2.154141134530568,False
10380,0.0006388349634995752,103,1.723519733808573,False
10381,0.0024312942300178005,392,1.427896659593193,False
10382,0.0020405505144792256,329,2.362622624110306,False
10383,0.0005023847771210251,81,1.728069673349828,False
10384,0.005247129894375151,846,0.8402248432168442,False
10385,0.003560109408240351,574,1.2407598096734556,False
10386,0.0035290980022452258,569,1.1856521164805274,False
10387,0.0008311056806693502,134,2.412905959051047,False
10388,0.00011784334278147503,19,2.2381431679976616,False
10389,0.00013645018637855003,22,0.83545767177235,False
10390,0.0005458007455142001,88,1.4547556232322345,False
10391,0.0013582995825864753,219,0.8544743523750131,False
10392,0.21124969763879153,34060,1.2108045809841548,False
10393,0.0014761429253679504,238,1.9950575242523385,False
10394,0.0019413140152948255,313,1.856978507849355,False
10395,3.101140599512501e-05,5,2.147474670410156,False
10396,0.0010729946474313252,173,0.9670221778009668,False
10397,0.0023754736992265754,383,1.2301389430272673,False
10398,0.018916957657026254,3050,0.9420620753726021,False
10399,0.0017552455793240754,283,0.9752896952544843,False
10400,0.0010171741166401002,164,0.9850754897768904,False
10401,0.0008497125242664252,137,3.7759259077754335,False
10402,0.02142888154263138,3455,0.724772446407423,False
10403,0.0024809124796100006,400,4.328381408154964,False
10404,0.0024064851052217006,388,1.6299880113183838,False
10405,0.0021707984196587503,350,0.905475127356393,False
10406,0.0014141201133777003,228,1.3723189945806538,False
10407,0.003392647815866676,547,2.990733054263936,False
10408,0.0011350174594215753,183,1.7753351737892693,False
10409,0.013806277949029654,2226,0.7675077497477159,False
10410,0.0009551513046498502,154,1.502349042273187,False
10411,0.008881666677003802,1432,0.9361460651765322,False
10412,0.0018668866409065254,301,2.0250594338705374,False
10413,0.00020467527956782505,33,1.2815289389003406,False
10414,6.822509318927501e-05,11,2.5536635355515913,False
10415,0.07688347774311392,12396,1.6026379812067653,False
10416,0.016981845922930453,2738,0.7008247750792911,False
10417,0.0004713733711259001,76,2.8600739711209346,False
10418,0.004149326122147726,669,1.360533071740326,False
10419,0.0036469413450267007,588,1.3769734951914574,False
10420,0.0013148836141933004,212,1.6334349788584799,False
10421,0.025727062413555706,4148,0.6998712761307866,False
10422,0.04139402472229286,6674,1.0143527933177314,False
10423,0.005290545862768326,853,0.835013312443759,False
10424,0.006258101729816227,1009,1.0976047799419482,False
10425,0.0006512395258976251,105,9.651701236906506,False
10426,0.0010916014910284002,176,4.886448144235394,False
10427,0.0020963710452704507,338,0.9979403107123967,False
10428,0.005513827985933226,889,1.2929088777042212,False
10429,0.0011846357090137753,191,1.5770589593817426,False
10430,0.0021832029820568004,352,1.1179018359292636,False
10431,0.0026855877591778258,433,1.092865889121974,False
10432,0.0014327269569747753,231,1.268205763973715,False
10433,0.0004961824959220001,80,7.479955537617206,False
10434,0.00039694599673760006,64,2.216122765094042,False
10435,0.0004589688087278501,74,3.8763786344914823,False
10436,0.0014079178321786752,227,15.04908762786882,False
10437,0.003119747443109576,503,3.4308944544782696,False
10438,0.00010543878038342502,17,18.209413542467004,False
10439,0.005972796794661076,963,0.8851286755915372,False
10440,0.028282402267554005,4560,2.470060115948058,False
10441,0.0031569611303037255,509,0.804805699406532,False
10442,0.003963257686176976,639,1.2280420926814908,False
10443,0.0033802432534686257,545,1.101018203945335,False
10444,0.0014575360817708754,235,1.1635243989051656,False
10445,0.007324894096048527,1181,1.1888462134481588,False
10446,0.013998548666199429,2257,0.7284169460114094,False
10447,0.0007628805874800752,123,2.3224277612639637,False
10448,0.0004341596839317501,70,8.426571466241564,False
10449,0.0008931284926596002,144,1.7532318466239505,False
10450,0.006903138974514827,1113,1.0497701007400884,False
10451,4.961824959220001e-05,8,4.154118239879608,False
10452,0.0015939862681494253,257,1.5417985034823882,False
10453,0.00010543878038342502,17,1.6995088142507218,False
10454,0.0034794797526530256,561,1.567719915971399,False
10455,0.0011226128970235252,181,1.0895037644475862,False
10456,0.0003597323095434501,58,1.1643091152454246,False
10457,0.00010543878038342502,17,7.61698647106395,False
10458,0.0010481855226352253,169,2.187302785512258,False
10459,0.0014017155509796504,226,1.2483257150228044,False
10460,0.0008745216490625251,141,1.2565431865394538,False
10461,0.004236158058934076,683,1.0588188276109374,False
10462,0.01986590668047708,3203,0.8313705653947776,False
10463,0.0017800547041201755,287,5.531886222885876,False
10464,0.004447035619700926,717,1.421244771743253,False
10465,0.0018482797973094504,298,2.9520977495500706,False
10466,4.961824959220001e-05,8,2.8711884319782257,False
10467,0.005364973237156626,865,1.2304184287958753,False
10468,0.0027538128523671005,444,1.0124043086627583,False
10469,3.101140599512501e-05,5,2.6378068923950195,False
10470,0.0014265246757757502,230,1.138658961524134,False
10471,0.0019971345460860503,322,1.5961090944568563,False
10472,9.923649918440002e-05,16,1.3290581405162811,False
10473,0.0021087756076685004,340,1.0273079381269568,False
10474,7.442737438830002e-05,12,3.8013675212860107,False
10475,0.0011660288654167003,188,1.8187684315316222,False
10476,0.004236158058934076,683,1.0538142823544638,False
10477,0.0014637383629699002,236,1.2797198618872692,False
10478,0.0005768121515093252,93,12.345315105171613,False
10479,0.004825374772841451,778,0.9332965125155019,False
10480,0.0006326326823005501,102,1.6139953592244316,False
10481,0.0017614478605231004,284,2.137396321750023,False
10482,0.0010729946474313252,173,1.36038511750326,False
10483,0.0010853992098293751,175,1.3797535044806344,False
10484,0.00032251862234930007,52,1.6894043317207923,False
10485,0.0016125931117465003,260,1.1527759180619166,False
10486,0.0020219436708821506,326,1.0078590866978183,False
10487,3.721368719415001e-05,6,0.765687624613444,False
10488,0.0012776699269991503,206,1.6121304399758867,False
10489,0.0026483740719836757,427,1.2328485440314514,False
10490,0.004031482779366251,650,2.2597987835223856,False
10491,0.004000471373371126,645,0.8891298478887987,False
10492,0.0008000942746742252,129,1.4813648600910985,False
10493,0.00018606843597075004,30,1.1288479129473368,False
10494,8.062965558732502e-05,13,3.71127555003533,False
10495,0.0008807239302615502,142,1.1413384424129003,False
10496,0.008999510019785276,1451,0.9980492595144176,False
10497,3.101140599512501e-05,5,32.95810470581055,False
10498,0.0029150721635417508,470,1.1501987632284774,False
10499,0.0013086813329942753,211,6.681298619198008,False
10500,0.0005954189951064002,96,1.1865308148165543,False
10501,0.0028096333831583256,453,1.6350527683367528,False
10502,0.0021894052632558253,353,1.456803542020976,False
10503,0.0010978037722274253,177,4.534879797596043,False
10504,0.008714205084630127,1405,0.8300549619138453,False
10505,0.00035353002834442507,57,1.0668980949803402,False
10506,0.0024126873864207254,389,1.9576068427078521,False
10507,0.0070023754736992265,1129,1.3895545955037945,False
10508,0.00035353002834442507,57,3.1085637452309594,False
10509,0.0018234706725133503,294,1.7395226103918893,False
10510,0.0007938919934752001,128,4.051783427596092,False
10511,0.0021583938572607006,348,1.4550999289956585,False
10512,0.0010543878038342502,170,3.237499883595635,False
10513,0.0024250919488187756,391,2.2021919699276196,False
10514,0.0066550477265538265,1073,1.0460221347471097,False
10515,0.008534338929858403,1376,1.2285425604949163,False
10516,0.00010543878038342502,17,26.7249897998922,False
10517,0.0008497125242664252,137,1.5438189680558922,False
10518,0.0,0,0.0,True
10519,0.0025305307292022004,408,2.4100568139669942,False
10520,0.00021087756076685005,34,2.0427145922885224,False
10521,0.0005023847771210251,81,1.3609371155868342,False
10522,0.0012404562398050003,200,2.4879435682296753,False
10523,0.0033616364098715506,542,0.9529141816705795,False
10524,0.0008621170866644752,139,1.4721762688039877,False
10525,0.0015505702997562505,250,1.4482298822402955,False
10526,0.0065992271957626015,1064,0.7499989423536717,False
10527,4.341596839317501e-05,7,2.493802615574428,False
10528,0.00018606843597075004,30,0.9896660089492798,False
10529,0.0012404562398050003,200,1.2825453746318818,False
10530,2.4809124796100004e-05,4,0.6269211173057556,False
10531,0.0009799604294459501,158,1.934303135057039,False
10532,0.00011164106158245002,18,2.086002356476254,False
10533,0.026979923215758757,4350,0.6920608766051545,False
10534,0.0010419832414362003,168,5.64009584131695,False
10535,0.003163163411502751,510,0.7727006397995294,False
10536,0.004633104055671676,747,0.8552572813378759,False
10537,0.00027290037275710005,44,4.48727763782848,False
10538,0.0020777642016733757,335,1.2166502383217883,False
10539,0.0012714676458001253,205,1.2277816755015676,False
10540,0.0005706098703103001,92,2.669579319331957,False
10541,0.006065831012646451,978,0.9325105352879546,False
10542,0.0052781413003702765,851,3.142503162108353,False
10543,0.0027165991651729505,438,2.2380396350878016,False
10544,0.07176659575391829,11571,1.9792680015890345,False
10545,0.0030887360371144507,498,0.7744461197450937,False
10546,0.0018668866409065254,301,1.054293616665558,False
10547,0.0013769064261835503,222,2.589107147208205,False
10548,0.0004651710899268751,75,4.720688465436299,False
10549,0.004974229521618051,802,0.8189238752807465,False
10550,0.0033616364098715506,542,0.633228407134869,False
10551,0.003045320068721276,491,0.8754925805536647,False
10552,0.0010047695542420502,162,1.8286610517972781,False
10553,0.0025491375727992754,411,1.977016333245883,False
10554,0.0018110661101153004,292,1.3183578448752835,False
10555,0.02577047838194888,4155,1.7960132080151572,False
10556,6.202281199025002e-05,10,1.4816919088363647,False
10557,0.0012404562398050003,200,0.9935001146793365,False
10558,0.007380714626839752,1190,2.0772378552861572,False
10559,0.014811047503271703,2388,1.5958863368984841,False
10560,0.0075915921876066016,1224,0.7603356791477577,False
10561,0.0027290037275710007,440,0.8112755006009882,False
10562,0.0025925535411924507,418,1.2110454782344509,False
10563,0.00020467527956782505,33,2.372003511949019,False
10564,0.0004217551215337001,68,8.774835344623117,False
10565,0.0035725139706384006,576,0.8368369547857178,False
10566,0.0007132623378878751,115,5.648868992017663,False
10567,0.0002977094975532001,48,0.9442379573980967,False
10568,0.0020653596392753255,333,1.0909201483110766,False
10569,0.00039694599673760006,64,1.1136772818863392,False
10570,0.0022514280752460756,363,2.066341736428337,False
10571,0.00028530493515515004,46,6.291789707930191,False
10572,0.00014265246757757502,23,0.8024384664452594,False
10573,0.007486153407223177,1207,0.7603640092140204,False
10574,0.003256197629488126,525,1.4077769606454031,False
10575,0.0011784334278147502,190,1.651714593485782,False
10576,0.0017676501417221253,285,1.2450048371365197,False
10577,0.00016125931117465003,26,0.6826070959751422,False
10578,0.0018606843597075004,300,1.7130778137842815,False
10579,0.0048563861788365765,783,1.3682434188908543,False
10580,0.0017552455793240754,283,6.468875897646793,False
10581,0.00027290037275710005,44,3.164959809996865,False
10582,0.00011784334278147503,19,1.5370466771878695,False
10583,0.0027910265395612506,450,1.0274259657329983,False
10584,0.0021087756076685004,340,1.7472269724397098,False
10585,0.003405052378264726,549,1.0064960029824401,False
10586,0.0019289094528967753,311,1.8911991142383342,False
10587,0.006245697167418176,1007,1.419268175293696,False
10588,4.341596839317501e-05,7,1.5280021939958846,False
10589,0.0009117353362566752,147,3.8628325559655012,False
10590,0.00026049581035905006,42,12.032802933738346,False
10591,0.00010543878038342502,17,6.807561755180359,False
10592,0.0043043831521233505,694,1.4231734619360492,False
10593,0.0017862569853192003,288,2.6398869810832872,False
10594,5.582053079122501e-05,9,1.7511445151435003,False
10595,0.0012280516774069504,198,1.4450095542753585,False
10596,0.0012838722081981752,207,1.752012656506709,False
10597,0.0017056273297318754,275,1.3732316879792648,False
10598,0.00026049581035905006,42,6.299650356883094,False
10599,0.00039694599673760006,64,2.7804337590932846,False
10600,0.0018668866409065254,301,1.8298202741185692,False
10601,0.0017490432981250503,282,1.1720954479900658,False
10602,0.009433669703717028,1521,1.0612625583545854,False
10603,0.0005147893395190752,83,2.0278799102967042,False
10604,0.005904571701471802,952,1.9944997401047153,False
10605,0.00022948440436392506,37,1.2907117250803355,False
10606,0.0026793854779788005,432,1.5962067781775087,False
10607,0.00033492318474735006,54,2.2048481040530734,False
10608,0.0009613535858488752,155,5.8576793032307775,False
10609,0.009489490234508253,1530,1.5281670615563985,False
10610,0.0005458007455142001,88,7.563410520553589,False
10611,0.0011412197406206002,184,1.6674613259408786,False
10612,0.0015691771433533252,253,2.3774959890267593,False
10613,0.0014823452065669753,239,1.303717462587556,False
10614,0.0004589688087278501,74,4.164765250038457,False
10615,5.582053079122501e-05,9,0.7570878267288208,False
10616,0.015766198807921555,2542,0.7170571087852976,False
10617,0.0006326326823005501,102,3.931361478917739,False
10618,0.00026049581035905006,42,5.532347945939927,False
10619,0.012627844521214902,2036,1.4696928953609205,False
10620,0.00032251862234930007,52,11.844287074529207,False
10621,0.004198944371739926,677,1.375144059055841,False
10622,0.0004775756523249251,77,2.4888451935408953,False
10623,0.00028530493515515004,46,1.883883201557657,False
10624,0.005135488832792701,828,0.6297499600815888,False
10625,0.0016249976741445503,262,1.087013122689633,False
10626,0.0004403619651307751,71,1.3880175738267495,False
10627,0.0027538128523671005,444,1.7418023519687824,False
10628,0.0020343482332802003,328,1.7704836897006848,False
10629,0.0021025733264694755,339,2.9635476482301337,False
10630,0.0007876897122761752,127,6.426572957376796,False
10631,0.0022018098256538754,355,1.5396430448747016,False
10632,0.00029150721635417507,47,4.705572064886701,False
10633,0.004149326122147726,669,1.1360264991609148,False
10634,0.0015319634561591754,247,1.3430619259112277,False
10635,0.012038627807307528,1941,10.544098427712088,False
10636,0.0019289094528967753,311,1.3864344473437098,False
10637,1.2404562398050002e-05,2,0.3862757682800293,False
10638,0.0026731831967797756,431,2.677593087375579,False
10639,0.0005520030267132251,89,1.1263764400160714,False
10640,0.0017366387357270004,280,1.4512026927300863,False
10641,0.008658384553838902,1396,0.5990438133392771,False
10642,0.0013334904577903754,215,1.7526884178782618,False
10643,0.0034360637842598507,554,1.0426638926840002,False
10644,0.0019289094528967753,311,1.0745040017308913,False
10645,0.0014637383629699002,236,1.215883465641636,False
10646,0.02653956125062798,4279,0.6340511212367882,False
10647,0.010748553317910328,1733,1.0396121798810831,False
10648,0.02321513852795058,3743,1.1718138822921929,False
10649,0.019450353840142404,3136,0.7277372789626219,False
10650,0.005061061458404401,816,1.1279196552201813,False
10651,0.0009055330550576502,146,2.5426493066630953,False
10652,0.00010543878038342502,17,1.325194239616394,False
10653,0.0013955132697806253,225,1.1278765053219266,False
10654,0.0012838722081981752,207,1.2544289890694733,False
10655,0.04433390601063071,7148,0.8350083287628123,False
10656,0.0017862569853192003,288,1.8236111729509301,False
10657,9.923649918440002e-05,16,1.682996541261673,False
10658,0.0005458007455142001,88,1.313222516666759,False
10659,9.303421798537502e-05,15,3.476894489924113,False
10660,0.009725176920071202,1568,1.9747549417067547,False
10661,0.00027290037275710005,44,1.1646803373640233,False
10662,0.0003907437155385751,63,7.58284994912526,False
10663,0.0007318691814849501,118,1.7966923996553583,False
10664,0.0006202281199025002,100,20.236761046648027,False
10665,0.0009427467422518002,152,3.425381395377611,False
10666,0.009049128269377477,1459,2.04444507183156,False
10667,0.00011164106158245002,18,2.787121335665385,False
10668,0.0029274767259398005,472,1.8963273685362378,False
10669,0.0028158356643573504,454,0.816600135769613,False
10670,0.0004341596839317501,70,7.833180693217686,False
10671,0.0022886417624402257,369,4.100346231202123,False
10672,0.0010791969286303503,174,1.7824191005750634,False
10673,6.202281199025002e-05,10,0.9443457841873169,False
10674,0.003690357313419876,595,2.0542558976582117,False
10675,0.0012962767705962254,209,1.012973051322134,False
10676,0.0009613535858488752,155,1.0733649738373294,False
10677,0.004850183897637551,782,2.8074662575636373,False
10678,0.0020405505144792256,329,1.8867361002055345,False
10679,0.0004775756523249251,77,1.2048720446499912,False
10680,0.014525742568116553,2342,0.9995128078200082,False
10681,0.0022576303564451005,364,1.476634987108,False
10682,0.0018544820785084755,299,0.9513476716236128,False
10683,0.0004341596839317501,70,1.49266631262643,False
10684,0.0003721368719415001,60,1.6578265607357026,False
10685,0.00016746159237367503,27,1.340994124059324,False
10686,0.0020343482332802003,328,0.9297678935818556,False
10687,0.0028530493515515004,460,1.003345789598382,False
10688,9.303421798537502e-05,15,1.3574546972910564,False
10689,0.0005458007455142001,88,1.68931183218956,False
10690,0.0011598265842176752,187,1.4031201250412886,False
10691,0.0006078235575044501,98,1.1285939313927476,False
10692,0.003640739063827676,587,1.0939315506709293,False
10693,6.822509318927501e-05,11,2.13383243300698,False
10694,0.0011660288654167003,188,1.5690712649771508,False
10695,0.0033182204414783758,535,1.590829248294652,False
10696,0.0020777642016733757,335,3.2280654031838942,False
10697,0.00028530493515515004,46,4.775155717911928,False
10698,0.0028282402267554006,456,2.4174237418593023,False
10699,0.0024747101984109753,399,1.72516826041659,False
10700,0.0012218493962079253,197,1.279141921077283,False
10701,0.0005892167139073751,95,1.582411375798677,False
10702,0.0005768121515093252,93,1.8725850351395146,False
10703,0.00021087756076685005,34,2.963630967280444,False
10704,3.101140599512501e-05,5,1.8532609462738037,False
10705,6.822509318927501e-05,11,2.685447931289673,False
10706,0.00010543878038342502,17,1.1544986893148983,False
10707,0.0025925535411924507,418,2.7944811268856653,False
10708,0.0028158356643573504,454,1.3898014841100719,False
10709,0.0008745216490625251,141,1.2819449817035216,False
10710,0.006475181571782102,1044,1.6426436325599407,False
10711,0.0009489490234508252,153,4.060363746936025,False
10712,0.016150740242261104,2604,0.8488700232381279,False
10713,0.006456574728185027,1041,1.0937576298525882,False
10714,0.0019723254212899504,318,1.056990162381586,False
10715,0.0036841550322208507,594,0.9062908087113891,False
10716,0.0006016212763054251,97,1.6660831687376672,False
10717,0.0019971345460860503,322,0.9238603677808869,False
10718,0.004130719278550651,666,0.922303660853847,False
10719,0.0025801489787944006,416,1.1198418048711924,False
10720,0.02335158871432913,3765,0.6434821282091685,False
10721,0.003733773281813051,602,1.2290740575505255,False
10722,0.0015567725809552753,251,1.1676842425448961,False
10723,0.015437477904373229,2489,1.0137325285332612,False
10724,0.0006574418070966502,106,2.3730660879387044,False
10725,0.0006512395258976251,105,3.0766766502743677,False
10726,0.0015939862681494253,257,0.9022424652418738,False
10727,0.006574418070966501,1060,0.9706129901814011,False
10728,0.0010109718354410753,163,6.812202586718132,False
10729,0.0007938919934752001,128,4.55131571739912,False
10730,0.0005085870583200501,82,7.3851073398822695,False
10731,0.0006264304011015251,101,2.0970872144887944,False
10732,0.014072976040587729,2269,0.6676383054219662,False
10733,0.0014389292381738004,232,1.0229059257384003,False
10734,0.0022762372000421755,367,1.6109596406406537,False
10735,0.00020467527956782505,33,1.5800535028631038,False
10736,0.0029646904131339505,478,1.1840009883856673,False
10737,0.0028964653199446758,467,1.5536839747582054,False
10738,0.0009241398986547252,149,1.9699318280956089,False
10739,1.2404562398050002e-05,2,1.7381319999694824,False
10740,0.0013582995825864753,219,1.751374687778351,False
10741,0.0002791026539561251,45,1.5992723200056287,False
10742,0.0036655481886237757,591,2.0006258996004984,False
10743,0.0020033368272850756,323,1.5739591140127034,False
10744,0.0015319634561591754,247,0.9214341249543163,False
10745,0.0026483740719836757,427,2.2071375682147383,False
10746,0.0004775756523249251,77,1.6025833603623625,False
10747,0.0007256669002859252,117,2.439282451939379,False
10748,0.0016374022365426004,264,1.7461207030397472,False
10749,0.0003473277471454001,56,1.099175704377038,False
10750,0.0018730889221055505,302,1.1795412933589606,False
10751,1.8606843597075006e-05,3,5.4709789752960205,False
10752,0.007089207410485576,1143,1.7042952430738447,False
10753,0.0005582053079122502,90,1.223386327425639,False
10754,0.0017366387357270004,280,1.818711040701185,False
10755,0.005110679707996601,824,1.140112388481214,False
10756,0.0006450372446986001,104,1.9441843055761778,False
10757,0.0013210858953923252,213,1.1568695368341437,False
10758,0.004167932965744801,672,1.2339948962132137,False
10759,1.8606843597075006e-05,3,1.3921414216359456,False
10760,0.0006202281199025002,100,5.247631239891052,False
10761,0.0007690828686791001,124,1.8732471023836443,False
10762,0.004062494185361376,655,1.1577419928921997,False
10763,0.0012466585210040252,201,1.3122410809815819,False
10764,0.00019847299836880003,32,1.7108197696506977,False
10765,0.0025925535411924507,418,1.7579671264265142,False
10766,0.0017242341733289504,278,1.4729855476523475,False
10767,0.0018916957657026255,305,1.6055361857179735,False
10768,0.0004713733711259001,76,2.272290112156617,False
10769,0.0007380714626839752,119,2.7154137066432407,False
10770,0.0013148836141933004,212,3.9852666376896626,False
10771,0.0022576303564451005,364,1.2206729722547007,False
10772,0.0024312942300178005,392,2.9998006279371223,False
10773,0.0024499010736148755,395,1.6259661934043788,False
10774,0.0005768121515093252,93,2.271911281411366,False
10775,0.009421265141318977,1519,1.8140065446348863,False
10776,0.0020219436708821506,326,10.320551691245448,False
10777,0.00016125931117465003,26,9.01807557619535,False
10778,0.0013645018637855003,220,1.5571429734880273,False
10779,0.0007380714626839752,119,1.88025060020575,False
10780,0.0012280516774069504,198,1.1861281732116082,False
10781,0.0018730889221055505,302,3.4160177920827803,False
10782,0.003733773281813051,602,2.954968276808032,False
10783,0.005997605919457177,967,1.0479511331994136,False
10784,0.0007194646190869002,116,2.478175592833552,False
10785,0.0005209916207181001,84,5.251121146338327,False
10786,1.8606843597075006e-05,3,2.6649505297342935,False
10787,0.0011164106158245003,180,1.7900978161229029,False
10788,0.00015505702997562504,25,14.627911520004272,False
10789,0.0004403619651307751,71,0.9009022746287602,False
10790,0.0003845414343395501,62,0.9702909031221943,False
10791,0.0030949383183134756,499,0.932987134298963,False
10792,0.0009117353362566752,147,2.388369838396708,False
10793,0.0012962767705962254,209,2.0150047831558155,False
10794,3.101140599512501e-05,5,1.5882648944854736,False
10795,0.0018296729537123754,295,2.872879944009296,False
10796,0.006952757224107027,1121,2.729497733018315,False
10797,0.0022576303564451005,364,3.1861261299678256,False
10798,0.0010543878038342502,170,1.4204161749166602,False
10799,0.0004961824959220001,80,1.3686322033405305,False
10800,0.0019661231400909256,317,2.9816335894708,False
10801,0.0016249976741445503,262,0.9192110891560562,False
10802,0.00039694599673760006,64,1.9851984046399593,False
10803,0.0020157413896831253,325,1.1273919740090004,False
10804,0.0030515223499203007,492,1.5365634604198177,False
10805,0.004217551215337001,680,1.188901669312926,False
10806,0.0009737581482469252,157,1.1899188627862627,False
10807,0.0012962767705962254,209,2.3128424945630526,False
10808,0.0022576303564451005,364,1.5415708494710398,False
10809,0.0006016212763054251,97,6.0312605838185736,False
10810,0.00017366387357270005,28,9.752998948097229,False
10811,0.004763351960851201,768,1.5382726648822427,False
10812,0.0013210858953923252,213,4.636784027439887,False
10813,0.0006388349634995752,103,6.674083905312622,False
10814,1.2404562398050002e-05,2,0.3864572048187256,False
10815,0.0034546706278569257,557,0.8805429023728979,False
10816,0.06868406199800287,11074,1.5412361581811669,False
10817,0.0011784334278147502,190,3.279055891538921,False
10818,0.0019103026092997003,308,1.1024579986349328,False
10819,0.0021894052632558253,353,2.080769855307452,False
10820,0.0023010463248382754,371,2.025340359808621,False
10821,0.003541502564643276,571,1.3216497159045966,False
10822,6.202281199025001e-06,1,0.49260008335113525,False
10823,0.0031135451619105506,502,1.094273058066805,False
10824,0.0006326326823005501,102,1.2240527716337466,False
10825,0.0052781413003702765,851,0.7344124083233216,False
10826,0.0005147893395190752,83,2.3623552035136397,False
10827,0.00029150721635417507,47,13.010767112386988,False
10828,0.0062518994486172015,1008,0.9187782495504334,False
10829,0.0019041003281006755,307,1.1158798439883253,False
10830,0.0017676501417221253,285,0.9306487945088169,False
10831,0.0004651710899268751,75,2.2574770323435467,False
10832,0.0004341596839317501,70,4.743945944309234,False
10833,0.0024809124796100006,400,2.4837440037727356,False
10834,0.0032251862234930007,520,0.9297111561665168,False
10835,0.0020591573580763006,332,1.0434115536241646,False
10836,0.0022390235128480255,361,1.599579165516798,False
10837,0.0016994250485328503,274,1.6415077943871492,False
10838,0.0019103026092997003,308,1.3555225064228107,False
10839,0.00011164106158245002,18,0.8226526578267416,False
10840,8.062965558732502e-05,13,9.243620524039635,False
10841,0.0011040060534264502,178,1.1661160755693243,False
10842,6.202281199025001e-06,1,0.5120785236358643,False
10843,0.0017862569853192003,288,1.5304503821664386,False
10844,0.00023568668556295006,38,1.9129884682203595,False
10845,0.005092072864399526,821,9.606798830043966,False
10846,0.00018606843597075004,30,2.9932187239329022,False
10847,0.0020653596392753255,333,1.80915838068312,False
10848,0.0024685079172119505,398,1.84417704721192,False
10849,0.00012404562398050004,20,11.86185531616211,False
10850,0.0019475162964938504,314,1.032083413403505,False
10851,0.0008745216490625251,141,3.9041477906788495,False
10852,0.0007070600566888501,114,7.118327893708882,False
10853,0.0074985579696212265,1209,1.210633037305253,False
10854,0.027984692770000805,4512,0.7196883309817483,False
10855,0.0004093505591356501,66,13.994683388507728,False
10856,0.0015691771433533252,253,5.306862178056137,False
10857,0.0019661231400909256,317,0.7679084227288183,False
10858,0.0023568668556295004,380,1.7313880565919375,False
10859,0.003045320068721276,491,1.2681713065401843,False
10860,0.007852087997965652,1266,0.7906418200729394,False
10861,0.008745216490625252,1410,1.6907782924936172,False
10862,0.00011784334278147503,19,0.9532833099365234,False
10863,0.002933679007138826,473,3.093802349259939,False
10864,0.0007876897122761752,127,1.7717665124127244,False
10865,0.0014947497689650254,241,1.2755503931480818,False
10866,0.0011970402714118252,193,1.9214484493967166,False
10867,0.004688924586462901,756,0.7965689648396124,False
10868,0.0008000942746742252,129,1.304236836211626,False
10869,0.0008435102430674002,136,8.148015649003142,False
10870,0.0053153549875644265,857,1.0196109028096239,False
10871,0.0006946554942908002,112,1.5941382657204355,False
10872,0.00017986615477172505,29,1.6025733372260784,False
10873,0.0009241398986547252,149,2.0191140014853253,False
10874,0.004682722305263876,755,0.8484893874616812,False
10875,0.00017366387357270005,28,1.593493355172021,False
10876,0.0010853992098293751,175,1.292254387310573,False
10877,0.0025305307292022004,408,1.5367574989795685,False
10878,0.0,0,0.0,True
10879,0.005395984643151751,870,1.556918304130949,False
10880,3.101140599512501e-05,5,1.6791804313659668,False
10881,0.0008497125242664252,137,1.7299433085170106,False
10882,0.006462777009384051,1042,0.7220610711945225,False
10883,0.00014265246757757502,23,2.057886092559151,False
10884,0.0003907437155385751,63,2.581710455909608,False
10885,0.0007132623378878751,115,5.359345350058183,False
10886,0.01955579262052583,3153,0.588553616481095,False
10887,0.0016684136425377254,269,1.7326074240376073,False
10888,0.0010171741166401002,164,12.498939965556307,False
10889,0.0019909322648870255,321,2.0207763958571485,False
10890,0.00023568668556295006,38,1.2559239519269842,False
10891,0.00026049581035905006,42,11.956809378805614,False
10892,0.0022576303564451005,364,1.3118630952232486,False
10893,0.0018110661101153004,292,1.036352278843318,False
10894,0.0022452257940470503,362,2.479815985287092,False
10895,0.003913639436584776,631,0.9577904631709901,False
10896,0.0008621170866644752,139,6.847345719234549,False
10897,0.0019475162964938504,314,1.5747664213939836,False
10898,0.0029460835695368755,475,1.2991541290283204,False
10899,0.006642643164155777,1071,1.2997234612285924,False
10900,0.007864492560363702,1268,0.8697739174877431,False
10901,4.341596839317501e-05,7,0.9245188576834542,False
10902,0.0020343482332802003,328,1.442907567431287,False
10903,0.013812480230228678,2227,4.018682851029127,False
10904,0.0005395984643151751,87,7.457065099957346,False
10905,0.0019537185776928754,315,3.980825518047999,False
10906,0.0002666980915580751,43,1.016641336818074,False
10907,0.006971364067704102,1124,0.8203767788367764,False
10908,0.0012218493962079253,197,6.9531413153343395,False
10909,0.011716109184958228,1889,1.289705759763339,False
10910,0.0002480912479610001,40,1.4935392558574676,False
10911,0.005929380826267901,956,1.1047398036493916,False
10912,0.0021335847324646007,344,1.0984744058791982,False
10913,0.0032499953482891006,524,0.8872867545098749,False
10914,0.0010481855226352253,169,2.958427179494553,False
10915,0.0009985672730430252,161,1.8585443496704102,False
10916,0.0010543878038342502,170,4.380592103565441,False
10917,0.0014575360817708754,235,1.8304142738910432,False
10918,0.0020219436708821506,326,1.9851625777461046,False
10919,0.009228994424149203,1488,0.7524819668903145,False
10920,0.0005209916207181001,84,3.012539872101375,False
10921,0.0061030446998406014,984,0.9867695347080386,False
10922,0.003597323095434501,580,0.8099261024902606,False
10923,0.0004527665275288251,73,1.3204134637362337,False
10924,0.0008807239302615502,142,1.1041114296711667,False
10925,0.0020343482332802003,328,1.5864503863381176,False
10926,0.00020467527956782505,33,1.9753050623518047,False
10927,0.00011164106158245002,18,2.2468432188034058,False
10928,0.0003101140599512501,50,4.742590208053588,False
10929,0.0006202281199025002,100,1.7591245889663696,False
10930,0.0014327269569747753,231,1.0927256366391203,False
10931,0.0025181261668041507,406,1.4362891416244319,False
10932,0.00025429352916002504,41,10.894867135257256,False
10933,0.0031755679739008005,512,1.3423383980989456,False
10934,4.961824959220001e-05,8,1.4582293331623077,False
10935,1.8606843597075006e-05,3,1.8703466256459553,False
10936,0.0005954189951064002,96,1.6390122895439465,False
10937,0.005582053079122501,900,0.779151005215115,False
10938,0.0022390235128480255,361,2.2448377358286002,False
10939,0.023246149933945706,3748,0.632921833620509,False
10940,0.005501423423535177,887,0.6558401485172173,False
10941,6.202281199025001e-06,1,1.3205486536026,False
10942,5.582053079122501e-05,9,1.661912865108914,False
10943,0.0023630691368285257,381,1.7487039472174457,False
10944,0.0037771892502062258,609,1.4766819653252663,False
10945,0.00011784334278147503,19,2.6217737574326363,False
10946,0.0028468470703524756,459,1.5816669391391065,False
10947,0.0019413140152948255,313,1.9347756876351354,False
10948,0.0023568668556295004,380,1.5390242269164638,False
10949,0.0002791026539561251,45,1.687798876232571,False
10950,0.0013086813329942753,211,7.78058456075135,False
10951,0.0012776699269991503,206,1.5671507015968988,False
10952,0.0010791969286303503,174,2.0556370636512495,False
10953,0.0022266189504499753,359,1.9949052858485485,False
10954,0.0019289094528967753,311,2.054384450053862,False
10955,0.003659345907424751,590,1.4201628070766643,False
10956,0.003932246280181851,634,1.5934172629934005,False
10957,0.0016125931117465003,260,1.3796159799282368,False
10958,0.0023506645744304755,379,2.255783660430707,False
10959,0.003826807499798426,617,0.9940118441898587,False
10960,0.009160769330959927,1477,1.031490063780292,False
10961,0.0005333961831161502,86,1.929704463759134,False
10962,0.0035663116894393758,575,1.4476115172842274,False
10963,0.00032251862234930007,52,3.913992322408236,False
10964,0.00017986615477172505,29,0.9735359652289028,False
10965,0.0020591573580763006,332,1.801932939204825,False
10966,0.00032251862234930007,52,5.5914101256774025,False
10967,0.009073937394173576,1463,0.9072846538468086,False
10968,1.2404562398050002e-05,2,3.3177276849746704,False
10969,0.005309152706365401,856,7.155457646768784,False
10970,0.003045320068721276,491,3.6770085584364693,False
10971,0.003957055404977951,638,0.6414359000782982,False
10972,0.0025243284480031755,407,1.7868474604749562,False
10973,0.0020095391084841005,324,1.9644854179135076,False
10974,0.0023692714180275506,382,1.2047827175150367,False
10975,8.062965558732502e-05,13,1.4958889209307158,False
10976,0.0025863512599934254,417,2.496998534785758,False
10977,7.442737438830002e-05,12,14.450998584429422,False
10978,0.003101140599512501,500,1.164445948600769,False
10979,0.00020467527956782505,33,2.577628153743166,False
10980,6.202281199025002e-05,10,1.073839831352234,False
10981,0.0007318691814849501,118,1.5536485273959273,False
10982,0.0036283345014296257,585,0.8413631096864358,False
10983,0.003994269092172101,644,1.0203659016153086,False
10984,0.0021956075444548506,354,1.5387964686431455,False
10985,6.202281199025002e-05,10,1.355914568901062,False
10986,0.0009985672730430252,161,0.9815161820524227,False
10987,0.0028220379455563757,455,2.4108650676496737,False
10988,0.0002791026539561251,45,1.3917275587717692,False
10989,0.0018792912033045754,303,1.7897250675919032,False
10990,0.023208936246751556,3742,1.9251229017574731,False
10991,0.003448468346657901,556,1.00977166436559,False
10992,0.2111628657020052,34046,16.451643706038563,False
10993,0.0028902630387456505,466,1.7258918316067544,False
10994,0.0011102083346254752,179,0.5554776278288005,False
10995,0.004552474400084351,734,1.1960747293945229,False
10996,0.0021025733264694755,339,1.00621886098631,False
10997,0.0005023847771210251,81,1.468635567912349,False
10998,0.005675087297107876,915,0.8551132176091762,False
10999,0.0021521915760616753,347,1.582021514689201,False
11000,0.0019413140152948255,313,0.9533486335803145,False
11001,0.0012590630834020753,203,1.9570720912200477,False
11002,0.0018110661101153004,292,1.7540603337222582,False
11003,0.0021832029820568004,352,1.9472215517678044,False
11004,9.923649918440002e-05,16,9.291221171617508,False
11005,0.00029150721635417507,47,1.4698193935637778,False
11006,0.009898840793643901,1596,0.6613300497968095,False
11007,0.036481818012665056,5882,0.7077085982371009,False
11008,0.0019661231400909256,317,5.052767203057226,False
11009,0.0024809124796100006,400,3.1297423338890074,False
11010,0.0020467527956782505,330,1.3298559651230322,False
11011,0.00016125931117465003,26,2.125013360610375,False
11012,0.0049308135532248765,795,0.8930206490762579,False
11013,0.0003597323095434501,58,1.846442294531855,False
11014,0.00014265246757757502,23,6.256009018939475,False
11015,0.0024374965112168257,393,0.8557807731871083,False
11016,0.007510962532019277,1211,0.9967532180538855,False
11017,0.016721350112571403,2696,0.6553559832120154,False
11018,0.018978980469016506,3060,0.6186945079977996,False
11019,0.0004465642463298001,72,8.761576367749107,False
11020,9.303421798537502e-05,15,1.514248752593994,False
11021,0.00027290037275710005,44,2.5982573249123315,False
11022,0.0004279574027327251,69,1.8597060804781707,False
11023,0.005290545862768326,853,0.8834192442586526,False
11024,0.0004713733711259001,76,1.9438697915328176,False
11025,0.003851616624594526,621,1.4430112865619997,False
11026,0.0007876897122761752,127,2.8769711603329875,False
11027,0.00017986615477172505,29,2.0990957473886422,False
11028,0.0008993307738586252,145,2.2221106890974376,False
11029,0.00010543878038342502,17,3.043852721943575,False
11030,0.00014265246757757502,23,10.408559965050738,False
11031,0.0008000942746742252,129,1.3352342742358068,False
11032,0.37187017384994203,59957,3.071739497209328,False
11033,0.010165538885201978,1639,5.050715628886383,False
11034,0.0003721368719415001,60,1.6512733578681946,False
11035,0.0007814874310771502,126,2.1699383183131142,False
11036,1.8606843597075006e-05,3,0.38538606961568195,False
11037,0.0043229899957204256,697,1.3953203807773344,False
11038,0.004440833338501901,716,3.3583054915486765,False
11039,0.011703704622560178,1887,0.7857774634429495,False
11040,0.0005147893395190752,83,2.4541281863867517,False
11041,0.0016684136425377254,269,2.388656739851799,False
11042,0.006630238601757726,1069,1.0507512162844637,False
11043,0.01661591133218798,2679,2.212264269935235,False
11044,0.0007628805874800752,123,1.2257203115680353,False
11045,0.0004465642463298001,72,3.643318133221732,False
11046,0.008007145027941276,1291,0.8939839487940097,False
11047,0.0002666980915580751,43,9.709472415059112,False
11048,0.0007008577754898252,113,2.013567823224363,False
11049,0.0020405505144792256,329,1.6392576042279647,False
11050,0.0002977094975532001,48,1.1339844365914662,False
11051,2.4809124796100004e-05,4,2.225135624408722,False
11052,1.2404562398050002e-05,2,0.746959388256073,False
11053,0.0004031482779366251,65,2.1623839176618134,False
11054,0.009607333577289727,1549,1.5624883022517677,False
11055,4.961824959220001e-05,8,2.7819102704524994,False
11056,0.006531002102573327,1053,0.9725833106697568,False
11057,6.202281199025001e-06,1,1.0347026586532593,False
11058,0.0015505702997562505,250,1.1339976401329042,False
11059,0.00019847299836880003,32,8.493941966444254,False
11060,0.00011164106158245002,18,9.98191867272059,False
11061,7.442737438830002e-05,12,3.9959837198257446,False
11062,0.0011598265842176752,187,4.244443055780176,False
11063,0.0003287209035483251,53,1.2576168280727458,False
11064,0.0020157413896831253,325,1.6597751357005193,False
11065,0.0017924592665182254,289,2.6215704073130466,False
11066,4.341596839317501e-05,7,1.144890206200736,False
11067,0.0031755679739008005,512,1.3196671297773719,False
11068,0.0007070600566888501,114,1.2978444183081912,False
11069,0.00021087756076685005,34,1.6952820525449865,False
11070,0.0022638326376441253,365,1.5614209318814212,False
11071,0.0008621170866644752,139,6.003028437388029,False
11072,0.012770496988792478,2059,0.8352763843860599,False
11073,7.442737438830002e-05,12,2.053802768389384,False
11074,0.009334433204532627,1505,0.823182887413177,False
11075,0.0004589688087278501,74,4.262933893783672,False
11076,0.051968914166630485,8379,0.6829713884465861,False
11077,0.0021832029820568004,352,1.6265119449658827,False
11078,0.0034546706278569257,557,0.7661158905851134,False
11079,0.0011660288654167003,188,1.1236543281281248,False
11080,0.00022328212316490004,36,2.638037383556366,False
11081,0.0018730889221055505,302,1.1050454263655556,False
11082,0.0026111603847895257,421,4.228081409551752,False
11083,0.0005954189951064002,96,5.8657344952225685,False
11084,0.03190453448778461,5144,2.118597639802826,False
11085,0.009433669703717028,1521,0.8919895054242236,False
11086,0.006413158759791851,1034,0.907249954267904,False
11087,0.027110171120938283,4371,1.1686722883723253,False
11088,0.0026607786343817255,429,1.3239942697378306,False
11089,0.0008311056806693502,134,1.5577974408420163,False
11090,0.0019475162964938504,314,1.229891383723848,False
11091,0.0012342539586059752,199,6.329859549076713,False
11092,0.004105910153754551,662,0.6853477432648581,False
11093,0.0012962767705962254,209,0.6900790650308417,False
11094,0.0012032425526108503,194,2.51661942791693,False
11095,0.00019227071716977504,31,3.3514378378468175,False
11096,0.0017862569853192003,288,1.6631043002837234,False
11097,0.0021149778888675257,341,1.6809276192069402,False
11098,0.0013334904577903754,215,1.3271683643030565,False
11099,0.00017986615477172505,29,8.009892981627893,False
11100,0.0012776699269991503,206,1.8585005512515318,False
11101,0.0026917900403768506,434,1.182418599106749,False
11102,0.00019227071716977504,31,1.9616727136796521,False
11103,0.0057371101090981265,925,3.987657908620061,False
11104,0.0035911208142354756,579,0.7917575803239523,False
11105,0.0019785277024889753,319,1.6207438868041322,False
11106,3.721368719415001e-05,6,10.657742540041605,False
11107,0.0021832029820568004,352,1.7355335598642176,False
11108,0.015059138751232704,2428,1.1111458526215403,False
11109,0.004713733711259001,760,2.5182487837578122,False
11110,0.003615929939031576,583,1.1165092813416575,False
11111,0.00015505702997562504,25,2.516857328414917,False
11112,0.0004961824959220001,80,2.2623139575123785,False
11113,0.0028840607575466256,465,1.7639740610635408,False
11114,0.026905495841370457,4338,0.5913591732237954,False
11115,0.004012875935769176,647,1.3064492168898192,False
11116,0.007393119189237802,1192,2.4476026676645213,False
11117,0.0004155528403346751,67,13.284705927122884,False
11118,0.0022762372000421755,367,1.367828764447724,False
11119,0.0005458007455142001,88,5.609449500387365,False
11120,0.0023692714180275506,382,6.87905712964023,False
11121,0.003367838691070576,543,4.460660497347514,False
11122,0.00028530493515515004,46,9.105241187240766,False
11123,0.0015505702997562505,250,1.335804651260376,False
11124,0.00014265246757757502,23,2.743238863737687,False
11125,0.003653143626225726,589,1.224356441020156,False
11126,0.007393119189237802,1192,10.802549384384347,False
11127,0.0012838722081981752,207,1.5652955799287067,False
11128,0.0009055330550576502,146,1.3617233086938727,False
11129,0.0014575360817708754,235,1.1175961590827779,False
11130,0.0013458950201884253,217,4.268967788340309,False
11131,0.0008745216490625251,141,1.348933128600425,False
11132,0.0033058158790803256,533,1.3356780563018111,False
11133,0.0025367330104012257,409,1.3818979962822278,False
11134,0.0025987558223914756,419,2.583564672948068,False
11135,0.0004837779335239501,78,2.8422516018916397,False
11136,0.00014885474877660004,24,1.5324781239032745,False
11137,0.006264304011015251,1010,2.5206716008705667,False
11138,0.0023630691368285257,381,1.2288729337256725,False
11139,0.003826807499798426,617,1.4329647552252203,False
11140,0.0003101140599512501,50,1.7387437677383424,False
11141,8.062965558732502e-05,13,1.815851404116704,False
11142,0.0009365444610527753,151,2.6910361430502885,False
11143,0.0013645018637855003,220,1.1183114463632757,False
11144,0.0003287209035483251,53,14.483542496303343,False
11145,0.00015505702997562504,25,0.9433797264099121,False
11146,0.00013024790517952503,21,5.228799933478946,False
11147,0.0026669809155807508,430,0.8285001982090086,False
11148,0.0017614478605231004,284,3.2889951366773795,False
11149,0.0005830144327083501,94,1.843958081083095,False
11150,3.721368719415001e-05,6,2.2661038637161255,False
11151,0.00022948440436392506,37,5.5201305376516805,False
11152,0.0006884532130917751,111,1.4697803087062664,False
11153,7.442737438830002e-05,12,2.7721267342567444,False
11154,0.003330625003876426,537,1.6389949628094722,False
11155,0.005842548889481551,942,0.7558999891746829,False
11156,0.0003411254659463751,55,1.2271116495132446,False
11157,0.00036593459074247506,59,5.0396694429850175,False
11158,0.0037027618758179257,597,1.982141248544856,False
11159,0.003696559594618901,596,0.8229819000167334,False
11160,0.00021707984196587504,35,1.8530690329415458,False
11161,0.0012094448338098754,195,1.563960262445303,False
11162,0.003814402937400376,615,1.0119468425347553,False
11163,0.01894796906302138,3055,1.1323357015506725,False
11164,0.00016746159237367503,27,9.51146568192376,False
11165,0.0015629748621543004,252,3.9556363168216886,False
11166,0.0006326326823005501,102,2.0830750652388033,False
11167,0.005991403638258151,966,0.9492194015787255,False
11168,0.003008106381527126,485,0.8875528433888229,False
11169,0.0021087756076685004,340,1.9986045774291543,False
11170,0.020393100582394203,3288,1.161809347116744,False
11171,0.0020095391084841005,324,0.9307077420346531,False
11172,0.0031383542867066505,506,1.1708390192080864,False
11173,0.0003907437155385751,63,9.955513605995783,False
11174,0.0003907437155385751,63,10.180897905713035,False
11175,0.00026049581035905006,42,1.718871763774327,False
11176,6.822509318927501e-05,11,0.934350458058444,False
11177,0.003504288877449126,565,2.1771551140641745,False
11178,0.0048377793352395015,780,0.7757052299303886,False
11179,0.0013210858953923252,213,8.976713493956087,False
11180,0.0008993307738586252,145,2.02444607307171,False
11181,0.0008124988370722751,131,1.4400381969131586,False
11182,0.14680799598092178,23670,0.9821129319030221,False
11183,0.0006388349634995752,103,2.708541548367843,False
11184,0.040842021695579635,6585,0.9598101477597641,False
11185,0.0010853992098293751,175,1.1570459195545741,False
11186,0.0019041003281006755,307,2.487773990398121,False
11187,0.0015443680185572254,249,3.1008471647898355,False
11188,4.961824959220001e-05,8,4.9927855879068375,False
11189,0.010903610347885952,1758,2.649326420888152,False
11190,0.0008869262114605752,143,7.1717407294920275,False
11191,0.0017614478605231004,284,2.7697901524288553,False
11192,0.0010481855226352253,169,1.4045833476196379,False
11193,0.0003907437155385751,63,2.193921346513052,False
11194,0.0024126873864207254,389,0.9775818316672945,False
11195,0.0023816759804256007,384,1.4785650502890348,False
11196,0.005842548889481551,942,0.8165846194937477,False
11197,0.0023878782616246256,385,1.4356187764700357,False
11198,0.0003845414343395501,62,1.845400866000883,False
11199,0.0009985672730430252,161,1.1244694979294487,False
11200,0.0025863512599934254,417,0.7582363885083645,False
11201,0.00015505702997562504,25,3.807522077560425,False
11202,0.0007008577754898252,113,8.49940769229315,False
11203,0.0010171741166401002,164,1.1381023976860978,False
11204,0.005799132921088376,935,0.6324114325212284,False
11205,0.0011598265842176752,187,1.9565030215258268,False
11206,0.0016125931117465003,260,1.522711978967373,False
11207,0.00024188896676197505,39,1.9746959576239953,False
11208,0.004924611272025851,794,1.2509124993677403,False
11209,0.0021397870136636256,345,2.1762808163960776,False
11210,0.00025429352916002504,41,4.275591219343791,False
11211,0.0023196531684353504,374,1.2708727484718363,False
11212,0.0022576303564451005,364,1.5916886237951426,False
11213,0.00017986615477172505,29,21.46349039982105,False
11214,0.012801508394787603,2064,0.8861192243043766,False
11215,0.0015505702997562505,250,1.1753835349082946,False
11216,0.0035166934398471756,567,1.267691079060657,False
11217,0.0011288151782225502,182,18.976057535999423,False
11218,0.015021925064038554,2422,1.6074362502031145,False
11219,0.011926986745725078,1923,0.719868578144615,False
11220,0.0019351117340958004,312,3.768576587621982,False
11221,0.005253332175574176,847,1.5940122457997437,False
11222,0.00017986615477172505,29,2.195678579396215,False
11223,0.00029150721635417507,47,5.773023006763864,False
11224,0.04618218580794016,7446,0.5116352303643525,False
11225,0.008521934367460352,1374,1.6921750859749196,False
11226,0.008540541211057427,1377,0.7296750892654397,False
11227,8.062965558732502e-05,13,7.7966622205880975,False
11228,0.0004837779335239501,78,4.021104100422981,False
11229,0.0013831087073825753,223,4.8969234602333716,False
11230,0.0032313885046920256,521,0.7870357361498812,False
11231,0.0022204166692509505,358,4.286950411077318,False
11232,0.0021087756076685004,340,1.8718707186334274,False
11233,0.0005395984643151751,87,1.7826524644062436,False
11234,3.721368719415001e-05,6,1.4313669800758362,False
11235,0.00013024790517952503,21,1.442738862264724,False
11236,0.003181770255099826,513,1.7145830715841253,False
11237,0.0005768121515093252,93,1.0530255302306144,False
11238,0.004242360340133101,684,2.919122000186764,False
11239,0.0002791026539561251,45,4.010760254330105,False
11240,0.0007008577754898252,113,4.473936505022302,False
11241,7.442737438830002e-05,12,1.0714071393013,False
11242,0.0004527665275288251,73,7.84181782644089,False
11243,0.0019661231400909256,317,1.401198475894868,False
11244,0.0022080121068529003,356,1.2547304087810303,False
11245,0.0012218493962079253,197,0.867261608239963,False
11246,0.0011536243030186503,186,1.8644566651313537,False
11247,0.0022886417624402257,369,1.7609763119601944,False
11248,4.961824959220001e-05,8,1.5465092360973358,False
11249,0.004174135246943826,673,0.8168131249443383,False
11250,0.004726138273657051,762,0.7317287224171356,False
11251,0.0010233763978391252,165,1.0683507240179813,False
11252,0.023060081497974956,3718,0.646391156028842,False
11253,0.0004465642463298001,72,6.519559688038296,False
11254,0.0005023847771210251,81,7.571305704705509,False
11255,0.0023692714180275506,382,0.9998094211698203,False
11256,0.010754755599109352,1734,1.0644540720744942,False
11257,0.0013272881765913503,214,2.8356167016742386,False
11258,0.011895975339729952,1918,0.8506759756921604,False
11259,0.004602092649676551,742,1.4349272803797555,False
11260,0.0006760486506937252,109,1.5370152871543115,False
11261,0.002797228820760276,451,1.277469053236714,False
11262,0.0003411254659463751,55,7.325734543800354,False
11263,0.0019103026092997003,308,2.7349789932176662,False
11264,0.0012962767705962254,209,0.7569939439946954,False
11265,0.0027538128523671005,444,0.9498349532887742,False
11266,0.0007380714626839752,119,4.349933632281648,False
11267,0.00018606843597075004,30,1.2811904589335124,False
11268,1.8606843597075006e-05,3,1.8126325607299805,False
11269,0.05732768512258809,9243,0.6011700158148607,False
11270,0.0074427374388300015,1200,1.7433639021714529,False
11271,4.341596839317501e-05,7,2.3787888629095897,False
11272,9.303421798537502e-05,15,0.9901555458704631,False
11273,0.0006636440882956752,107,2.0074378575120018,False
11274,0.0023382600120324254,377,3.6347127223204554,False
11275,0.0016311999553435754,263,2.000690588026446,False
11276,0.0009923649918440003,160,1.7275459431111813,False
11277,0.0022142143880519256,357,1.3753718688708394,False
11278,0.0027910265395612506,450,1.8366191434860228,False
11279,0.0056998964219039765,919,1.6666235269996883,False
11280,0.0037399755630120757,603,1.0458482707515482,False
11281,0.00019227071716977504,31,3.5749263148153982,False
11282,3.101140599512501e-05,5,12.902390003204346,False
11283,0.0018544820785084755,299,3.5772993181860167,False
11284,0.0032313885046920256,521,4.551903007355396,False
11285,0.0014265246757757502,230,0.7849822930667711,False
11286,0.02668841599940458,4303,1.0652277292885006,False
11287,0.015803412495115705,2548,0.8417139051473309,False
11288,0.00014885474877660004,24,1.7932722171147664,False
11289,0.0008062965558732502,130,1.394681162100572,False
11290,0.0007504760250820251,121,1.644622905195252,False
11291,0.0023320577308334005,376,1.6175006288797298,False
11292,0.0020715619204743504,334,1.769398694266816,False
11293,0.0020033368272850756,323,1.2068500393315365,False
11294,0.0010295786790381503,166,11.503777574343854,False
11295,0.017180318921299252,2770,0.5056475002412761,False
11296,0.0014823452065669753,239,1.393485129128939,False
11297,0.0006698463694947001,108,2.9786161846584744,False
11298,0.0003845414343395501,62,6.396472996281039,False
11299,0.0036469413450267007,588,0.9803530946880782,False
11300,0.00027290037275710005,44,5.975777669386431,False
11301,0.00022948440436392506,37,1.4742687521754085,False
11302,0.0015381657373582003,248,2.6560557734581733,False
11303,0.0003101140599512501,50,3.1641818046569825,False
11304,0.0023320577308334005,376,6.405028840328785,False
11305,0.00016746159237367503,27,1.04747474193573,False
11306,0.012193684837283152,1966,0.9010352984085936,False
11307,0.0020901687640714254,337,3.5617564276347173,False
11308,0.0017676501417221253,285,1.2144564185226172,False
11309,0.0012280516774069504,198,0.8853775997354527,False
11310,0.004037685060565276,651,1.1447089992909938,False
11311,0.005377377799554676,867,0.7605331826787507,False
11312,0.0017490432981250503,282,1.62235803891581,False
11313,0.00012404562398050004,20,3.354570782184601,False
11314,0.0013520973013874504,218,8.99603175351379,False
11315,0.004955622678020976,799,0.775561987980734,False
11316,0.0024188896676197507,390,1.3912869123312144,False
11317,0.0003907437155385751,63,7.819136322490753,False
11318,0.0003721368719415001,60,6.3702727317810055,False
11319,5.582053079122501e-05,9,3.020924700631036,False
11320,0.00024188896676197505,39,11.795205825414413,False
11321,0.004006673654570151,646,0.805546388537522,False
11322,0.0006574418070966502,106,1.4156099242984124,False
11323,0.010934621753881078,1763,1.028253433789574,False
11324,0.004409821932506776,711,2.385922511753989,False
11325,0.0024126873864207254,389,1.4140657876022065,False
11326,0.009421265141318977,1519,2.0778789206348494,False
11327,0.0018358752349114005,296,0.9251723615704356,False
11328,0.0008311056806693502,134,5.751541046953913,False
11329,0.0008869262114605752,143,1.7329430396740253,False
11330,1.8606843597075006e-05,3,1.3510582844416301,False
11331,0.0010109718354410753,163,1.6229092965096783,False
11332,0.0007132623378878751,115,10.213170955492103,False
11333,0.0003721368719415001,60,0.538605926434199,False
11334,0.011914582183327027,1921,0.7014212521459211,False
11335,0.006134056105835726,989,0.9115169675092244,False
11336,0.0007752851498781252,125,4.607820689201355,False
11337,0.0016063908305474753,259,1.3307105629600613,False
11338,0.0003845414343395501,62,1.5235383702862648,False
11339,9.303421798537502e-05,15,1.3549569686253866,False
11340,0.0016994250485328503,274,1.0509981534776895,False
11341,0.0005768121515093252,93,2.223255439471173,False
11342,0.00011164106158245002,18,1.1509130265977647,False
11343,0.0011908379902128004,192,1.451252152522405,False
11344,0.00022948440436392506,37,1.4244079138781574,False
11345,0.0007070600566888501,114,6.131322385972006,False
11346,3.101140599512501e-05,5,1.9982125520706178,False
11347,0.0029646904131339505,478,2.170395696262934,False
11348,0.0005333961831161502,86,1.9100746207459027,False
11349,0.003584918533036451,578,1.0057060677287488,False
11350,0.0005458007455142001,88,6.459839512001384,False
11351,0.0012342539586059752,199,1.2264433356385733,False
11352,0.005309152706365401,856,1.027477549336781,False
11353,0.007901706247557852,1274,0.8774439225578607,False
11354,0.0023630691368285257,381,2.87409751684334,False
11355,0.005271939019171251,850,1.3219539493672987,False
11356,0.009563917608896553,1542,0.8404097810638863,False
11357,0.0028592516327505257,461,0.814271085950144,False
11358,0.0015381657373582003,248,1.5865026366326116,False
11359,0.0016001885493484504,258,4.588637308094853,False
11360,0.002797228820760276,451,1.136349604557993,False
11361,0.0021770007008577756,351,1.6639446679003898,False
11362,0.0027290037275710007,440,0.7289962562647733,False
11363,8.683193678635003e-05,14,3.5913728134972707,False
11364,0.01858823675347793,2997,4.917711603510249,False
11365,0.0022452257940470503,362,6.008891084246873,False
11366,0.0012094448338098754,195,3.9047382801007,False
11367,0.0014885474877660003,240,1.8505252987146377,False
11368,0.00027290037275710005,44,8.683649160645224,False
11369,0.0018172683913143255,293,1.3436883329938296,False
11370,0.00016125931117465003,26,1.0304397344589233,False
11371,0.00017366387357270005,28,2.0105478721005574,False
11372,6.202281199025002e-05,10,1.02850182056427,False
11373,0.0007752851498781252,125,1.7903094501495362,False
11374,0.00017366387357270005,28,7.611856324332101,False
11375,0.0011164106158245003,180,1.6383367783493465,False
11376,0.003653143626225726,589,1.2181287046604123,False
11377,0.00021087756076685005,34,11.605684206766242,False
11378,0.0030329155063232257,489,1.0558261142430374,False
11379,0.005395984643151751,870,2.2113065609986755,False
11380,0.009439871984916052,1522,1.2499961777836202,False
11381,0.008422697868275953,1358,1.1962344607829345,False
11382,0.0026483740719836757,427,3.3845621327884863,False
11383,0.0020529550768772753,331,1.1623327807717454,False
11384,0.00013645018637855003,22,2.9847740639339793,False
11385,0.0025677444163963504,414,1.6910661004015788,False
11386,0.0021707984196587503,350,2.415533001422882,False
11387,0.005464209736341027,881,1.390842891848994,False
11388,0.0020157413896831253,325,1.9057553797501785,False
11389,4.961824959220001e-05,8,0.7552406787872314,False
11390,0.0009055330550576502,146,1.5171299789049855,False
11391,0.0024188896676197507,390,2.224383164369143,False
11392,0.0012900744893972003,208,0.8248849774782474,False
11393,0.0022390235128480255,361,3.3938590274953446,False
11394,0.0022948440436392505,370,1.831360747040929,False
11395,0.00030391177875222506,49,4.006395033427647,False
11396,0.0025243284480031755,407,1.7157504763591493,False
11397,0.0025305307292022004,408,0.933720141064887,False
11398,0.003367838691070576,543,8.668815254286947,False
11399,0.00029150721635417507,47,1.398086187687326,False
11400,0.00012404562398050004,20,1.5289088606834411,False
11401,0.0026297672283866007,424,2.1485123313822836,False
11402,0.0020157413896831253,325,5.569468670624953,False
11403,0.0017800547041201755,287,1.391747784116127,False
11404,0.0005395984643151751,87,10.951761037453839,False
11405,0.011120690189851828,1793,3.2350301605592677,False
11406,0.0022266189504499753,359,8.229481875066305,False
11407,0.00013645018637855003,22,7.4235007762908936,False
11408,0.00015505702997562504,25,13.204032201766967,False
11409,0.00019847299836880003,32,6.677641570568085,False
11410,0.0027041946027749008,436,1.845103721006201,False
11411,0.0048935998660307265,789,1.1806906019024674,False
11412,0.0014017155509796504,226,1.1670511275266124,False
11413,0.00039694599673760006,64,1.558456264436245,False
11414,0.0013334904577903754,215,1.929156193622323,False
11415,0.0034794797526530256,561,0.9606919105890176,False
11416,0.0028344425079544254,457,1.2957006129446385,False
11417,0.0004713733711259001,76,1.2087301690327494,False
11418,0.0019351117340958004,312,1.4788544491315498,False
11419,0.00014885474877660004,24,1.3868647416432698,False
11420,0.0028530493515515004,460,0.9860338781190955,False
11421,0.0035166934398471756,567,3.3506885445307173,False
11422,0.01889835081342918,3047,1.3430656806187118,False
11423,0.0003845414343395501,62,2.0609082156612026,False
11424,0.0005271939019171251,85,5.651926929810468,False
11425,0.00030391177875222506,49,3.1170301826632754,False
11426,0.00017986615477172505,29,2.1224831013843932,False
11427,0.0023630691368285257,381,1.2775721424833684,False
11428,0.0013769064261835503,222,1.22157367929682,False
11429,0.0026793854779788005,432,0.8852853874365488,False
11430,4.961824959220001e-05,8,13.994716733694077,False
11431,0.0023258554496343757,375,2.2524544054667155,False
11432,0.0020033368272850756,323,1.2205052597234862,False
11433,0.011722311466157253,1890,1.0100811650513342,False
11434,0.0013086813329942753,211,1.2439766630742222,False
11435,0.0017552455793240754,283,1.773139010891055,False
11436,0.0022328212316490006,360,4.131668494807349,False
11437,0.002797228820760276,451,1.0950447968527377,False
11438,0.004254764902531151,686,1.9684328760072025,False
11439,0.0015505702997562505,250,2.240462427139282,False
11440,0.0024064851052217006,388,1.0736904012173722,False
11441,0.0005582053079122502,90,5.284276661607954,False
11442,0.0020777642016733757,335,1.0117412866051518,False
11443,0.0017180318921299253,277,2.568035618923201,False
11444,0.00026049581035905006,42,1.3994928740319752,False
11445,0.00017986615477172505,29,8.195379446292746,False
11446,0.023469432057110606,3784,0.9773771825224854,False
11447,0.0029584881319349257,477,1.0820995916610494,False
11448,7.442737438830002e-05,12,2.2345276375611625,False
11449,0.0012962767705962254,209,6.137255970370827,False
11450,0.0009365444610527753,151,1.3407241445503488,False
11451,0.0025429352916002505,410,1.2411721110343934,False
11452,0.004465642463298001,720,2.0856589747799767,False
11453,0.005991403638258151,966,1.3499631741032097,False
11454,0.004025280498167226,649,1.1134063745683809,False
11455,0.036686493292232884,5915,1.893482255331057,False
11456,0.00014885474877660004,24,1.8555836578210194,False
11457,4.341596839317501e-05,7,11.383938687188285,False
11458,0.0010419832414362003,168,3.162633880263283,False
11459,0.0024685079172119505,398,1.6348234528872236,False
11460,0.0018420775161104254,297,1.6995012820369066,False
11461,0.0010853992098293751,175,1.5421780531747,False
11462,0.0018606843597075004,300,1.4528011771043141,False
11463,0.003200377098696901,516,1.0308467115080633,False
11464,0.00013024790517952503,21,1.7350410052708216,False
11465,0.004217551215337001,680,1.6478679600883932,False
11466,0.00018606843597075004,30,1.9693811098734537,False
11467,0.0024747101984109753,399,1.0266686812379306,False
11468,0.0010916014910284002,176,5.764445088126442,False
11469,0.0016932227673338255,273,3.742421431855841,False
11470,0.0014327269569747753,231,1.2713710322524563,False
11471,0.0029088698823427255,469,1.0423477128116307,False
11472,0.0014637383629699002,236,1.1298050294488162,False
11473,0.0005395984643151751,87,1.5735825615367671,False
11474,0.0011288151782225502,182,1.2110094762110448,False
11475,0.00024188896676197505,39,5.437463375238272,False
11476,0.00015505702997562504,25,2.6026811695098875,False
11477,0.0022638326376441253,365,1.638605807578727,False
11478,0.005073466020802451,818,4.8418044035475525,False
11479,0.0017056273297318754,275,1.1870048384232954,False
11480,0.0004217551215337001,68,1.3792039962375866,False
11481,0.0003597323095434501,58,1.1952699751689517,False
11482,0.0013582995825864753,219,1.490003296229393,False
11483,0.0008745216490625251,141,1.388238823160212,False
11484,0.0013520973013874504,218,1.524757289011544,False
11485,0.0031259497243086008,504,1.0289080213932764,False
11486,0.00022948440436392506,37,6.969914719865129,False
11487,0.0010171741166401002,164,1.646059571242914,False
11488,0.0009551513046498502,154,2.368242872225774,False
11489,0.0022266189504499753,359,1.1632547365257666,False
11490,0.0012218493962079253,197,1.4475919171638296,False
11491,0.0021149778888675257,341,1.6220752399338305,False
11492,0.00019847299836880003,32,1.6583440974354744,False
11493,0.00015505702997562504,25,2.569679069519043,False
11494,0.00020467527956782505,33,1.6978505849838257,False
11495,0.0008000942746742252,129,2.2883538423582563,False
11496,0.0017986615477172505,290,1.1727692147781108,False
11497,6.202281199025002e-05,10,2.0214548468589784,False
11498,0.0021025733264694755,339,1.4775739672613004,False
11499,2.4809124796100004e-05,4,1.6352045834064484,False
11500,0.007510962532019277,1211,0.6978287181019488,False
11501,0.00019847299836880003,32,1.6532686054706573,False
11502,0.0012776699269991503,206,1.0405942485170456,False
11503,0.0018792912033045754,303,1.2561897177113952,False
11504,0.0012280516774069504,198,1.5540429618623521,False
11505,0.0003411254659463751,55,1.79124155478044,False
11506,0.0022018098256538754,355,2.868849759706309,False
11507,0.0016374022365426004,264,1.3077931182854103,False
11508,0.0021211801700665505,342,1.1382265871728372,False
11509,0.004707531430059976,759,1.0088664624687869,False
11510,0.00021087756076685005,34,12.065606369691736,False
11511,0.0004341596839317501,70,1.621233514377049,False
11512,0.0008683193678635002,140,3.706707238299506,False
11513,0.008962296332591126,1445,2.498663387661574,False
11514,0.008614968585445727,1389,0.7728689521915884,False
11515,0.0014575360817708754,235,1.628280818208735,False
11516,0.0002480912479610001,40,1.5369910895824432,False
11517,0.00013024790517952503,21,1.4587027458917528,False
11518,0.00015505702997562504,25,2.033776445388794,False
11519,0.0006078235575044501,98,3.738295615935812,False
11520,4.961824959220001e-05,8,2.968113824725151,False
11521,0.0031879725362988507,514,1.4755530974280509,False
11522,0.0025553398539983007,412,4.005992357881324,False
11523,0.0019971345460860503,322,2.2832005745875907,False
11524,0.0011102083346254752,179,9.29605210360202,False
11525,0.0024126873864207254,389,2.687489972935851,False
11526,0.0004527665275288251,73,1.9568877416114285,False
11527,0.0008621170866644752,139,3.411685816675639,False
11528,0.0020529550768772753,331,1.9038005004836713,False
11529,0.0035477048458423008,572,0.8484331536126304,False
11530,0.0011536243030186503,186,4.25583730846323,False
11531,0.0020653596392753255,333,1.5652300065702147,False
11532,6.202281199025002e-05,10,1.537414002418518,False
11533,0.0016125931117465003,260,1.3073093524345984,False
11534,0.0013707041449845254,221,1.092978992073784,False
11535,0.00033492318474735006,54,1.114331669277615,False
11536,0.0013831087073825753,223,1.5639922201900738,False
11537,0.0020033368272850756,323,2.0488235204950573,False
11538,0.0012156471150089002,196,1.0522055723229233,False
11539,0.0021583938572607006,348,1.0043165546724167,False
11540,0.009483287953309227,1529,1.0457710884535836,False
11541,0.0026917900403768506,434,0.9322455791833764,False
11542,0.004354001401715551,702,1.9087186443839657,False
11543,0.0008869262114605752,143,2.0021261443624963,False
11544,0.0019537185776928754,315,2.5269064452913073,False
11545,0.0023816759804256007,384,1.9022866589948535,False
11546,0.0002791026539561251,45,7.50641635523902,False
11547,0.002952285850735901,476,1.4903997876563995,False
11548,0.0003783391531405251,61,1.3365944291724534,False
11549,0.0004341596839317501,70,2.7663991485323223,False
11550,0.00036593459074247506,59,2.420918066622847,False
11551,0.0027910265395612506,450,1.930955842336019,False
11552,0.0004899802147229751,79,1.2856534070606473,False
11553,0.0016187953929455254,261,1.6973312695821126,False
11554,0.0010295786790381503,166,1.313452592097133,False
11555,0.00012404562398050004,20,1.6872233867645263,False
11556,0.00013645018637855003,22,0.8962334286082875,False
11557,0.0003473277471454001,56,1.5783737408263343,False
11558,1.8606843597075006e-05,3,4.853291034698486,False
11559,0.010376416445968827,1673,0.8408416439086038,False
11560,0.0018482797973094504,298,1.5463755098765328,False
11561,0.005147893395190751,830,0.7751375175384154,False
11562,0.006896936693315802,1112,1.4904911861145238,False
11563,0.0020963710452704507,338,1.7371367776887656,False
11564,0.0016932227673338255,273,1.3942988093519386,False
11565,0.006109246981039627,985,1.0576563375250336,False
11566,0.0021459892948626504,346,1.6928473776475543,False
11567,0.0017552455793240754,283,0.9001456558072525,False
11568,0.0017428410169260254,281,1.0348587502788393,False
11569,0.0012528608022030503,202,1.4911215919079166,False
11570,0.00023568668556295006,38,1.6491884118632267,False
11571,0.003541502564643276,571,1.631598712057658,False
11572,0.0035290980022452258,569,1.2188511403876574,False
11573,0.0013210858953923252,213,1.017488527745708,False
11574,0.0021335847324646007,344,1.6410175683193429,False
11575,0.0023072486060373007,372,1.8554351973918177,False
11576,0.004155528403346751,670,0.749268624319959,False
11577,0.00016746159237367503,27,2.2307464016808405,False
11578,0.0020839664828724005,336,7.761996528222447,False
11579,0.00018606843597075004,30,2.500057272116343,False
11580,0.0011722311466157253,189,0.8545089550119228,False
11581,0.0014761429253679504,238,2.215061541865854,False
11582,0.003653143626225726,589,1.5474020580686818,False
11583,0.0012156471150089002,196,3.5232190015364666,False
11584,0.0016374022365426004,264,6.367637290195986,False
11585,0.007207050753267052,1162,0.7828477212771286,False
11586,0.0004713733711259001,76,6.537113787312257,False
11587,0.0008000942746742252,129,1.5151459071063256,False
11588,0.00013024790517952503,21,3.0110080128624324,False
11589,1.8606843597075006e-05,3,2.303430716196696,False
11590,0.0020901687640714254,337,1.632235431175911,False
11591,0.0015195588937611253,245,1.1493110539961835,False
11592,0.0003287209035483251,53,5.542632955425191,False
11593,0.0037399755630120757,603,1.1654004682948933,False
11594,0.0003721368719415001,60,8.797060986359915,False
11595,0.017074880140915828,2753,1.32958264944989,False
11596,0.0005458007455142001,88,1.0781006840142338,False
11597,0.0023196531684353504,374,1.8245643957413453,False
11598,0.0005333961831161502,86,8.02224457402562,False
11599,0.0020839664828724005,336,3.316786956574236,False
11600,0.008887868958202826,1433,1.1450803263238984,False
11601,0.0004961824959220001,80,1.316005364060402,False
11602,0.013539579857471578,2183,0.7347745479272693,False
11603,0.0033244227226774006,536,1.3433500732948531,False
11604,0.0008000942746742252,129,1.5191621743431387,False
11605,0.0004155528403346751,67,1.0881034420497382,False
11606,1.8606843597075006e-05,3,2.205241839090983,False
11607,0.00012404562398050004,20,2.4428256869316103,False
11608,0.004012875935769176,647,1.8573636452234141,False
11609,0.00021707984196587504,35,1.1575391633169991,False
11610,0.0007132623378878751,115,1.2033648200657057,False
11611,0.0019289094528967753,311,0.9978612151559909,False
11612,0.00017986615477172505,29,3.606322193967885,False
11613,0.0012218493962079253,197,2.6258808198919152,False
11614,0.002933679007138826,473,1.7208230089687646,False
11615,0.00016125931117465003,26,1.26316748215602,False
11616,0.0027352060087700255,441,2.4559061513736404,False
11617,0.00011164106158245002,18,1.4755059613121881,False
11618,0.016820586611755804,2712,0.6023402762624015,False
11619,0.0004713733711259001,76,1.3399551746092344,False
11620,0.0003907437155385751,63,2.707714459252736,False
11621,0.0008807239302615502,142,6.39239215011328,False
11622,6.202281199025002e-05,10,4.057475328445435,False
11623,0.0011350174594215753,183,1.14300531051198,False
11624,0.00014885474877660004,24,1.6699768006801605,False
11625,0.016572495363794803,2672,0.7808618252862713,False
11626,0.003789593812604276,611,1.8618973530646041,False
11627,0.0018730889221055505,302,1.1969642327321286,False
11628,0.0020591573580763006,332,1.742195197616715,False
11629,0.0007070600566888501,114,1.4900659761930768,False
11630,0.003603525376633526,581,0.7523535529020116,False
11631,0.0018730889221055505,302,2.5967227753424487,False
11632,0.0015691771433533252,253,1.3231408134279514,False
11633,0.01977907474369073,3189,0.9559410408620514,False
11634,0.0004279574027327251,69,2.5640411100525786,False
11635,0.010698935068318127,1725,1.1275953420003255,False
11636,0.0016560090801396754,267,2.824609470278136,False
11637,0.0016001885493484504,258,1.3058350511299548,False
11638,0.005426996049146877,875,1.3565859129769462,False
11639,0.0032127816610949505,518,1.387837268210746,False
11640,0.004291978589725301,692,1.4061583466612535,False
11641,0.0026111603847895257,421,1.6285426268385028,False
11642,8.683193678635003e-05,14,3.9973326410566057,False
11643,0.0011722311466157253,189,4.767675169561275,False
11644,0.0006202281199025002,100,1.1809422290325164,False
11645,0.0008559148054654502,138,1.553114947201549,False
11646,0.003746177844211101,604,1.0588831688394609,False
11647,0.0021087756076685004,340,1.959416725355036,False
11648,0.0016870204861348004,272,1.3700661483932943,False
11649,0.0027103968839739256,437,1.550445462528028,False
11650,0.0019041003281006755,307,1.3617342660015492,False
11651,0.0004899802147229751,79,1.1227314396749568,False
11652,0.00024188896676197505,39,13.035428209182543,False
11653,0.004583485806079476,739,0.999233004527421,False
11654,4.341596839317501e-05,7,2.1900907244001115,False
11655,0.0020343482332802003,328,1.4182952751473683,False
11656,1.2404562398050002e-05,2,1.0380864143371582,False
11657,0.00022948440436392506,37,1.654753952412992,False
11658,0.00036593459074247506,59,6.029251961384789,False
11659,0.0021459892948626504,346,1.254862138301651,False
11660,0.0016311999553435754,263,1.8994071365762573,False
11661,0.0008062965558732502,130,1.4195336268498346,False
11662,0.00029150721635417507,47,1.3748926659847827,False
11663,0.0003597323095434501,58,1.1219642450069558,False
11664,0.00020467527956782505,33,6.606720729307695,False
11665,0.016944632235736303,2732,0.7633376732403153,False
11666,0.0034546706278569257,557,1.5020053829710187,False
11667,0.0022328212316490006,360,1.9496360176139407,False
11668,0.004850183897637551,782,1.3279565824267199,False
11669,9.303421798537502e-05,15,0.950137217839559,False
11670,0.0022948440436392505,370,0.8973936776857119,False
11671,0.008385484181081803,1352,0.7317053157196948,False
11672,0.0019723254212899504,318,2.8184149070355877,False
11673,0.0011846357090137753,191,1.836321489973218,False
11674,0.0032810067542842257,529,0.7302852965933614,False
11675,0.0029584881319349257,477,1.6903042853253443,False
11676,0.023891187178644305,3852,1.6229496197784676,False
11677,0.0025429352916002505,410,0.945725466565388,False
11678,0.0003783391531405251,61,0.9227358552276111,False
11679,0.00035353002834442507,57,1.7237414874528583,False
11680,0.0002791026539561251,45,3.6357234875361124,False
11681,0.005017645490011226,809,3.8764476210284147,False
11682,0.02202430053773778,3551,0.6864613087470683,False
11683,0.005582053079122501,900,0.9011556710137262,False
11684,0.00017986615477172505,29,9.919083689821177,False
11685,0.0038950325929877007,628,1.3334290829433757,False
11686,0.0021335847324646007,344,1.7167837009873501,False
11687,0.0014823452065669753,239,1.5901113105119522,False
11688,0.012807710675986628,2065,0.7117770806929101,False
11689,0.005817739764685451,938,0.9557145612834613,False
11690,0.028164558924772532,4541,0.628253279003218,False
11691,0.0022390235128480255,361,1.021414217856452,False
11692,0.00032251862234930007,52,1.7586889954713674,False
11693,0.0020281459520811755,327,2.281102924171938,False
11694,0.007138825660077777,1151,1.207850013785938,False
11695,0.00023568668556295006,38,3.356526857928226,False
11696,0.0010233763978391252,165,2.0088818066047898,False
11697,0.0013458950201884253,217,0.9903122203141314,False
11698,0.00019227071716977504,31,11.94702483761695,False
11699,0.0015877839869504003,256,7.427257315721363,False
11700,0.0022514280752460756,363,1.4820935759005796,False
11701,0.0013458950201884253,217,5.276626169406874,False
11702,0.009886436231245853,1594,0.6864564481613178,False
11703,0.0020591573580763006,332,1.235387892608183,False
11704,0.0006636440882956752,107,2.7934581598388815,False
11705,0.0020219436708821506,326,1.836604055451469,False
11706,0.010835385254696678,1747,1.2812798031412265,False
11707,0.002778621977163201,448,1.4395112778459276,False
11708,0.0024561033548139008,396,1.668620869065776,False
11709,0.00021087756076685005,34,7.487885419060202,False
11710,8.683193678635003e-05,14,1.7306814278875078,False
11711,0.0012652653646011002,204,4.1203744095914505,False
11712,0.0012776699269991503,206,1.4223440798740943,False
11713,0.007709435530388077,1243,1.5038819316885497,False
11714,0.0005458007455142001,88,6.4182629422707995,False
11715,0.006289113135811352,1014,3.917471457985496,False
11716,0.0038392120621964757,619,1.0005644365350725,False
11717,4.961824959220001e-05,8,2.32695996761322,False
11718,0.0006078235575044501,98,2.7133800448203576,False
11719,0.006351135947801601,1024,0.7691921629011631,False
11720,0.01959300630771998,3159,1.6678089986839186,False
11721,0.0011040060534264502,178,1.0778125899561335,False
11722,0.0023754736992265754,383,1.5565329656277251,False
11723,0.0066922614137479765,1079,1.3826498776480929,False
11724,0.007759053779980277,1251,5.992802742669146,False
11725,0.00016125931117465003,26,9.28990364074707,False
11726,0.00012404562398050004,20,1.7035904288291932,False
11727,0.005216118488380026,841,0.8538444234981831,False
11728,0.0012776699269991503,206,2.5611084468156387,False
11729,0.005904571701471802,952,1.269696317550515,False
11730,0.008056763277533477,1299,0.6667993856082062,False
11731,0.011598265842176752,1870,0.6829437765845641,False
11732,0.0014885474877660003,240,1.084096620976925,False
11733,0.0013396927389894002,216,1.1743903574016359,False
11734,0.00019847299836880003,32,6.85869500041008,False
11735,0.016510472551804555,2662,1.240033950060494,False
11736,0.024418381080561432,3937,0.7777387615627283,False
11737,0.0017986615477172505,290,3.1984374260080273,False
11738,0.0021832029820568004,352,1.952688635072925,False
11739,0.011002846847070353,1774,1.3342343558722176,False
11740,0.0023692714180275506,382,3.097646577820104,False
11741,0.0004031482779366251,65,1.081639445745028,False
11742,0.0008869262114605752,143,1.4511591271087005,False
11743,0.0011226128970235252,181,1.1507889611944968,False
11744,3.721368719415001e-05,6,1.0202483336130779,False
11745,0.0015133566125621004,244,1.4304803702674929,False
11746,0.00021707984196587504,35,1.519487258366176,False
11747,0.0048005656480453514,774,0.9867258071899414,False
11748,0.3265314982850692,52647,1.823810601521098,False
11749,0.00011784334278147503,19,3.1362710626501786,False
11750,4.341596839317501e-05,7,3.3849216529301236,False
11751,0.0028778584763476008,464,1.491839362372612,False
11752,0.0018172683913143255,293,1.231881153868327,False
11753,0.0010109718354410753,163,7.682813521543164,False
11754,0.00022948440436392506,37,1.1000265849603188,False
11755,0.0005271939019171251,85,1.4091291133095236,False
11756,3.721368719415001e-05,6,0.7562383810679117,False
11757,0.00021087756076685005,34,2.1755839270703934,False
11758,0.0017056273297318754,275,1.6123423567685213,False
11759,0.00014265246757757502,23,2.077632188796997,False
11760,0.0004279574027327251,69,5.467713601347329,False
11761,8.683193678635003e-05,14,1.121260677065168,False
11762,0.0013831087073825753,223,1.7068193338377058,False
11763,0.0026793854779788005,432,1.8578707636506469,False
11764,0.0030701291935173757,495,1.005809529622396,False
11765,0.0017800547041201755,287,1.9920221089486045,False
11766,0.003522895721046201,568,1.2651287250115837,False
11767,0.012410764679249028,2001,0.597734405063856,False
11768,0.002797228820760276,451,1.3179358077419305,False
11769,0.0025553398539983007,412,1.4468329589343765,False
11770,0.0016063908305474753,259,0.9068223992830078,False
11771,0.0003783391531405251,61,2.944504948913074,False
11772,0.0005768121515093252,93,2.1008705221196657,False
11773,0.0023134508872363255,373,1.619301141426966,False
11774,0.004273371746128226,689,1.395702957760959,False
11775,0.020839664828724003,3360,0.7640058801287697,False
11776,0.02187544578896118,3527,1.05335545681812,False
11777,0.0022824394812412004,368,2.545958363491556,False
11778,9.303421798537502e-05,15,3.1598129590352375,False
11779,0.00014265246757757502,23,1.7889118142749951,False
11780,0.00013645018637855003,22,2.184367537498474,False
11781,0.0007876897122761752,127,1.1401633089921606,False
11782,0.005098275145598551,822,1.2231702375295967,False
11783,0.0020963710452704507,338,1.0345541619690213,False
11784,0.0008249033994703252,133,2.2265981122067102,False
11785,0.0018730889221055505,302,1.577115136661277,False
11786,0.014246639914160428,2297,0.7636742224421353,False
11787,0.0021770007008577756,351,3.43374173729508,False
11788,0.00022328212316490004,36,21.1573333674007,False
11789,0.0014265246757757502,230,1.1982183928075043,False
11790,0.004403619651307751,710,0.8669567840200075,False
11791,0.0048935998660307265,789,1.6721815053652145,False
11792,2.4809124796100004e-05,4,3.791910409927368,False
11793,0.0004217551215337001,68,2.2345328786793877,False
11794,0.0019351117340958004,312,2.6507409719320445,False
11795,0.0006698463694947001,108,1.2929647785645944,False
11796,0.0028778584763476008,464,1.3562749444410718,False
11797,0.00018606843597075004,30,1.399470599492391,False
11798,0.0014947497689650254,241,1.5433076877316994,False
11799,3.101140599512501e-05,5,1.5401603698730468,False
11800,0.004633104055671676,747,1.0490399249586235,False
11801,0.0024499010736148755,395,0.9566469373582285,False
11802,0.0007008577754898252,113,8.65460954514225,False
11803,0.0008311056806693502,134,1.6709472065541282,False
11804,0.003814402937400376,615,1.7149592029369944,False
11805,0.0023506645744304755,379,1.8816481982812403,False
11806,0.013130229298335927,2117,0.9063751418240295,False
11807,0.0029584881319349257,477,0.7081484314780565,False
11808,0.003237590785891051,522,1.3609772765316726,False
11809,0.0022638326376441253,365,2.1352174736049077,False
11810,0.0013582995825864753,219,1.4603198276807183,False
11811,0.0005023847771210251,81,1.3626125359240873,False
11812,0.003913639436584776,631,1.03207254560927,False
11813,0.44876605615545395,72355,2.1465265525663395,False
11814,0.0021583938572607006,348,1.8785492805228836,False
11815,0.0019413140152948255,313,1.8911689535116616,False
11816,0.0021956075444548506,354,1.237875110348739,False
11817,0.0007318691814849501,118,2.0416075051841087,False
11818,0.022787181125217854,3674,0.6950974231773442,False
11819,0.00032251862234930007,52,2.008724962289517,False
11820,0.0007814874310771502,126,1.767414344681634,False
11821,0.004136921559749676,667,0.9502361632179821,False
11822,0.0024064851052217006,388,1.0504870479254378,False
11823,0.0024871147608090255,401,3.099345575841585,False
11824,1.2404562398050002e-05,2,0.6599434614181519,False
11825,9.303421798537502e-05,15,1.0607386509577432,False
11826,0.00021707984196587504,35,9.579004556792123,False
11827,0.0019103026092997003,308,3.7263646191590793,False
11828,0.0002480912479610001,40,1.6096667438745498,False
11829,0.010587294006735677,1707,0.6488051238504152,False
11830,0.0003845414343395501,62,1.609714352315472,False
11831,0.0026607786343817255,429,3.4255495654953108,False
11832,4.961824959220001e-05,8,1.922280490398407,False
11833,0.0023072486060373007,372,1.7542266204792967,False
11834,7.442737438830002e-05,12,1.8966424763202667,False
11835,0.0019475162964938504,314,1.8178272156199073,False
11836,0.0019165048904987254,309,1.9938775081078983,False
11837,0.0003845414343395501,62,1.6815571092790174,False
11838,0.00028530493515515004,46,1.062986741895261,False
11839,0.0006450372446986001,104,1.4765138992896447,False
11840,0.012919351737569078,2083,0.8212119316287871,False
11841,0.0002480912479610001,40,1.1689674854278564,False
11842,0.0017986615477172505,290,1.4523790848666225,False
11843,2.4809124796100004e-05,4,4.542393088340759,False
11844,0.015400264217179079,2483,1.1078377318775947,False
11845,0.00032251862234930007,52,8.475010748092945,False
11846,0.006847318443723602,1104,0.8012077782465064,False
11847,0.0009861627106449752,159,1.4294460067209207,False
11848,0.003200377098696901,516,0.8377706731936728,False
11849,0.00029150721635417507,47,1.1187178758864706,False
11850,0.0013707041449845254,221,6.808425709672643,False
11851,0.0008311056806693502,134,1.9047444889794534,False
11852,0.0014513338005718503,234,2.149409946213421,False
11853,0.0003721368719415001,60,1.849963790178299,False
11854,0.00032251862234930007,52,2.804330722643779,False
11855,0.011554849873783577,1863,0.821419023277295,False
11856,0.0022514280752460756,363,1.5359945113337072,False
11857,0.006351135947801601,1024,0.9252340225502849,False
11858,0.0003473277471454001,56,8.303866237401962,False
11859,0.0023072486060373007,372,1.6399768962655017,False
11860,0.0015691771433533252,253,2.4733895388516514,False
11861,0.0020963710452704507,338,1.6582933784236569,False
11862,0.0006202281199025002,100,0.8932908976078033,False
11863,0.012888340331573952,2078,0.6524214010266184,False
11864,0.010903610347885952,1758,0.7882042896761151,False
11865,0.006301517698209401,1016,1.123482648781904,False
11866,0.0015195588937611253,245,2.2201815507849867,False
11867,0.0030763314747164006,496,1.3579536810997994,False
11868,0.0022266189504499753,359,0.9339918233557996,False
11869,0.0026545763531827006,428,1.0754585488934383,False
11870,0.0022142143880519256,357,2.226795205882951,False
11871,0.0016249976741445503,262,1.77710455428553,False
11872,0.0017056273297318754,275,1.0600098315152255,False
11873,0.004664115461666801,752,0.8659915518253407,False
11874,0.015499500716363478,2499,0.7053090019577167,False
11875,0.003994269092172101,644,2.7076211727183797,False
11876,0.010295786790381503,1660,0.7957769560526653,False
11877,0.004236158058934076,683,1.8866921286282743,False
11878,0.0006016212763054251,97,1.9932133266606282,False
11879,1.2404562398050002e-05,2,5.876066207885742,False
11880,0.0013334904577903754,215,3.3958565922670587,False
11881,0.0006698463694947001,108,6.076391946386408,False
11882,0.004453237900899951,718,1.131952004180313,False
11883,0.0007132623378878751,115,1.3831540708956511,False
11884,0.0020529550768772753,331,2.3241276632983157,False
11885,0.007343500939645602,1184,0.6895940921999313,False
11886,0.0017738524229211504,286,2.1996925143928796,False
11887,0.00018606843597075004,30,2.1309412479400636,False
11888,0.0003473277471454001,56,4.199447900056839,False
11889,0.0004155528403346751,67,1.0450073124757453,False
11890,0.00019227071716977504,31,1.5280921074651903,False
11891,8.683193678635003e-05,14,3.0231232132230486,False
11892,3.101140599512501e-05,5,2.6828962326049806,False
11893,0.0005954189951064002,96,1.3249818782011669,False
11894,0.003727571000614026,601,1.0304932173794001,False
11895,0.0009613535858488752,155,1.121283898815032,False
11896,0.003845414343395501,620,1.3152657743423215,False
11897,0.0007256669002859252,117,1.3631267140054295,False
11898,0.0026731831967797756,431,4.292403968470279,False
11899,1.8606843597075006e-05,3,1.3814990917841594,False
11900,0.0035290980022452258,569,1.027880118894661,False
11901,0.0019661231400909256,317,1.2520303485521382,False
11902,0.0009613535858488752,155,1.2888689956357402,False
11903,0.00016746159237367503,27,1.5566472698141027,False
11904,0.0002791026539561251,45,1.7327537059783935,False
11905,0.0024374965112168257,393,1.9672533646794677,False
11906,0.0048749930224336515,786,1.74540127324694,False
11907,0.0017180318921299253,277,1.2498123099227245,False
11908,0.0008497125242664252,137,1.8339664500995274,False
11909,0.0022948440436392505,370,1.6040473461151123,False
11910,0.0002791026539561251,45,1.981779056125217,False
11911,0.0006884532130917751,111,2.8018863781078442,False
11912,0.0022390235128480255,361,1.4808025432755743,False
11913,0.011802941121744577,1903,0.7445244384450908,False
11914,0.0023382600120324254,377,1.3253532828323404,False
11915,0.0005768121515093252,93,2.0775864393480363,False
11916,0.00022328212316490004,36,0.8846574227015177,False
11917,0.0011970402714118252,193,3.8532876116006487,False
11918,0.0034360637842598507,554,1.1303466773635644,False
11919,6.202281199025001e-06,1,1.5757484436035156,False
11920,0.0021211801700665505,342,1.2312134898196885,False
11921,0.0031755679739008005,512,1.0788216141518205,False
11922,0.0018730889221055505,302,1.585955553891643,False
11923,0.00036593459074247506,59,8.325267129025217,False
11924,0.015052936470033678,2427,0.6654044174096886,False
11925,0.0026297672283866007,424,1.5688377067727863,False
11926,2.4809124796100004e-05,4,1.952778548002243,False
11927,0.0020591573580763006,332,1.4793537075979164,False
11928,0.0008000942746742252,129,1.6169742798620417,False
11929,0.00033492318474735006,54,1.128359975638213,False
11930,0.006803902475330427,1097,0.8810272251570779,False
11931,0.0004651710899268751,75,2.600968621571859,False
11932,0.0035290980022452258,569,1.2560237935222096,False
11933,0.0071326233788787516,1150,0.7930772814543351,False
11934,0.0008559148054654502,138,1.2287766657013823,False
11935,0.0007628805874800752,123,2.491483147551374,False
11936,0.0009799604294459501,158,1.1078547888164278,False
11937,0.016932227673338254,2730,0.9695670243147966,False
11938,0.0019103026092997003,308,1.34234560735814,False
11939,0.0016808182049357753,271,1.3918714316568692,False
11940,0.0070768028480875265,1141,1.0253554953492388,False
11941,0.00012404562398050004,20,2.4041366457939146,False
11942,0.0011412197406206002,184,1.222059152048567,False
11943,0.0007814874310771502,126,1.5552654114980546,False
11944,0.003994269092172101,644,1.190209870753081,False
11945,0.0038206052185994007,616,1.1121479785674577,False
11946,0.0024499010736148755,395,0.8125015129016925,False
11947,0.0011164106158245003,180,7.31942221654786,False
11948,0.0016187953929455254,261,1.8725032979957903,False
11949,0.0035290980022452258,569,3.304408026495801,False
11950,0.00021707984196587504,35,2.4187092883246284,False
11951,0.00032251862234930007,52,11.071878052674807,False
11952,0.0018916957657026255,305,2.2042072057724,False
11953,0.00013645018637855003,22,4.313716454939409,False
11954,0.0002791026539561251,45,1.123220157623291,False
11955,0.0019289094528967753,311,1.4243808624445433,False
11956,0.0012838722081981752,207,2.2472929148282406,False
11957,0.0018792912033045754,303,1.7030565050175481,False
11958,0.0015877839869504003,256,2.896504153497517,False
11959,0.0010481855226352253,169,6.330939670991615,False
11960,0.0020281459520811755,327,1.5222315000831534,False
11961,0.0025925535411924507,418,1.6629393365964935,False
11962,0.00016125931117465003,26,3.0251053388302145,False
11963,0.0016187953929455254,261,1.496268163695646,False
11964,0.0005209916207181001,84,6.286568255651565,False
11965,0.0020281459520811755,327,1.7260553807658157,False
11966,0.0009179376174557002,148,1.3358457732844997,False
11967,0.00011164106158245002,18,0.7992137802971734,False
11968,0.0033616364098715506,542,2.455108697124073,False
11969,0.0016311999553435754,263,3.704668935260845,False
11970,4.341596839317501e-05,7,1.0020990542003088,False
11971,0.0030701291935173757,495,1.0119000348177822,False
11972,0.027550533086069057,4442,0.9781017492398224,False
11973,0.0022328212316490006,360,1.9539591603808932,False
11974,0.0009675558670479002,156,1.389667014280955,False
11975,0.011238533532633302,1812,0.9320255210068052,False
11976,0.0028592516327505257,461,1.6042636361401408,False
11977,0.014407899225335079,2323,1.0467430177147512,False
11978,0.003746177844211101,604,0.9477792575659342,False
11979,0.02005197511644783,3233,0.6070625831422295,False
11980,0.0031941748174978755,515,1.6848649015704404,False
11981,0.00039694599673760006,64,1.9067209400236607,False
11982,0.0003721368719415001,60,2.3293474078178407,False
11983,0.00033492318474735006,54,2.402063605961976,False
11984,0.0020157413896831253,325,1.5956975056574896,False
11985,0.00019847299836880003,32,9.273640062659979,False
11986,0.0034360637842598507,554,1.460281209609999,False
11987,0.013297690890709602,2144,0.8783558161734645,False
11988,0.0008807239302615502,142,2.027135281495645,False
11989,0.0019103026092997003,308,1.0170276451420475,False
11990,0.02335158871432913,3765,0.5587307705822219,False
11991,0.014085380602985777,2271,0.7939184886776157,False
11992,0.0019041003281006755,307,1.2483618620552535,False
11993,0.0004217551215337001,68,1.9338786602020264,False
11994,0.0019103026092997003,308,1.0213520031470757,False
11995,7.442737438830002e-05,12,12.163558830817541,False
11996,0.011002846847070353,1774,0.7596701016689502,False
11997,0.0013086813329942753,211,1.4102186529557288,False
11998,0.0027662174147651507,446,1.5146819556240543,False
11999,0.0021832029820568004,352,2.9725512740286915,False
12000,0.0009179376174557002,148,1.4290686483318742,False
12001,0.0015443680185572254,249,1.4018366432572944,False
12002,0.0004713733711259001,76,6.922839205516012,False
12003,0.0019103026092997003,308,9.318928810683163,False
12004,0.0009179376174557002,148,2.397006766216175,False
12005,0.012720878739200277,2051,0.840430946015312,False
12006,0.003938448561380876,635,3.8246869199857936,False
12007,0.004273371746128226,689,0.8907560956149385,False
12008,0.003783391531405251,610,1.500586347501786,False
12009,0.0007876897122761752,127,1.33953763931755,False
12010,0.00014265246757757502,23,1.6571543527686077,False
12011,0.0019723254212899504,318,1.4693851246024079,False
12012,0.0017676501417221253,285,1.617406165808962,False
12013,0.0032251862234930007,520,0.8451757605259235,False
12014,0.0015753794245523503,254,1.6034857945179377,False
12015,0.00025429352916002504,41,1.4938219000653523,False
12016,7.442737438830002e-05,12,2.261566480000814,False
12017,0.00011784334278147503,19,3.010587259342796,False
12018,0.00032251862234930007,52,9.039258766632814,False
12019,0.005861155733078626,945,2.2063671881559666,False
12020,0.0017986615477172505,290,1.7935177017902506,False
12021,0.0004527665275288251,73,4.60007245573279,False
12022,0.0008000942746742252,129,2.5918901595034343,False
12023,0.0015071543313630753,243,1.9788625539575584,False
12024,0.009768592888464378,1575,0.752222344231984,False
12025,0.00019227071716977504,31,2.255848207781392,False
12026,0.0006078235575044501,98,7.795108279403375,False
12027,0.0004775756523249251,77,6.50604500708642,False
12028,0.020393100582394203,3288,1.3261522066274118,False
12029,3.721368719415001e-05,6,5.941999594370524,False
12030,0.0012156471150089002,196,2.0890879697945652,False
12031,0.019078216968200903,3076,5.1479289993663135,False
12032,0.0017428410169260254,281,1.1588603041774437,False
12033,0.0003597323095434501,58,1.2613636255264282,False
12034,0.0013396927389894002,216,1.2625769448501092,False
12035,0.0019661231400909256,317,1.2987274130812203,False
12036,0.003411254659463751,550,1.156784908771515,False
12037,0.0004217551215337001,68,1.5947963875882767,False
12038,0.0002666980915580751,43,1.1746155633482822,False
12039,0.0006512395258976251,105,2.728362224215553,False
12040,0.007783862904776377,1255,1.719214506453252,False
12041,0.0013769064261835503,222,1.7575390961793091,False
12042,0.0011102083346254752,179,1.6581429929040663,False
12043,0.004924611272025851,794,1.4444348649954615,False
12044,0.0007070600566888501,114,3.1805382078154043,False
12045,0.0,0,0.0,True
12046,0.0022142143880519256,357,1.0280376272041256,False
12047,0.004037685060565276,651,1.2068547175227222,False
12048,0.0013520973013874504,218,1.3099715151918043,False
12049,9.303421798537502e-05,15,8.495552444458008,False
12050,0.0014203223945767254,229,1.0769877475422023,False
12051,0.0009055330550576502,146,3.854634032674032,False
12052,0.0024995193232070756,403,1.3118485670823317,False
12053,0.0030887360371144507,498,0.9737164658236216,False
12054,0.0002480912479610001,40,6.231136855483055,False
12055,0.0007194646190869002,116,1.522854177088573,False
12056,0.00017986615477172505,29,9.22467353426177,False
12057,0.00016746159237367503,27,2.8817504158726446,False
12058,0.003864021186992576,623,1.057228341722565,False
12059,0.0029026676011437006,468,1.3005448752998288,False
12060,8.683193678635003e-05,14,2.197356845651354,False
12061,0.17612617920871296,28397,0.7983807050858971,False
12062,9.303421798537502e-05,15,1.750345261891683,False
12063,0.0013707041449845254,221,1.1382708182701697,False
12064,0.0030577246311193256,493,1.0807257109674915,False
12065,0.0007938919934752001,128,2.782118543982506,False
12066,0.0017986615477172505,290,0.7151560470975679,False
12067,0.0020219436708821506,326,2.088844753847532,False
12068,0.0019537185776928754,315,1.6025789998826527,False
12069,0.02367410733667843,3817,0.9186110602706897,False
12070,0.0016870204861348004,272,1.259756707093295,False
12071,3.101140599512501e-05,5,2.8368367195129394,False
12072,0.0038578189057935507,622,1.3193325482764044,False
12073,0.012044830088506552,1942,1.4265256124470924,False
12074,3.721368719415001e-05,6,0.6907645463943481,False
12075,0.014234235351762378,2295,0.6903364759125221,False
12076,0.003603525376633526,581,1.514564177255417,False
12077,0.010686530505920078,1723,0.8335109971943665,False
12078,0.013248072641117404,2136,1.197017338726851,False
12079,0.0002977094975532001,48,1.0712852329015732,False
12080,0.00016125931117465003,26,1.5350335790560796,False
12081,0.0012652653646011002,204,1.2677261981309629,False
12082,5.582053079122501e-05,9,1.4757458368937175,False
12083,0.0003597323095434501,58,1.1849223827493602,False
12084,0.0019847299836880006,320,1.3971518121659756,False
12085,0.005191309363583926,837,1.2057489914421256,False
12086,0.008466113836669127,1365,0.9854980804108001,False
12087,0.007709435530388077,1243,0.8924670952131742,False
12088,7.442737438830002e-05,12,3.5631270905335746,False
12089,0.0003597323095434501,58,4.6583860187694945,False
12090,0.003926043998982826,633,1.6354603324832886,False
12091,0.014798642940873654,2386,0.7282223501629121,False
12092,0.0020095391084841005,324,0.9414743961375437,False
12093,0.003237590785891051,522,0.7820291124084443,False
12094,0.0022390235128480255,361,1.7998410446822148,False
12095,6.822509318927501e-05,11,1.8038242079994895,False
12096,0.0026235649471875754,423,2.2780713933579464,False
12097,0.0022638326376441253,365,2.0307773534565756,False
12098,0.0010543878038342502,170,1.2487528997309068,False
12099,0.0020095391084841005,324,1.2783699992262287,False
12100,0.0021894052632558253,353,2.0380264909004016,False
12101,0.0004093505591356501,66,3.2409093687028596,False
12102,0.0008187011182713002,132,1.8021206151355396,False
12103,0.0020591573580763006,332,1.744728670062789,False
12104,0.0023444622932314507,378,1.851530460453538,False
12105,0.0017242341733289504,278,2.064422773800308,False
12106,0.0021211801700665505,342,2.1783206149151453,False
12107,0.00035353002834442507,57,2.8162419921473454,False
12108,0.00023568668556295006,38,1.462999309364118,False
12109,0.0008187011182713002,132,1.4446978731588884,False
12110,0.003690357313419876,595,1.8561313855547865,False
12111,0.00026049581035905006,42,1.2489388613473802,False
12112,0.0003597323095434501,58,8.644700031856011,False
12113,0.0004155528403346751,67,3.6390535760281693,False
12114,0.00014265246757757502,23,9.970945798832437,False
12115,0.0004465642463298001,72,1.2589597122536764,False
12116,0.00032251862234930007,52,8.858538036163036,False
12117,0.0012962767705962254,209,1.2457815961974659,False
12118,0.00025429352916002504,41,1.5480005799270258,False
12119,0.015207993500009303,2452,0.7521834828530789,False
12120,0.0003411254659463751,55,1.9919121287085793,False
12121,5.582053079122501e-05,9,1.5144392649332683,False
12122,0.00030391177875222506,49,1.3034265892846244,False
12123,0.00014265246757757502,23,8.201572558154231,False
12124,0.0026731831967797756,431,1.905704339529688,False
12125,0.0018544820785084755,299,2.3065332808223458,False
12126,0.00014265246757757502,23,1.6897484789723936,False
12127,0.00021707984196587504,35,1.453067534310477,False
12128,7.442737438830002e-05,12,1.176188349723816,False
12129,0.004385012807710676,707,0.7068842094723541,False
12130,0.0006016212763054251,97,1.757724667332836,False
12131,0.03426760362461313,5525,1.8843101646457863,False
12132,0.009632142702085827,1553,1.3183429132180298,False
12133,0.0009427467422518002,152,1.9119824712213718,False
12134,0.0021087756076685004,340,2.7289633428349216,False
12135,0.0017242341733289504,278,1.6098431391681698,False
12136,0.0009675558670479002,156,1.0720694607649095,False
12137,0.0007008577754898252,113,2.1915842452935412,False
12138,0.003603525376633526,581,2.021045339292175,False
12139,0.0016622113613387003,268,2.958179502344843,False
12140,0.003938448561380876,635,1.103771073987165,False
12141,0.0010667923662323003,172,2.5080819573513295,False
12142,4.341596839317501e-05,7,1.5260971103395735,False
12143,9.923649918440002e-05,16,12.75847790390253,False
12144,0.0010978037722274253,177,5.090845580828392,False
12145,0.003994269092172101,644,1.5838957216058458,False
12146,0.008466113836669127,1365,1.2175986600882842,False
12147,0.0066736545701509015,1076,0.8010183825368775,False
12148,0.003789593812604276,611,0.7616477504299433,False
12149,0.0006078235575044501,98,11.243863451237582,False
12150,0.005513827985933226,889,1.4320710909514112,False
12151,0.0016932227673338255,273,0.9242630092215626,False
12152,0.0005768121515093252,93,8.701566644894179,False
12153,0.0015195588937611253,245,1.0127532224265896,False
12154,0.0883887093673053,14251,2.1549552696377394,False
12155,0.0021335847324646007,344,2.1004935672809912,False
12156,0.011325365469419653,1826,1.6137681796020642,False
12157,0.0013645018637855003,220,0.9989907616918737,False
12158,0.004403619651307751,710,0.826986546751479,False
12159,0.0017118296109309005,276,1.5284666863904484,False
12160,9.303421798537502e-05,15,3.3577543258666993,False
12161,0.0008497125242664252,137,1.5725261025185133,False
12162,0.0024747101984109753,399,2.232094777257819,False
12163,0.0022080121068529003,356,3.131504985723603,False
12164,0.004316787714521401,696,0.8424845344718845,False
12165,0.00013024790517952503,21,1.0947661853971935,False
12166,0.0026483740719836757,427,0.9372929195051171,False
12167,0.0012094448338098754,195,1.370701004908635,False
12168,0.0005395984643151751,87,1.525273723163824,False
12169,0.0037957960938033008,612,2.8482780320192473,False
12170,0.0011040060534264502,178,2.3615088991904525,False
12171,0.0022638326376441253,365,1.680425248080737,False
12172,0.0025119238856051254,405,1.9549633732548466,False
12173,0.0018978980469016504,306,2.0462803435481454,False
12174,0.0018296729537123754,295,2.6395360987065204,False
12175,3.101140599512501e-05,5,0.8921936511993408,False
12176,5.582053079122501e-05,9,15.102504306369358,False
12177,0.00019847299836880003,32,1.194000020623207,False
12178,0.005364973237156626,865,2.086278472194782,False
12179,1.8606843597075006e-05,3,1.9487934112548828,False
12180,0.003808200656201351,614,1.5384276153986929,False
12181,0.0009799604294459501,158,9.981815975678119,False
12182,0.02039930286359323,3289,1.1158152528358616,False
12183,0.0003287209035483251,53,1.5147249316269498,False
12184,0.1450465481203987,23386,1.282992579026982,False
12185,0.0004093505591356501,66,6.967606273564425,False
12186,0.003870223468191601,624,1.2518901782922256,False
12187,0.00011164106158245002,18,0.8806289169523451,False
12188,0.006264304011015251,1010,1.1224757084752073,False
12189,0.0017924592665182254,289,1.6280118684867675,False
12190,0.003932246280181851,634,1.2080484952084274,False
12191,0.0014761429253679504,238,6.861086866434882,False
12192,0.0004093505591356501,66,5.338568515849836,False
12193,0.0007380714626839752,119,1.232163049593693,False
12194,0.0022390235128480255,361,6.134456413274327,False
12195,0.0021397870136636256,345,1.7698564332464466,False
12196,0.009278612673741402,1496,1.0342714289292931,False
12197,0.0009923649918440003,160,7.604792027920484,False
12198,0.0010109718354410753,163,6.021535778338192,False
12199,0.0011474220218196253,185,2.1577527883890513,False
12200,0.0004899802147229751,79,1.6634585766852656,False
12201,0.0014637383629699002,236,1.4570238964032318,False
12202,0.00030391177875222506,49,3.0454168562986412,False
12203,0.007839683435567601,1264,0.8452162188065203,False
12204,0.0025987558223914756,419,1.387948546603073,False
12205,0.0011350174594215753,183,3.8463457295152006,False
12206,0.0005892167139073751,95,2.7411175803134316,False
12207,0.0005768121515093252,93,1.7076522163165513,False
12208,0.0038764257493906257,625,1.4234754253387452,False
12209,0.004657913180467776,751,1.0883625172743308,False
12210,0.00013024790517952503,21,2.2487951800936745,False
12211,0.0028034311019593007,452,0.9036663965841311,False
12212,0.0003845414343395501,62,1.1066072525516633,False
12213,0.0015505702997562505,250,1.2270543270111085,False
12214,0.00035353002834442507,57,1.116860498461807,False
12215,0.009055330550576501,1460,0.9256121570116853,False
12216,0.0049122067096278015,792,0.8947831783631836,False
12217,0.00011784334278147503,19,0.9882313703235827,False
12218,0.010773362442706427,1737,0.7819844511094695,False
12219,8.683193678635003e-05,14,1.6685779775891985,False
12220,0.0010419832414362003,168,1.488911972159431,False
12221,0.003392647815866676,547,4.002734676793462,False
12222,2.4809124796100004e-05,4,0.2616673409938812,False
12223,0.00032251862234930007,52,1.012534716954598,False
12224,0.0013769064261835503,222,2.299636364520133,False
12225,0.0048377793352395015,780,0.8185271009420737,False
12226,0.0026979923215758755,435,1.370275087466185,False
12227,0.003882628030589651,626,2.0340025516363758,False
12228,0.0027290037275710007,440,1.4394381748004392,False
12229,0.0018420775161104254,297,1.4186608000636503,False
12230,0.012906947175171027,2081,0.8113861468937006,False
12231,0.00017986615477172505,29,3.270323938336866,False
12232,0.005600659922719576,903,0.654993806038452,False
12233,6.822509318927501e-05,11,1.8115240877324885,False
12234,0.0012652653646011002,204,1.5123109583761178,False
12235,0.004285776308526276,691,1.8511748325980002,False
12236,0.0003473277471454001,56,3.2059597287859236,False
12237,0.0013086813329942753,211,3.044399725882363,False
12238,0.0024188896676197507,390,1.4784073954973465,False
12239,0.00021707984196587504,35,1.8324589490890504,False
12240,0.0017800547041201755,287,2.1913593014773594,False
12241,0.0005147893395190752,83,2.6539102031523925,False
12242,0.0003721368719415001,60,1.5570081174373627,False
12243,0.00019227071716977504,31,2.939483781014719,False
12244,0.009197983018154077,1483,1.0333846845260282,False
12245,0.00011164106158245002,18,11.149591737323338,False
12246,0.0007566783062810502,122,1.3946423315611043,False
12247,9.303421798537502e-05,15,14.85976201693217,False
12248,7.442737438830002e-05,12,0.8812720974286398,False
12249,0.0016436045177416253,265,3.000546661862787,False
12250,0.014469922037325328,2333,0.6856671066382286,False
12251,0.0010729946474313252,173,2.2645197562399626,False
12252,0.0016063908305474753,259,2.056376542363848,False
12253,0.0009303421798537502,150,1.37704292456309,False
12254,0.0016311999553435754,263,7.997253756106127,False
12255,0.004167932965744801,672,0.8478183389774391,False
12256,0.0007318691814849501,118,1.1245530075946097,False
12257,0.0013458950201884253,217,1.3710888442905267,False
12258,0.0009365444610527753,151,5.286585360962824,False
12259,0.0010481855226352253,169,5.216609636002039,False
12260,0.006208483480224026,1001,0.7257705307626104,False
12261,0.03479479752653026,5610,0.8722891795656473,False
12262,0.0031879725362988507,514,2.276005052406964,False
12263,0.0021273824512655754,343,1.7101362234649435,False
12264,0.0007504760250820251,121,2.9801419589145124,False
12265,0.002722801446371976,439,1.9900707595712233,False
12266,3.721368719415001e-05,6,4.147173444430034,False
12267,2.4809124796100004e-05,4,3.744743585586548,False
12268,4.341596839317501e-05,7,0.6767744677407401,False
12269,0.0032251862234930007,520,1.2363838186630836,False
12270,0.004447035619700926,717,1.4595576662731304,False
12271,0.00011784334278147503,19,2.3866089017767655,False
12272,0.0027538128523671005,444,1.1904839030257217,False
12273,0.016739956956168478,2699,0.5689498319056971,False
12274,0.0024747101984109753,399,1.583424370987971,False
12275,0.0007318691814849501,118,6.532492773007538,False
12276,0.0005333961831161502,86,2.705821224423342,False
12277,0.0008497125242664252,137,1.2500721120486293,False
12278,4.341596839317501e-05,7,2.3374408313206265,False
12279,0.0010047695542420502,162,1.7150592428666573,False
12280,0.016845395736551905,2716,0.9201326833733403,False
12281,0.02025044811481663,3265,0.8221951068451723,False
12282,0.0019537185776928754,315,1.5326513097399757,False
12283,0.0022390235128480255,361,1.0157302053351152,False
12284,0.006382147353796727,1029,0.9770241117338397,False
12285,0.0020591573580763006,332,3.129022468285388,False
12286,0.004223753496536026,681,1.4795480385400825,False
12287,0.0012094448338098754,195,1.7088940333097409,False
12288,3.101140599512501e-05,5,2.4795535087585447,False
12289,0.0011784334278147502,190,1.241314034712942,False
12290,0.007821076591970526,1261,0.630165738401481,False
12291,0.008776227896620376,1415,0.5557021258997833,False
12292,0.004707531430059976,759,2.112300018390962,False
12293,0.0004279574027327251,69,6.407794012539629,False
12294,0.0017862569853192003,288,1.0478215648068323,False
12295,0.0005458007455142001,88,1.0270176855000583,False
12296,0.0023568668556295004,380,3.2544875769238724,False
12297,0.0013582995825864753,219,1.9097975846294943,False
12298,0.0006078235575044501,98,1.2555821258194593,False
12299,0.0025677444163963504,414,2.0594441075831798,False
12300,0.0025429352916002505,410,1.4133123380381887,False
12301,0.00017986615477172505,29,6.186958765161449,False
12302,0.0019413140152948255,313,1.509182632159882,False
12303,0.018464191129497428,2977,1.2749392150991667,False
12304,0.0021770007008577756,351,3.247950257738771,False
12305,0.0010605900850332753,171,1.459312479398404,False
12306,0.0025181261668041507,406,1.8565362327791788,False
12307,3.721368719415001e-05,6,5.793124953905742,False
12308,0.0013707041449845254,221,1.3374737377080443,False
12309,0.00029150721635417507,47,1.3294008285441297,False
12310,0.0006574418070966502,106,3.4955230861339928,False
12311,0.00033492318474735006,54,1.3327700915160003,False
12312,0.006301517698209401,1016,0.7573594113034526,False
12313,0.0018358752349114005,296,1.0907909725163434,False
12314,0.0016374022365426004,264,1.2657859528606588,False
12315,1.2404562398050002e-05,2,4.241641044616699,False
12316,0.0012962767705962254,209,8.573475495479894,False
12317,0.0023816759804256007,384,2.1365860303243003,False
12318,4.341596839317501e-05,7,1.1670849663870675,False
12319,0.0007814874310771502,126,1.5960551415170943,False
12320,0.0013831087073825753,223,1.2390250972568186,False
12321,0.0008559148054654502,138,11.50935253198596,False
12322,8.683193678635003e-05,14,1.8456965003694807,False
12323,4.341596839317501e-05,7,1.733767764908927,False
12324,0.008602564023047677,1387,0.9521620440328388,False
12325,0.0010667923662323003,172,3.4163806223592093,False
12326,0.0007814874310771502,126,6.9037464611114014,False
12327,0.007901706247557852,1274,1.5561058330386175,False
12328,0.0038764257493906257,625,1.1408811296463013,False
12329,0.00013645018637855003,22,2.2357204285534946,False
12330,0.0020715619204743504,334,1.6910530821291987,False
12331,0.0003845414343395501,62,1.5093968991310365,False
12332,7.442737438830002e-05,12,1.1300865411758423,False
12333,0.0021707984196587503,350,2.24518937928336,False
12334,0.0003721368719415001,60,11.352048695087433,False
12335,0.0019847299836880006,320,1.424292965978384,False
12336,0.003826807499798426,617,1.614470352036833,False
12337,0.00022328212316490004,36,2.291563822163476,False
12338,0.00022948440436392506,37,0.9161833750235068,False
12339,0.00014265246757757502,23,9.787974139918452,False
12340,0.0032686021918861756,527,1.1683479414040494,False
12341,0.0006946554942908002,112,1.5409305457557951,False
12342,0.0004403619651307751,71,1.932116901370841,False
12343,0.006791497912932377,1095,3.7160687472722302,False
12344,0.00017366387357270005,28,2.1204502837998525,False
12345,0.0021521915760616753,347,2.450214054124156,False
12346,0.008937487207795027,1441,1.0651698438431305,False
12347,0.0005147893395190752,83,2.406831428229091,False
12348,0.0024623056360129256,397,0.9795405345239327,False
12349,0.0029150721635417508,470,0.8376225400478282,False
12350,0.0021149778888675257,341,1.3020758635836962,False
12351,0.00021707984196587504,35,10.298522680146354,False
12352,0.005861155733078626,945,1.5088817861345079,False
12353,0.0020839664828724005,336,1.9249212039368493,False
12354,0.0014389292381738004,232,1.1194491684436798,False
12355,0.009477085672110202,1528,0.9595755769320183,False
12356,0.00029150721635417507,47,1.8946063467796812,False
12357,0.012454180647642202,2008,0.8098794706314209,False
12358,0.0003101140599512501,50,11.11221586227417,False
12359,0.006264304011015251,1010,2.2550811748693484,False
12360,0.0010729946474313252,173,8.581092643599979,False
12361,0.0002977094975532001,48,1.1619994690020878,False
12362,0.00021087756076685005,34,8.413787911919986,False
12363,0.0020839664828724005,336,1.1394081257638478,False
12364,0.0018482797973094504,298,1.420508667126598,False
12365,0.0016622113613387003,268,0.9568781443496248,False
12366,0.00033492318474735006,54,5.09783622291353,False
12367,0.0003783391531405251,61,4.468330410660291,False
12368,0.013241870359918377,2135,0.7595940614472507,False
12369,0.00015505702997562504,25,1.1424514389038085,False
12370,0.0019227071716977505,310,2.1469684935385183,False
12371,0.008025751871538351,1294,0.9506049045639392,False
12372,0.0031569611303037255,509,1.9094492199378772,False
12373,0.00026049581035905006,42,1.6186641170865013,False
12374,0.010587294006735677,1707,1.6686493416033645,False
12375,0.0022638326376441253,365,1.7869034218461546,False
12376,3.101140599512501e-05,5,0.8843377590179443,False
12377,0.00025429352916002504,41,1.3847469353094333,False
12378,0.0006946554942908002,112,1.8220402577093668,False
12379,0.0021149778888675257,341,1.332033989366548,False
12380,0.0005395984643151751,87,1.2436237266693992,False
12381,0.0005085870583200501,82,6.37603175494729,False
12382,0.003789593812604276,611,1.8733989821713413,False
12383,0.0012094448338098754,195,1.0444441734216152,False
12384,0.0010171741166401002,164,4.345154279615821,False
12385,0.00022948440436392506,37,2.854060727196771,False
12386,0.0002480912479610001,40,7.533511745929718,False
12387,0.0019537185776928754,315,1.71675660269601,False
12388,0.0010419832414362003,168,4.640802714086714,False
12389,0.00026049581035905006,42,1.6628038798059737,False
12390,0.0015567725809552753,251,0.9147706611222954,False
12391,0.03426760362461313,5525,0.9093456920779129,False
12392,0.002741408289969051,442,3.9456655067556046,False
12393,0.005129286551593676,827,1.4669326275695191,False
12394,0.0022018098256538754,355,1.2339025366474206,False
12395,0.0006698463694947001,108,0.9965740122176983,False
12396,0.005048656896006351,814,0.879180202466557,False
12397,0.005885964857874727,949,0.8468767227438152,False
12398,0.0012280516774069504,198,8.077278760948566,False
12399,0.0005892167139073751,95,4.793518721429925,False
12400,0.0014141201133777003,228,1.8264183841253583,False
12401,0.00022948440436392506,37,1.4311249062821672,False
12402,0.00017986615477172505,29,1.777468804655404,False
12403,0.0007752851498781252,125,1.2414450454711914,False
12404,0.0011164106158245003,180,1.2702988379531437,False
12405,0.0014513338005718503,234,2.355220374898014,False
12406,0.0005830144327083501,94,1.7417214512825012,False
12407,0.0006698463694947001,108,2.648963283609461,False
12408,0.0024747101984109753,399,1.8362815311379301,False
12409,0.0010791969286303503,174,1.9621828534137244,False
12410,0.00022328212316490004,36,9.463045636812845,False
12411,3.721368719415001e-05,6,2.209416309992472,False
12412,0.0028344425079544254,457,2.237866389673179,False
12413,0.0017552455793240754,283,4.336365732624337,False
12414,0.005476614298739076,883,0.9922641407727926,False
12415,0.0061960789178259765,999,1.2790038669192874,False
12416,0.0005954189951064002,96,1.8559693694114685,False
12417,0.0033988500970657007,548,0.8546114661832795,False
12418,0.0033430295662744756,539,1.370108122728309,False
12419,0.005141691113991726,829,1.0051685512712982,False
12420,0.0021025733264694755,339,2.0448404617365834,False
12421,0.004955622678020976,799,0.8291434470344993,False
12422,0.005228523050778076,843,1.102034939848514,False
12423,0.0022700349188431506,366,2.294026744170267,False
12424,4.961824959220001e-05,8,16.271214589476585,False
12425,0.0022638326376441253,365,2.0162280174150857,False
12426,0.0005023847771210251,81,1.9345214867297513,False
12427,7.442737438830002e-05,12,2.2851786414782205,False
12428,0.0019537185776928754,315,2.016683884650942,False
12429,0.0003597323095434501,58,1.241379844731298,False
12430,0.0010853992098293751,175,2.2012966448920115,False
12431,0.0019165048904987254,309,1.4004069771195693,False
12432,0.0016001885493484504,258,1.5461893114008645,False
12433,0.0016063908305474753,259,0.9599743542984186,False
12434,0.00014265246757757502,23,1.1148655725562053,False
12435,0.0013086813329942753,211,0.8877223345905684,False
12436,0.007827278873169552,1262,2.620017093448367,False
12437,0.0037399755630120757,603,0.9464785874779544,False
12438,0.0031135451619105506,502,1.2103115522054086,False
12439,6.822509318927501e-05,11,6.761918913234364,False
12440,0.0008559148054654502,138,2.5872144042581753,False
12441,0.0002480912479610001,40,2.817685341835022,False
12442,0.0022328212316490006,360,1.5997867663701375,False
12443,0.00013645018637855003,22,1.975385221568021,False
12444,6.202281199025001e-06,1,0.7879815101623535,False
12445,0.0022328212316490006,360,1.5980216731627783,False
12446,0.0012776699269991503,206,2.394837710463885,False
12447,9.923649918440002e-05,16,1.431629866361618,False
12448,0.0011350174594215753,183,1.287454872183461,False
12449,0.00022328212316490004,36,1.973460270298852,False
12450,0.0004775756523249251,77,1.5504153765641249,False
12451,0.00013645018637855003,22,8.847862872210415,False
12452,0.0010295786790381503,166,1.884139895439148,False
12453,0.0019847299836880006,320,8.253089524060488,False
12454,0.00014885474877660004,24,1.8170329332351685,False
12455,0.0018482797973094504,298,2.2645552074349165,False
12456,0.0028778584763476008,464,1.9564583237315047,False
12457,9.303421798537502e-05,15,2.3594674110412597,False
12458,0.005036252333608301,812,2.1534946327432625,False
12459,0.0018296729537123754,295,1.4936633202989222,False
12460,0.006518597540175276,1051,0.8723674859465246,False
12461,0.00035353002834442507,57,1.0165113106108548,False
12462,0.0009179376174557002,148,1.3887725649653255,False
12463,0.0021149778888675257,341,2.8924564811840785,False
12464,0.004354001401715551,702,0.9793352116207112,False
12465,0.01675236151856653,2701,1.0537866192012308,False
12466,0.0030949383183134756,499,2.963060788018909,False
12467,0.0021832029820568004,352,0.808812483467839,False
12468,9.923649918440002e-05,16,2.155321590602398,False
12469,0.0018668866409065254,301,1.3981180424706088,False
12470,0.00016746159237367503,27,5.105599116396021,False
12471,0.3507638109296599,56554,1.2841931693257218,False
12472,0.0021335847324646007,344,1.2479988991521125,False
12473,0.00039694599673760006,64,5.739425793290138,False
12474,6.202281199025002e-05,10,1.4062755584716797,False
12475,4.341596839317501e-05,7,3.2112718309674944,False
12476,0.0007628805874800752,123,8.092810493174607,False
12477,0.004186539809341876,675,1.8550546773274739,False
12478,0.0023692714180275506,382,3.4570337533950806,False
12479,0.0021211801700665505,342,1.3629452296864917,False
12480,0.003659345907424751,590,1.2176602864669541,False
12481,0.0007380714626839752,119,3.538476254759716,False
12482,0.0022266189504499753,359,3.748628174030017,False
12483,0.0016684136425377254,269,1.7900179008568973,False
12484,0.0005892167139073751,95,1.4672420514257332,False
12485,0.00022948440436392506,37,9.64090758078807,False
12486,0.0024499010736148755,395,1.7958947368814975,False
12487,0.0019599208588919003,316,1.4761211970184422,False
12488,0.0007442737438830002,120,1.442917850613594,False
12489,0.0004155528403346751,67,9.325018993064539,False
12490,0.0010357809602371752,167,1.089370943115143,False
12491,0.0004155528403346751,67,2.6995213956975226,False
12492,0.00021087756076685005,34,3.933581499492421,False
12493,0.00017986615477172505,29,7.711300060666841,False
12494,0.004602092649676551,742,2.29041843369322,False
12495,0.0021211801700665505,342,1.6197115719666955,False
12496,0.015276218593198578,2463,2.182096351998345,False
12497,0.003814402937400376,615,1.7206000742873526,False
12498,0.0018358752349114005,296,1.6659994886533633,False
12499,0.0025181261668041507,406,0.9810274099481517,False
12500,0.0014203223945767254,229,1.385474443435669,False
12501,0.0004155528403346751,67,3.964726026378461,False
12502,4.961824959220001e-05,8,3.1532285511493683,False
12503,0.0019661231400909256,317,1.8948796724295391,False
12504,0.007796267467174427,1257,3.490685729631471,False
12505,0.0012962767705962254,209,0.7304600368846547,False
12506,0.0023754736992265754,383,0.9381136744825398,False
12507,0.0008124988370722751,131,2.3059507872312124,False
12508,0.0031569611303037255,509,0.8723013386979318,False
12509,0.0024809124796100006,400,1.435135890841484,False
12510,0.003733773281813051,602,1.314724781782524,False
12511,3.101140599512501e-05,5,1.208545446395874,False
12512,0.014234235351762378,2295,0.6435907185207524,False
12513,0.0004031482779366251,65,3.4472061230586126,False
12514,0.0008373079618683752,135,2.3642612987094456,False
12515,0.0032810067542842257,529,2.2224425940522625,False
12516,0.0015877839869504003,256,1.4213755377568305,False
12517,0.0020157413896831253,325,4.879078338696407,False
12518,0.0005458007455142001,88,2.183534763076089,False
12519,0.005340164112360526,861,1.0171850370059308,False
12520,0.0015753794245523503,254,1.3441371880178377,False
12521,0.0019413140152948255,313,0.9727172996289433,False
12522,0.0006140258387034752,99,2.824387307118888,False
12523,0.0005023847771210251,81,2.1326319479647977,False
12524,0.013099217892340803,2112,0.7626921263608065,False
12525,0.0015691771433533252,253,0.8219470497176581,False
12526,0.003578716251837426,577,1.2384895685433928,False
12527,0.00014885474877660004,24,5.2711336215337115,False
12528,0.00017366387357270005,28,1.6964219084807806,False
12529,0.0061960789178259765,999,1.419584291833299,False
12530,0.0013955132697806253,225,0.8917231157090929,False
12531,0.039626374580570736,6389,0.6053677551584785,False
12532,0.0003845414343395501,62,1.4079657139316681,False
12533,4.341596839317501e-05,7,1.0040679318564278,False
12534,0.0006636440882956752,107,1.4051422003273653,False
12535,0.012063436932103627,1945,1.686923400172844,False
12536,0.0009799604294459501,158,0.9649568743343595,False
12537,0.00033492318474735006,54,2.750145095366019,False
12538,0.011064869659060603,1784,0.7436515686223325,False
12539,0.0019165048904987254,309,1.774695649501961,False
12540,0.0037771892502062258,609,1.8591459153712482,False
12541,0.0005830144327083501,94,1.8859708791083478,False
12542,0.0012528608022030503,202,1.489100705278982,False
12543,0.02323994765274668,3747,0.885656516139018,False
12544,0.0027165991651729505,438,1.6416176701789578,False
12545,0.029473240257766806,4752,1.1349556068780045,False
12546,0.0007008577754898252,113,5.533870047172614,False
12547,0.0004093505591356501,66,1.7170264305490437,False
12548,0.0010729946474313252,173,1.6392322620215443,False
12549,0.00012404562398050004,20,2.5046311616897583,False
12550,0.0016560090801396754,267,1.394120147612211,False
12551,0.0004775756523249251,77,2.3610105173928395,False
12552,0.007907908528756877,1275,0.8842143683340036,False
12553,0.0018420775161104254,297,0.9322490459339385,False
12554,0.0019351117340958004,312,1.3212676101770156,False
12555,0.0008373079618683752,135,1.8616693964710942,False
12556,0.0006698463694947001,108,2.195275635630996,False
12557,0.0015071543313630753,243,0.920572000275914,False
12558,0.00010543878038342502,17,1.4390281088211958,False
12559,0.0032065793798959257,517,0.985866571994538,False
12560,0.0008683193678635002,140,3.3886249712535315,False
12561,0.00032251862234930007,52,3.5782010899140286,False
12562,0.00013024790517952503,21,3.9195077476047335,False
12563,0.003374040972269601,544,5.333276271600933,False
12564,1.2404562398050002e-05,2,3.4177066683769226,False
12565,0.0022080121068529003,356,1.5794930890035093,False
12566,0.00018606843597075004,30,8.610811130205791,False
12567,0.0017552455793240754,283,5.901175613538116,False
12568,0.0035353002834442506,570,1.7614724619346753,False
12569,0.0024561033548139008,396,1.3565846648481157,False
12570,0.016218965335450378,2615,0.7437774337272571,False
12571,0.003640739063827676,587,3.114184702478438,False
12572,3.101140599512501e-05,5,26.56146478652954,False
12573,0.009117353362566753,1470,2.9208939471212374,False
12574,5.582053079122501e-05,9,2.4525541994306774,False
12575,0.00018606843597075004,30,1.615542427698771,False
12576,0.0008931284926596002,144,1.5470098182559013,False
12577,0.0004217551215337001,68,5.582752147141625,False
12578,7.442737438830002e-05,12,0.7573820551236471,False
12579,0.0032251862234930007,520,0.929873022207847,False
12580,0.0009985672730430252,161,1.7903996150686134,False
12581,0.005271939019171251,850,1.9693596335018382,False
12582,0.0007194646190869002,116,5.296737798329057,False
12583,0.00019847299836880003,32,1.5051673725247383,False
12584,0.03015549118965956,4862,0.6604100340729827,False
12585,4.961824959220001e-05,8,1.474150225520134,False
12586,0.00022948440436392506,37,13.33796761164794,False
12587,0.007169837066072902,1156,1.7073459575745473,False
12588,0.00030391177875222506,49,6.080395533114063,False
12589,4.961824959220001e-05,8,1.4037271738052368,False
12590,0.0007566783062810502,122,5.550438025935751,False
12591,0.0019909322648870255,321,1.8631262066208314,False
12592,0.009365444610527752,1510,1.045912360355554,False
12593,0.0005395984643151751,87,6.738848708141809,False
12594,0.0014637383629699002,236,3.1022668081825064,False
12595,0.0017490432981250503,282,1.0836460083088977,False
12596,2.4809124796100004e-05,4,1.647780030965805,False
12597,0.0025305307292022004,408,1.6768585948967467,False
12598,0.012088246056899728,1949,1.2520846175560283,False
12599,0.0018172683913143255,293,1.8048388420925205,False
12600,0.0005458007455142001,88,1.225083601745692,False
12601,0.008459911555470103,1364,1.926986079586566,False
12602,0.0004961824959220001,80,1.1157820016145705,False
12603,0.0012652653646011002,204,1.5300019021127738,False
12604,0.0024561033548139008,396,1.5704417764538465,False
12605,4.961824959220001e-05,8,1.2109339386224747,False
12606,0.005563446235525426,897,1.2867331556651904,False
12607,0.0013831087073825753,223,2.3608412902985987,False
12608,0.0019723254212899504,318,0.9819303376119841,False
12609,0.0024374965112168257,393,1.5016982785921364,False
12610,0.0013272881765913503,214,1.256366118649456,False
12611,7.442737438830002e-05,12,1.6631694237391155,False
12612,0.005823942045884476,939,1.530874056303209,False
12613,0.0007256669002859252,117,1.6780421041015885,False
12614,0.00011784334278147503,19,1.6799630742324025,False
12615,0.00022948440436392506,37,12.537002257398656,False
12616,0.005104477426797576,823,2.307841356006312,False
12617,0.0017056273297318754,275,1.4844202761216596,False
12618,0.003063926912318351,494,1.0069893912265175,False
12619,0.0005333961831161502,86,1.5276877256326897,False
12620,0.0017800547041201755,287,2.0202968079038612,False
12621,0.0021770007008577756,351,4.424001117717167,False
12622,0.00032251862234930007,52,1.2122344970703125,False
12623,0.00036593459074247506,59,1.8189769841856875,False
12624,0.0003287209035483251,53,1.3117915594352867,False
12625,8.062965558732502e-05,13,1.1942182504213774,False
12626,0.00016746159237367503,27,10.203058220722058,False
12627,0.005036252333608301,812,3.52172977025873,False
12628,0.0020219436708821506,326,1.526059650570337,False
12629,0.0031383542867066505,506,1.1517744156211733,False
12630,0.0023506645744304755,379,1.141963848023427,False
12631,0.00015505702997562504,25,12.764283714294434,False
12632,0.003975662248575026,641,3.4060853252916736,False
12633,0.007566783062810502,1220,0.9225144980383702,False
12634,0.04297560642804423,6929,1.4301161334565886,False
12635,0.0048749930224336515,786,1.0009262435915514,False
12636,0.0029150721635417508,470,4.254230835082683,False
12637,0.00033492318474735006,54,2.7948107675269798,False
12638,0.00011164106158245002,18,11.609781159294975,False
12639,0.0013831087073825753,223,2.565253704118087,False
12640,0.029777152036519032,4801,0.7180946427964836,False
12641,0.00031631634115027505,51,7.563474019368489,False
12642,0.0011164106158245003,180,2.5754936575889587,False
12643,0.00030391177875222506,49,1.4650258871973778,False
12644,0.0008931284926596002,144,0.8084953667389022,False
12645,0.0028034311019593007,452,1.3086323152601191,False
12646,0.0019537185776928754,315,1.966953992843628,False
12647,0.00021087756076685005,34,3.163092998897328,False
12648,0.018054840570361778,2911,1.3697312308193195,False
12649,0.0069837686301021515,1126,2.2568418269259043,False
12650,0.0013520973013874504,218,2.620335432914419,False
12651,0.00024188896676197505,39,1.6810003763590105,False
12652,0.004372608245312626,705,0.7312365971558483,False
12653,0.0024995193232070756,403,0.8572912375921056,False
12654,4.961824959220001e-05,8,1.5908244997262955,False
12655,0.0022948440436392505,370,5.560978615606153,False
12656,0.09053469866216794,14597,0.7739343321093911,False
12657,0.004124516997351626,665,1.3259257859753486,False
12658,0.0048005656480453514,774,0.7955124599989071,False
12659,0.014122594290179927,2277,0.789085696860788,False
12660,0.003312018160279351,534,2.0517404331696616,False
12661,0.0012094448338098754,195,1.1673205265632043,False
12662,0.00016125931117465003,26,9.731896629700294,False
12663,0.0017676501417221253,285,2.1107760914585048,False
12664,0.0007566783062810502,122,2.5394783176359583,False
12665,0.0019599208588919003,316,1.2795111325722706,False
12666,0.0025553398539983007,412,1.7775573869353358,False
12667,0.003851616624594526,621,1.1033686362986788,False
12668,9.303421798537502e-05,15,1.5926904439926148,False
12669,0.0006698463694947001,108,1.6150656850249678,False
12670,0.0007690828686791001,124,1.2047683529315456,False
12671,0.009055330550576501,1460,0.8436358549823499,False
12672,0.0016746159237367505,270,1.5609429668497157,False
12673,0.0029460835695368755,475,22.00767309013166,False
12674,0.00020467527956782505,33,11.55624676473213,False
12675,0.0009489490234508252,153,1.3061977702807757,False
12676,0.0031383542867066505,506,1.0980521190779011,False
12677,0.011802941121744577,1903,0.7480623517860817,False
12678,0.0016684136425377254,269,1.4771165103274206,False
12679,0.003460872909055951,558,1.6032548326745255,False
12680,0.0004899802147229751,79,1.5192915367174753,False
12681,0.0029584881319349257,477,1.2878400714642346,False
12682,0.0012280516774069504,198,1.2944025945181798,False
12683,0.0070768028480875265,1141,1.357983553336442,False
12684,0.00016125931117465003,26,2.6960411805372972,False
12685,0.003560109408240351,574,1.4185726854443965,False
12686,4.961824959220001e-05,8,4.56696555018425,False
12687,0.007610199031203677,1227,0.9479908232001045,False
12688,0.0035663116894393758,575,1.224678959639176,False
12689,0.007293882690053401,1176,0.8768726619733435,False
12690,0.0020963710452704507,338,1.5908294863249424,False
12691,0.01966743368210828,3171,1.4413758936232102,False
12692,0.0014079178321786752,227,6.640150506590957,False
12693,8.062965558732502e-05,13,15.36651090475229,False
12694,0.003522895721046201,568,1.3504617130252676,False
12695,5.582053079122501e-05,9,1.1485549608866374,False
12696,0.00013024790517952503,21,1.4704867204030354,False
12697,0.006741879663340176,1087,0.8082887584612582,False
12698,0.0033182204414783758,535,1.1031102940300914,False
12699,9.923649918440002e-05,16,3.5115119218826294,False
12700,0.0020715619204743504,334,1.1883691427950374,False
12701,0.0021397870136636256,345,1.9837480800739233,False
12702,5.582053079122501e-05,9,5.329775386386448,False
12703,0.00039694599673760006,64,3.01552514731884,False
12704,0.005364973237156626,865,2.4131361753265295,False
12705,0.0016436045177416253,265,1.675144366048417,False
12706,0.0005458007455142001,88,2.9352340467951517,False
12707,0.00031631634115027505,51,3.755653745987836,False
12708,0.013551984419869628,2185,1.069666081653307,False
12709,0.0002977094975532001,48,9.140684207280477,False
12710,0.0037399755630120757,603,1.4761736503683314,False
12711,0.0007814874310771502,126,2.0049015264662486,False
12712,0.0018916957657026255,305,2.47899637026865,False
12713,0.0004217551215337001,68,4.2306362250271965,False
12714,0.03207819836135731,5172,0.7630382679454688,False
12715,0.0006884532130917751,111,3.7265038436597533,False
12716,0.004633104055671676,747,8.01026652695504,False
12717,0.0023134508872363255,373,1.6261144042334672,False
12718,0.0018358752349114005,296,1.1515465688866537,False
12719,0.0009675558670479002,156,2.2043661987170196,False
12720,0.0006698463694947001,108,1.8855778619095132,False
12721,0.0025057216044061005,404,1.4496314445934673,False
12722,0.0017366387357270004,280,1.7978764857564653,False
12723,0.004285776308526276,691,4.819106603324327,False
12724,0.0005768121515093252,93,1.4082990231052521,False
12725,0.0014451315193728252,233,1.571204762602057,False
12726,9.303421798537502e-05,15,3.5643548488616945,False
12727,0.0061402583870347515,990,0.8877658622433441,False
12728,0.003926043998982826,633,0.9872393321840307,False
12729,0.0019041003281006755,307,2.77478981678183,False
12730,0.0011536243030186503,186,2.37450800788018,False
12731,0.0013024790517952502,210,1.1804076524007887,False
12732,5.582053079122501e-05,9,2.46021126376258,False
12733,0.0020963710452704507,338,2.9351612717442257,False
12734,0.0028034311019593007,452,0.9463079524251212,False
12735,4.341596839317501e-05,7,1.7944125107356481,False
12736,0.0009117353362566752,147,1.1716034315070327,False
12737,0.007839683435567601,1264,0.8057014187680015,False
12738,0.00016746159237367503,27,1.229638898814166,False
12739,0.0010853992098293751,175,1.2670193781171526,False
12740,0.003522895721046201,568,1.530836325715965,False
12741,0.0020467527956782505,330,1.2726220997897062,False
12742,0.00020467527956782505,33,15.408566373767275,False
12743,0.004775756523249251,770,1.303198816869166,False
12744,3.721368719415001e-05,6,1.3863198359807332,False
12745,0.00029150721635417507,47,1.575153409166539,False
12746,0.0032313885046920256,521,1.1957683549503906,False
12747,0.0012528608022030503,202,1.3463217680997188,False
12748,0.0012280516774069504,198,1.5685939469722787,False
12749,0.00036593459074247506,59,1.3360596066814359,False
12750,0.0018978980469016504,306,1.7977179417423172,False
12751,0.0035539071270413256,573,1.2259001881664335,False
12752,0.0032623999106871507,526,2.220917085730984,False
12753,0.00017366387357270005,28,1.7319596409797668,False
12754,0.0030887360371144507,498,1.4297658420470825,False
12755,0.0007690828686791001,124,1.8389735625636192,False
12756,0.0004155528403346751,67,2.0158655394369096,False
12757,0.0035911208142354756,579,0.9562934550596642,False
12758,0.00030391177875222506,49,11.244631847556757,False
12759,0.0012652653646011002,204,1.683858125817542,False
12760,0.014407899225335079,2323,0.8778706048513044,False
12761,4.961824959220001e-05,8,8.46142715215683,False
12762,0.0033430295662744756,539,0.9453262347237299,False
12763,0.009408860578920927,1517,1.1118192050357987,False
12764,0.0008621170866644752,139,1.4240870081263481,False
12765,0.06759246050697447,10898,0.9636239443684657,False
12766,0.00029150721635417507,47,4.986141532025439,False
12767,0.00014265246757757502,23,1.4346332031747568,False
12768,0.0015381657373582003,248,1.0348739220250038,False
12769,0.003181770255099826,513,1.4758195221772668,False
12770,0.007430332876431952,1198,1.7087820843981583,False
12771,3.721368719415001e-05,6,1.0601006746292114,False
12772,0.049736092934981484,8019,0.6353859269332077,False
12773,0.0007938919934752001,128,1.28573736269027,False
12774,0.004068696466560401,656,1.3871872250626727,False
12775,0.0021956075444548506,354,1.2010248434745658,False
12776,0.0012218493962079253,197,1.7356645897560312,False
12777,8.062965558732502e-05,13,1.6933868298163781,False
12778,0.013018588236753477,2099,0.7912594039648019,False
12779,0.0015319634561591754,247,1.544789035793258,False
12780,0.004012875935769176,647,1.6087730339911106,False
12781,0.0019599208588919003,316,0.9133390825760516,False
12782,0.0019351117340958004,312,1.9551081890479112,False
12783,0.0023196531684353504,374,1.9701333249953978,False
12784,0.012869733487976877,2075,0.7486763148709952,False
12785,3.101140599512501e-05,5,1.9597471714019776,False
12786,0.005650278172311776,911,1.1678485980279882,False
12787,0.0011412197406206002,184,1.4021792858839035,False
12788,0.0018234706725133503,294,1.4903510837327867,False
12789,0.00013645018637855003,22,1.5205666368657893,False
12790,7.442737438830002e-05,12,2.119601229826609,False
12791,0.0017242341733289504,278,1.6071632808918574,False
12792,0.0006078235575044501,98,1.3730150266569487,False
12793,0.00012404562398050004,20,1.7918447613716126,False
12794,2.4809124796100004e-05,4,4.89126843214035,False
12795,0.00029150721635417507,47,7.617836810172872,False
12796,9.923649918440002e-05,16,2.159959599375725,False
12797,0.0048005656480453514,774,0.8471322225969892,False
12798,0.0018482797973094504,298,1.3012178056192079,False
12799,0.0013334904577903754,215,1.2231512041979058,False
12800,0.00016125931117465003,26,3.663156885367173,False
12801,0.0008435102430674002,136,1.3981539203840143,False
12802,0.0023072486060373007,372,1.35113315556639,False
12803,0.0022886417624402257,369,1.5994243841507247,False
12804,0.00015505702997562504,25,2.224811143875122,False
12805,0.0020405505144792256,329,1.4665588919514942,False
12806,0.0023692714180275506,382,4.481373927668127,False
12807,0.003864021186992576,623,1.0948468884916596,False
12808,0.0010853992098293751,175,4.771676009041922,False
12809,0.003814402937400376,615,1.3370858801089651,False
12810,0.0011846357090137753,191,4.425589305568116,False
12811,0.00011164106158245002,18,2.322977158758375,False
12812,0.0028344425079544254,457,0.8945339289483669,False
12813,0.00016746159237367503,27,2.014121347003513,False
12814,0.005972796794661076,963,0.7872193250824482,False
12815,4.961824959220001e-05,8,1.1636745035648346,False
12816,0.0010233763978391252,165,1.8667547572742809,False
12817,0.0020095391084841005,324,2.176294418028843,False
12818,0.0004465642463298001,72,2.0476952493190765,False
12819,0.0066550477265538265,1073,0.7342118034824965,False
12820,0.04245461480732613,6845,1.2812739704541694,False
12821,0.0024064851052217006,388,1.523109722690484,False
12822,0.004937015834423901,796,0.8383061178964586,False
12823,0.006326326823005502,1020,3.6847493812149645,False
12824,0.0025677444163963504,414,1.001863777925427,False
12825,0.0022080121068529003,356,1.775974610548341,False
12826,0.009545310765299478,1539,10.752357351539816,False
12827,0.0032127816610949505,518,0.7990044442843286,False
12828,0.03841692974676086,6194,1.4856495646303378,False
12829,0.0023320577308334005,376,2.5954413658126874,False
12830,0.00021087756076685005,34,8.052461255999173,False
12831,0.00027290037275710005,44,2.9851808683438734,False
12832,0.0006078235575044501,98,2.344219983840475,False
12833,0.00011164106158245002,18,1.9955445660485163,False
12834,0.0011350174594215753,183,3.3277484686648258,False
12835,0.0027538128523671005,444,1.8151048239286955,False
12836,3.721368719415001e-05,6,1.8966496586799622,False
12837,1.8606843597075006e-05,3,0.5647682746251425,False
12838,0.0016870204861348004,272,1.3004793384495903,False
12839,0.0020591573580763006,332,1.1283951179090752,False
12840,0.0022080121068529003,356,1.6824446806077207,False
12841,0.0011040060534264502,178,1.2300584255979303,False
12842,0.0035911208142354756,579,1.2558947538053022,False
12843,0.0009861627106449752,159,2.1593469193896406,False
12844,0.0018296729537123754,295,0.7645615189762439,False
12845,0.0010978037722274253,177,1.561265999987974,False
12846,0.015425073341975178,2487,0.6335351906198549,False
12847,0.0005768121515093252,93,1.4288387785675705,False
12848,0.0008807239302615502,142,1.7860417391212893,False
12849,0.0015381657373582003,248,2.3360568054260744,False
12850,0.0020405505144792256,329,2.0248587149617157,False
12851,0.002760015133566126,445,2.1148810825990827,False
12852,0.0011288151782225502,182,1.0590265295007726,False
12853,0.0024250919488187756,391,1.4265342051415797,False
12854,0.0009799604294459501,158,1.3495606018018118,False
12855,0.0008124988370722751,131,1.748694645539495,False
12856,0.0009241398986547252,149,1.0873494452278085,False
12857,0.0019041003281006755,307,1.4103093038552748,False
12858,0.0008993307738586252,145,1.826757287979126,False
12859,0.0006450372446986001,104,1.94891914496055,False
12860,0.0017738524229211504,286,1.2941701474723282,False
12861,8.683193678635003e-05,14,0.9674297315733773,False
12862,0.0022824394812412004,368,2.972966025057046,False
12863,0.0023382600120324254,377,1.548547752339897,False
12864,6.202281199025002e-05,10,1.2114797234535217,False
12865,0.0023196531684353504,374,0.887766053651106,False
12866,0.0014389292381738004,232,1.1456372645394555,False
12867,0.013614007231859878,2195,0.941067945006768,False
12868,0.0007752851498781252,125,1.1784823856353759,False
12869,0.0010171741166401002,164,5.002100999035487,False
12870,0.011809143402943603,1904,0.5959999260782194,False
12871,0.0023444622932314507,378,1.719671607648254,False
12872,0.005191309363583926,837,1.107051585310249,False
12873,0.0010109718354410753,163,7.279731174188157,False
12874,0.0014947497689650254,241,2.2970249227468402,False
12875,0.00010543878038342502,17,2.374795296612908,False
12876,0.012212291680880227,1969,1.3693817588143569,False
12877,0.0020467527956782505,330,2.277632730657404,False
12878,0.003653143626225726,589,0.848015376384068,False
12879,0.025863512599934257,4170,1.7686985921516694,False
12880,0.0012776699269991503,206,1.12992379040394,False
12881,3.721368719415001e-05,6,1.2608412504196167,False
12882,0.0026793854779788005,432,1.5290525285182175,False
12883,0.004347799120516526,701,1.2624986406399759,False
12884,0.0023568668556295004,380,1.4354031562805176,False
12885,9.303421798537502e-05,15,2.048494593302409,False
12886,4.341596839317501e-05,7,1.048109497342791,False
12887,0.01712449839050803,2761,1.0478930226360184,False
12888,0.0013955132697806253,225,1.1482931073506673,False
12889,6.202281199025002e-05,10,0.9938178539276123,False
12890,0.0022514280752460756,363,9.182804668573636,False
12891,0.0013024790517952502,210,1.7707270474660963,False
12892,0.0014885474877660003,240,1.1184562022487323,False
12893,0.005209916207181001,840,0.8276200534332366,False
12894,0.003274804473085201,528,1.6719672772468943,False
12895,0.0009117353362566752,147,8.57923272110167,False
12896,0.0007814874310771502,126,2.933022552066379,False
12897,0.004552474400084351,734,1.0693492083848335,False
12898,0.009266208111343353,1494,1.0798357102765617,False
12899,0.003752380125410126,605,0.866218967280112,False
12900,0.0020095391084841005,324,1.553899355876593,False
12901,0.0010419832414362003,168,1.3414470439865476,False
12902,0.00022948440436392506,37,1.6722987084775358,False
12903,0.0025429352916002505,410,1.817868139685654,False
12904,0.0019165048904987254,309,2.3503069129190783,False
12905,0.0002977094975532001,48,7.132392051319282,False
12906,0.006394551916194776,1031,0.7371918061309134,False
12907,0.00022328212316490004,36,1.3448250028822157,False
12908,0.004732340554856076,763,0.8796681045392237,False
12909,0.0024561033548139008,396,1.5879206266066042,False
12910,0.021583938572607004,3480,0.9773607736346366,False
12911,0.0010667923662323003,172,1.3297756203385287,False
12912,0.00010543878038342502,17,1.7735531049616196,False
12913,0.0014575360817708754,235,2.287542758089431,False
12914,0.004955622678020976,799,0.9070851226921225,False
12915,0.0030019041003281005,484,3.7228600988703326,False
12916,0.008391686462280827,1353,3.1245253470238277,False
12917,0.00025429352916002504,41,5.770598088822713,False
12918,0.0033802432534686257,545,0.9255793291494387,False
12919,0.0008373079618683752,135,3.4241596857706704,False
12920,0.00014265246757757502,23,1.284131620241248,False
12921,0.03883248258709553,6261,0.9703507666350972,False
12922,0.0024064851052217006,388,4.678659778280356,False
12923,6.822509318927501e-05,11,1.5940310521559282,False
12924,0.0010171741166401002,164,2.376785710090544,False
12925,0.0021397870136636256,345,2.1865032068197277,False
12926,0.0022390235128480255,361,1.3951409668803545,False
12927,0.003522895721046201,568,1.2636194115793202,False
12928,0.0018296729537123754,295,1.2080421253786249,False
12929,0.00036593459074247506,59,0.782181418548196,False
12930,0.0009303421798537502,150,1.3228802792231242,False
12931,0.0010605900850332753,171,1.9537098282261898,False
12932,0.00022948440436392506,37,4.149015955022864,False
12933,0.0010171741166401002,164,6.747205821479239,False
12934,0.0011660288654167003,188,1.993099607051687,False
12935,0.0022204166692509505,358,2.262978024988867,False
12936,0.0008931284926596002,144,1.141151485343774,False
12937,0.00029150721635417507,47,9.809093632596605,False
12938,0.0006078235575044501,98,1.6991082782648048,False
12939,0.0024126873864207254,389,1.556531962514843,False
12940,0.0009055330550576502,146,1.1095038587099886,False
12941,0.00028530493515515004,46,1.8965389832206394,False
12942,0.0020095391084841005,324,1.8708102298371585,False
12943,0.0018606843597075004,300,1.1067657891909282,False
12944,0.0019847299836880006,320,1.9913566321134568,False
12945,0.004180337528142851,674,1.0997157903382615,False
12946,0.003845414343395501,620,0.9643948708811114,False
12947,0.00030391177875222506,49,4.028536816032565,False
12948,0.0013707041449845254,221,1.1614123933455522,False
12949,0.0006016212763054251,97,1.7186686206109745,False
12950,0.00022948440436392506,37,1.3810603457528192,False
12951,0.0006326326823005501,102,1.7941264171226352,False
12952,1.8606843597075006e-05,3,1.169975479443868,False
12953,0.006803902475330427,1097,0.768378735566639,False
12954,0.0004899802147229751,79,3.047183139414727,False
12955,0.0022204166692509505,358,2.241720287493487,False
12956,0.0008931284926596002,144,1.7757383220725589,False
12957,0.0007194646190869002,116,1.7804699889544784,False
12958,0.00013024790517952503,21,1.9469585986364455,False
12959,0.00020467527956782505,33,1.286281376174002,False
12960,0.0005085870583200501,82,8.581827163696289,False
12961,0.00013024790517952503,21,1.4704542046501523,False
12962,0.0005892167139073751,95,2.7511087869343003,False
12963,0.0018606843597075004,300,1.0151637136936187,False
12964,0.0010853992098293751,175,1.8622677639552525,False
12965,0.004068696466560401,656,1.439250620218312,False
12966,0.0012280516774069504,198,1.9657322902872105,False
12967,6.822509318927501e-05,11,1.670339129187844,False
12968,0.06250038764257494,10077,1.1429740630930894,False
12969,0.0024685079172119505,398,1.0873744640518073,False
12970,0.0019909322648870255,321,1.834804254157521,False
12971,0.00016746159237367503,27,6.127463667481034,False
12972,0.004236158058934076,683,1.329286083120902,False
12973,0.0012714676458001253,205,1.5175996896697255,False
12974,0.0014017155509796504,226,1.0749508094998588,False
12975,8.062965558732502e-05,13,2.073597156084501,False
12976,0.010692732787119102,1724,0.7081236169952251,False
12977,0.012758092426394427,2057,0.8366144427873002,False
12978,0.0022018098256538754,355,2.4137366456045233,False
12979,0.00017986615477172505,29,0.8953607575646763,False
12980,7.442737438830002e-05,12,2.0131813983122506,False
12981,0.003274804473085201,528,1.2595762635270755,False
12982,0.0035290980022452258,569,2.128240995541189,False
12983,0.019971345460860504,3220,2.097026451255964,False
12984,0.007963729059548102,1284,1.2560731376814323,False
12985,0.0020529550768772753,331,2.0820158828061155,False
12986,0.0009117353362566752,147,1.7363308595151317,False
12987,0.0004837779335239501,78,16.977123179496864,False
12988,0.0003597323095434501,58,1.8886883135499626,False
12989,0.0010357809602371752,167,5.1557753450142405,False
12990,0.004118314716152601,664,2.499211363045566,False
12991,0.0013396927389894002,216,1.6281763403503984,False
12992,0.00017986615477172505,29,11.053880058485886,False
12993,0.006208483480224026,1001,0.8035239868468933,False
12994,0.012844924363180778,2071,0.8701209059549034,False
12995,0.0020777642016733757,335,1.8690847624593707,False
12996,0.003789593812604276,611,0.9155182877460986,False
12997,0.0018358752349114005,296,1.62009421393678,False
12998,0.0007380714626839752,119,1.181141833297345,False
12999,0.003752380125410126,605,1.2521050760568666,False
13000,0.0009737581482469252,157,1.9702324814097896,False
13001,0.0017986615477172505,290,1.5418736153635486,False
13002,0.006499990696578201,1048,0.8477024140248772,False
13003,0.012230898524477302,1972,0.5901176266931375,False
13004,0.007684626405591977,1239,0.7175555721803285,False
13005,0.00011784334278147503,19,0.9599587164427105,False
13006,0.0021087756076685004,340,1.1495561329757467,False
13007,6.202281199025001e-06,1,0.28431761264801025,False
13008,0.0022204166692509505,358,1.7410124693502926,False
13009,6.822509318927501e-05,11,2.268667134371671,False
13010,0.004087303310157476,659,2.0944075119513483,False
13011,0.00016125931117465003,26,1.559675776041471,False
13012,2.4809124796100004e-05,4,1.4141189754009247,False
13013,0.013384522827495953,2158,0.6878371782276341,False
13014,0.004006673654570151,646,2.210687748787942,False
13015,2.4809124796100004e-05,4,1.4787403643131256,False
13016,0.0027848242583622257,449,0.5269871174890904,False
13017,0.0018296729537123754,295,1.4958952548140185,False
13018,0.0003287209035483251,53,2.5526427502902047,False
13019,0.0004651710899268751,75,4.215861372947693,False
13020,0.0022328212316490006,360,1.818568588958846,False
13021,0.0010481855226352253,169,1.9922737609705277,False
13022,0.0010853992098293751,175,1.371628052847726,False
13023,0.0003411254659463751,55,1.7716772838072343,False
13024,0.00021087756076685005,34,1.946906615706051,False
13025,0.00018606843597075004,30,5.519150042533875,False
13026,0.005706098703103001,920,1.4512966404790464,False
13027,4.341596839317501e-05,7,0.7535408564976284,False
13028,0.00031631634115027505,51,15.087704574360567,False
13029,0.0021459892948626504,346,2.634664899351969,False
13030,1.8606843597075006e-05,3,2.1909691095352173,False
13031,0.00036593459074247506,59,0.9581465801950229,False
13032,0.0008187011182713002,132,1.460711323853695,False
13033,0.0005768121515093252,93,1.2873691038418842,False
13034,2.4809124796100004e-05,4,1.4502175450325012,False
13035,0.00011164106158245002,18,8.376397576597002,False
13036,0.0023816759804256007,384,1.742775986591975,False
13037,0.0012900744893972003,208,0.9587770196107718,False
13038,0.0038392120621964757,619,1.810063167034328,False
13039,0.0007938919934752001,128,1.3552874196320772,False
13040,0.0007442737438830002,120,8.488568339745203,False
13041,0.0011040060534264502,178,11.41199019986592,False
13042,0.0007318691814849501,118,2.752622247752497,False
13043,0.0023010463248382754,371,2.8553838180403184,False
13044,0.0018172683913143255,293,2.6050413973095474,False
13045,0.00023568668556295006,38,1.2360232503790605,False
13046,0.006549608946170402,1056,0.7243748785871448,False
13047,0.20509083240815973,33067,1.1714062048885832,False
13048,0.0002791026539561251,45,3.5799969832102456,False
13049,0.00026049581035905006,42,1.7394621485755557,False
13050,0.0019413140152948255,313,1.7092536965879008,False
13051,0.05626089275635579,9071,5.903243599699161,False
13052,0.0005147893395190752,83,1.0511009032467762,False
13053,0.0005271939019171251,85,3.468075851833119,False
13054,0.0021273824512655754,343,1.0955376875296279,False
13055,0.0018358752349114005,296,1.0664405117969256,False
13056,0.005458007455142001,880,1.276794237846678,False
13057,0.0025305307292022004,408,1.7969668557246525,False
13058,0.00031631634115027505,51,1.4862976354711197,False
13059,0.0003473277471454001,56,8.287736539329801,False
13060,0.0012528608022030503,202,1.4518874163674835,False
13061,0.00030391177875222506,49,1.4563078053143559,False
13062,2.4809124796100004e-05,4,1.6001690924167633,False
13063,0.0035539071270413256,573,0.9477374774207203,False
13064,0.0021335847324646007,344,2.217280619019686,False
13065,0.0017490432981250503,282,1.6756202058589205,False
13066,0.003256197629488126,525,1.1894027065095447,False
13067,1.8606843597075006e-05,3,5.6960024038950605,False
13068,0.0016498067989406504,266,1.721516325957793,False
13069,5.582053079122501e-05,9,1.8461145162582397,False
13070,0.0032065793798959257,517,1.5991177116187445,False
13071,0.0013458950201884253,217,1.0671843647407497,False
13072,0.00027290037275710005,44,2.823032855987549,False
13073,0.00015505702997562504,25,5.913551988601685,False
13074,0.0019351117340958004,312,5.192684081120369,False
13075,0.00017366387357270005,28,2.8824132340294972,False
13076,0.00018606843597075004,30,7.484330304463705,False
13077,0.0024809124796100006,400,1.1519996923208238,False
13078,0.0006574418070966502,106,3.371696946755895,False
13079,0.0005147893395190752,83,3.453044684536486,False
13080,0.0017800547041201755,287,1.4173853742120988,False
13081,0.008478518399067178,1367,4.597429367601217,False
13082,0.00013645018637855003,22,9.99992260607806,False
13083,0.0029088698823427255,469,1.0315650002534456,False
13084,0.00014265246757757502,23,1.4406281761501147,False
13085,0.0022204166692509505,358,1.116015797220795,False
13086,0.0025057216044061005,404,1.0066182595668454,False
13087,0.0019475162964938504,314,1.6863428156846647,False
13088,0.00030391177875222506,49,2.1351686351153316,False
13089,0.03295272001041983,5313,0.8085924518685006,False
13090,4.961824959220001e-05,8,3.7940254360437393,False
13091,0.0015133566125621004,244,1.8816360547894337,False
13092,0.007541973938014402,1216,0.94626316663466,False
13093,0.008503327523863277,1371,0.5848304677583457,False
13094,0.0020777642016733757,335,1.5741381872945757,False
13095,0.0020529550768772753,331,1.903549208741894,False
13096,0.0017118296109309005,276,5.063440346199533,False
13097,0.0024188896676197507,390,1.9900411899273212,False
13098,0.0007008577754898252,113,2.0058627265744504,False
13099,0.0019351117340958004,312,1.8070196184592369,False
13100,0.0034980865962501006,564,0.9384152656751321,False
13101,0.0008311056806693502,134,0.9599911641718736,False
13102,0.008521934367460352,1374,0.5989305907114798,False
13103,0.0016622113613387003,268,0.9418601438180724,False
13104,0.007603996750004651,1226,1.6654844984144799,False
13105,0.0004279574027327251,69,2.1985520936440732,False
13106,0.0033988500970657007,548,0.7549111236185924,False
13107,0.0052595344567732015,848,2.874798094607749,False
13108,0.03296512457281788,5315,0.9376561779406198,False
13109,0.0018482797973094504,298,3.0418009365965055,False
13110,0.00036593459074247506,59,6.321882332785655,False
13111,0.0011474220218196253,185,1.5821842696215656,False
13112,0.0009985672730430252,161,1.2570910905458912,False
13113,0.0007690828686791001,124,1.2647721690516318,False
13114,0.0019909322648870255,321,1.3516884470283057,False
13115,0.02895845091824773,4669,0.5978874985577847,False
13116,0.011164106158245002,1800,1.0241559918721517,False
13117,0.0035725139706384006,576,0.9177745119151142,False
13118,0.0015629748621543004,252,1.2551356308043948,False
13119,0.0009861627106449752,159,0.9822164481540896,False
13120,0.0004713733711259001,76,1.030172100192622,False
13121,0.010785767005104478,1739,1.353191331860113,False
13122,0.009774795169663402,1576,0.8701911650333308,False
13123,0.053370629717610134,8605,0.5811811621143401,False
13124,0.029591083600548282,4771,3.9961121846384735,False
13125,0.0012218493962079253,197,1.9158305274653555,False
13126,0.010711339630716177,1727,1.775369683924478,False
13127,0.0022514280752460756,363,1.4545877314796132,False
13128,0.004695126867661926,757,1.1317952381572447,False
13129,0.0016187953929455254,261,1.853860134365915,False
13130,0.0009861627106449752,159,2.474972410022088,False
13131,0.0025801489787944006,416,1.2840009400477777,False
13132,0.0010729946474313252,173,1.5796963954936563,False
13133,7.442737438830002e-05,12,1.0512551665306091,False
13134,0.005172702519986851,834,1.0731665609265975,False
13135,7.442737438830002e-05,12,1.7193573415279388,False
13136,0.0012280516774069504,198,1.5576980107962484,False
13137,0.0007876897122761752,127,1.733309268951416,False
13138,0.0002977094975532001,48,2.6436075642704964,False
13139,0.026359695095856256,4250,1.8588032440297744,False
13140,0.0009179376174557002,148,0.8084616177790874,False
13141,0.00011784334278147503,19,10.573984974309019,False
13142,0.004279574027327251,690,0.9473519242328147,False
13143,0.0006016212763054251,97,1.3791691593288147,False
13144,0.00024188896676197505,39,2.103983368629064,False
13145,0.006723272819743101,1084,0.829247360299874,False
13146,0.0025429352916002505,410,2.604141688346863,False
13147,0.0004775756523249251,77,1.7694629662996764,False
13148,0.0004775756523249251,77,5.946386896170579,False
13149,0.0025305307292022004,408,1.3686026434103649,False
13150,0.006363540510199652,1026,1.427885799147697,False
13151,0.00013645018637855003,22,8.29816443269903,False
13152,5.582053079122501e-05,9,3.1033401754167347,False
13153,0.00017986615477172505,29,10.422867207691587,False
13154,0.0031135451619105506,502,0.9523320065076608,False
13155,0.008708002803431102,1404,0.8382974037757287,False
13156,0.018501404816691578,2983,0.5934543526496338,False
13157,0.0009613535858488752,155,6.476581794984879,False
13158,0.0035353002834442506,570,0.9334870447192276,False
13159,0.002989499537930051,482,2.124336245643647,False
13160,0.005030050052409276,811,1.192176843542059,False
13161,0.003448468346657901,556,2.512311314507354,False
13162,0.0020901687640714254,337,1.273917584461699,False
13163,0.0011040060534264502,178,1.7738134439071913,False
13164,0.0021087756076685004,340,1.4014233918750987,False
13165,0.0048749930224336515,786,0.9281640604858786,False
13166,0.00017986615477172505,29,14.293750343651608,False
13167,0.007207050753267052,1162,1.5485126147376895,False
13168,0.0007752851498781252,125,1.963644953727722,False
13169,0.0030391177875222506,490,1.2300138836004295,False
13170,0.0024871147608090255,401,1.9736706315727899,False
13171,0.0020901687640714254,337,1.4231387260052146,False
13172,0.0024747101984109753,399,1.6530006708656637,False
13173,0.0011226128970235252,181,3.2294141916938908,False
13174,0.00014265246757757502,23,2.7505829697069912,False
13175,6.202281199025002e-05,10,2.139629530906677,False
13176,0.0007876897122761752,127,4.858742252109558,False
13177,0.00010543878038342502,17,2.5293014891007366,False
13178,4.341596839317501e-05,7,1.0037127222333635,False
13179,0.1026043378754706,16543,2.1949627605392807,False
13180,0.0011350174594215753,183,2.093496379956522,False
13181,0.0012714676458001253,205,1.2997897764531579,False
13182,0.0017986615477172505,290,0.9494887561633669,False
13183,0.0007938919934752001,128,1.4781297352164984,False
13184,4.341596839317501e-05,7,1.469367163521903,False
13185,0.0006264304011015251,101,1.3132703032824073,False
13186,0.0025243284480031755,407,0.8555808697051439,False
13187,0.0013210858953923252,213,1.1136743764922092,False
13188,4.961824959220001e-05,8,12.338386952877045,False
13189,0.00031631634115027505,51,1.6466506065106858,False
13190,0.0,0,0.0,True
13191,0.05771222655692764,9305,1.1671881969355564,False
13192,0.019413140152948254,3130,0.5963703420596381,False
13193,0.00028530493515515004,46,1.2878477314244146,False
13194,0.0009427467422518002,152,4.7359493147385745,False
13195,0.04463161550818391,7196,1.039101444263469,False
13196,0.0008497125242664252,137,1.5210203419636636,False
13197,0.005253332175574176,847,1.0517434819107776,False
13198,0.004236158058934076,683,0.9505482376232678,False
13199,0.0022328212316490006,360,1.1260948409636815,False
13200,2.4809124796100004e-05,4,10.128852993249893,False
13201,0.0008187011182713002,132,5.804995320060036,False
13202,0.00015505702997562504,25,1.872275242805481,False
13203,0.0025429352916002505,410,3.3424166260696038,False
13204,0.0003907437155385751,63,1.4872245315521482,False
13205,0.0023320577308334005,376,3.5624353479831776,False
13206,0.004695126867661926,757,2.11067267736639,False
13207,0.0017366387357270004,280,2.183925986289978,False
13208,0.015592534934348853,2514,0.8160969560451705,False
13209,0.0036097276578325507,582,1.5621057810242642,False
13210,0.00019227071716977504,31,5.980099470384659,False
13211,0.004167932965744801,672,1.7087327681836628,False
13212,0.00036593459074247506,59,1.442517171471806,False
13213,0.0023196531684353504,374,1.9607997004361075,False
13214,0.004620699493273626,745,1.1013648025141467,False
13215,0.0007504760250820251,121,1.9755309416242868,False
13216,0.0020343482332802003,328,1.2822431965572079,False
13217,0.0018668866409065254,301,3.730720955668098,False
13218,0.0011598265842176752,187,2.2612059645474276,False
13219,0.0021273824512655754,343,0.9786251856356251,False
13220,0.011195117564240128,1805,0.8136056033528082,False
13221,0.00021087756076685005,34,1.431070559165057,False
13222,0.0017986615477172505,290,2.0130488880749406,False
13223,0.0015319634561591754,247,1.978687736186904,False
13224,0.0019475162964938504,314,1.628810196165826,False
13225,0.00016746159237367503,27,6.2125825528745295,False
13226,0.0021770007008577756,351,1.342235279219103,False
13227,0.005017645490011226,809,1.1158439945084202,False
13228,0.00012404562398050004,20,5.601750600337982,False
13229,0.00016125931117465003,26,8.580854874390822,False
13230,0.0019537185776928754,315,2.2607948102648296,False
13231,8.062965558732502e-05,13,9.955009698867798,False
13232,0.0020839664828724005,336,1.6514230902705873,False
13233,0.0019413140152948255,313,3.531924400085839,False
13234,7.442737438830002e-05,12,1.103994329770406,False
13235,0.0004589688087278501,74,1.4237522402325191,False
13236,0.006791497912932377,1095,0.8817039000933573,False
13237,0.0020591573580763006,332,1.9713793414902974,False
13238,0.005941785388665952,958,1.1140402861577234,False
13239,3.101140599512501e-05,5,8.799137949943542,False
13240,0.0022328212316490006,360,1.2520264426867167,False
13241,0.010922217191483027,1761,0.8655666194809627,False
13242,0.0014017155509796504,226,4.383693172868374,False
13243,0.0007628805874800752,123,5.836463328299484,False
13244,0.00026049581035905006,42,1.10478337038131,False
13245,0.0007814874310771502,126,1.1999281323145305,False
13246,0.0022080121068529003,356,1.9211502878853444,False
13247,8.062965558732502e-05,13,3.560167459341196,False
13248,0.0008993307738586252,145,1.4445565741637658,False
13249,0.007262871284058277,1171,0.7841313962341881,False
13250,0.007256669002859251,1170,1.4532068122146475,False
13251,0.0013148836141933004,212,1.1064200856775608,False
13252,0.0007752851498781252,125,1.2862638130187989,False
13253,0.0032686021918861756,527,0.9514905940423202,False
13254,0.00032251862234930007,52,1.3000261989923625,False
13255,0.012460382928841229,2009,0.6040577575186107,False
13256,0.0002480912479610001,40,1.748172551393509,False
13257,0.0043229899957204256,697,1.2468345893848918,False
13258,0.011027655971866453,1778,0.8099188337980427,False
13259,0.004850183897637551,782,1.2926152776879118,False
13260,0.0005830144327083501,94,1.5834364903734086,False
13261,0.0006512395258976251,105,1.049530716169448,False
13262,0.0010233763978391252,165,1.7482968879468512,False
13263,0.004968027240419026,801,2.8915989724884317,False
13264,0.0036655481886237757,591,0.8215278602897012,False
13265,0.0012156471150089002,196,2.099237078914837,False
13266,0.004062494185361376,655,0.8089593363172225,False
13267,0.0010295786790381503,166,5.34256369521819,False
13268,0.0020281459520811755,327,0.9132210417260452,False
13269,0.00027290037275710005,44,6.0386834794824775,False
13270,0.0024374965112168257,393,2.141327714192048,False
13271,0.00024188896676197505,39,1.6358108000877576,False
13272,0.00025429352916002504,41,1.9034747612185594,False
13273,3.101140599512501e-05,5,1.0932711362838745,False
13274,0.0017552455793240754,283,1.2168705977315195,False
13275,0.00015505702997562504,25,2.846929364204407,False
13276,0.0003783391531405251,61,4.5966897206228285,False
13277,3.101140599512501e-05,5,2.572445249557495,False
13278,9.923649918440002e-05,16,1.9527211785316467,False
13279,0.0014079178321786752,227,2.4008402152208506,False
13280,0.0004651710899268751,75,4.890411653518677,False
13281,0.0025119238856051254,405,1.9891347608448546,False
13282,0.005935583107466926,957,1.0320614532741759,False
13283,0.0021025733264694755,339,2.5116026563278693,False
13284,0.0004837779335239501,78,2.5012834744575696,False
13285,0.0024995193232070756,403,1.3322283686242684,False
13286,6.202281199025002e-05,10,3.5165072798728945,False
13287,0.00011784334278147503,19,2.1340590276216207,False
13288,0.004744745117254126,765,1.6331952335008608,False
13289,0.0016932227673338255,273,1.6032984466343136,False
13290,8.062965558732502e-05,13,1.2084591205303485,False
13291,0.0016001885493484504,258,1.026931271996609,False
13292,0.007083005129286552,1142,0.7377583692453789,False
13293,0.0003907437155385751,63,1.2018280975402347,False
13294,0.006282910854612326,1013,2.4321355391348924,False
13295,0.0017242341733289504,278,1.884096452658125,False
13296,0.05154095676389776,8310,0.8102377367077035,False
13297,0.0016994250485328503,274,1.1229282460943626,False
13298,0.003101140599512501,500,1.6056878349781036,False
13299,0.00017986615477172505,29,2.976967458067269,False
13300,0.0009117353362566752,147,5.767775730210907,False
13301,0.0006388349634995752,103,1.7781942376812685,False
13302,0.0021087756076685004,340,1.424629923175363,False
13303,0.0006388349634995752,103,6.114773781554213,False
13304,0.0009179376174557002,148,0.9198963481026727,False
13305,0.0003101140599512501,50,4.645132353305817,False
13306,0.0016808182049357753,271,1.2531705540484608,False
13307,0.004719935992458026,761,1.3333375281635942,False
13308,0.008627373147843776,1391,1.0612751160655238,False
13309,0.0026235649471875754,423,1.6766407698322414,False
13310,0.004360203682914576,703,1.0719197159301845,False
13311,0.0020467527956782505,330,1.480849915562254,False
13312,0.003715166438215976,599,0.9819943337687268,False
13313,3.721368719415001e-05,6,2.587052265803019,False
13314,0.0006636440882956752,107,1.967932266609691,False
13315,0.0025925535411924507,418,1.7992564898928958,False
13316,0.008714205084630127,1405,0.759559713903271,False
13317,0.00022948440436392506,37,3.498122569676992,False
13318,0.0070954096916846015,1144,0.7651971586934336,False
13319,3.721368719415001e-05,6,1.2022960384686787,False
13320,0.0009551513046498502,154,2.508888832160405,False
13321,0.0019971345460860503,322,1.2552545155797685,False
13322,0.0026359695095856256,425,1.0028370133568258,False
13323,0.0010543878038342502,170,1.492785328276017,False
13324,0.0003287209035483251,53,2.3147335592305884,False
13325,3.721368719415001e-05,6,1.5009573101997375,False
13326,4.961824959220001e-05,8,6.327601194381714,False
13327,0.0004031482779366251,65,2.325106171461252,False
13328,0.006518597540175276,1051,1.045069882236811,False
13329,4.341596839317501e-05,7,3.048398801258632,False
13330,0.00035353002834442507,57,1.4675400779958356,False
13331,0.007703233249189052,1242,1.8280526359300107,False
13332,0.0009675558670479002,156,1.67871643946721,False
13333,7.442737438830002e-05,12,1.595272719860077,False
13334,0.0013086813329942753,211,1.6477984862304977,False
13335,0.0031383542867066505,506,1.037039081098534,False
13336,0.006748081944539202,1088,1.3919341011958963,False
13337,0.0015877839869504003,256,1.0957809342071414,False
13338,0.0003411254659463751,55,7.571883309971202,False
13339,0.009173173893357978,1479,2.262757958795188,False
13340,0.0007132623378878751,115,1.3375004250070324,False
13341,6.202281199025002e-05,10,1.6252365231513977,False
13342,0.0013955132697806253,225,1.6136527146233453,False
13343,0.0002666980915580751,43,1.5695650660714437,False
13344,0.0024933170420080504,402,1.8098728176373153,False
13345,0.005154095676389776,831,0.8118536830952595,False
13346,0.00012404562398050004,20,1.499588394165039,False
13347,0.0021025733264694755,339,1.1309157838511958,False
13348,0.0004465642463298001,72,3.8498205890258155,False
13349,0.0016870204861348004,272,1.8604347206213896,False
13350,0.003746177844211101,604,1.742534875869751,False
13351,0.003696559594618901,596,0.9692683441926969,False
13352,0.0013148836141933004,212,3.280292620074074,False
13353,0.0020281459520811755,327,1.6958683339098541,False
13354,0.002933679007138826,473,1.4359756856841719,False
13355,0.00015505702997562504,25,2.7840609645843504,False
13356,0.00012404562398050004,20,0.8537778735160828,False
13357,0.0006574418070966502,106,5.18058262231215,False
13358,0.0003101140599512501,50,2.410275785923004,False
13359,0.0022328212316490006,360,1.8374484923150805,False
13360,0.0011908379902128004,192,1.2730720943460863,False
13361,0.0005271939019171251,85,2.3803160134483785,False
13362,0.0008745216490625251,141,1.3251063198062545,False
13363,0.0019909322648870255,321,1.403756839835384,False
13364,0.0023444622932314507,378,2.5675549677440097,False
13365,0.0023878782616246256,385,2.1152992025598305,False
13366,0.0024933170420080504,402,1.430070023038494,False
13367,0.0020901687640714254,337,1.4737080632755948,False
13368,0.0006574418070966502,106,0.9686159930139218,False
13369,0.0031693656927017757,511,1.197946486874336,False
13370,0.0009055330550576502,146,1.6340377053169355,False
13371,9.303421798537502e-05,15,1.2767584005991617,False
13372,0.006593024914563576,1063,3.163004686892986,False
13373,0.0019413140152948255,313,1.4071783954723955,False
13374,0.0010543878038342502,170,1.7028992288252887,False
13375,0.0013955132697806253,225,1.5325116040971545,False
13376,0.008298652244295452,1338,2.237846882710364,False
13377,0.00030391177875222506,49,2.3385435415773976,False
13378,0.0017986615477172505,290,1.4294382740711344,False
13379,0.0008435102430674002,136,0.9434985983021119,False
13380,0.0023382600120324254,377,2.955782287000661,False
13381,0.0013955132697806253,225,1.700418226453993,False
13382,0.0005582053079122502,90,1.4092897706561618,False
13383,0.003584918533036451,578,1.4683405443458821,False
13384,0.0009737581482469252,157,4.350551116238734,False
13385,0.007827278873169552,1262,0.6971406286756513,False
13386,0.0031259497243086008,504,1.4427454142816483,False
13387,0.0025615421351973255,413,1.168235980858237,False
13388,0.0015195588937611253,245,1.9270216727743343,False
13389,0.0020963710452704507,338,1.828261361319638,False
13390,0.0010916014910284002,176,1.52077724581415,False
13391,0.0016994250485328503,274,1.8312147411986859,False
13392,0.00020467527956782505,33,11.923366438258778,False
13393,0.0007690828686791001,124,2.741737486854676,False
13394,0.003429861503060826,553,0.886707492159245,False
13395,0.0023196531684353504,374,1.2788551233031533,False
13396,0.0019351117340958004,312,1.0204131905085,False
13397,0.007883099403960777,1271,0.9495274185852963,False
13398,2.4809124796100004e-05,4,1.2661444544792175,False
13399,0.014141201133777002,2280,1.5398965869033545,False
13400,6.822509318927501e-05,11,2.2097722833806817,False
13401,0.00033492318474735006,54,6.192567578068486,False
13402,0.0020715619204743504,334,0.9406748025003308,False
13403,0.0014637383629699002,236,2.1384005733465745,False
13404,0.0019537185776928754,315,1.5252743051165627,False
13405,0.0031879725362988507,514,1.374400367996572,False
13406,0.0006326326823005501,102,3.421705518283096,False
13407,0.0009551513046498502,154,2.684117112840925,False
13408,0.00039694599673760006,64,1.7650605384260416,False
13409,0.00013024790517952503,21,1.5437958126976377,False
13410,0.004130719278550651,666,1.9049191045331526,False
13411,0.0009489490234508252,153,4.873969353881537,False
13412,0.00017366387357270005,28,6.047262400388718,False
13413,0.006760486506937251,1090,0.7384798364901761,False
13414,0.0038578189057935507,622,0.7314816011876538,False
13415,1.2404562398050002e-05,2,1.3594331741333008,False
13416,0.0003845414343395501,62,1.0429211220433634,False
13417,6.202281199025002e-05,10,2.3708272218704223,False
13418,0.00017986615477172505,29,1.7008747479011272,False
13419,0.0020467527956782505,330,1.5316529353459676,False
13420,0.010829182973497652,1746,0.7880757789021915,False
13421,0.004192742090540901,676,0.8303829290457732,False
13422,0.00011784334278147503,19,8.714705994254665,False
13423,0.0005147893395190752,83,2.1531805044197174,False
13424,0.0013645018637855003,220,1.1267984482375057,False
13425,0.0026669809155807508,430,1.4694377519363582,False
13426,0.0017118296109309005,276,1.3120096507279768,False
13427,0.005954189951064001,960,2.138183683156967,False
13428,0.015952267243892305,2572,1.1006657343537403,False
13429,0.004564878962482401,736,1.5596660918191723,False
13430,0.0021087756076685004,340,1.7216489304514493,False
13431,5.582053079122501e-05,9,1.773673004574246,False
13432,0.0022204166692509505,358,1.0439383464152587,False
13433,0.004006673654570151,646,1.3723463052566576,False
13434,0.03635777238868456,5862,0.7541053580652118,False
13435,0.0028282402267554006,456,0.9908096087083482,False
13436,0.0019103026092997003,308,1.0014949375158781,False
13437,0.0012280516774069504,198,1.2555621248303037,False
13438,0.0019041003281006755,307,1.1584145580130214,False
13439,0.0008745216490625251,141,1.2728041697901191,False
13440,1.2404562398050002e-05,2,3.825329542160034,False
13441,3.721368719415001e-05,6,4.228798230489095,False
13442,7.442737438830002e-05,12,1.458295206228892,False
13443,0.0014141201133777003,228,0.9146967070144519,False
13444,0.0023258554496343757,375,1.181633617401123,False
13445,0.0005954189951064002,96,2.2334636226296425,False
13446,0.0019785277024889753,319,1.4143470462213115,False
13447,0.011312960907021602,1824,0.45247039878577516,False
13448,0.0018916957657026255,305,1.950479304985922,False
13449,0.0033802432534686257,545,0.9938262182638186,False
13450,0.003429861503060826,553,1.1512986014160929,False
13451,0.0015009520501640503,242,4.508588745574321,False
13452,0.0004899802147229751,79,2.827559886099417,False
13453,0.012844924363180778,2071,0.7347796751876087,False
13454,0.006003808200656201,968,1.966181575143633,False
13455,0.004986634084016101,804,1.3400972008112058,False
13456,0.0015133566125621004,244,1.116624777434302,False
13457,3.101140599512501e-05,5,1.3711939334869385,False
13458,0.019537185776928756,3150,0.8583548881894066,False
13459,0.00011784334278147503,19,1.6530822327262478,False
13460,0.00028530493515515004,46,6.856730458529099,False
13461,0.010506664351148352,1694,0.80382353918893,False
13462,0.004428428776103851,714,1.2158040491138853,False
13463,0.00035353002834442507,57,2.6211118677206207,False
13464,0.00028530493515515004,46,12.453101209972216,False
13465,0.0013582995825864753,219,1.4155843589948192,False
13466,0.0006140258387034752,99,1.6136645921553023,False
13467,0.0017676501417221253,285,3.0599733603628056,False
13468,0.0022142143880519256,357,1.0441158188491309,False
13469,0.0003287209035483251,53,3.0574366776448376,False
13470,0.004093505591356501,660,0.8003472819472804,False
13471,0.0023196531684353504,374,1.8940279114055123,False
13472,1.8606843597075006e-05,3,0.7197709083557129,False
13473,0.0025925535411924507,418,1.2300867592318776,False
13474,9.303421798537502e-05,15,1.0852372487386068,False
13475,0.0013769064261835503,222,1.5361006474709726,False
13476,0.003907437155385751,630,3.676801560038612,False
13477,0.00012404562398050004,20,1.8694011569023132,False
13478,0.004664115461666801,752,1.1999527000366372,False
13479,6.202281199025002e-05,10,2.6598045945167543,False
13480,1.8606843597075006e-05,3,2.968589464823405,False
13481,3.721368719415001e-05,6,2.891382416089376,False
13482,6.202281199025002e-05,10,2.270210528373718,False
13483,0.0023382600120324254,377,3.7513704173444755,False
13484,0.005402186924350776,871,0.821596748930168,False
13485,4.341596839317501e-05,7,2.7480689457484653,False
13486,0.00017366387357270005,28,3.6975925181593214,False
13487,0.004533867556487276,731,1.0719412524462073,False
13488,8.683193678635003e-05,14,1.0344362940107072,False
13489,0.003163163411502751,510,1.083829621707692,False
13490,0.0023010463248382754,371,2.2667082017965394,False
13491,0.0022514280752460756,363,1.612909372187843,False
13492,0.0004527665275288251,73,8.319413031617255,False
13493,0.0021149778888675257,341,2.0160855432409694,False
13494,0.014035762353393579,2263,1.5984102570267835,False
13495,0.005302950425166376,855,0.9638319867396216,False
13496,0.0007380714626839752,119,1.1251397904227762,False
13497,0.0003101140599512501,50,16.564882645606996,False
13498,0.006686059132548951,1078,0.7238118661799103,False
13499,6.822509318927501e-05,11,1.6507870934226296,False
13500,0.0013148836141933004,212,3.334824652042029,False
13501,4.961824959220001e-05,8,2.696042835712433,False
13502,0.0011040060534264502,178,1.5591220078843364,False
13503,0.004012875935769176,647,0.9939649632024986,False
13504,0.0019475162964938504,314,4.582704799190449,False
13505,0.0019723254212899504,318,1.213098833396,False
13506,0.0030949383183134756,499,0.9846444951747367,False
13507,0.0013893109885816004,224,1.9514811305063111,False
13508,0.0024188896676197507,390,4.98091394106547,False
13509,3.101140599512501e-05,5,2.0893429279327393,False
13510,0.0011598265842176752,187,1.0819974512977397,False
13511,0.00019227071716977504,31,8.432664490515187,False
13512,0.0014761429253679504,238,2.24164931613858,False
13513,0.0025801489787944006,416,1.0158713368269114,False
13514,0.005693694140704951,918,0.8857268580683956,False
13515,0.00025429352916002504,41,1.2965145518140095,False
13516,0.0019847299836880006,320,1.7324462063610553,False
13517,0.0009799604294459501,158,0.953842459600183,False
13518,0.0008807239302615502,142,1.4862836171203935,False
13519,0.0004217551215337001,68,1.2066126956659204,False
13520,0.0006946554942908002,112,2.7149327269622257,False
13521,0.0028096333831583256,453,2.821413737522319,False
13522,0.0022328212316490006,360,0.9553819994131724,False
13523,0.00022328212316490004,36,1.5134642587767706,False
13524,9.923649918440002e-05,16,3.714423693716526,False
13525,0.004074898747759426,657,0.8247176421468843,False
13526,0.0005271939019171251,85,9.704747617945952,False
13527,0.05783627218090814,9325,1.1410523900909015,False
13528,0.011071071940259627,1785,0.828246579050016,False
13529,0.0005644075891112751,91,9.765264690577329,False
13530,0.004347799120516526,701,0.6294952105523516,False
13531,0.022539089877256856,3634,1.280092211037333,False
13532,0.0005954189951064002,96,3.410877908269564,False
13533,0.0009365444610527753,151,0.9296825753142502,False
13534,0.0016436045177416253,265,1.0530627974924052,False
13535,0.0017366387357270004,280,2.6158012419939043,False
13536,0.005160297957588801,832,0.7545916736125946,False
13537,0.0008621170866644752,139,4.985427551132312,False
13538,0.0,0,0.0,True
13539,0.0020033368272850756,323,1.398493770475358,False
13540,0.0008249033994703252,133,2.3669715160714055,False
13541,0.006090640137442552,982,1.766188021347139,False
13542,0.0005892167139073751,95,3.6649171377483167,False
13543,0.0011040060534264502,178,1.226117137442814,False
13544,0.00013024790517952503,21,2.1009384904588972,False
13545,0.0012280516774069504,198,5.126690338958394,False
13546,0.0007504760250820251,121,6.626266122849519,False
13547,0.003374040972269601,544,1.5843397712006289,False
13548,0.0006884532130917751,111,4.21315607294306,False
13549,0.0007752851498781252,125,2.8664996089935304,False
13550,0.00019227071716977504,31,1.7472185627106698,False
13551,0.0023816759804256007,384,1.4446750668187935,False
13552,0.00010543878038342502,17,2.005347967147827,False
13553,6.822509318927501e-05,11,0.8405899784781716,False
13554,0.0011660288654167003,188,4.23453839281772,False
13555,9.923649918440002e-05,16,0.6700427383184433,False
13556,0.00011784334278147503,19,10.76068307224073,False
13557,0.0017056273297318754,275,5.581067489277233,False
13558,0.00022948440436392506,37,9.942324225966995,False
13559,6.822509318927501e-05,11,3.691809957677668,False
13560,0.0021025733264694755,339,1.4538901210886188,False
13561,0.00026049581035905006,42,1.8084146408807664,False
13562,0.0035663116894393758,575,0.8464908508632494,False
13563,0.004440833338501901,716,1.0635042553507417,False
13564,8.683193678635003e-05,14,2.3533549649374828,False
13565,0.00015505702997562504,25,1.2694461631774903,False
13566,3.101140599512501e-05,5,2.054403781890869,False
13567,0.00019227071716977504,31,11.414313177908621,False
13568,0.0011722311466157253,189,3.5357860433992254,False
13569,0.0025987558223914756,419,1.0727216235777643,False
13570,0.00016125931117465003,26,8.395242553490858,False
13571,0.00021087756076685005,34,2.7724671363830566,False
13572,0.02309109290397008,3723,0.8383944396398864,False
13573,0.0010295786790381503,166,1.5980575386300144,False
13574,0.006872127568519701,1108,1.0552105574401278,False
13575,3.101140599512501e-05,5,3.364066648483276,False
13576,0.0007504760250820251,121,1.7201164921453176,False
13577,0.0021273824512655754,343,1.4151454041372582,False
13578,0.00029150721635417507,47,11.151048213877576,False
13579,0.00017366387357270005,28,2.0852593183517456,False
13580,0.0018916957657026255,305,1.3197489015391615,False
13581,0.0018978980469016504,306,1.6053316784060858,False
13582,0.0020467527956782505,330,1.4146496252580123,False
13583,0.0017366387357270004,280,3.7384860234601156,False
13584,0.0008187011182713002,132,1.8424302050561616,False
13585,0.0004837779335239501,78,2.1580261847911735,False
13586,0.0011598265842176752,187,3.217763186776064,False
13587,0.003826807499798426,617,0.7440087860948262,False
13588,0.0053339618311615015,860,1.0069196077280267,False
13589,0.006574418070966501,1060,0.7819102125347785,False
13590,0.009197983018154077,1483,0.5535411834716797,False
13591,0.00016746159237367503,27,2.7421475693031594,False
13592,0.00039694599673760006,64,1.4139235634356737,False
13593,0.00026049581035905006,42,10.711335693086896,False
13594,0.004167932965744801,672,0.8981767360653196,False
13595,0.0015939862681494253,257,1.4481331161024042,False
13596,0.0012466585210040252,201,1.1285829888054388,False
13597,0.0021087756076685004,340,1.3197574370047624,False
13598,0.013030992799151528,2101,1.550884096410262,False
13599,0.014928890846053179,2407,1.5348226993372196,False
13600,0.0012652653646011002,204,1.0088741364432317,False
13601,0.00032251862234930007,52,7.1314686720187845,False
13602,0.0019909322648870255,321,1.446413867570158,False
13603,0.0035290980022452258,569,0.959473422206349,False
13604,0.0002480912479610001,40,1.38522070646286,False
13605,0.0013210858953923252,213,4.783760146355965,False
13606,0.004000471373371126,645,1.6252135461615038,False
13607,0.00025429352916002504,41,1.6361873905833175,False
13608,0.0006202281199025002,100,2.9094702672958372,False
13609,0.0004589688087278501,74,1.4076867828498016,False
13610,5.582053079122501e-05,9,1.883899860911899,False
13611,0.005451805173942976,879,1.4973726435326065,False
13612,0.0015195588937611253,245,1.598046855537259,False
13613,0.003256197629488126,525,1.0137992039180936,False
13614,0.0006760486506937252,109,1.6998926258962088,False
13615,0.029659308693737556,4782,1.009752453046581,False
13616,0.0011040060534264502,178,2.161093826374311,False
13617,0.003659345907424751,590,1.2897978790735793,False
13618,0.0010605900850332753,171,1.321994642068071,False
13619,0.0021459892948626504,346,2.2242930018143845,False
13620,0.0021025733264694755,339,1.7554504878401405,False
13621,0.0022824394812412004,368,1.5967334680583165,False
13622,0.013855896198621853,2234,0.6733334147727372,False
13623,0.0011040060534264502,178,2.565879415929987,False
13624,3.101140599512501e-05,5,12.785039567947388,False
13625,0.0020715619204743504,334,1.479445043795123,False
13626,0.0009365444610527753,151,1.8959933700940468,False
13627,9.303421798537502e-05,15,2.180044150352478,False
13628,0.0003287209035483251,53,1.9320632331776169,False
13629,0.0006574418070966502,106,1.344404529850438,False
13630,0.0026669809155807508,430,6.869369944029076,False
13631,0.03799517462522716,6126,14.021318329808917,False
13632,0.00030391177875222506,49,1.4226307917614371,False
13633,0.0004279574027327251,69,3.1395611780277197,False
13634,0.026272863159069907,4236,0.8258043222544439,False
13635,0.0005520030267132251,89,3.6993419775802097,False
13636,0.0025305307292022004,408,1.4252779366923314,False
13637,0.005414591486748826,873,1.1736819382249148,False
13638,0.0021707984196587503,350,2.4689664009639194,False
13639,0.011437006531002103,1844,0.7345557114565967,False
13640,0.0026359695095856256,425,1.5974689323761884,False
13641,0.0020467527956782505,330,9.494662497621594,False
13642,0.11731614887955791,18915,5.770504275913627,False
13643,0.008087774683528602,1304,0.8188183439289866,False
13644,0.0,0,0.0,True
13645,0.009080139675372603,1464,0.8324749339473704,False
13646,0.0020219436708821506,326,1.4216662418622912,False
13647,0.007926515372353952,1278,0.6586404361635306,False
13648,0.0020839664828724005,336,1.027427165990784,False
13649,0.0020281459520811755,327,1.0264214740251547,False
13650,0.0013086813329942753,211,1.6263482672343321,False
13651,0.00035353002834442507,57,1.7630945444107056,False
13652,0.004447035619700926,717,0.9514687137789972,False
13653,0.004006673654570151,646,1.4644678390063,False
13654,0.0019847299836880006,320,2.1403790410608052,False
13655,0.0,0,0.0,True
13656,0.003597323095434501,580,2.074488900447714,False
13657,0.0003287209035483251,53,1.3313934758024395,False
13658,0.0022452257940470503,362,1.7066881399786933,False
13659,9.303421798537502e-05,15,15.589570029576619,False
13660,0.0013645018637855003,220,1.4207430178468878,False
13661,0.0011226128970235252,181,1.47612583834822,False
13662,3.101140599512501e-05,5,2.1332855224609375,False
13663,0.0008869262114605752,143,1.2401877383252125,False
13664,0.0012342539586059752,199,1.0471939920780047,False
13665,0.0005271939019171251,85,1.9312166073743036,False
13666,0.00025429352916002504,41,1.850739441266874,False
13667,1.2404562398050002e-05,2,1.1512567400932312,False
13668,0.00021707984196587504,35,2.0130772284099034,False
13669,0.03130911549267821,5048,3.180300549593667,False
13670,4.341596839317501e-05,7,1.061735851424081,False
13671,0.00011164106158245002,18,1.1677911877632141,False
13672,0.0031941748174978755,515,1.6145333373430863,False
13673,0.006425563322189901,1036,0.9424322608815197,False
13674,6.202281199025001e-06,1,0.7225397825241089,False
13675,0.0020343482332802003,328,0.9810481424011835,False
13676,0.0016374022365426004,264,1.4033442690516964,False
13677,0.0029460835695368755,475,0.9350101029245477,False
13678,0.0016746159237367505,270,1.0783634627306904,False
13679,0.011170308439444028,1801,1.2588562697983,False
13680,0.0013458950201884253,217,2.2295955864515173,False
13681,0.0019103026092997003,308,2.6003464731303128,False
13682,0.0009303421798537502,150,1.3876246897379558,False
13683,0.0007690828686791001,124,1.9631042941924064,False
13684,0.0020529550768772753,331,2.4088297841051913,False
13685,0.0004279574027327251,69,10.392199727072231,False
13686,0.00031631634115027505,51,1.94093638307908,False
13687,0.0028096333831583256,453,1.090265453782829,False
13688,0.0023754736992265754,383,1.5794157483870304,False
13689,0.0018358752349114005,296,1.4614801519625895,False
13690,0.0019103026092997003,308,1.0402925974362855,False
13691,0.0035104911586481507,566,1.2258434641066374,False
13692,2.4809124796100004e-05,4,3.7228317260742188,False
13693,0.0018854934845036005,304,1.4947874412724846,False
13694,0.0017366387357270004,280,1.4478787290198463,False
13695,0.0006388349634995752,103,1.6108543270999947,False
13696,0.006320124541806476,1019,0.6829429547849886,False
13697,0.0021335847324646007,344,2.665384503991105,False
13698,0.012497596616035379,2015,0.7110706054838952,False
13699,0.0020529550768772753,331,1.4624768427131398,False
13700,0.00011164106158245002,18,0.9748350183169047,False
13701,0.0011164106158245003,180,1.1995102802912394,False
13702,0.0005147893395190752,83,4.162382829620178,False
13703,0.0020157413896831253,325,1.0913228669533364,False
13704,0.0006202281199025002,100,1.2413538491725922,False
13705,0.00026049581035905006,42,7.042705192452385,False
13706,1.2404562398050002e-05,2,7.246715009212494,False
13707,0.0017180318921299253,277,5.792947584110907,False
13708,0.0026421717907846505,426,1.4267281047615088,False
13709,0.004298180870924326,693,1.8414999041894469,False
13710,0.0023382600120324254,377,2.0875706302708594,False
13711,0.0018978980469016504,306,2.169086208530501,False
13712,0.003082533755915426,497,0.7736600361599529,False
13713,0.0018854934845036005,304,1.690390267654469,False
13714,0.0002480912479610001,40,11.688981768488883,False
13715,0.14051888284511044,22656,0.9915574876602087,False
13716,0.0008497125242664252,137,8.914882079528196,False
13717,0.00021707984196587504,35,3.8261520964758735,False
13718,0.0033802432534686257,545,0.8832904535696047,False
13719,0.0006760486506937252,109,1.5507113933563232,False
13720,0.0017304364545279755,279,6.938706541146856,False
13721,3.101140599512501e-05,5,1.9989419460296631,False
13722,0.0006202281199025002,100,7.3112788486480715,False
13723,0.00025429352916002504,41,0.810071340421351,False
13724,0.00016125931117465003,26,6.195318680543166,False
13725,0.0019909322648870255,321,1.556095636522287,False
13726,0.0004155528403346751,67,8.109171463482415,False
13727,0.0023134508872363255,373,2.3252299822687146,False
13728,0.0010419832414362003,168,1.4207458723159063,False
13729,0.0017242341733289504,278,2.4254242421911774,False
13730,0.005730907827899101,924,0.9061520447978726,False
13731,0.00032251862234930007,52,1.1537351883374727,False
13732,0.0004775756523249251,77,1.5289062369953503,False
13733,0.0011412197406206002,184,0.9206382010294043,False
13734,0.0013520973013874504,218,1.665477392870352,False
13735,0.0017366387357270004,280,0.9210284169231142,False
13736,0.00021087756076685005,34,1.653172352734734,False
13737,0.004074898747759426,657,0.9627098463804573,False
13738,0.00013024790517952503,21,1.7873448644365584,False
13739,0.0015939862681494253,257,1.31315103671894,False
13740,0.0015009520501640503,242,1.7232588559142814,False
13741,0.0035911208142354756,579,2.0798896192886667,False
13742,0.004285776308526276,691,2.9680282041408907,False
13743,0.004205146652938951,678,1.614432528658954,False
13744,0.003926043998982826,633,1.3402693512692083,False
13745,0.0025243284480031755,407,3.086701644726409,False
13746,0.0028964653199446758,467,2.434780187218807,False
13747,0.0021211801700665505,342,0.8455074708364163,False
13748,0.00012404562398050004,20,1.2832315266132355,False
13749,0.0024623056360129256,397,1.759705466047042,False
13750,0.026260458596671855,4234,1.098144160952273,False
13751,0.0028034311019593007,452,0.9961523033876335,False
13752,0.0010543878038342502,170,1.090246137450723,False
13753,0.0023196531684353504,374,1.7246279429624425,False
13754,0.0017428410169260254,281,1.458344287719591,False
13755,0.007362107783242677,1187,7.285433562944793,False
13756,0.0012714676458001253,205,1.5973741589522943,False
13757,0.02680005706098703,4321,0.692859772371214,False
13758,0.0007690828686791001,124,1.556992600041051,False
13759,0.003708964157016951,598,0.9880808787202356,False
13760,0.00019227071716977504,31,1.1883357994018062,False
13761,0.00023568668556295006,38,7.027154226052134,False
13762,0.0008683193678635002,140,1.6678722926548548,False
13763,3.721368719415001e-05,6,3.470775604248047,False
13764,0.002778621977163201,448,1.303372718925987,False
13765,0.0004031482779366251,65,2.793177916453435,False
13766,0.0028654539139495506,462,4.131546051987322,False
13767,0.0005644075891112751,91,1.3481445102901248,False
13768,0.009309624079736527,1501,5.243981152355949,False
13769,0.0008807239302615502,142,1.8876938551244602,False
13770,0.0027662174147651507,446,1.0502894480666771,False
13771,0.0023568668556295004,380,1.6466328799724579,False
13772,0.0006450372446986001,104,1.5729778477778802,False
13773,0.0024685079172119505,398,3.4407171388367312,False
13774,0.0025739466975953757,415,2.1288576077265913,False
13775,0.0022576303564451005,364,1.150498308978238,False
13776,0.0018544820785084755,299,5.13555244338951,False
13777,0.0018358752349114005,296,1.8440342352196977,False
13778,0.0007380714626839752,119,2.556865595969833,False
13779,0.00023568668556295006,38,3.4138925640206588,False
13780,0.0019723254212899504,318,1.8010936791791856,False
13781,0.0011536243030186503,186,7.021732351472301,False
13782,0.0023568668556295004,380,0.877940865566856,False
13783,0.0009365444610527753,151,0.8966389436595488,False
13784,0.008546743492256452,1378,0.6863344632662259,False
13785,0.0023258554496343757,375,1.5466039975484211,False
13786,0.0052967481439673515,854,3.7489189449741356,False
13787,0.00036593459074247506,59,11.075795797978417,False
13788,0.0013520973013874504,218,1.6262548429156662,False
13789,0.0015381657373582003,248,1.2208464722479544,False
13790,0.003622132220230601,584,1.1974938756799045,False
13791,0.0013893109885816004,224,3.690048606267997,False
13792,0.0005023847771210251,81,1.5778220347416254,False
13793,0.003429861503060826,553,0.9238084002817302,False
13794,0.0015691771433533252,253,1.0016929961947114,False
13795,0.0018296729537123754,295,1.3143766140533706,False
13796,0.0019971345460860503,322,2.4391708374023438,False
13797,0.0018172683913143255,293,2.0291104682883305,False
13798,0.0026607786343817255,429,1.638466102537853,False
13799,0.0004961824959220001,80,0.9608654573559761,False
13800,0.0014947497689650254,241,1.103674357857447,False
13801,0.0024436987924158506,394,1.4655409667092532,False
13802,0.0009551513046498502,154,1.021298233564798,False
13803,9.923649918440002e-05,16,1.6938502565026283,False
13804,0.00013024790517952503,21,1.847672314870925,False
13805,4.341596839317501e-05,7,2.6870245933532715,False
13806,0.0017676501417221253,285,2.613509722759849,False
13807,0.004726138273657051,762,0.9480951138994512,False
13808,0.00019227071716977504,31,1.725847275026383,False
13809,0.004974229521618051,802,1.9672048583886868,False
13810,4.961824959220001e-05,8,19.851707696914673,False
13811,0.0002791026539561251,45,1.9699694633483886,False
13812,0.0003783391531405251,61,6.555442122162366,False
13813,0.0020715619204743504,334,1.580973364635856,False
13814,0.00011784334278147503,19,2.3411195278167725,False
13815,0.0010729946474313252,173,4.820580266114605,False
13816,0.0011040060534264502,178,2.32385595594899,False
13817,0.0004527665275288251,73,7.103536566642866,False
13818,0.0003287209035483251,53,4.545123232985443,False
13819,0.0010109718354410753,163,1.8505987440881553,False
13820,0.02598135594271573,4189,0.8333957441725632,False
13821,0.00013645018637855003,22,1.9735259413719177,False
13822,0.0032127816610949505,518,5.283132158651315,False
13823,0.0005209916207181001,84,1.0487816958200364,False
13824,2.4809124796100004e-05,4,3.849477171897888,False
13825,0.003330625003876426,537,1.1257782044579419,False
13826,0.0005954189951064002,96,1.6210666969418526,False
13827,0.0005333961831161502,86,1.6990781163060389,False
13828,0.00016746159237367503,27,2.7227144417939364,False
13829,7.442737438830002e-05,12,4.0095856587092085,False
13830,0.01702526189132363,2745,0.7761237945278703,False
13831,0.0038578189057935507,622,0.9593266336864213,False
13832,0.0012776699269991503,206,1.4734114234887281,False
13833,0.0053711755183556515,866,1.1486047660506074,False
13834,0.0013893109885816004,224,1.000646658773933,False
13835,0.0004341596839317501,70,5.010822786603655,False
13836,0.00026049581035905006,42,8.946905632813772,False
13837,0.00011164106158245002,18,10.184437857733833,False
13838,0.003938448561380876,635,0.989927028295562,False
13839,0.00011164106158245002,18,4.32327221499549,False
13840,0.0015443680185572254,249,1.5618407913001187,False
13841,0.0034732774714540007,560,0.874047521182469,False
13842,7.442737438830002e-05,12,5.983419398466746,False
13843,0.0021397870136636256,345,1.6788605095683664,False
13844,0.009477085672110202,1528,0.9972038244077672,False
13845,0.0019351117340958004,312,2.004847215918394,False
13846,0.0013582995825864753,219,1.5106888612111409,False
13847,0.0018544820785084755,299,1.4968846203092747,False
13848,0.0008373079618683752,135,1.3356656533700448,False
13849,0.0010916014910284002,176,10.61511198363521,False
13850,0.0018854934845036005,304,2.0083741616261634,False
13851,0.00035353002834442507,57,8.063317608415035,False
13852,0.006791497912932377,1095,1.2538814718864824,False
13853,4.341596839317501e-05,7,1.97757465498788,False
13854,0.0022142143880519256,357,1.5903419513328403,False
13855,0.007188443909669977,1159,1.5652519424379232,False
13856,0.00036593459074247506,59,4.535936266688977,False
13857,0.004130719278550651,666,4.223660604015843,False
13858,0.0006450372446986001,104,2.04645689863425,False
13859,0.0009303421798537502,150,1.9553846629460652,False
13860,0.017329173670075852,2794,0.7054198988011332,False
13861,0.0004031482779366251,65,1.8026578022883488,False
13862,0.00011164106158245002,18,1.465999788708157,False
13863,0.00011164106158245002,18,2.1588493320677014,False
13864,0.0023320577308334005,376,1.5274680431218857,False
13865,0.00018606843597075004,30,1.5563869913419088,False
13866,0.0032127816610949505,518,1.0167836332873488,False
13867,0.004025280498167226,649,0.9415836995481893,False
13868,0.007300084971252427,1177,0.9577621757325826,False
13869,0.0005768121515093252,93,8.600357132573281,False
13870,0.007008577754898252,1130,3.8431439372290552,False
13871,0.00013024790517952503,21,11.51758721328917,False
13872,0.0012776699269991503,206,4.86800428733085,False
13873,0.0004155528403346751,67,2.2477851625698717,False
13874,0.0056812895783069015,916,1.073877559999191,False
13875,0.0005582053079122502,90,1.538494500848982,False
13876,0.0021025733264694755,339,1.2797754028905457,False
13877,0.009402658297721902,1516,1.2541337478758476,False
13878,0.0008559148054654502,138,1.2470601823018945,False
13879,0.0028282402267554006,456,0.9003928157321194,False
13880,0.0003101140599512501,50,6.044489054679871,False
13881,0.0008311056806693502,134,1.3931343119535873,False
13882,3.721368719415001e-05,6,2.6633059779802957,False
13883,0.00011164106158245002,18,1.9069581031799316,False
13884,0.00014265246757757502,23,1.834621533103611,False
13885,0.005036252333608301,812,0.9302710142041662,False
13886,5.582053079122501e-05,9,2.0547318193647595,False
13887,0.0028282402267554006,456,1.0839104192298756,False
13888,6.202281199025002e-05,10,4.952139687538147,False
13889,0.004372608245312626,705,1.4869912921959627,False
13890,0.0015381657373582003,248,1.1735296441662697,False
13891,0.0008621170866644752,139,7.0078418958101345,False
13892,0.0007380714626839752,119,1.9562699113573347,False
13893,0.0018172683913143255,293,2.349957872576274,False
13894,0.0012838722081981752,207,1.3641894318631307,False
13895,0.0007132623378878751,115,1.608392894786337,False
13896,0.0016311999553435754,263,1.8364311397755555,False
13897,0.0017552455793240754,283,1.64336120197714,False
13898,0.00011164106158245002,18,0.933161563343472,False
13899,0.0017862569853192003,288,2.2432449145449533,False
13900,0.0011908379902128004,192,2.606078650802374,False
13901,0.004019078216968201,648,0.9991133404366764,False
13902,0.0006078235575044501,98,3.0197966536697076,False
13903,0.004366405964113601,704,1.3382591700012034,False
13904,0.0021583938572607006,348,1.5613083996992,False
13905,0.006834913881325551,1102,0.7191118462765065,False
13906,0.0004713733711259001,76,1.7989125941929065,False
13907,0.00021087756076685005,34,1.6417557491975672,False
13908,0.0037399755630120757,603,1.2561344732692585,False
13909,0.0069837686301021515,1126,1.5138109962639545,False
13910,0.006220888042622077,1003,3.4802590576506565,False
13911,0.004806767929244376,775,0.8055385503461284,False
13912,0.0020405505144792256,329,2.221309782886215,False
13913,0.0002791026539561251,45,6.5004337337281966,False
13914,0.18488380026173626,29809,1.3481297336695974,False
13915,0.0003721368719415001,60,10.344787037372589,False
13916,0.00012404562398050004,20,3.0477715015411375,False
13917,0.0002480912479610001,40,1.1815931677818299,False
13918,0.00021707984196587504,35,7.050454146521432,False
13919,0.0004651710899268751,75,1.338760617574056,False
13920,0.0014141201133777003,228,1.3073417460709287,False
13921,0.0007876897122761752,127,1.9201483257173553,False
13922,0.0026979923215758755,435,1.5566165469158655,False
13923,0.03948372211299316,6366,1.143762487231131,False
13924,0.0005830144327083501,94,1.6185223168515144,False
13925,0.00014885474877660004,24,9.351885199546814,False
13926,0.0010916014910284002,176,1.9861298230561344,False
13927,0.0014513338005718503,234,0.9655899563406267,False
13928,0.0022576303564451005,364,0.968185020999594,False
13929,0.0022204166692509505,358,2.4659090658139915,False
13930,0.0026297672283866007,424,0.9662092797598749,False
13931,0.00030391177875222506,49,8.908926827566964,False
13932,0.00020467527956782505,33,2.235545689409429,False
13933,0.0021087756076685004,340,0.9469867005067714,False
13934,0.005991403638258151,966,0.7188169892036643,False
13935,0.0009489490234508252,153,1.4029193010205536,False
13936,0.0023196531684353504,374,2.2948657503740035,False
13937,0.004217551215337001,680,0.8940246427760404,False
13938,0.007541973938014402,1216,0.6850949259180772,False
13939,0.0020839664828724005,336,1.1608279421925545,False
13940,0.0028964653199446758,467,1.9605101701789545,False
13941,0.0011784334278147502,190,1.0667803883552551,False
13942,0.003274804473085201,528,1.0956431588891782,False
13943,0.008509529805062302,1372,0.6458946157127358,False
13944,0.00010543878038342502,17,1.2915244102478027,False
13945,0.0023506645744304755,379,2.0838990264958004,False
13946,5.582053079122501e-05,9,2.2871771388583713,False
13947,0.003597323095434501,580,1.5053965274629921,False
13948,0.0005830144327083501,94,2.7296111304709254,False
13949,0.0018048638289162753,291,1.4267864899127345,False
13950,0.004564878962482401,736,1.122623102982407,False
13951,0.0021956075444548506,354,4.808217495174731,False
13952,0.00012404562398050004,20,14.41951350569725,False
13953,0.0031135451619105506,502,2.3469777826768943,False
13954,0.0025677444163963504,414,1.861431740908231,False
13955,0.004980431802817076,803,1.988213114542504,False
13956,0.0016870204861348004,272,5.224549430258134,False
13957,0.0006574418070966502,106,7.8078522052405015,False
13958,0.011151701595846953,1798,1.2568106433838706,False
13959,0.0020653596392753255,333,1.8398341133787826,False
13960,0.0017924592665182254,289,3.706583348525024,False
13961,0.0016932227673338255,273,1.391612002264449,False
13962,0.005327759549962476,859,1.1967249926921235,False
13963,0.054933604579764435,8857,0.6993413819434399,False
13964,0.0025367330104012257,409,1.320066266071534,False
13965,0.00028530493515515004,46,2.2928854382556416,False
13966,0.0025863512599934254,417,1.0525838502591176,False
13967,8.062965558732502e-05,13,2.4556007385253906,False
13968,0.009824413419255603,1584,5.05708330809468,False
13969,0.0021149778888675257,341,2.123737251304112,False
13970,0.0004403619651307751,71,1.8289551634184071,False
13971,0.0019723254212899504,318,1.5916766063222345,False
13972,0.0018854934845036005,304,1.414342603401134,False
13973,0.0003783391531405251,61,2.456451834225264,False
13974,0.0009799604294459501,158,3.766078474400919,False
13975,0.00028530493515515004,46,4.3155220902484395,False
13976,8.062965558732502e-05,13,1.7308643689522376,False
13977,0.00022948440436392506,37,6.8768045644502385,False
13978,0.00022328212316490004,36,1.4859786960813735,False
13979,0.008918880364197952,1438,1.2371076105864556,False
13980,0.006320124541806476,1019,1.1886043801274921,False
13981,0.0031135451619105506,502,2.937787794971846,False
13982,0.0007194646190869002,116,1.2846536800779145,False
13983,0.006413158759791851,1034,1.2277622831628678,False
13984,0.0005644075891112751,91,1.6792282167371813,False
13985,0.0005520030267132251,89,2.716798423381334,False
13986,0.0006450372446986001,104,1.46789715725642,False
13987,0.0023134508872363255,373,1.898825408306582,False
13988,0.0027165991651729505,438,0.8080624018085601,False
13989,0.003144556567905676,507,1.7871026534300585,False
13990,0.00022948440436392506,37,1.3046035057789571,False
13991,0.00017986615477172505,29,1.4476344667632004,False
13992,0.0013458950201884253,217,3.0817459739298316,False
13993,0.0009923649918440003,160,1.6775220602750778,False
13994,0.00024188896676197505,39,6.812707974360539,False
13995,0.0021832029820568004,352,1.9829418462785808,False
13996,0.0010543878038342502,170,3.592836497110479,False
13997,0.004999038646414151,806,1.6191459527382484,False
13998,0.0035911208142354756,579,1.4913424426409865,False
13999,0.003870223468191601,624,1.0624997455340166,False
14000,0.0022080121068529003,356,1.518144038286102,False
14001,0.0023878782616246256,385,3.018808151529981,False
14002,0.0009923649918440003,160,1.3686088934540748,False
14003,0.014854463471664879,2395,0.6838469987622382,False
14004,0.0004403619651307751,71,1.6959245994057455,False
14005,0.0013024790517952502,210,4.256293313843863,False
14006,0.0015443680185572254,249,1.3116274789634,False
14007,0.0012032425526108503,194,5.587666728447393,False
14008,0.003901234874186726,629,0.9105886908896588,False
14009,0.00018606843597075004,30,1.2398883024851481,False
14010,0.0003597323095434501,58,1.0583378569833164,False
14011,0.00010543878038342502,17,2.0343381376827465,False
14012,0.0016684136425377254,269,2.4188846394031907,False
14013,0.0019413140152948255,313,1.2947293897025502,False
14014,0.03183010711339631,5132,0.9234756059416178,False
14015,0.00028530493515515004,46,1.1214997405591218,False
14016,0.0022018098256538754,355,1.733978203988411,False
14017,0.0019103026092997003,308,2.5834881794917117,False
14018,0.007318691814849502,1180,2.3558627201338944,False
14019,0.0013520973013874504,218,1.9082286543802385,False
14020,0.0015753794245523503,254,1.4187579779174384,False
14021,0.0026793854779788005,432,1.6752542900266472,False
14022,0.0004093505591356501,66,1.3199179822748357,False
14023,7.442737438830002e-05,12,2.957108477751414,False
14024,0.0021273824512655754,343,0.9825220365218449,False
14025,0.0021149778888675257,341,1.5647254210413377,False
14026,0.0013831087073825753,223,1.8064843341374077,False
14027,0.0017552455793240754,283,1.0087072326943225,False
14028,0.0007256669002859252,117,1.7800529960893159,False
14029,0.0,0,0.0,True
14030,0.0008311056806693502,134,1.21980365710472,False
14031,3.101140599512501e-05,5,1.2927157163619996,False
14032,0.0009365444610527753,151,1.0934340859091045,False
14033,0.020504741643976653,3306,1.284628705984163,False
14034,0.003615929939031576,583,1.1389011302084293,False
14035,8.062965558732502e-05,13,1.393987774848938,False
14036,0.0,0,0.0,True
14037,0.0006636440882956752,107,5.294472810263946,False
14038,0.004589688087278501,740,1.3966234522896843,False
14039,0.0022080121068529003,356,2.130287442984206,False
14040,0.004074898747759426,657,5.313710812019975,False
14041,0.0004961824959220001,80,6.467007464170456,False
14042,1.2404562398050002e-05,2,0.8160984516143799,False
14043,0.0012528608022030503,202,1.8117773509261632,False
14044,0.0018234706725133503,294,1.0802762046152232,False
14045,0.0019537185776928754,315,1.2281329276069761,False
14046,0.0008621170866644752,139,1.377236522358956,False
14047,0.00012404562398050004,20,1.5430907964706422,False
14048,0.0014203223945767254,229,1.2665065417643717,False
14049,0.0005830144327083501,94,2.5053275164137494,False
14050,0.009656951826881928,1557,1.4579604166627467,False
14051,0.007293882690053401,1176,0.7857791120503225,False
14052,0.005104477426797576,823,0.7364874042543432,False
14053,0.0005023847771210251,81,6.508681852140544,False
14054,0.0008187011182713002,132,2.9604387563286405,False
14055,0.004422226494904826,713,1.6862030835171735,False
14056,0.0004403619651307751,71,1.7291383390695276,False
14057,0.019872108961676103,3204,1.2991539500328189,False
14058,2.4809124796100004e-05,4,1.5957273840904236,False
14059,0.00024188896676197505,39,2.4036824825482492,False
14060,0.0022638326376441253,365,0.9211529173263132,False
14061,0.0006698463694947001,108,1.3480113159727167,False
14062,0.0004403619651307751,71,1.1898781917464565,False
14063,0.0003287209035483251,53,1.2087555561425551,False
14064,0.0016808182049357753,271,1.1568419313078877,False
14065,0.00013645018637855003,22,2.2584072188897566,False
14066,0.004583485806079476,739,1.4818687593824003,False
14067,0.0033430295662744756,539,0.9910325897867914,False
14068,0.0007442737438830002,120,1.616219937801361,False
14069,0.004242360340133101,684,1.282946755314431,False
14070,0.0010791969286303503,174,1.712235528162156,False
14071,0.0035725139706384006,576,0.8509399665312635,False
14072,3.721368719415001e-05,6,1.411335547765096,False
14073,0.004056291904162351,654,2.099027178703098,False
14074,0.003851616624594526,621,0.8480178814579323,False
14075,0.0018110661101153004,292,3.083405471011384,False
14076,0.00031631634115027505,51,0.9861207218731151,False
14077,0.019853502118079028,3201,0.9892067615779554,False
14078,0.0016994250485328503,274,1.1270500077818433,False
14079,0.00014265246757757502,23,11.218564707299937,False
14080,0.003708964157016951,598,1.621392195041363,False
14081,0.008732811928227202,1408,1.5502414981072599,False
14082,0.011647884091768953,1878,1.8595271532020121,False
14083,0.0020901687640714254,337,1.1281751383659748,False
14084,0.00016125931117465003,26,1.7800590900274424,False
14085,0.0014451315193728252,233,4.472534908245562,False
14086,0.0014203223945767254,229,1.0595379328623609,False
14087,0.0018854934845036005,304,1.2693990621911853,False
14088,0.0008249033994703252,133,9.175178911452903,False
14089,0.00022328212316490004,36,6.585100366009606,False
14090,0.00010543878038342502,17,2.6819309487062344,False
14091,0.0021894052632558253,353,1.8484882403365612,False
14092,3.721368719415001e-05,6,7.223888357480367,False
14093,0.0010419832414362003,168,3.5346323556843258,False
14094,0.002797228820760276,451,1.7180326180553225,False
14095,0.005327759549962476,859,1.061913719554719,False
14096,0.0012838722081981752,207,1.315900839469283,False
14097,0.00022948440436392506,37,1.4130651564211458,False
14098,0.0009551513046498502,154,2.2527809615259047,False
14099,0.0004031482779366251,65,5.458235630622277,False
14100,0.0004341596839317501,70,1.851178388936179,False
14101,0.01941934243414728,3131,1.680843412971314,False
14102,8.683193678635003e-05,14,2.031137994357518,False
14103,0.0012156471150089002,196,2.5622382382957305,False
14104,0.02717219393292853,4381,0.541078080436569,False
14105,7.442737438830002e-05,12,1.4037601550420125,False
14106,0.0020715619204743504,334,10.523484600161364,False
14107,0.0028716561951485755,463,1.4434888903574603,False
14108,0.0031507588491047006,508,1.0483144655471712,False
14109,0.00013645018637855003,22,10.834417180581527,False
14110,0.004062494185361376,655,1.6514933418681603,False
14111,0.0025987558223914756,419,0.8917808794463165,False
14112,0.008720407365829151,1406,1.1857839990645689,False
14113,0.005327759549962476,859,1.4574869089826021,False
14114,0.0028158356643573504,454,1.7618641165384636,False
14115,0.0019785277024889753,319,7.860925464420856,False
14116,0.0024126873864207254,389,3.44605188382009,False
14117,0.008490922961465227,1369,0.7197960420974944,False
14118,0.0014761429253679504,238,1.3117678591183253,False
14119,0.0024499010736148755,395,1.307371388205999,False
14120,0.0013334904577903754,215,0.8563694310742755,False
14121,0.00022948440436392506,37,1.8738896460146517,False
14122,0.0012218493962079253,197,1.5435990609493353,False
14123,0.0021645961384597254,349,0.7430483803024948,False
14124,0.0004217551215337001,68,1.2887551258592045,False
14125,0.0016498067989406504,266,1.326474502570647,False
14126,0.0019847299836880006,320,1.223461828008294,False
14127,0.0022700349188431506,366,2.204726176183732,False
14128,0.0023382600120324254,377,1.7426698331175179,False
14129,0.0011660288654167003,188,1.3974016435602878,False
14130,8.683193678635003e-05,14,1.0672322937420435,False
14131,0.0014327269569747753,231,1.4033228520191077,False
14132,0.0024250919488187756,391,2.2999599287881876,False
14133,0.0026421717907846505,426,1.5280151294430657,False
14134,0.0004341596839317501,70,1.6897389224597386,False
14135,0.0012776699269991503,206,1.6608193175306598,False
14136,0.0003721368719415001,60,8.96411915421486,False
14137,0.00028530493515515004,46,11.238791584968567,False
14138,0.0013148836141933004,212,1.0663091990182985,False
14139,0.059182167201096564,9542,1.170395290844097,False
14140,0.0021335847324646007,344,1.5564956297708112,False
14141,0.006704665976146026,1081,1.2669590800917887,False
14142,0.0004341596839317501,70,1.4269935028893608,False
14143,0.0028840607575466256,465,0.9892602138621833,False
14144,0.0013769064261835503,222,1.2877211334469083,False
14145,0.0005271939019171251,85,8.675083311866311,False
14146,0.0002480912479610001,40,8.723686301708222,False
14147,0.0009923649918440003,160,0.9630851551890374,False
14148,0.0017056273297318754,275,2.054605332287875,False
14149,0.009731379201270228,1569,1.440084847619839,False
14150,0.0024499010736148755,395,1.5890214575996882,False
14151,0.003634536782628651,586,1.0058574796536677,False
14152,0.0030391177875222506,490,2.956428570163493,False
14153,0.00017986615477172505,29,2.558789845170646,False
14154,0.0014203223945767254,229,0.8527875763880634,False
14155,7.442737438830002e-05,12,2.461917132139206,False
14156,0.0008993307738586252,145,1.6113147694489052,False
14157,0.0011970402714118252,193,2.0201224984282655,False
14158,0.0013210858953923252,213,1.4255692477517286,False
14159,0.00014265246757757502,23,2.248598705167356,False
14160,0.0006512395258976251,105,1.4137844380878266,False
14161,0.0005644075891112751,91,1.2010615723473685,False
14162,0.0009737581482469252,157,1.2838545065776559,False
14163,0.007318691814849502,1180,0.878578072887356,False
14164,0.1144630995280064,18455,1.8036738194930977,False
14165,0.0017056273297318754,275,1.4841518653522838,False
14166,0.0029274767259398005,472,0.8667926353923345,False
14167,0.004657913180467776,751,0.7095824570535185,False
14168,0.0014823452065669753,239,1.2041453846328927,False
14169,0.006686059132548951,1078,1.5251419892558804,False
14170,0.004254764902531151,686,1.2416853682292794,False
14171,0.00035353002834442507,57,1.7880439967439885,False
14172,0.0022204166692509505,358,1.1007181532556118,False
14173,0.0023568668556295004,380,1.8233322425892478,False
14174,0.0023506645744304755,379,1.1052831892602362,False
14175,0.00010543878038342502,17,1.330206457306357,False
14176,0.0018482797973094504,298,2.7243719676997036,False
14177,0.00027290037275710005,44,12.152371181683106,False
14178,0.0019227071716977505,310,2.293129313761188,False
14179,0.0020157413896831253,325,0.8334724572988657,False
14180,6.822509318927501e-05,11,1.8641153465617786,False
14181,0.0005023847771210251,81,1.003964203375357,False
14182,0.0008931284926596002,144,1.2411416851811938,False
14183,0.0007318691814849501,118,1.137780935077344,False
14184,0.0008807239302615502,142,4.1661445741922085,False
14185,0.02090788992191328,3371,1.7160183485874752,False
14186,2.4809124796100004e-05,4,1.1048009395599365,False
14187,0.0011412197406206002,184,5.064123208108156,False
14188,0.00017366387357270005,28,5.943145419870104,False
14189,0.0011908379902128004,192,1.5568250467379887,False
14190,0.0004713733711259001,76,11.609068445469203,False
14191,0.0023630691368285257,381,3.5944012178210762,False
14192,3.101140599512501e-05,5,1.3470824718475343,False
14193,0.00011164106158245002,18,1.5554727978176541,False
14194,0.0013210858953923252,213,1.294211143619018,False
14195,0.012261909930472428,1977,0.6597659198334558,False
14196,0.014829654346868778,2391,1.0435662090105275,False
14197,0.0033244227226774006,536,1.1223414798281086,False
14198,0.010128325198007828,1633,0.6767687518685709,False
14199,0.0016498067989406504,266,1.2246571586544353,False
14200,0.0026297672283866007,424,1.5848686020329315,False
14201,0.0004155528403346751,67,1.5170693966879774,False
14202,0.0015877839869504003,256,2.2330165118910372,False
14203,0.014308662726150678,2307,1.041466089983652,False
14204,0.0005830144327083501,94,9.728706452440708,False
14205,0.0018358752349114005,296,1.3946455781524245,False
14206,0.0021211801700665505,342,0.8695510604925323,False
14207,0.0009861627106449752,159,1.0105216533133068,False
14208,0.0025181261668041507,406,1.2267058283237402,False
14209,0.0,0,0.0,True
14210,0.0006512395258976251,105,1.615141755058652,False
14211,0.00017986615477172505,29,7.105238067692723,False
14212,0.0002977094975532001,48,1.2762610887487729,False
14213,0.0019909322648870255,321,0.8744172975653057,False
14214,0.0020405505144792256,329,1.4877929781707948,False
14215,0.00023568668556295006,38,1.2811125767858405,False
14216,0.0035166934398471756,567,1.002886205753952,False
14217,0.0012838722081981752,207,1.3960515600471681,False
14218,0.00012404562398050004,20,1.6668571472167968,False
14219,0.0005023847771210251,81,7.1068769325444725,False
14220,0.00015505702997562504,25,5.115900602340698,False
14221,0.0006512395258976251,105,1.4709308192843482,False
14222,0.006896936693315802,1112,0.8804548592876187,False
14223,0.013148836141933002,2120,0.7280426637181696,False
14224,0.0026235649471875754,423,4.479130357151618,False
14225,0.006369742791398676,1027,2.6487688623593635,False
14226,0.0012714676458001253,205,4.975153126367709,False
14227,0.0016932227673338255,273,4.0493682356544465,False
14228,0.00013645018637855003,22,10.440035630356181,False
14229,0.0020715619204743504,334,1.5304784674844343,False
14230,0.0005892167139073751,95,7.144932147076255,False
14231,2.4809124796100004e-05,4,1.534906804561615,False
14232,1.8606843597075006e-05,3,0.830041249593099,False
14233,0.0007194646190869002,116,1.1632013074282943,False
14234,0.0011784334278147502,190,1.7746791827051263,False
14235,0.00016746159237367503,27,2.844645694450096,False
14236,0.0014327269569747753,231,1.9891232757857351,False
14237,0.00021707984196587504,35,3.188356011254447,False
14238,0.0021894052632558253,353,3.359004212506432,False
14239,3.721368719415001e-05,6,1.303169806798299,False
14240,0.0003783391531405251,61,1.1590855512462679,False
14241,0.030713696497571805,4952,1.7361257180258607,False
14242,0.009241398986547252,1490,0.7841503872967407,False
14243,0.006847318443723602,1104,0.7079849485037983,False
14244,0.002933679007138826,473,1.705684496030747,False
14245,0.00016746159237367503,27,2.098767907531173,False
14246,0.0033368272850754508,538,0.9243710439887631,False
14247,0.0056998964219039765,919,0.7408407416774347,False
14248,0.0016436045177416253,265,1.2192165230805019,False
14249,0.0008993307738586252,145,1.2589044135192344,False
14250,0.003926043998982826,633,0.9861903348805215,False
14251,0.0008187011182713002,132,1.8861543030449839,False
14252,0.005873560295476676,947,0.9299515738784323,False
14253,0.0024995193232070756,403,3.2266195388349055,False
14254,0.0011102083346254752,179,1.5832872217593912,False
14255,0.0022018098256538754,355,1.154370765618875,False
14256,9.303421798537502e-05,15,1.58409640789032,False
14257,0.0011102083346254752,179,6.6867744230025306,False
14258,0.00016125931117465003,26,15.548139145741096,False
14259,0.011530040748987478,1859,0.9994849853454064,False
14260,0.00021707984196587504,35,10.405123618670872,False
14261,0.0037213687194150007,600,0.9164828252792359,False
14262,0.0012714676458001253,205,1.4019447629044695,False
14263,0.003584918533036451,578,0.8825868809511918,False
14264,0.0024250919488187756,391,1.2700846808035966,False
14265,0.0022762372000421755,367,1.7669691467804869,False
14266,0.003789593812604276,611,1.235974712964946,False
14267,0.04853285038237064,7825,5.288822696186102,False
14268,0.0009489490234508252,153,1.3813078816420112,False
14269,0.0023568668556295004,380,0.8818335429618233,False
14270,0.0010667923662323003,172,1.0934333801269531,False
14271,0.0020157413896831253,325,0.853549207173861,False
14272,0.0028592516327505257,461,2.310370470075959,False
14273,0.011914582183327027,1921,0.6903371875451171,False
14274,0.005947987669864976,959,1.768764101054298,False
14275,0.0006140258387034752,99,12.56711798123639,False
14276,0.0031135451619105506,502,1.0869562618760948,False
14277,4.961824959220001e-05,8,3.3302035331726074,False
14278,0.005048656896006351,814,0.7985432903655331,False
14279,0.06925467186831316,11166,0.7815280786535121,False
14280,0.00014265246757757502,23,6.488470087880674,False
14281,0.00019847299836880003,32,12.616154119372368,False
14282,0.00012404562398050004,20,0.8507282376289368,False
14283,0.0019909322648870255,321,2.1100807130522448,False
14284,0.0005644075891112751,91,3.4305605862166857,False
14285,0.0005395984643151751,87,2.17759701575356,False
14286,0.004757149679652176,767,1.0553562945772492,False
14287,0.00032251862234930007,52,8.97352280983558,False
14288,0.004620699493273626,745,4.561179765758898,False
14289,0.02141647698023333,3453,0.7184758842284873,False
14290,0.0008931284926596002,144,1.2240438643429015,False
14291,0.0017676501417221253,285,1.6550467436773735,False
14292,0.006313922260607451,1018,1.43241024579421,False
14293,0.005978999075860102,964,1.6595087207204573,False
14294,0.0022328212316490006,360,0.8904595315456391,False
14295,0.007045791442092402,1136,3.3051251246475837,False
14296,0.004124516997351626,665,2.0293964357304395,False
14297,1.2404562398050002e-05,2,7.542395114898682,False
14298,0.0019227071716977505,310,1.6250982115345616,False
14299,0.0011040060534264502,178,2.81393935439292,False
14300,0.0019413140152948255,313,1.45983620116505,False
14301,0.0008373079618683752,135,1.3050138491171377,False
14302,0.0026359695095856256,425,2.4652387450723086,False
14303,0.0019475162964938504,314,1.1737248855791274,False
14304,0.0003411254659463751,55,5.012135007164695,False
14305,0.0007876897122761752,127,5.274390171831987,False
14306,0.0026483740719836757,427,1.7276317989519105,False
14307,0.0016870204861348004,272,1.7285014794153326,False
14308,0.0017552455793240754,283,9.283892899435738,False
14309,0.0011660288654167003,188,1.9478433449217614,False
14310,0.0014947497689650254,241,2.185884635972779,False
14311,0.011530040748987478,1859,1.9134325778503583,False
14312,0.0015691771433533252,253,0.9967700129912305,False
14313,7.442737438830002e-05,12,2.2216904560724893,False
14314,0.0007938919934752001,128,6.579615470953286,False
14315,0.0016808182049357753,271,1.5696000617368635,False
14316,0.0005830144327083501,94,2.4290273252953876,False
14317,0.012082043775700702,1948,0.7135278498122825,False
14318,0.0009489490234508252,153,1.4123676080329746,False
14319,0.0021087756076685004,340,2.013201820149141,False
14320,0.0019909322648870255,321,1.6581713551672819,False
14321,0.0005706098703103001,92,1.5969860294590825,False
14322,1.2404562398050002e-05,2,1.8512578010559082,False
14323,9.923649918440002e-05,16,1.5174889862537384,False
14324,4.961824959220001e-05,8,3.6234730184078217,False
14325,0.014606372223703878,2355,0.8800209061608446,False
14326,0.0030949383183134756,499,1.4511521478931986,False
14327,0.003690357313419876,595,1.2288799285888672,False
14328,0.0019661231400909256,317,1.7383224407581124,False
14329,1.2404562398050002e-05,2,1.0092394351959229,False
14330,0.0027910265395612506,450,0.9281317732069227,False
14331,0.0005023847771210251,81,1.2480707109710316,False
14332,0.0008249033994703252,133,0.7881685244409662,False
14333,0.0005271939019171251,85,5.111288760690128,False
14334,0.0007008577754898252,113,2.293255259505415,False
14335,6.202281199025002e-05,10,1.3603991508483886,False
14336,0.0006078235575044501,98,1.0020597589259246,False
14337,0.0007814874310771502,126,1.672911727239215,False
14338,0.005929380826267901,956,0.8044000041035928,False
14339,0.005185107082384901,836,1.4668748769463535,False
14340,3.101140599512501e-05,5,0.8763576030731202,False
14341,0.00027290037275710005,44,1.4432485753839666,False
14342,0.004868790741234626,785,1.233286409924744,False
14343,0.00035353002834442507,57,1.3851516748729504,False
14344,6.202281199025002e-05,10,1.2315356612205506,False
14345,0.0022824394812412004,368,2.423266769103382,False
14346,8.683193678635003e-05,14,0.7935047319957188,False
14347,0.0029646904131339505,478,1.1909406115320438,False
14348,0.0010171741166401002,164,1.5743166499021577,False
14349,0.00028530493515515004,46,1.978101662967516,False
14350,0.013533377576272553,2182,0.7463901145648344,False
14351,0.0009551513046498502,154,2.152112178988271,False
14352,0.0010729946474313252,173,1.8492599084887202,False
14353,0.002797228820760276,451,1.2367205540515367,False
14354,0.0008062965558732502,130,1.318107085961562,False
14355,0.0019289094528967753,311,0.9347785140157129,False
14356,0.0017056273297318754,275,1.441257936304266,False
14357,0.006394551916194776,1031,0.7751619947638821,False
14358,0.0022762372000421755,367,1.9569075315459872,False
14359,0.0012280516774069504,198,2.0216177045696915,False
14360,0.0021832029820568004,352,2.460352424870838,False
14361,0.0012528608022030503,202,1.5247262344501986,False
14362,0.060968424186415765,9830,1.0393673218642707,False
14363,0.0018978980469016504,306,3.4723123397702484,False
14364,0.0019599208588919003,316,2.0222004244599163,False
14365,7.442737438830002e-05,12,10.373974661032358,False
14366,0.04459440182098976,7190,1.0556112965887545,False
14367,0.0018420775161104254,297,1.5066343228825014,False
14368,0.0017614478605231004,284,1.1050422678531056,False
14369,0.0037585824066091508,606,0.9397438823586644,False
14370,0.0024312942300178005,392,1.7665677861291535,False
14371,0.0006016212763054251,97,4.7027285578324625,False
14372,0.006450372446986001,1040,1.6253665449527595,False
14373,0.0030329155063232257,489,0.9660638465959358,False
14374,0.0015319634561591754,247,1.85381300729296,False
14375,0.004316787714521401,696,2.193211475665542,False
14376,0.0024561033548139008,396,1.2252288915292182,False
14377,0.00012404562398050004,20,11.337640273571015,False
14378,0.005879762576675701,948,0.854760717239058,False
14379,0.0013086813329942753,211,1.0300468121659698,False
14380,0.047515676265730535,7661,1.5749483913934008,False
14381,0.00029150721635417507,47,1.2035573568749935,False
14382,0.00011784334278147503,19,0.30901523640281275,False
14383,1.8606843597075006e-05,3,2.9400080839792886,False
14384,0.0004899802147229751,79,1.6654340134391301,False
14385,0.0011288151782225502,182,2.7018771053670525,False
14386,0.0009303421798537502,150,1.2370310910542806,False
14387,0.0010047695542420502,162,1.7141327718157826,False
14388,0.0005023847771210251,81,10.167054891586304,False
14389,0.0003287209035483251,53,1.490463895617791,False
14390,0.002760015133566126,445,1.0823405206873176,False
14391,0.0022142143880519256,357,3.623352033417432,False
14392,0.0020901687640714254,337,1.5709338103274564,False
14393,0.0026235649471875754,423,1.2451258173507438,False
14394,0.0013396927389894002,216,1.4018749682991594,False
14395,3.721368719415001e-05,6,2.155153671900431,False
14396,0.0007938919934752001,128,3.8653095308691263,False
14397,1.8606843597075006e-05,3,1.502623200416565,False
14398,0.0004837779335239501,78,3.4411680820660715,False
14399,0.0020777642016733757,335,1.7604566787605855,False
14400,0.0020529550768772753,331,1.0476062024107873,False
14401,0.03364117322351161,5424,0.7888756304715587,False
14402,0.0017304364545279755,279,15.706982362654902,False
14403,0.0017366387357270004,280,1.9633792447192329,False
14404,0.00020467527956782505,33,10.193855509613499,False
14405,0.0017056273297318754,275,10.803629935437982,False
14406,0.008571552617052553,1382,0.85930590208636,False
14407,0.0024499010736148755,395,2.47885882763923,False
14408,0.0021459892948626504,346,2.098436580572514,False
14409,0.00024188896676197505,39,1.5392628113428752,False
14410,0.016374022365426004,2640,1.096012354168025,False
14411,4.961824959220001e-05,8,4.46701180934906,False
14412,0.0023754736992265754,383,2.390246617887412,False
14413,0.004639306336870701,748,0.6491249943162031,False
14414,0.0010605900850332753,171,1.0627361068948669,False
14415,0.0023506645744304755,379,1.489206565401485,False
14416,0.00033492318474735006,54,9.14673912745935,False
14417,0.0004465642463298001,72,5.249467160966661,False
14418,0.006388349634995751,1030,0.9061575732184846,False
14419,0.0002977094975532001,48,1.3098746786514919,False
14420,0.0025553398539983007,412,1.2826748710234188,False
14421,0.00032251862234930007,52,3.5167509409097524,False
14422,0.0010357809602371752,167,1.6196491339963353,False
14423,0.0006698463694947001,108,1.7774815404856648,False
14424,0.0019537185776928754,315,3.0028570008656335,False
14425,0.0005209916207181001,84,1.2628093716644107,False
14426,0.003640739063827676,587,1.6373973258309307,False
14427,6.822509318927501e-05,11,0.9701176990162242,False
14428,0.0027848242583622257,449,1.2991566761564837,False
14429,0.009092544237770651,1466,0.7228460734732968,False
14430,0.004167932965744801,672,1.7125166824885778,False
14431,0.0008993307738586252,145,7.2501558994424755,False
14432,0.0019041003281006755,307,1.465900449488761,False
14433,0.0002977094975532001,48,2.35553070406119,False
14434,0.0009427467422518002,152,1.039659027990542,False
14435,0.00030391177875222506,49,7.288372886424162,False
14436,0.0007380714626839752,119,1.2125392380882711,False
14437,0.0054083892055498016,872,1.0209660396116589,False
14438,0.005414591486748826,873,0.9812609485744201,False
14439,0.0022328212316490006,360,3.1456428014569813,False
14440,0.0006450372446986001,104,5.659559950232506,False
14441,0.00017366387357270005,28,11.089063631636757,False
14442,0.0024126873864207254,389,1.741793444346646,False
14443,0.0004837779335239501,78,1.1170881604536986,False
14444,0.0025615421351973255,413,4.977552565766304,False
14445,0.0033988500970657007,548,0.871472955837737,False
14446,0.0010978037722274253,177,1.427118242123706,False
14447,0.0007132623378878751,115,3.712266877423162,False
14448,0.0004403619651307751,71,6.144488991146356,False
14449,0.005346366393559551,862,1.9934376740953486,False
14450,0.0017118296109309005,276,1.3141830097074094,False
14451,9.303421798537502e-05,15,2.45857146581014,False
14452,0.00024188896676197505,39,2.196812107012822,False
14453,0.0022576303564451005,364,1.6562098389143471,False
14454,0.00021707984196587504,35,2.4430956397737775,False
14455,3.721368719415001e-05,6,1.303208331267039,False
14456,0.0015381657373582003,248,1.4753802702311547,False
14457,0.0007256669002859252,117,1.0518512725830078,False
14458,1.2404562398050002e-05,2,2.454523801803589,False
14459,0.0007070600566888501,114,1.7367018942247356,False
14460,0.024672674609721456,3978,0.5786169585778882,False
14461,0.00015505702997562504,25,10.075419158935548,False
14462,0.0020095391084841005,324,1.1127115966361245,False
14463,0.004130719278550651,666,1.655733032090528,False
14464,0.0021832029820568004,352,1.5611034276133233,False
14465,0.0005954189951064002,96,2.0618108237783113,False
14466,0.005073466020802451,818,1.2068953374195799,False
14467,0.0007690828686791001,124,5.812237937604228,False
14468,0.00039694599673760006,64,1.9294923823326826,False
14469,0.0005209916207181001,84,11.180776749338422,False
14470,0.0004217551215337001,68,8.511619816808139,False
14471,0.0011164106158245003,180,1.335863761107127,False
14472,0.0011908379902128004,192,1.5235043205320835,False
14473,3.721368719415001e-05,6,1.052857756614685,False
14474,0.00011164106158245002,18,5.6523935662375555,False
14475,0.00018606843597075004,30,2.6784555673599244,False
14476,0.005892167139073751,950,0.8850705557120474,False
14477,0.004019078216968201,648,1.3415763996265553,False
14478,0.0029584881319349257,477,1.0238672227479626,False
14479,0.0011350174594215753,183,1.83042248350675,False
14480,0.0030143086627261507,486,1.940925017305853,False
14481,0.009241398986547252,1490,1.0461040738445,False
14482,0.0015629748621543004,252,3.7771732845003645,False
14483,0.00036593459074247506,59,1.1827029777785478,False
14484,0.0006326326823005501,102,1.433954159418742,False
14485,0.0006326326823005501,102,7.6661374872806025,False
14486,0.0015009520501640503,242,1.563917416186372,False
14487,0.0008931284926596002,144,2.9169141261114016,False
14488,0.005693694140704951,918,0.7440637160490281,False
14489,0.004279574027327251,690,1.395301061263983,False
14490,6.822509318927501e-05,11,3.869610829786821,False
14491,0.0006388349634995752,103,1.392638921737671,False
14492,0.0015257611749601504,246,1.279457363171306,False
14493,0.003708964157016951,598,0.8648523582662627,False
14494,0.0003845414343395501,62,2.3001146739529026,False
14495,0.0018668866409065254,301,2.7912283514029164,False
14496,0.012851126644379802,2072,0.6372231795060589,False
14497,0.0006140258387034752,99,7.333724248288858,False
14498,0.0030949383183134756,499,2.6955075873162797,False
14499,0.01667793414417823,2689,0.6370184704378752,False
14500,0.0022142143880519256,357,1.2594114632165732,False
14501,0.0022266189504499753,359,1.898316906687277,False
14502,0.00021707984196587504,35,2.638860184805734,False
14503,0.0008124988370722751,131,2.2635632480373817,False
14504,0.0005395984643151751,87,2.0326144256811034,False
14505,0.02563402819557033,4133,1.0183172486695429,False
14506,0.0014451315193728252,233,1.6809461219116342,False
14507,0.0028344425079544254,457,1.0136591861232365,False
14508,0.0013831087073825753,223,1.557820121269055,False
14509,0.0015567725809552753,251,1.8412141676443032,False
14510,0.00017986615477172505,29,9.702100030307111,False
14511,0.0004837779335239501,78,1.6011316455327547,False
14512,0.00014885474877660004,24,1.4978290895620983,False
14513,0.0005209916207181001,84,1.0270493626594543,False
14514,0.0023506645744304755,379,0.7325482739622171,False
14515,0.0011226128970235252,181,2.5359537752952366,False
14516,0.005489018861137126,885,1.327955126358291,False
14517,8.062965558732502e-05,13,2.4622500309577355,False
14518,0.0023754736992265754,383,1.1808386701827884,False
14519,0.005780526077491301,932,1.5877086706939174,False
14520,0.0016063908305474753,259,1.2333147148367982,False
14521,0.0007938919934752001,128,2.586213866248727,False
14522,0.0003597323095434501,58,1.0913564213391007,False
14523,1.2404562398050002e-05,2,5.800610065460205,False
14524,0.006624036320558702,1068,1.3469760907946455,False
14525,0.0023072486060373007,372,0.90146370248128,False
14526,0.0,0,0.0,True
14527,0.00010543878038342502,17,14.245198852875653,False
14528,5.582053079122501e-05,9,2.340040670500861,False
14529,0.014569158536509728,2349,0.6807207519219448,False
14530,2.4809124796100004e-05,4,0.9101734757423401,False
14531,6.822509318927501e-05,11,1.7558783834630793,False
14532,0.0024995193232070756,403,1.5707967299089833,False
14533,0.0038392120621964757,619,1.9054541349025844,False
14534,1.8606843597075006e-05,3,1.143755038579305,False
14535,0.0020095391084841005,324,1.4836707483103246,False
14536,0.0011660288654167003,188,1.1870675841544538,False
14537,0.0005395984643151751,87,2.804265636137162,False
14538,0.0003101140599512501,50,2.2502730226516725,False
14539,0.06104905384200309,9843,0.9623859641538165,False
14540,2.4809124796100004e-05,4,5.634642630815506,False
14541,0.00017366387357270005,28,2.2857882976531982,False
14542,0.0032437930670900757,523,0.8886419774013541,False
14543,0.0004775756523249251,77,1.4360406770334615,False
14544,0.00028530493515515004,46,1.6982885443645974,False
14545,0.0004589688087278501,74,2.1213077483950435,False
14546,0.00031631634115027505,51,1.1433423126445097,False
14547,0.004713733711259001,760,3.249978218580547,False
14548,0.0018668866409065254,301,4.769336279048476,False
14549,0.00031631634115027505,51,6.180421092930962,False
14550,0.0023320577308334005,376,1.4887524855897782,False
14551,0.0006264304011015251,101,2.657898768340007,False
14552,0.0014761429253679504,238,1.7153387410300118,False
14553,0.00019227071716977504,31,1.8571588300889539,False
14554,0.004143123840948701,668,3.699980404562579,False
14555,0.00027290037275710005,44,1.523543899709528,False
14556,0.0029460835695368755,475,0.7992387349982011,False
14557,0.0028716561951485755,463,1.15488872466283,False
14558,0.0020839664828724005,336,1.670507889418375,False
14559,0.0019785277024889753,319,2.637380455354912,False
14560,0.0027290037275710007,440,2.8226036898114466,False
14561,0.006667452288951876,1075,1.1306405959018442,False
14562,9.303421798537502e-05,15,6.077506955464681,False
14563,0.0052967481439673515,854,0.7501942832241014,False
14564,0.011771929715749453,1898,1.5239606738341747,False
14565,0.0065806203521655265,1061,0.8864191640221095,False
14566,6.202281199025001e-06,1,1.8808372020721436,False
14567,0.0033244227226774006,536,1.5540663608864171,False
14568,0.0035290980022452258,569,1.1761824870989486,False
14569,0.0002480912479610001,40,7.2795921802520756,False
14570,0.0022824394812412004,368,1.348661463221778,False
14571,0.0002666980915580751,43,2.0342379420302636,False
14572,0.0007256669002859252,117,4.827842039939685,False
14573,3.101140599512501e-05,5,1.8776928901672363,False
14574,0.01950617437093363,3145,0.7846488952636719,False
14575,0.0024002828240226757,387,1.1437840979228648,False
14576,0.0038392120621964757,619,0.833274596919921,False
14577,0.0006574418070966502,106,3.208542360449737,False
14578,0.0018172683913143255,293,1.4441367107039833,False
14579,0.0010916014910284002,176,1.6341564601117915,False
14580,0.0024436987924158506,394,0.8979530873032391,False
14581,0.0009861627106449752,159,1.3810551353970413,False
14582,0.0011474220218196253,185,1.5882453467394855,False
14583,0.0010481855226352253,169,1.4935707834345349,False
14584,0.008397888743479852,1354,1.149804585793522,False
14585,0.0006698463694947001,108,1.114422019984987,False
14586,0.0035166934398471756,567,1.4574603367945085,False
14587,0.004589688087278501,740,1.118382419122232,False
14588,0.0018420775161104254,297,2.4731035830597285,False
14589,0.00039694599673760006,64,1.4693267401307821,False
14590,0.0074799511260241515,1206,1.3950932279945805,False
14591,0.003752380125410126,605,1.242209346235291,False
14592,0.012454180647642202,2008,0.7658555887609839,False
14593,0.00023568668556295006,38,0.9648396655132896,False
14594,3.101140599512501e-05,5,2.3204362869262694,False
14595,0.0032251862234930007,520,0.6575229864854079,False
14596,0.00022948440436392506,37,10.634520988206607,False
14597,0.003101140599512501,500,1.0469330115318298,False
14598,0.002970892694332976,479,0.8249771264002567,False
14599,0.0006884532130917751,111,1.4086720513867903,False
14600,0.0034546706278569257,557,1.6107621175810507,False
14601,9.303421798537502e-05,15,1.9370171229044597,False
14602,0.0020653596392753255,333,1.6749443334860128,False
14603,0.003833009780997451,618,1.345301976095897,False
14604,0.0023010463248382754,371,1.0220687254419867,False
14605,1.8606843597075006e-05,3,1.9185699621836345,False
14606,0.00019847299836880003,32,1.404286690056324,False
14607,0.0004465642463298001,72,1.1898680064413283,False
14608,0.0009737581482469252,157,1.250275308918801,False
14609,0.0004217551215337001,68,2.4570199496605816,False
14610,0.0022390235128480255,361,1.710800282842895,False
14611,0.0019351117340958004,312,0.8687340842607694,False
14612,0.009477085672110202,1528,0.7392215928482135,False
14613,0.0003101140599512501,50,9.601419045925141,False
14614,0.04883055987992384,7873,1.2819062073924528,False
14615,0.0009861627106449752,159,2.636591615916798,False
14616,0.01589644671310108,2563,0.6128002087492241,False
14617,0.005290545862768326,853,2.8123814011514536,False
14618,0.005631671328714701,908,1.913183914144659,False
14619,2.4809124796100004e-05,4,0.98274827003479,False
14620,0.0006884532130917751,111,2.598766895027848,False
14621,0.0015443680185572254,249,0.9323873472022244,False
14622,0.0020715619204743504,334,2.241454725493928,False
14623,0.0008373079618683752,135,1.4313393239621763,False
14624,0.004639306336870701,748,0.9928441331348318,False
14625,0.002797228820760276,451,1.442992170475539,False
14626,0.00022948440436392506,37,2.4104460703360067,False
14627,0.00010543878038342502,17,3.1043623335221233,False
14628,6.202281199025001e-06,1,2.1884946823120117,False
14629,0.0012032425526108503,194,1.038865884554755,False
14630,0.004750947398453151,766,0.9725971312186736,False
14631,4.341596839317501e-05,7,1.1453096866607666,False
14632,0.006686059132548951,1078,4.55540293842167,False
14633,0.0004527665275288251,73,0.9474591065759528,False
14634,0.0008373079618683752,135,0.9617052254853425,False
14635,0.0006574418070966502,106,1.2185671262021334,False
14636,0.00029150721635417507,47,1.3494697885310396,False
14637,0.0061960789178259765,999,1.465552862222727,False
14638,0.007386916908038776,1191,0.8675954043614974,False
14639,0.0005582053079122502,90,2.3809499038590327,False
14640,0.0019103026092997003,308,0.8965408202115591,False
14641,0.006915543536912877,1115,1.1891366154623673,False
14642,0.005426996049146877,875,1.4481890990393502,False
14643,0.004961824959220001,800,0.8207011663913727,False
14644,0.0006574418070966502,106,4.033094064244684,False
14645,0.3619713330562981,58361,2.5921746924583626,False
14646,0.0013272881765913503,214,1.2242082602509827,False
14647,9.923649918440002e-05,16,1.0342641174793243,False
14648,0.0014327269569747753,231,1.0912974252329244,False
14649,0.004955622678020976,799,2.2217281533123105,False
14650,0.0004279574027327251,69,1.520511699759442,False
14651,0.0009303421798537502,150,1.8529136387507121,False
14652,0.0008559148054654502,138,1.1737401018971982,False
14653,0.0023754736992265754,383,1.6076830336070247,False
14654,0.013024790517952503,2100,8.296428814558755,False
14655,8.683193678635003e-05,14,1.107142380305699,False
14656,0.0024685079172119505,398,1.344182871394421,False
14657,0.0008745216490625251,141,1.2050089582483818,False
14658,0.0052409276131761265,845,0.8425593426947058,False
14659,6.202281199025001e-06,1,0.9583112001419067,False
14660,3.721368719415001e-05,6,1.3093257149060566,False
14661,0.0022452257940470503,362,1.611355075190739,False
14662,0.0004899802147229751,79,3.1297147756890404,False
14663,0.0011784334278147502,190,0.8981202960014343,False
14664,0.0004775756523249251,77,3.1610862930099684,False
14665,0.0002666980915580751,43,2.4027151784231497,False
14666,0.00016746159237367503,27,5.1558581855562,False
14667,0.0007628805874800752,123,5.047474161396182,False
14668,0.00019847299836880003,32,1.3215779662132263,False
14669,0.0017304364545279755,279,1.08630582166829,False
14670,0.0014947497689650254,241,1.5504069803166687,False
14671,0.0024995193232070756,403,1.4596971279338335,False
14672,0.0023072486060373007,372,0.9442589853399543,False
14673,0.025553398539983004,4120,1.029874468775629,False
14674,0.0005520030267132251,89,1.9142436284697457,False
14675,0.0047819588044482764,771,1.0870260703733767,False
14676,0.008652182272639877,1395,7.000050317600209,False
14677,0.00011784334278147503,19,3.5090787159769157,False
14678,0.004056291904162351,654,1.2563873277891666,False
14679,0.0008869262114605752,143,2.116886579907024,False
14680,0.0014885474877660003,240,1.8995484352111816,False
14681,0.0004961824959220001,80,1.9963237553834916,False
14682,0.0026669809155807508,430,5.144731302039568,False
14683,0.0017428410169260254,281,5.17542514088315,False
14684,0.0013396927389894002,216,1.5361051156564995,False
14685,0.0018420775161104254,297,1.4284427503142694,False
14686,0.0004465642463298001,72,3.277441451946894,False
14687,0.0003101140599512501,50,1.597349660396576,False
14688,0.0005458007455142001,88,1.479712274941531,False
14689,0.0023196531684353504,374,1.4770232556975462,False
14690,0.010426034695561028,1681,0.6860300321652731,False
14691,0.0009861627106449752,159,1.106860526702689,False
14692,0.0011970402714118252,193,1.7300544816595285,False
14693,0.0033616364098715506,542,1.1245561719380621,False
14694,0.00017986615477172505,29,6.656398699201387,False
14695,0.002741408289969051,442,4.543130170435927,False
14696,0.0007566783062810502,122,1.6106326062171186,False
14697,0.0013707041449845254,221,1.1529110049769888,False
14698,0.0017676501417221253,285,1.3237919054533307,False
14699,0.0021707984196587503,350,1.6779332031522478,False
14700,0.003330625003876426,537,1.570876053369689,False
14701,0.0004837779335239501,78,1.645380267730126,False
14702,0.0014141201133777003,228,6.097915958939937,False
14703,0.0019909322648870255,321,2.650731886287345,False
14704,0.0017304364545279755,279,1.5538646679198016,False
14705,0.006289113135811352,1014,1.0640863066124022,False
14706,0.004354001401715551,702,1.0091232097047007,False
14707,0.0023196531684353504,374,1.4209655367116878,False
14708,0.0029460835695368755,475,3.1828085204174643,False
14709,0.00035353002834442507,57,1.696911050562273,False
14710,0.00016746159237367503,27,2.5957897504170737,False
14711,0.0004031482779366251,65,2.596593451499939,False
14712,0.0022452257940470503,362,2.420171951062113,False
14713,0.03019270487685371,4868,0.6353960695478303,False
14714,0.035570082676408384,5735,0.9012277405264072,False
14715,0.0020343482332802003,328,4.308147719357072,False
14716,0.0025367330104012257,409,1.0400978510420595,False
14717,0.0014203223945767254,229,1.3354096037852192,False
14718,0.0003845414343395501,62,1.5443686189190033,False
14719,0.003026713225124201,488,1.924334330636947,False
14720,4.961824959220001e-05,8,1.0250720381736755,False
14721,0.0002480912479610001,40,6.468467986583709,False
14722,0.003870223468191601,624,1.4320264873214257,False
14723,0.0023134508872363255,373,1.5739942114730303,False
14724,0.0018048638289162753,291,2.1728406636575652,False
14725,0.0009551513046498502,154,2.3990201160505222,False
14726,0.0010791969286303503,174,1.6754820963432049,False
14727,0.0008062965558732502,130,8.753591980383947,False
14728,1.8606843597075006e-05,3,2.31282901763916,False
14729,0.0002977094975532001,48,1.6115643282731373,False
14730,0.02418269439499848,3899,1.2178010082024737,False
14731,0.0025429352916002505,410,2.566529573463812,False
14732,0.0004217551215337001,68,3.519190598936642,False
14733,0.0011040060534264502,178,1.5240597684731645,False
14734,0.0021459892948626504,346,1.7209020308676484,False
14735,0.0021025733264694755,339,1.8039657099057087,False
14736,0.0007442737438830002,120,6.260883085926374,False
14737,0.017130700671707053,2762,0.5393274668590647,False
14738,0.0005085870583200501,82,0.9398401176057211,False
14739,0.00025429352916002504,41,9.059516200205175,False
14740,2.4809124796100004e-05,4,1.2221218943595886,False
14741,0.0022018098256538754,355,2.25632872615062,False
14742,0.0014637383629699002,236,1.291830702353332,False
14743,0.0020901687640714254,337,1.6966538843132268,False
14744,0.0004155528403346751,67,1.3669406869518224,False
14745,0.00018606843597075004,30,2.7810636162757874,False
14746,0.0030887360371144507,498,2.2855223335894235,False
14747,0.0012218493962079253,197,1.1118729949602622,False
14748,0.0016374022365426004,264,1.7732033160599796,False
14749,0.0014203223945767254,229,1.259892776022832,False
14750,0.0010667923662323003,172,3.720060487126195,False
14751,0.00025429352916002504,41,10.777891801624763,False
14752,0.0020219436708821506,326,1.7301819979047484,False
14753,0.002989499537930051,482,1.312730377640467,False
14754,0.0024002828240226757,387,1.7649226900218993,False
14755,0.0007070600566888501,114,1.4076165285026818,False
14756,0.0011970402714118252,193,1.4377776897015349,False
14757,0.0030577246311193256,493,1.6091568542542372,False
14758,0.0026855877591778258,433,0.9786732973182449,False
14759,0.0019289094528967753,311,0.9811551885206217,False
14760,0.0013707041449845254,221,1.4603208988500396,False
14761,0.00035353002834442507,57,1.2633410650387145,False
14762,0.0010171741166401002,164,2.0915229676700218,False
14763,0.0019537185776928754,315,1.4480287169653272,False
14764,0.0006822509318927502,110,6.347180963646282,False
14765,0.0005023847771210251,81,9.354019009036783,False
14766,0.0011350174594215753,183,1.747772511237306,False
14767,0.02420750351979458,3903,0.8855969338364519,False
14768,1.2404562398050002e-05,2,5.700582027435303,False
14769,0.00011164106158245002,18,9.59036143620809,False
14770,0.0021832029820568004,352,1.9232898005707697,False
14771,1.8606843597075006e-05,3,1.7962839206059773,False
14772,0.0014265246757757502,230,2.133071199707363,False
14773,0.0032686021918861756,527,1.1340972072033095,False
14774,0.009563917608896553,1542,1.0969475704099108,False
14775,0.0020529550768772753,331,1.6980052772245378,False
14776,0.0003721368719415001,60,2.5839752991994223,False
14777,0.0019475162964938504,314,2.4382897455980825,False
14778,0.0021149778888675257,341,1.6100233775779298,False
14779,0.004943218115622926,797,2.605822568256852,False
14780,0.0010667923662323003,172,1.5632077330766723,False
14781,0.0029460835695368755,475,1.9064177382619758,False
14782,0.0011226128970235252,181,1.6119430815975968,False
14783,0.00010543878038342502,17,0.7968672023100012,False
14784,0.0031755679739008005,512,1.3640624915715307,False
14785,0.0007752851498781252,125,10.3404993724823,False
14786,0.0066364408829567515,1070,0.7977995079254435,False
14787,0.004812970210443401,776,0.777923588900222,False
14788,0.0002666980915580751,43,1.1045976461366165,False
14789,0.00027290037275710005,44,6.878198168494484,False
14790,0.0012528608022030503,202,2.5316061648992028,False
14791,0.0012032425526108503,194,1.5659017095860748,False
14792,0.0023444622932314507,378,1.4875132523516499,False
14793,0.0013831087073825753,223,1.9175025251414208,False
14794,0.004354001401715551,702,3.227457774670375,False
14795,9.303421798537502e-05,15,2.7305164019266766,False
14796,0.0028344425079544254,457,3.386787825131573,False
14797,0.0013645018637855003,220,1.2523404652422125,False
14798,0.0017490432981250503,282,8.302299839385013,False
14799,0.00022948440436392506,37,1.7088035635046057,False
14800,0.00014885474877660004,24,0.6270641883214315,False
14801,1.8606843597075006e-05,3,2.9931344191233316,False
14802,0.005501423423535177,887,2.0698484874497405,False
14803,0.0012590630834020753,203,1.4662815203220385,False
14804,0.00018606843597075004,30,12.72301425933838,False
14805,0.017093486984512903,2756,0.5754832764668458,False
14806,0.0015195588937611253,245,1.9021426546330356,False
14807,0.0009737581482469252,157,1.1285821860003624,False
14808,0.0021583938572607006,348,2.354844384494869,False
14809,0.003442266065458876,555,2.612640281196113,False
14810,0.0019041003281006755,307,0.8149305504385734,False
14811,0.004453237900899951,718,4.987205212494789,False
14812,0.003584918533036451,578,1.2265887266624345,False
14813,0.0008187011182713002,132,1.3689155542489253,False
14814,0.00018606843597075004,30,2.324854270617167,False
14815,0.0022080121068529003,356,1.1962089250596721,False
14816,0.00017366387357270005,28,1.5245601279394967,False
14817,0.007182241628470951,1158,0.965558235509408,False
14818,0.00025429352916002504,41,1.7003788366550352,False
14819,0.0005023847771210251,81,2.0728831703280224,False
14820,0.0021335847324646007,344,1.7886745340602344,False
14821,0.0022018098256538754,355,3.9472928409845056,False
14822,0.0008311056806693502,134,2.229296912008257,False
14823,0.00032251862234930007,52,1.5412276616463294,False
14824,7.442737438830002e-05,12,2.6660150488217673,False
14825,0.0016932227673338255,273,1.3148723989179283,False
14826,0.004440833338501901,716,1.1596487634008823,False
14827,0.13279704275232432,21411,0.9846558056186803,False
14828,0.0013334904577903754,215,2.0697878183320513,False
14829,0.0016249976741445503,262,2.409602564709787,False
14830,0.00027290037275710005,44,9.209331420334903,False
14831,0.00039694599673760006,64,1.2045084238052368,False
14832,0.00023568668556295006,38,9.74917032844142,False
14833,0.0004403619651307751,71,2.7609881733504817,False
14834,0.01511495928202393,2437,1.2328333567046805,False
14835,0.0006760486506937252,109,8.80415087336794,False
14836,0.00033492318474735006,54,0.9065830221882573,False
14837,0.0006202281199025002,100,2.275799171924591,False
14838,0.00014885474877660004,24,6.282994727293651,False
14839,0.0005706098703103001,92,1.3328152830186097,False
14840,0.00011164106158245002,18,5.173084901438819,False
14841,0.0011102083346254752,179,1.0707709962429282,False
14842,0.0014079178321786752,227,1.25725882431484,False
14843,0.0007132623378878751,115,1.9096903386323347,False
14844,0.003746177844211101,604,1.561514791273913,False
14845,0.0034794797526530256,561,1.0889269961392816,False
14846,0.0018110661101153004,292,0.9351065934520878,False
14847,0.0006946554942908002,112,2.9002857378550937,False
14848,0.0011040060534264502,178,6.266042280063201,False
14849,0.010562484881939577,1703,0.6006747854504947,False
14850,0.0004341596839317501,70,1.8251740847315108,False
14851,0.0017738524229211504,286,1.5025590616506297,False
14852,0.003101140599512501,500,5.465521584033966,False
14853,0.00024188896676197505,39,1.7878182545686379,False
14854,0.0006946554942908002,112,4.764469730002539,False
14855,0.0004403619651307751,71,1.7448579794924024,False
14856,0.0005644075891112751,91,6.770660958447299,False
14857,3.721368719415001e-05,6,1.437165896097819,False
14858,0.003746177844211101,604,1.0334709590633973,False
14859,3.101140599512501e-05,5,1.974887728691101,False
14860,0.00017366387357270005,28,4.667302676609585,False
14861,0.0011536243030186503,186,1.3600398609715123,False
14862,0.0006636440882956752,107,4.118166965858959,False
14863,0.0022948440436392505,370,3.2677255366299605,False
14864,0.006450372446986001,1040,1.479100897220465,False
14865,0.006624036320558702,1068,0.8171678937776259,False
14866,0.0010543878038342502,170,1.6636334082659554,False
14867,5.582053079122501e-05,9,0.875207609600491,False
14868,0.0024933170420080504,402,1.4567930754737475,False
14869,0.0033802432534686257,545,3.697387437207983,False
14870,0.00017366387357270005,28,1.6256218254566193,False
14871,0.007256669002859251,1170,2.4026457018322414,False
14872,0.004409821932506776,711,1.1435937936798932,False
14873,4.341596839317501e-05,7,1.6629067318780082,False
14874,4.341596839317501e-05,7,2.7778592790876115,False
14875,8.062965558732502e-05,13,9.308503004220816,False
14876,0.0005892167139073751,95,2.5262214873966418,False
14877,0.0005271939019171251,85,1.5451870413387523,False
14878,0.00029150721635417507,47,11.140871864684085,False
14879,0.020448921113185428,3297,0.810277559339982,False
14880,0.0015629748621543004,252,1.2426551391207983,False
14881,0.0021335847324646007,344,1.654460641880368,False
14882,0.00026049581035905006,42,2.051164570308867,False
14883,0.0019909322648870255,321,1.7688761403627484,False
14884,0.0038206052185994007,616,4.07454898488986,False
14885,0.004447035619700926,717,1.5410376107177308,False
14886,0.014476124318524353,2334,0.654500403972191,False
14887,0.013632614075456953,2198,1.3779021263990323,False
14888,0.002722801446371976,439,1.5998743666603246,False
14889,0.0018854934845036005,304,2.290016889964279,False
14890,0.0018110661101153004,292,1.8597131992039615,False
14891,0.0004093505591356501,66,1.5102767005111233,False
14892,0.00018606843597075004,30,3.4347350438435873,False
14893,0.0006698463694947001,108,1.4965145378201097,False
14894,0.00010543878038342502,17,1.174059222726261,False
14895,0.0016436045177416253,265,1.0206048906974072,False
14896,0.0022886417624402257,369,1.2179336030954915,False
14897,0.006338731385403551,1022,1.2760860192099197,False
14898,0.0020281459520811755,327,1.118880252954792,False
14899,0.0017986615477172505,290,1.0806784025554,False
14900,0.00013024790517952503,21,1.6905745665232341,False
14901,0.04409821932506776,7110,0.7534605678123764,False
14902,0.0005830144327083501,94,2.1460337993946483,False
14903,0.0023010463248382754,371,3.4078908255800724,False
14904,0.00026049581035905006,42,1.5116423084622337,False
14905,0.0,0,0.0,True
14906,0.008813441583814526,1421,2.0903406477914066,False
14907,0.0006822509318927502,110,7.0451164538210085,False
14908,0.0005147893395190752,83,9.834388839193137,False
14909,0.0004155528403346751,67,14.229041012365427,False
14910,0.0019351117340958004,312,1.2557491048788414,False
14911,0.011908379902128003,1920,0.6838446487983068,False
14912,0.0012900744893972003,208,0.9022612531597798,False
14913,0.003504288877449126,565,1.4889046356741307,False
14914,0.0012776699269991503,206,1.359188716967129,False
14915,0.0006822509318927502,110,2.775228604403409,False
14916,0.0015939862681494253,257,1.5568684687410348,False
14917,0.0018792912033045754,303,1.1249088281058635,False
14918,0.0007752851498781252,125,1.6373341484069823,False
14919,0.0006202281199025002,100,4.073804603815079,False
14920,0.0006574418070966502,106,2.261823188583806,False
14921,0.0012032425526108503,194,1.9708146956778063,False
14922,0.0022514280752460756,363,1.9751823500168224,False
14923,0.0023816759804256007,384,0.8923380002379417,False
14924,0.0030329155063232257,489,0.9612432988874752,False
14925,0.0037957960938033008,612,0.9635992922814064,False
14926,0.0004093505591356501,66,1.277863728277611,False
14927,0.0004465642463298001,72,0.9610227048397064,False
14928,6.202281199025002e-05,10,1.2156336307525635,False
14929,0.0008497125242664252,137,3.063845512640737,False
14930,0.0011536243030186503,186,1.3823053567640242,False
14931,0.0032437930670900757,523,1.453583083918628,False
14932,0.0012838722081981752,207,2.1861162945844126,False
14933,0.0057929306398893515,934,2.7710713271921144,False
14934,0.00020467527956782505,33,7.205511609713237,False
14935,0.015995683212285478,2579,1.5573100844017522,False
14936,0.0014947497689650254,241,2.482464419360972,False
14937,0.003082533755915426,497,9.202483765556059,False
14938,0.0006884532130917751,111,1.938692508517085,False
14939,0.003640739063827676,587,1.4582900966452577,False
14940,0.4263944278705708,68748,3.0670900518526447,False
14941,0.006028617325452301,972,4.51163545189571,False
14942,0.0010481855226352253,169,0.7859889120745236,False
14943,0.0002666980915580751,43,1.5025196740793627,False
14944,7.442737438830002e-05,12,1.1370500723520915,False
14945,0.0069837686301021515,1126,1.9637842707693258,False
14946,0.0022390235128480255,361,2.2132515042112146,False
14947,0.0020281459520811755,327,1.4236966732445113,False
14948,0.0019475162964938504,314,1.457835705416977,False
14949,0.0023072486060373007,372,2.0000505812706484,False
14950,0.0006574418070966502,106,2.26338052974557,False
14951,6.202281199025002e-05,10,16.51563415527344,False
14952,0.00019847299836880003,32,1.2865934744477272,False
14953,0.004527665275288251,730,1.4964805838179915,False
14954,0.0016622113613387003,268,2.83261199139837,False
14955,0.04215070302857391,6796,0.7451986904492303,False
14956,0.0020219436708821506,326,2.1804446373249124,False
14957,0.0023506645744304755,379,1.6424107148968135,False
14958,0.0024995193232070756,403,4.284274880406874,False
14959,0.0012218493962079253,197,1.4378495046935105,False
14960,0.0004217551215337001,68,10.08359357013422,False
14961,0.0004465642463298001,72,4.876170019308726,False
14962,4.341596839317501e-05,7,1.7873142446790422,False
14963,0.0030887360371144507,498,1.1111332632930404,False
14964,0.004453237900899951,718,0.6865423595672863,False
14965,0.004298180870924326,693,1.328218424303019,False
14966,0.0025367330104012257,409,1.1093614591071541,False
14967,3.101140599512501e-05,5,17.826078963279723,False
14968,0.0006946554942908002,112,1.1095690354704857,False
14969,0.0024312942300178005,392,1.1331807837194325,False
14970,0.004198944371739926,677,0.8400225491432178,False
14971,0.014928890846053179,2407,1.536771976358424,False
14972,0.0023754736992265754,383,4.074952260321177,False
14973,0.0015443680185572254,249,1.652135148105851,False
14974,3.101140599512501e-05,5,1.7452650547027588,False
14975,0.003063926912318351,494,7.985595584157025,False
14976,0.0020901687640714254,337,3.801033008699955,False
14977,0.0024499010736148755,395,1.3685397576682174,False
14978,0.00013024790517952503,21,2.6935530049460277,False
14979,0.0023444622932314507,378,1.6799327138239744,False
14980,6.822509318927501e-05,11,20.78527307510376,False
14981,0.004633104055671676,747,1.744410483872236,False
14982,0.00033492318474735006,54,1.8658210480654682,False
14983,1.8606843597075006e-05,3,0.9112687905629476,False
14984,0.0005333961831161502,86,2.432046599166338,False
14985,0.00018606843597075004,30,0.9441070834795634,False
14986,0.0020901687640714254,337,1.428086835835737,False
14987,0.0004093505591356501,66,2.214674386111173,False
14988,0.0006202281199025002,100,7.412538431882858,False
14989,0.0008559148054654502,138,1.7257073201994966,False
14990,3.721368719415001e-05,6,18.450978358586628,False
14991,0.0014823452065669753,239,1.4083863880843797,False
14992,0.004955622678020976,799,1.6315838547612311,False
14993,0.0036097276578325507,582,0.8653983279192161,False
14994,0.006245697167418176,1007,1.2974692107193992,False
14995,0.0018234706725133503,294,1.381937443399105,False
14996,0.0004341596839317501,70,7.22717970098768,False
14997,0.0011040060534264502,178,1.277470667710465,False
14998,0.00013024790517952503,21,1.2326555933271135,False
14999,0.005761919233894226,929,1.6762146057943994,False
15000,0.004540069837686301,732,0.9650699436013165,False
15001,8.683193678635003e-05,14,1.4663857051304408,False
15002,4.341596839317501e-05,7,2.541049804006304,False
15003,0.0024623056360129256,397,2.854045561038577,False
15004,0.003349231847473501,540,1.1669632505487513,False
15005,0.0026917900403768506,434,1.6429752116928453,False
15006,0.0003101140599512501,50,2.178170869350433,False
15007,0.0020467527956782505,330,2.381317333019141,False
15008,0.0007628805874800752,123,1.8061941416282965,False
15009,0.0006140258387034752,99,3.056085473359233,False
15010,0.0017366387357270004,280,1.2781401566096715,False
15011,0.0032623999106871507,526,2.1923607254662896,False
15012,0.005110679707996601,824,0.9213001519730948,False
15013,0.0007690828686791001,124,2.387795042607092,False
15014,0.0003411254659463751,55,9.322258413921704,False
15015,0.0005520030267132251,89,5.732094408421034,False
15016,0.0018358752349114005,296,1.755959214390935,False
15017,0.0004527665275288251,73,1.2421380591719118,False
15018,0.009309624079736527,1501,0.7192514446240755,False
15019,0.0035477048458423008,572,2.2159564278342505,False
15020,0.0018978980469016504,306,1.3729590255450579,False
15021,0.0011412197406206002,184,3.086070638635884,False
15022,0.0018048638289162753,291,1.5108573174558555,False
15023,1.2404562398050002e-05,2,2.501816749572754,False
15024,0.009985672730430252,1610,0.9714481774324216,False
15025,0.00017366387357270005,28,1.5676680292401994,False
15026,0.050033802432534684,8067,1.1754238118731697,False
15027,0.004614497212074601,744,1.7456411789822321,False
15028,0.014085380602985777,2271,2.063234562393014,False
15029,1.2404562398050002e-05,2,2.006446659564972,False
15030,6.202281199025001e-06,1,0.9244885444641113,False
15031,0.0008373079618683752,135,2.5315131805561206,False
15032,0.0009241398986547252,149,1.2458765874773063,False
15033,0.00030391177875222506,49,3.459542449639768,False
15034,0.0019847299836880006,320,0.976062223315239,False
15035,0.0015939862681494253,257,1.455696130077199,False
15036,0.0024561033548139008,396,3.121690947600085,False
15037,0.0023258554496343757,375,1.5732658576965333,False
15038,0.0024002828240226757,387,1.0281663538565624,False
15039,0.0014513338005718503,234,0.9150204841907208,False
15040,0.0013893109885816004,224,1.581701887505395,False
15041,3.101140599512501e-05,5,1.764542293548584,False
15042,0.00015505702997562504,25,6.629806213378906,False
15043,6.202281199025001e-06,1,1.26908540725708,False
15044,4.341596839317501e-05,7,1.5624706745147705,False
15045,0.0023754736992265754,383,1.4905603237002698,False
15046,0.006828711600126527,1101,1.4994476506322434,False
15047,0.00014885474877660004,24,3.6754739185174308,False
15048,0.0003597323095434501,58,1.3456847914334,False
15049,0.0009489490234508252,153,2.9221436696894028,False
15050,4.961824959220001e-05,8,1.0627749413251877,False
15051,0.006028617325452301,972,0.7574098143312666,False
15052,0.02878478704467503,4641,0.9550510284022714,False
15053,0.0019909322648870255,321,1.3381082428578648,False
15054,0.0004713733711259001,76,2.0437056641829643,False
15055,0.0005954189951064002,96,7.820725955069065,False
15056,0.0022390235128480255,361,1.9390929719417709,False
15057,0.003330625003876426,537,1.3652056155924024,False
15058,0.0005582053079122502,90,1.5393842538197835,False
15059,0.0006698463694947001,108,3.956407760028486,False
15060,0.00020467527956782505,33,1.0283919283837983,False
15061,0.0011970402714118252,193,1.680939449547486,False
15062,0.005197511644782951,838,2.1647875041551976,False
15063,0.026074390160701105,4204,1.0182551702468539,False
15064,0.0017366387357270004,280,2.5744881238256183,False
15065,1.8606843597075006e-05,3,1.816073973973592,False
15066,0.0005147893395190752,83,1.6550111397203193,False
15067,0.014575360817708754,2350,3.4255797802133765,False
15068,0.0013831087073825753,223,1.4348132685160957,False
15069,0.0014389292381738004,232,1.3690816636743217,False
15070,0.012100650619297777,1951,1.9504223172937156,False
15071,6.822509318927501e-05,11,1.3704761808568782,False
15072,6.202281199025002e-05,10,1.8375429391860962,False
15073,0.00011784334278147503,19,1.527240238691631,False
15074,0.0007938919934752001,128,1.5388662815093994,False
15075,0.0008373079618683752,135,2.5276787916819257,False
15076,0.0006760486506937252,109,1.189880016746871,False
15077,0.0013831087073825753,223,1.1769613011535507,False
15078,0.0022638326376441253,365,2.1502111947699767,False
15079,0.003584918533036451,578,1.8636462317206044,False
15080,0.0016125931117465003,260,1.808839191840245,False
15081,0.0017056273297318754,275,1.0361269049210982,False
15082,0.0003597323095434501,58,3.1868382651230385,False
15083,0.0012094448338098754,195,1.2365024150946202,False
15084,0.0018668866409065254,301,2.7628528952994618,False
15085,0.00015505702997562504,25,1.3353603649139405,False
15086,0.0019351117340958004,312,1.29102256664863,False
15087,0.0008931284926596002,144,1.3913523157437642,False
15088,0.0011102083346254752,179,6.9162594326381575,False
15089,0.005464209736341027,881,0.7781261125839528,False
15090,0.0014079178321786752,227,6.188634680231237,False
15091,0.0023382600120324254,377,2.7587196852231215,False
15092,0.004081101028958451,658,0.7977924582443701,False
15093,0.0023754736992265754,383,1.5003087187560358,False
15094,0.004099707872555526,661,2.3776077354910155,False
15095,0.00025429352916002504,41,2.1149637960806125,False
15096,5.582053079122501e-05,9,1.5376243326399062,False
15097,0.004428428776103851,714,0.8890058787263074,False
15098,0.0019537185776928754,315,2.030537796020508,False
15099,0.0012528608022030503,202,1.4221443693236548,False
15100,0.0023692714180275506,382,1.8297700251584277,False
15101,0.0020591573580763006,332,1.7823050194476024,False
15102,0.00022948440436392506,37,5.258685530842961,False
15103,0.00035353002834442507,57,1.94431195551889,False
15104,0.0008373079618683752,135,1.7454643426118073,False
15105,0.0023010463248382754,371,1.305207215229456,False
15106,0.0003473277471454001,56,0.9712552981717246,False
15107,4.341596839317501e-05,7,15.106280377932958,False
15108,0.008149797495518852,1314,0.8969906708239783,False
15109,0.0011598265842176752,187,1.5552613588577924,False
15110,1.2404562398050002e-05,2,0.7196788787841797,False
15111,0.002722801446371976,439,2.5563113184344526,False
15112,0.0005271939019171251,85,1.3226476697360767,False
15113,0.0017800547041201755,287,1.0856242225560577,False
15114,0.004986634084016101,804,0.879497561733521,False
15115,0.0020839664828724005,336,1.434239736270337,False
15116,0.003932246280181851,634,1.3088336261665032,False
15117,0.0007070600566888501,114,1.6647341261830246,False
15118,0.004440833338501901,716,1.0181875575188153,False
15119,0.0006760486506937252,109,1.4702232518327345,False
15120,0.01896037362541943,3057,0.7495403324890886,False
15121,0.0002977094975532001,48,1.3342230940858524,False
15122,0.0016063908305474753,259,1.685761904624438,False
15123,0.004248562621332126,685,1.941933478752192,False
15124,0.0019661231400909256,317,1.886667551678438,False
15125,0.00032251862234930007,52,1.3749150198239546,False
15126,0.0003411254659463751,55,6.149601975354281,False
15127,0.0015815817057513754,255,1.5669565256904154,False
15128,0.00027290037275710005,44,1.120639437978918,False
15129,0.0015629748621543004,252,1.1838943892055087,False
15130,1.2404562398050002e-05,2,2.3322170972824097,False
15131,0.002741408289969051,442,1.6414716003707093,False
15132,0.0012714676458001253,205,1.5886151639426627,False
15133,0.005489018861137126,885,0.7962913866096971,False
15134,0.0035539071270413256,573,1.0821421853742883,False
15135,0.00014885474877660004,24,2.8528826038042703,False
15136,0.012373550992054878,1995,1.6461966442285025,False
15137,0.0017056273297318754,275,1.7780319369922986,False
15138,0.0007628805874800752,123,1.4108707614061309,False
15139,0.0026111603847895257,421,0.8887757246964335,False
15140,0.0022514280752460756,363,3.1264638460700507,False
15141,0.00020467527956782505,33,13.250109224608451,False
15142,0.0003907437155385751,63,1.4042910129304915,False
15143,0.006946554942908001,1120,1.2909876695701055,False
15144,0.0021894052632558253,353,3.20981308421062,False
15145,0.0022266189504499753,359,1.5673553133409335,False
15146,0.003963257686176976,639,3.0093487001174304,False
15147,0.0008931284926596002,144,3.141003934873475,False
15148,0.0003783391531405251,61,1.4355447605007985,False
15149,0.0031383542867066505,506,1.3987891226417934,False
15150,0.0021397870136636256,345,1.665057508841805,False
15151,0.0008062965558732502,130,2.5599328958071195,False
15152,4.341596839317501e-05,7,3.79523195539202,False
15153,0.0016994250485328503,274,4.722522397110932,False
15154,0.0004155528403346751,67,1.4794677015560775,False
15155,0.0019537185776928754,315,1.6071077134874132,False
15156,0.019599208588919004,3160,0.629527119745182,False
15157,0.003063926912318351,494,1.2442894561088036,False
15158,0.0006016212763054251,97,2.2511201076900837,False
15159,0.025540993977584955,4118,1.0076857303287752,False
15160,0.021435083823830404,3456,0.881034113742687,False
15161,0.0007442737438830002,120,7.047787539164225,False
15162,0.0014823452065669753,239,3.430233641149609,False
15163,0.00013645018637855003,22,1.830370306968689,False
15164,6.202281199025002e-05,10,1.200107753276825,False
15165,0.0030205109439251756,487,1.2878161162076789,False
15166,0.005160297957588801,832,1.5295347224634428,False
15167,0.0004279574027327251,69,1.8789483308792114,False
15168,0.003814402937400376,615,1.317330089041857,False
15169,0.0013955132697806253,225,1.1164206971062554,False
15170,0.0020901687640714254,337,1.3054359355383174,False
15171,0.0007194646190869002,116,1.9745352093515725,False
15172,0.004360203682914576,703,0.911368523688608,False
15173,0.0003845414343395501,62,3.742273376834008,False
15174,0.00019227071716977504,31,1.8553678412591257,False
15175,0.0006264304011015251,101,10.326449649168714,False
15176,0.003708964157016951,598,1.0382491912331469,False
15177,0.0018730889221055505,302,1.172501875864749,False
15178,0.003522895721046201,568,0.9600829137882716,False
15179,0.0008187011182713002,132,1.480240579807397,False
15180,0.006648845445354801,1072,9.524025783609988,False
15181,0.004571081243681426,737,10.212127807020655,False
15182,0.0003907437155385751,63,2.367687119377984,False
15183,0.0,0,0.0,True
15184,0.0021459892948626504,346,1.5229516005240424,False
15185,0.0018792912033045754,303,1.5166836996676505,False
15186,0.0007504760250820251,121,1.3301477599735103,False
15187,0.004974229521618051,802,5.027654760198997,False
15188,0.0013520973013874504,218,1.344634222328116,False
15189,0.0004217551215337001,68,1.3575796940747429,False
15190,0.003256197629488126,525,3.1813391013372514,False
15191,0.0009799604294459501,158,0.7614884980117218,False
15192,0.0057371101090981265,925,1.5628154883513579,False
15193,0.004688924586462901,756,1.7244806245521263,False
15194,0.0022824394812412004,368,2.346678835866244,False
15195,0.0013582995825864753,219,1.9626748180824871,False
15196,0.0019103026092997003,308,0.9621152959086678,False
15197,0.0022762372000421755,367,1.2558672603534418,False
15198,0.013626411794257928,2197,1.6426744612987658,False
15199,2.4809124796100004e-05,4,2.9371931850910187,False
15200,0.0032251862234930007,520,1.2103257124240583,False
15201,0.0016125931117465003,260,1.2176037485782916,False
15202,5.582053079122501e-05,9,1.2013210323121812,False
15203,0.0020219436708821506,326,0.8359131151181789,False
15204,0.0004403619651307751,71,4.545564517168931,False
15205,0.006003808200656201,968,1.2088666311965501,False
15206,6.822509318927501e-05,11,2.1275618076324463,False
15207,0.0020963710452704507,338,0.8842422736466989,False
15208,0.004093505591356501,660,1.467727654991728,False
15209,0.0030329155063232257,489,1.4314865768565235,False
15210,0.010029088698823426,1617,0.8704348312311875,False
15211,0.0024747101984109753,399,1.8861395771939653,False
15212,0.0022886417624402257,369,1.296336179180197,False
15213,2.4809124796100004e-05,4,2.7115740180015564,False
15214,0.0024126873864207254,389,3.636741027733967,False
15215,0.0030763314747164006,496,0.897150062505276,False
15216,0.003045320068721276,491,1.0848645773050498,False
15217,0.0037585824066091508,606,1.315339184043431,False
15218,0.0006140258387034752,99,2.0727381056005303,False
15219,0.0053525686747585765,863,0.9596540195778928,False
15220,0.0011474220218196253,185,2.1608416608861973,False
15221,0.0075543785004124515,1218,1.4727991461166607,False
15222,0.00017986615477172505,29,1.3696972994968808,False
15223,0.0007380714626839752,119,1.422397127672404,False
15224,0.00021707984196587504,35,5.499915967668806,False
15225,0.00026049581035905006,42,1.5352064995538621,False
15226,0.0010853992098293751,175,1.3128389051982334,False
15227,0.00032251862234930007,52,1.7928594855161815,False
15228,0.03519794580446688,5675,0.6838834952467864,False
15229,6.822509318927501e-05,11,1.7292065186934038,False
15230,0.0043043831521233505,694,1.6434620775132083,False
15231,0.0006574418070966502,106,1.1345390508759696,False
15232,0.0008497125242664252,137,3.4749046172538813,False
15233,0.0022948440436392505,370,1.5637197162653949,False
15234,8.062965558732502e-05,13,2.5467088497602024,False
15235,0.0019537185776928754,315,1.5317019462585448,False
15236,0.006115449262238651,986,0.7185359905506002,False
15237,0.0008559148054654502,138,2.1253209891526597,False
15238,0.00021087756076685005,34,5.397634176646962,False
15239,0.0005520030267132251,89,8.700943408387431,False
15240,0.0027848242583622257,449,1.1364152723537522,False
15241,0.0002977094975532001,48,2.0473569333553314,False
15242,0.005799132921088376,935,0.9313104697089781,False
15243,0.0009923649918440003,160,1.0309552408754825,False
15244,0.0023444622932314507,378,0.8438651094991694,False
15245,0.0024188896676197507,390,1.1982135057449341,False
15246,0.0011226128970235252,181,1.2192093772782806,False
15247,0.003405052378264726,549,1.0458478258824304,False
15248,0.003411254659463751,550,0.8594966806064952,False
15249,0.0009427467422518002,152,2.337101771643287,False
15250,0.0018482797973094504,298,1.2915073113153446,False
15251,0.0005209916207181001,84,2.305036771865118,False
15252,0.004651710899268751,750,0.759465664545695,False
15253,0.0011660288654167003,188,1.3617704777007407,False
15254,0.008050560996334452,1298,0.9231239210108212,False
15255,0.0071512302224758266,1153,0.9371739740694283,False
15256,0.0024436987924158506,394,0.8706686254685301,False
15257,5.582053079122501e-05,9,2.4654627905951605,False
15258,0.003541502564643276,571,1.0752447572146948,False
15259,0.0020529550768772753,331,1.7786370242110192,False
15260,0.0029088698823427255,469,1.816284752095432,False
15261,0.0011102083346254752,179,1.1207504259141463,False
15262,0.0020591573580763006,332,5.075794540255902,False
15263,0.0002480912479610001,40,4.445527601242065,False
15264,0.0027041946027749008,436,1.3690489929750425,False
15265,0.0026421717907846505,426,0.7608616934136045,False
15266,0.0010171741166401002,164,1.3154762946977847,False
15267,0.00019227071716977504,31,0.9831121698502572,False
15268,0.019140239780191155,3086,0.6142038062881203,False
15269,0.006450372446986001,1040,1.0344845923093648,False
15270,1.2404562398050002e-05,2,0.48628532886505127,False
15271,0.0003411254659463751,55,1.5705465880307283,False
15272,2.4809124796100004e-05,4,3.7440080642700195,False
15273,0.0006078235575044501,98,2.1354532302642357,False
15274,0.00019847299836880003,32,13.162637282162905,False
15275,0.0023010463248382754,371,2.0433008124564855,False
15276,0.0005395984643151751,87,4.900885535382677,False
15277,0.004124516997351626,665,1.4078144200762412,False
15278,0.0020281459520811755,327,1.0692409929514661,False
15279,0.0034546706278569257,557,2.0910664298161996,False
15280,0.0021645961384597254,349,1.3557027144555034,False
15281,0.005712300984302026,921,1.3020186064427113,False
15282,0.0013520973013874504,218,2.0784350360205415,False
15283,0.008416495587076927,1357,1.2672782544274495,False
15284,0.0004031482779366251,65,4.391427964430589,False
15285,0.0029274767259398005,472,1.8198458042185186,False
15286,0.0030515223499203007,492,3.506605552706292,False
15287,0.0016436045177416253,265,1.3570492042685456,False
15288,0.0019289094528967753,311,1.5557676434900216,False
15289,0.0018730889221055505,302,1.4595967811464474,False
15290,5.582053079122501e-05,9,1.9110853274663289,False
15291,0.0005333961831161502,86,1.5985822982566302,False
15292,0.0010419832414362003,168,1.2468293664001284,False
15293,0.0016374022365426004,264,1.052300456798438,False
15294,0.0007938919934752001,128,1.1502422606572509,False
15295,0.0025491375727992754,411,1.6141801486630218,False
15296,0.007616401312402702,1228,0.9389165384567522,False
15297,0.0024188896676197507,390,1.4107751577328413,False
15298,0.0005023847771210251,81,1.6086560737939528,False
15299,0.008596361741848652,1386,1.2797902335680236,False
15300,1.8606843597075006e-05,3,0.7462937831878662,False
15301,0.0013831087073825753,223,0.909518736360319,False
15302,0.005098275145598551,822,0.6502090544596205,False
15303,0.0020157413896831253,325,1.1820690947312575,False
15304,0.007740446936383202,1248,1.4368570722066438,False
15305,6.202281199025001e-06,1,0.4780157804489136,False
15306,0.0021211801700665505,342,6.230003902438091,False
15307,0.0005271939019171251,85,4.893574327581069,False
15308,0.003715166438215976,599,0.8878125857829251,False
15309,0.00022948440436392506,37,2.101980173909986,False
15310,0.0022638326376441253,365,3.217566273310413,False
15311,0.00013024790517952503,21,12.911505086081368,False
15312,0.0022824394812412004,368,1.9425780125286267,False
15313,0.0006016212763054251,97,1.7477636681389563,False
15314,0.00033492318474735006,54,2.060636357024864,False
15315,0.0023134508872363255,373,1.6658695325774737,False
15316,0.0004465642463298001,72,2.019677049583859,False
15317,0.055808126228826964,8998,0.6407683008536945,False
15318,0.06795839509771694,10957,5.903779984042735,False
15319,0.009718974638872177,1567,0.7845394485074392,False
15320,0.0003783391531405251,61,9.198274327106164,False
15321,0.004329192276919451,698,3.424072233346267,False
15322,0.0003411254659463751,55,1.4925927422263405,False
15323,0.003783391531405251,610,1.3922020103110642,False
15324,0.012305325898865602,1984,0.9969609841223686,False
15325,0.00021707984196587504,35,2.0601058517183577,False
15326,0.0019537185776928754,315,1.6124170780181886,False
15327,0.0003287209035483251,53,1.3027178566410857,False
15328,0.0020715619204743504,334,1.7309017067183992,False
15329,4.341596839317501e-05,7,0.9948209013257708,False
15330,0.0024995193232070756,403,1.5953310929220308,False
15331,0.0016808182049357753,271,1.3937840672876562,False
15332,0.003975662248575026,641,0.863486196991062,False
15333,0.0032313885046920256,521,1.588095576200284,False
15334,0.006686059132548951,1078,0.7791262294454344,False
15335,1.2404562398050002e-05,2,0.8408422470092773,False
15336,0.0028964653199446758,467,1.7262865971191537,False
15337,0.0018606843597075004,300,1.2433102822303772,False
15338,0.0020963710452704507,338,1.8241891367195626,False
15339,0.0025181261668041507,406,1.398022166026637,False
15340,0.0010419832414362003,168,1.3848527073860168,False
15341,0.0009365444610527753,151,1.137536573094248,False
15342,0.0019599208588919003,316,1.477466673036165,False
15343,0.003008106381527126,485,1.521551695066629,False
15344,0.0017800547041201755,287,1.4224048250643633,False
15345,0.0018978980469016504,306,4.770897204190298,False
15346,0.0006822509318927502,110,0.9820627310059288,False
15347,0.0021273824512655754,343,1.773881101747296,False
15348,0.0010729946474313252,173,1.2495692727193668,False
15349,0.00033492318474735006,54,1.5092100081620392,False
15350,0.00016746159237367503,27,2.149376957504838,False
15351,0.0014141201133777003,228,1.345322982783903,False
15352,5.582053079122501e-05,9,5.346275210380554,False
15353,0.012373550992054878,1995,0.5954840848917949,False
15354,0.0011102083346254752,179,1.3864720946583668,False
15355,0.00016746159237367503,27,1.9602985514534845,False
15356,0.00028530493515515004,46,1.8501855705095374,False
15357,0.0020529550768772753,331,1.203049407984915,False
15358,0.0009365444610527753,151,1.123038085091193,False
15359,0.014178414820971152,2286,2.585928660260932,False
15360,0.0005271939019171251,85,1.4992671237272375,False
15361,0.0010481855226352253,169,7.8881714781360515,False
15362,0.005402186924350776,871,1.6015266244364934,False
15363,0.010351607321172728,1669,0.6430556603432273,False
15364,0.006810104756529452,1098,0.9135457561750012,False
15365,8.062965558732502e-05,13,2.410781456873967,False
15366,0.004527665275288251,730,1.3351611975121171,False
15367,3.721368719415001e-05,6,1.5628458857536316,False
15368,0.0032313885046920256,521,0.7549956883670272,False
15369,0.0019909322648870255,321,2.502272045500925,False
15370,0.0014389292381738004,232,0.8447268481912285,False
15371,0.006022415044253276,971,1.0766948421018623,False
15372,0.004012875935769176,647,1.5022279608194389,False
15373,0.010612103131531778,1711,0.5626214105855785,False
15374,0.0020467527956782505,330,1.6444378719185337,False
15375,0.00033492318474735006,54,1.4075982791406136,False
15376,0.0004465642463298001,72,5.790660853187243,False
15377,0.0027538128523671005,444,1.5512255709450524,False
15378,0.0011226128970235252,181,1.216686637362064,False
15379,0.01913403749899213,3085,0.6108706914818267,False
15380,0.007324894096048527,1181,1.732927518411777,False
15381,0.0005954189951064002,96,9.508650079369545,False
15382,6.202281199025002e-05,10,1.3166587591171264,False
15383,0.0008683193678635002,140,1.6362257846764157,False
15384,0.009408860578920927,1517,4.404579056354439,False
15385,0.0029770949755320007,480,0.8851965996126334,False
15386,0.0012838722081981752,207,1.32717554177639,False
15387,0.0018668866409065254,301,1.4471861230970617,False
15388,0.0025801489787944006,416,2.4464507893874097,False
15389,0.0025491375727992754,411,1.5973414226170004,False
15390,0.005470412017540051,882,0.757477038030992,False
15391,0.00028530493515515004,46,3.0584274426750513,False
15392,1.8606843597075006e-05,3,1.908233602841695,False
15393,0.00011164106158245002,18,1.7122973733478122,False
15394,0.0025429352916002505,410,1.3825809682287822,False
15395,0.0020405505144792256,329,1.1133707294348163,False
15396,0.005203713925981976,839,0.9601572364106934,False
15397,0.0021025733264694755,339,1.242264246870283,False
15398,0.014904081721257078,2403,1.0382964870009976,False
15399,4.341596839317501e-05,7,5.6440567289079935,False
15400,0.003708964157016951,598,1.6501937462733343,False
15401,0.0005768121515093252,93,1.9247494295079222,False
15402,0.004329192276919451,698,1.0130807472163421,False
15403,0.022104930193325104,3564,1.3026356466959088,False
15404,0.0006698463694947001,108,1.052805882913095,False
15405,0.0013024790517952502,210,1.0613100460597447,False
15406,0.0006946554942908002,112,1.6678016462496348,False
15407,0.0021521915760616753,347,1.8851503941098964,False
15408,0.0028282402267554006,456,3.4723839179465643,False
15409,0.010705137349517153,1726,1.5837573496795336,False
15410,0.00019847299836880003,32,12.187502086162567,False
15411,0.007759053779980277,1251,0.9313849579516075,False
15412,0.003274804473085201,528,1.2431492760325924,False
15413,0.0018668866409065254,301,1.5740336647065374,False
15414,0.0004713733711259001,76,5.083452641963959,False
15415,0.0018916957657026255,305,2.3285682099764466,False
15416,0.019549590339326805,3152,0.5878149640136564,False
15417,0.0003411254659463751,55,1.4508478901603006,False
15418,0.00011164106158245002,18,3.7182662884394326,False
15419,0.005693694140704951,918,1.5143458609487497,False
15420,0.006326326823005502,1020,1.3501964592466167,False
15421,0.0031879725362988507,514,1.9328614368976786,False
15422,0.00016125931117465003,26,1.9642780377314641,False
15423,0.02187544578896118,3527,0.7499141493024791,False
15424,0.0023692714180275506,382,1.5468339049379238,False
15425,0.0005644075891112751,91,2.0094772642785377,False
15426,0.003913639436584776,631,1.9094088391154391,False
15427,0.0005209916207181001,84,1.2101032847449893,False
15428,0.0006202281199025002,100,1.3286352121829987,False
15429,0.0029150721635417508,470,1.0354125814234956,False
15430,0.00014265246757757502,23,7.662670705629432,False
15431,0.0031693656927017757,511,2.0892088196282286,False
15432,3.721368719415001e-05,6,21.37692705790202,False
15433,0.004540069837686301,732,0.7717670625676223,False
15434,0.0005085870583200501,82,3.668760183380871,False
15435,0.0021521915760616753,347,1.674920795973852,False
15436,0.00022328212316490004,36,2.9105507532755532,False
15437,0.0015629748621543004,252,1.4629626170037284,False
15438,0.008087774683528602,1304,0.8691362069428332,False
15439,0.00012404562398050004,20,3.9810853958129884,False
15440,0.004347799120516526,701,1.3277921465766243,False
15441,0.0019661231400909256,317,1.6821155856460428,False
15442,9.303421798537502e-05,15,1.5674891630808512,False
15443,0.0008497125242664252,137,3.9348364650768084,False
15444,5.582053079122501e-05,9,1.0580474270714655,False
15445,0.0029088698823427255,469,0.9890027198710167,False
15446,0.0006698463694947001,108,1.891240373805717,False
15447,0.007864492560363702,1268,0.9081955843543404,False
15448,0.0019165048904987254,309,1.6921647513182803,False
15449,0.005923178545068877,955,1.2095651826309284,False
15450,0.0009675558670479002,156,17.534109812516434,False
15451,0.0022390235128480255,361,2.0236274037004507,False
15452,0.003392647815866676,547,2.591978585262403,False
15453,0.00013024790517952503,21,7.283825159072876,False
15454,0.00013645018637855003,22,6.403221498836171,False
15455,0.0024002828240226757,387,1.3212045283280602,False
15456,8.683193678635003e-05,14,1.409542747906276,False
15457,0.0012714676458001253,205,1.7477138007559427,False
15458,0.05598799238359869,9027,0.9074770757443381,False
15459,0.0017614478605231004,284,1.620854376067578,False
15460,0.003814402937400376,615,1.192449477629933,False
15461,0.0003287209035483251,53,2.140795534511782,False
15462,0.0021894052632558253,353,1.546335790042499,False
15463,0.0014327269569747753,231,1.9337593621505804,False
15464,0.0002977094975532001,48,8.377808327476183,False
15465,0.0008000942746742252,129,1.2752529086992723,False
15466,0.0007628805874800752,123,3.3688411053603255,False
15467,0.0006326326823005501,102,4.793627675841837,False
15468,0.0017614478605231004,284,2.3860501525267748,False
15469,0.0025925535411924507,418,1.508729222573732,False
15470,0.0010295786790381503,166,1.176374846912292,False
15471,0.0019723254212899504,318,1.1277653713646174,False
15472,0.0006884532130917751,111,3.926687566009728,False
15473,0.0003411254659463751,55,2.077464415810325,False
15474,0.0021025733264694755,339,1.3080964577233194,False
15475,0.0007690828686791001,124,1.2082314818136153,False
15476,0.0007752851498781252,125,3.4600344352722168,False
15477,0.0010605900850332753,171,1.6522059224502386,False
15478,0.00013024790517952503,21,1.1782790308906919,False
15479,0.00012404562398050004,20,3.1063334107398988,False
15480,0.00020467527956782505,33,8.666629993554318,False
15481,0.0021025733264694755,339,1.6417261801638083,False
15482,0.00013024790517952503,21,22.19661873862857,False
15483,0.0009737581482469252,157,2.6996536680087924,False
15484,0.0005520030267132251,89,1.3457533080926103,False
15485,0.0023196531684353504,374,1.6090989221226086,False
15486,0.0025739466975953757,415,0.7866320205022054,False
15487,0.00012404562398050004,20,1.633832973241806,False
15488,0.0010729946474313252,173,1.6953610257606286,False
15489,0.0029460835695368755,475,2.547512335526316,False
15490,0.00026049581035905006,42,12.44595862570263,False
15491,6.822509318927501e-05,11,8.726017475128174,False
15492,0.0018296729537123754,295,2.2347706887681604,False
15493,0.011846357090137753,1910,0.6496205484679857,False
15494,0.0015815817057513754,255,1.1095626877803428,False
15495,0.0022762372000421755,367,1.5534240683028093,False
15496,0.0012218493962079253,197,1.2805014291995673,False
15497,0.00020467527956782505,33,2.3572225787422876,False
15498,0.006642643164155777,1071,2.014861396937366,False
15499,0.0005333961831161502,86,1.6163479283798572,False
15500,0.0013520973013874504,218,1.481731462916103,False
15501,0.0024623056360129256,397,1.8479391597680541,False
15502,0.00017366387357270005,28,4.460360450404031,False
15503,0.0023506645744304755,379,1.4935164501924942,False
15504,0.0061030446998406014,984,0.7736061271128616,False
15505,0.004496653869293126,725,1.0505609578099744,False
15506,0.0006202281199025002,100,9.334466917514801,False
15507,0.0023816759804256007,384,4.389561443589628,False
15508,0.017726119666813454,2858,0.8629474359596417,False
15509,0.0027910265395612506,450,1.2474457942114936,False
15510,2.4809124796100004e-05,4,7.836338311433792,False
15511,0.0007256669002859252,117,7.4158703374047565,False
15512,0.0012652653646011002,204,1.567303828164643,False
15513,0.0017242341733289504,278,0.9502441617224714,False
15514,4.341596839317501e-05,7,26.811060224260604,False
15515,0.0011722311466157253,189,6.528208376869323,False
15516,0.0003721368719415001,60,2.048741885026296,False
15517,0.0002791026539561251,45,2.0386655807495115,False
15518,0.0006140258387034752,99,5.629711365458941,False
15519,0.07658576824556072,12348,0.7011708790019449,False
15520,0.0014947497689650254,241,1.3553769934721507,False
15521,0.0016994250485328503,274,1.2282987676397727,False
15522,0.0025863512599934254,417,0.8875804716448704,False
15523,0.0007442737438830002,120,1.8885842164357503,False
15524,0.0003907437155385751,63,1.560458399000622,False
15525,0.009588726733692652,1546,0.7203184612972462,False
15526,0.00011784334278147503,19,1.39670855748026,False
15527,0.008230427151106176,1327,2.500484814388732,False
15528,0.0026049581035905004,420,1.0356394041152228,False
15529,0.010581091725536652,1706,0.926297633896679,False
15530,0.003063926912318351,494,1.8228500169298427,False
15531,0.004502856150492151,726,5.747715245265278,False
15532,0.0004465642463298001,72,7.0233213404814405,False
15533,0.0006264304011015251,101,1.1547162013478798,False
15534,0.004223753496536026,681,1.07695603615737,False
15535,0.11936290167523615,19245,0.9242579399935454,False
15536,0.0002791026539561251,45,3.9855713685353598,False
15537,0.0023754736992265754,383,1.0732466209650662,False
15538,0.0011722311466157253,189,1.6445193114104095,False
15539,0.0009241398986547252,149,1.4240951386074092,False
15540,0.0023444622932314507,378,1.691378325381607,False
15541,0.0014513338005718503,234,1.5966280138390696,False
15542,0.003485682033852051,562,1.2965704739305897,False
15543,0.0022762372000421755,367,1.1235583656815158,False
15544,0.013043397361549578,2103,1.065384055340341,False
15545,0.006282910854612326,1013,3.6281929970493674,False
15546,0.0006822509318927502,110,3.2450969089161266,False
15547,0.0012838722081981752,207,2.4889551902162856,False
15548,0.0017676501417221253,285,1.0997953582228275,False
15549,0.0017862569853192003,288,1.0243006994326909,False
15550,0.0003783391531405251,61,1.2009680974678916,False
15551,0.00015505702997562504,25,2.2519314956665037,False
15552,0.0009675558670479002,156,7.606710362128722,False
15553,0.0023692714180275506,382,0.8811634473151562,False
15554,0.00039694599673760006,64,2.644702961668372,False
15555,0.0029957018191290757,483,0.8848761465732109,False
15556,0.0021645961384597254,349,1.1162653669586837,False
15557,0.02781723117762713,4485,0.6616678010394076,False
15558,0.00011784334278147503,19,1.2252234785180343,False
15559,0.0007442737438830002,120,1.3902515629927317,False
15560,0.0030391177875222506,490,1.4782362568135163,False
15561,0.004205146652938951,678,0.7038119753553452,False
15562,0.0010605900850332753,171,1.0629928265398705,False
15563,0.0009613535858488752,155,0.971860694885254,False
15564,0.004161730684545776,671,1.2977828588642057,False
15565,0.0022638326376441253,365,1.0332924045928538,False
15566,0.00033492318474735006,54,6.98413645779645,False
15567,0.0008869262114605752,143,1.160010329493276,False
15568,0.0023258554496343757,375,1.675552710533142,False
15569,0.0008869262114605752,143,7.996164571155202,False
15570,0.0015629748621543004,252,1.5611410902606115,False
15571,0.004633104055671676,747,0.9224203232940101,False
15572,0.0019413140152948255,313,2.446699915602565,False
15573,0.003789593812604276,611,1.5986573547856506,False
15574,0.0008931284926596002,144,2.2846742553843393,False
15575,0.0005954189951064002,96,2.432314065595468,False
15576,0.006202281199025002,1000,0.933270170211792,False
15577,0.007337298658446577,1183,1.046069813298655,False
15578,1.8606843597075006e-05,3,3.432788689931234,False
15579,0.0018420775161104254,297,1.1433135299168853,False
15580,4.341596839317501e-05,7,1.5595427581242152,False
15581,0.005011443208812201,808,0.8795934738499103,False
15582,5.582053079122501e-05,9,0.7850120332505968,False
15583,0.005079668302001476,819,1.1123372680247194,False
15584,2.4809124796100004e-05,4,0.9329561591148376,False
15585,0.0020653596392753255,333,1.5779202650259208,False
15586,0.0010853992098293751,175,1.8446959332057409,False
15587,0.0004341596839317501,70,7.660331463813781,False
15588,0.0004217551215337001,68,1.1694057198131786,False
15589,0.0030205109439251756,487,0.9712047518156393,False
15590,0.003392647815866676,547,1.0778202531106729,False
15591,0.0011164106158245003,180,1.3143331521087223,False
15592,0.0012156471150089002,196,1.117856933146107,False
15593,0.0007690828686791001,124,1.3568539061853964,False
15594,0.0021149778888675257,341,1.4351892946752285,False
15595,0.0002666980915580751,43,1.3488036615903987,False
15596,0.0002791026539561251,45,11.959143469068739,False
15597,0.0013645018637855003,220,1.100258372588591,False
15598,4.961824959220001e-05,8,1.157031998038292,False
15599,0.0024002828240226757,387,1.463704916857934,False
15600,0.0014327269569747753,231,1.3376352301923744,False
15601,0.0018234706725133503,294,1.4421379513481036,False
15602,0.00025429352916002504,41,1.5263379637787982,False
15603,0.0009737581482469252,157,1.8347700348325595,False
15604,0.01507774559482978,2431,2.9765418930242014,False
15605,0.00013645018637855003,22,6.076593599536202,False
15606,0.0003411254659463751,55,10.672718893397938,False
15607,0.0023258554496343757,375,1.1107905991872151,False
15608,0.00017986615477172505,29,2.192421354096511,False
15609,0.004068696466560401,656,1.0523691279132192,False
15610,0.0012342539586059752,199,3.6940205013332656,False
15611,0.0013086813329942753,211,2.242151625913466,False
15612,6.202281199025001e-06,1,0.8637633323669434,False
15613,0.00025429352916002504,41,1.1292071662298062,False
15614,0.005470412017540051,882,1.8846214120350187,False
15615,0.0007318691814849501,118,1.6378163927692477,False
15616,0.005489018861137126,885,1.1500883447248385,False
15617,0.00011164106158245002,18,2.3209643562634787,False
15618,0.0006636440882956752,107,1.1278024154288746,False
15619,0.0012590630834020753,203,1.4162193918463044,False
15620,0.0029088698823427255,469,0.9271750216290895,False
15621,0.0016436045177416253,265,1.1493839682273146,False
15622,0.008242831713504227,1329,0.7157456379711763,False
15623,0.011102083346254753,1790,0.7461947606262548,False
15624,0.00015505702997562504,25,1.3172740030288697,False
15625,0.02063498954915618,3327,0.7700371772346463,False
15626,0.00019227071716977504,31,3.4655764179845012,False
15627,0.00039694599673760006,64,3.0111293643712997,False
15628,0.0012156471150089002,196,7.367664495901185,False
15629,0.00016746159237367503,27,6.04733842390555,False
15630,0.0009861627106449752,159,1.7826934700492043,False
15631,0.0006636440882956752,107,1.817333355128208,False
15632,0.012082043775700702,1948,2.145495276676311,False
15633,0.003584918533036451,578,0.9552299006999982,False
15634,0.0011970402714118252,193,1.582381063792372,False
15635,0.0005209916207181001,84,6.539353170565197,False
15636,0.005495221142336151,886,1.642907882113489,False
15637,0.004676520024064851,754,0.9614398182228958,False
15638,0.0005085870583200501,82,1.7460885745723074,False
15639,0.0014017155509796504,226,3.2353898624403286,False
15640,0.00011784334278147503,19,2.4123193213814185,False
15641,0.004161730684545776,671,1.2607887420142638,False
15642,0.00021087756076685005,34,2.1779224977773777,False
15643,0.0023382600120324254,377,1.4644285117915834,False
15644,0.012131662025292903,1956,1.1860365320324655,False
15645,0.0021521915760616753,347,1.2814652497211863,False
15646,1.8606843597075006e-05,3,4.829398433367412,False
15647,0.0006016212763054251,97,1.4717278382212846,False
15648,2.4809124796100004e-05,4,9.198684453964233,False
15649,0.0013707041449845254,221,1.7978295681163736,False
15650,0.0023816759804256007,384,2.046524208970368,False
15651,0.00022328212316490004,36,13.052355600727928,False
15652,0.0006760486506937252,109,8.250962316443067,False
15653,8.683193678635003e-05,14,12.489331577505384,False
15654,0.0023692714180275506,382,1.1797602114253019,False
15655,0.0025677444163963504,414,5.954570340073627,False
15656,0.0012280516774069504,198,1.2989529630150458,False
15657,0.004174135246943826,673,1.4446407423685423,False
15658,0.0009489490234508252,153,3.4883641651253297,False
15659,0.0023258554496343757,375,2.3496569474538167,False
15660,1.8606843597075006e-05,3,5.502326647440593,False
15661,0.0016498067989406504,266,1.0761617646181494,False
15662,0.004354001401715551,702,1.2690436383258243,False
15663,0.0026855877591778258,433,1.5911925174898143,False
15664,0.007145027941276801,1152,1.124984214703242,False
15665,0.0010171741166401002,164,1.2835320670430252,False
15666,0.0010171741166401002,164,2.388032613731012,False
15667,0.0019847299836880006,320,1.2068771339952946,False
15668,0.00010543878038342502,17,10.002114324008717,False
15669,0.0004961824959220001,80,5.379351644217968,False
15670,0.013241870359918377,2135,1.0851094965633241,False
15671,0.0003287209035483251,53,6.470952096975075,False
15672,0.0017304364545279755,279,0.966885062101494,False
15673,0.0020777642016733757,335,1.4444894520204459,False
15674,0.0008187011182713002,132,3.1890685919559365,False
15675,0.00031631634115027505,51,1.0818981236102534,False
15676,0.006475181571782102,1044,1.3451759992203036,False
15677,8.683193678635003e-05,14,3.4402296457971846,False
15678,0.006127853824636702,988,1.6037933834892535,False
15679,0.0025987558223914756,419,2.5035608184650577,False
15680,0.0005954189951064002,96,4.010220856716235,False
15681,0.004862588460035601,784,0.9091265805217684,False
15682,0.0005023847771210251,81,1.6269416235111378,False
15683,0.00033492318474735006,54,1.9964636299345229,False
15684,0.00011784334278147503,19,0.8975275503961664,False
15685,0.00027290037275710005,44,1.343646678057584,False
15686,0.0022762372000421755,367,7.226350922675484,False
15687,0.0019537185776928754,315,1.7841422800033813,False
15688,0.0009613535858488752,155,1.699808819063248,False
15689,0.0019971345460860503,322,2.9428750861505546,False
15690,0.0019847299836880006,320,2.1538062676787377,False
15691,0.0009613535858488752,155,1.4829258595743486,False
15692,0.0008497125242664252,137,1.838886243583512,False
15693,2.4809124796100004e-05,4,1.9592543244361877,False
15694,0.0037213687194150007,600,1.0458993860085806,False
15695,6.202281199025001e-06,1,3.8520166873931885,False
15696,0.01986590668047708,3203,0.7040978418898665,False
15697,8.062965558732502e-05,13,1.9650305968064528,False
15698,0.005507625704734201,888,0.867353537061193,False
15699,0.0012342539586059752,199,1.5707174671355204,False
15700,0.0005582053079122502,90,7.420931175020006,False
15701,0.0023134508872363255,373,1.3614945641791214,False
15702,0.0018854934845036005,304,1.591808920628146,False
15703,0.0008745216490625251,141,2.3826965271158422,False
15704,0.009780997450862427,1577,0.7190944439410861,False
15705,4.961824959220001e-05,8,2.3181825280189514,False
15706,0.0010667923662323003,172,1.9033858554307805,False
15707,0.0020343482332802003,328,2.518792880017583,False
15708,0.0025119238856051254,405,3.072076976446458,False
15709,0.0012714676458001253,205,0.9819785711241932,False
15710,0.012851126644379802,2072,0.7915068671510026,False
15711,0.004043887341764301,652,0.9700424817442163,False
15712,3.721368719415001e-05,6,2.99221408367157,False
15713,0.0027538128523671005,444,5.041751326741399,False
15714,0.0011908379902128004,192,1.049615407983462,False
15715,0.0005644075891112751,91,4.284236318462497,False
15716,0.0003473277471454001,56,3.860861931528364,False
15717,0.0020467527956782505,330,1.255628337282123,False
15718,0.00026049581035905006,42,1.6699019897551763,False
15719,0.0013458950201884253,217,1.6897340952526039,False
15720,0.0005209916207181001,84,1.2988613063380832,False
15721,0.01724854401448853,2781,0.7168923055298334,False
15722,0.002952285850735901,476,2.139481836006421,False
15723,0.0006822509318927502,110,3.285694642500444,False
15724,0.0021211801700665505,342,2.479109928621883,False
15725,0.0007070600566888501,114,1.7951081761142664,False
15726,0.0006388349634995752,103,6.018973709310143,False
15727,0.00016125931117465003,26,1.2676206735464244,False
15728,0.0015009520501640503,242,0.9674011276773185,False
15729,0.005327759549962476,859,0.9256464750858346,False
15730,0.014172212539772128,2285,0.7165304956081399,False
15731,0.0011784334278147502,190,1.4971492892817446,False
15732,0.0022390235128480255,361,1.3583161461056104,False
15733,0.0018668866409065254,301,1.897219518490408,False
15734,0.0023816759804256007,384,1.5303775453940034,False
15735,0.0022452257940470503,362,1.282559339842085,False
15736,0.0021707984196587503,350,2.182923605782645,False
15737,0.037356339661727585,6023,0.7718987994547918,False
15738,0.0014947497689650254,241,1.232012137337839,False
15739,0.0020095391084841005,324,1.1192468338542514,False
15740,0.00035353002834442507,57,1.083542830065677,False
15741,0.00013024790517952503,21,2.96605954851423,False
15742,0.0009117353362566752,147,1.4947160952756193,False
15743,0.004620699493273626,745,3.4934460779164462,False
15744,0.00032251862234930007,52,1.5711435125424311,False
15745,0.0020219436708821506,326,4.533036144233189,False
15746,0.006332529104204526,1021,0.7912304007925319,False
15747,0.014643585910898028,2361,0.7895104102490565,False
15748,9.303421798537502e-05,15,1.7039730230967203,False
15749,0.0032872090354832506,530,0.8724370308642118,False
15750,0.007467546563626102,1204,6.5415028610894845,False
15751,0.010450843820357127,1685,0.6802270744957627,False
15752,0.0012714676458001253,205,2.138950236832223,False
15753,0.00029150721635417507,47,3.3164146758140403,False
15754,0.004391215088909701,708,0.8835235460329864,False
15755,0.0029832972567310255,481,3.1361716197582887,False
15756,0.00022328212316490004,36,4.6489833328459,False
15757,0.010506664351148352,1694,1.5555603743443944,False
15758,0.0012838722081981752,207,12.03387347050911,False
15759,0.0010233763978391252,165,3.762795652765216,False
15760,0.00027290037275710005,44,1.7511833201755176,False
15761,0.0007752851498781252,125,1.152546350479126,False
15762,0.0025925535411924507,418,1.9802490609684629,False
15763,0.00016746159237367503,27,2.2726383915653936,False
15764,0.00022948440436392506,37,1.665174948202597,False
15765,2.4809124796100004e-05,4,2.769238770008087,False
15766,0.004180337528142851,674,0.9710958637186611,False
15767,0.0014389292381738004,232,2.44023275991966,False
15768,0.0008683193678635002,140,1.3293780939919608,False
15769,0.0015071543313630753,243,7.855427377017928,False
15770,0.0027041946027749008,436,1.775766219567815,False
15771,9.923649918440002e-05,16,1.5524213016033173,False
15772,0.0031569611303037255,509,1.2708613486093248,False
15773,0.004602092649676551,742,1.3800709806683893,False
15774,0.00014885474877660004,24,9.936226745446524,False
15775,0.0029832972567310255,481,1.9626869758796295,False
15776,0.0003783391531405251,61,9.923905337443117,False
15777,0.00029150721635417507,47,10.572567067247755,False
15778,0.013595400388262803,2192,11.620088501568258,False
15779,0.0028964653199446758,467,0.8575412415334959,False
15780,0.0007504760250820251,121,2.476263646251899,False
15781,0.0020839664828724005,336,1.3760205535661607,False
15782,0.02667601143700653,4301,0.7080436290571562,False
15783,0.0014327269569747753,231,1.6331063369651893,False
15784,0.0010853992098293751,175,8.937335555894034,False
15785,0.0007194646190869002,116,1.3573957948849118,False
15786,0.0018606843597075004,300,1.6936041633288066,False
15787,0.0027103968839739256,437,1.0355578693699783,False
15788,0.0007628805874800752,123,1.6098754018302854,False
15789,0.0003597323095434501,58,2.131299557356999,False
15790,0.0032686021918861756,527,0.910989441048262,False
15791,0.0035477048458423008,572,1.8676630125179157,False
15792,0.00011784334278147503,19,1.9084672300439132,False
15793,0.0006078235575044501,98,2.691277737520179,False
15794,0.013117824735937878,2115,1.5759978950446378,False
15795,0.0013769064261835503,222,1.663106868932913,False
15796,0.0028344425079544254,457,1.5588579449142357,False
15797,0.0018978980469016504,306,1.5531181233381135,False
15798,0.0016249976741445503,262,0.9548017623770328,False
15799,0.0023010463248382754,371,1.9522238571367496,False
15800,0.0005892167139073751,95,7.958747871298539,False
15801,0.0011722311466157253,189,0.8937729281723183,False
15802,0.0016498067989406504,266,1.6445558210064595,False
15803,0.004645508618069726,749,2.9482462700600616,False
15804,0.007914110809955901,1276,1.3214996959722154,False
15805,0.005656480453510801,912,1.6785724207497479,False
15806,0.0031755679739008005,512,3.80027225590311,False
15807,0.00030391177875222506,49,2.1613772183048483,False
15808,0.0007690828686791001,124,12.872251188562762,False
15809,0.0024499010736148755,395,1.9513689693016343,False
15810,0.0013024790517952502,210,1.491342678524199,False
15811,0.0004093505591356501,66,1.1227859764388113,False
15812,0.0021521915760616753,347,1.6036975335662578,False
15813,0.0008621170866644752,139,1.973974035798217,False
15814,0.0023754736992265754,383,1.4972630736099521,False
15815,0.0021770007008577756,351,1.5773796692193403,False
15816,0.0,0,0.0,True
15817,0.0018916957657026255,305,0.9095545749195286,False
15818,0.0005520030267132251,89,4.8170252435662775,False
15819,4.341596839317501e-05,7,0.8290036746433803,False
15820,0.0026607786343817255,429,2.2038963727461987,False
15821,0.0006698463694947001,108,4.308014449146059,False
15822,0.006307719979408427,1017,1.0046229123365915,False
15823,0.004447035619700926,717,1.5020044465111555,False
15824,0.0022390235128480255,361,1.826314776227745,False
15825,0.0025181261668041507,406,2.6261483524820486,False
15826,0.0019847299836880006,320,1.603059396147728,False
15827,0.0026359695095856256,425,2.4350777996287625,False
15828,0.0003287209035483251,53,1.311500702264174,False
15829,0.0018854934845036005,304,2.255048993778856,False
15830,0.0019537185776928754,315,1.0110248236429125,False
15831,4.961824959220001e-05,8,1.6789938509464264,False
15832,0.0021645961384597254,349,1.598605584961637,False
15833,0.0016436045177416253,265,1.3168559182364985,False
15834,0.019983750023258553,3222,0.8455808907099794,False
15835,0.0006946554942908002,112,5.6606580551181525,False
15836,0.0006946554942908002,112,1.0521098843642644,False
15837,0.00022948440436392506,37,1.4342187997457143,False
15838,0.006686059132548951,1078,14.719160093004938,False
15839,0.006338731385403551,1022,0.998921424675361,False
15840,0.0011846357090137753,191,1.2669288824990157,False
15841,0.004378810526511651,706,1.128743984375054,False
15842,0.0015567725809552753,251,1.7753337683430706,False
15843,0.0005706098703103001,92,1.8561544249887052,False
15844,0.0019227071716977505,310,3.607017602843623,False
15845,6.202281199025002e-05,10,2.058867633342743,False
15846,0.003597323095434501,580,1.204229001341195,False
15847,0.0013893109885816004,224,1.1653499943869454,False
15848,0.0025429352916002505,410,1.542476146104859,False
15849,0.0015133566125621004,244,2.2021033705257977,False
15850,0.0009985672730430252,161,8.079758782564483,False
15851,0.005123084270394651,826,1.2511886418876002,False
15852,0.0020839664828724005,336,1.443633683025837,False
15853,0.0032499953482891006,524,1.2210982628451048,False
15854,0.00027290037275710005,44,2.0666862184351142,False
15855,0.00033492318474735006,54,5.719535564934766,False
15856,0.0008807239302615502,142,1.1428546620086886,False
15857,0.0016063908305474753,259,1.4271948489443216,False
15858,0.018606843597075005,3000,0.681429183324178,False
15859,0.0022390235128480255,361,1.3230550599560513,False
15860,0.0012590630834020753,203,1.9707075316330482,False
15861,0.0005520030267132251,89,8.584957379973337,False
15862,0.007510962532019277,1211,0.7014525970282582,False
15863,0.004378810526511651,706,0.752712745673258,False
15864,0.00017366387357270005,28,1.034255474805832,False
15865,0.0003473277471454001,56,3.439680799841881,False
15866,0.015995683212285478,2579,0.5979521708139018,False
15867,0.0004279574027327251,69,7.69302543349888,False
15868,0.0009241398986547252,149,8.115193895845605,False
15869,0.002970892694332976,479,1.8118659203137137,False
15870,0.0023382600120324254,377,3.395756066952207,False
15871,0.0008497125242664252,137,4.1560036065804695,False
15872,0.0013272881765913503,214,1.8571802700791404,False
15873,0.0022266189504499753,359,1.4421510676487574,False
15874,0.027147384808132433,4377,0.7606238198928537,False
15875,9.923649918440002e-05,16,3.8725128918886185,False
15876,0.003833009780997451,618,1.058251746649881,False
15877,0.0023196531684353504,374,1.7141479722318802,False
15878,0.0035539071270413256,573,0.9282753513329525,False
15879,0.010866396660691802,1752,0.7634104111967566,False
15880,0.0004589688087278501,74,4.493785310435939,False
15881,0.003374040972269601,544,1.2223365464631248,False
15882,0.0006326326823005501,102,3.1166559527902042,False
15883,0.0021211801700665505,342,2.15300242524398,False
15884,0.0026297672283866007,424,0.9671816876474416,False
15885,1.2404562398050002e-05,2,3.0146007537841797,False
15886,0.011263342657429402,1816,0.7582029427200687,False
15887,0.0024747101984109753,399,0.7774867602159505,False
15888,0.006605429476961627,1065,1.8898037804124501,False
15889,7.442737438830002e-05,12,0.9467305839061737,False
15890,0.0005892167139073751,95,2.005083794342844,False
15891,0.0002977094975532001,48,1.3419046352307002,False
15892,0.0018048638289162753,291,1.6303362240086716,False
15893,0.0007752851498781252,125,4.459970524787903,False
15894,8.683193678635003e-05,14,1.45505656514849,False
15895,0.0003845414343395501,62,7.539603664029029,False
15896,0.0014203223945767254,229,2.9066456728106504,False
15897,0.0022266189504499753,359,1.2059966710948677,False
15898,0.0032313885046920256,521,1.3465567596128027,False
15899,0.0013272881765913503,214,1.544676932219033,False
15900,0.004657913180467776,751,1.849391822967326,False
15901,0.004626901774472651,746,1.2084124924030764,False
15902,0.00025429352916002504,41,2.0253269788695545,False
15903,0.0007008577754898252,113,1.3330749832423388,False
15904,0.005799132921088376,935,1.4087430714285947,False
15905,0.00021087756076685005,34,4.682594769141254,False
15906,5.582053079122501e-05,9,1.269347561730279,False
15907,0.0018420775161104254,297,1.4661192540769223,False
15908,0.00011164106158245002,18,13.199760132365757,False
15909,0.0016932227673338255,273,1.4129423099559741,False
15910,0.00016746159237367503,27,8.644498136308458,False
15911,5.582053079122501e-05,9,4.595449752277798,False
15912,0.0007938919934752001,128,1.249966973438859,False
15913,0.0007814874310771502,126,2.2422268220356534,False
15914,0.0034546706278569257,557,1.5371037875728504,False
15915,0.0002666980915580751,43,10.438213370567144,False
15916,0.00031631634115027505,51,13.6724412020515,False
15917,0.005854953451879601,944,1.258723133701389,False
15918,9.923649918440002e-05,16,2.602906674146652,False
15919,6.822509318927501e-05,11,1.775148630142212,False
15920,0.0019165048904987254,309,2.1859750608796054,False
15921,0.009948459043236102,1604,0.9278590716328704,False
15922,0.005861155733078626,945,1.586087685287314,False
15923,0.014873070315261954,2398,0.812079541030976,False
15924,0.00026049581035905006,42,10.33214294058936,False
15925,0.0019475162964938504,314,2.421815849413538,False
15926,0.0023010463248382754,371,1.5502388792217903,False
15927,0.0007194646190869002,116,2.32964082319161,False
15928,0.0008621170866644752,139,1.813334434152507,False
15929,0.00022948440436392506,37,7.155842858391839,False
15930,0.0007318691814849501,118,7.399002627801087,False
15931,0.0004837779335239501,78,1.4882267805246205,False
15932,0.003677952751021826,593,1.4321003032574968,False
15933,0.0024374965112168257,393,1.3812680845042222,False
15934,0.006723272819743101,1084,0.8144226910003437,False
15935,0.0021087756076685004,340,1.801942075701321,False
15936,0.0010109718354410753,163,1.5814962884399788,False
15937,0.003448468346657901,556,0.9531937093614674,False
15938,0.0021956075444548506,354,2.0530971308885992,False
15939,0.0011846357090137753,191,1.334025892287649,False
15940,0.0018978980469016504,306,1.8179886528089935,False
15941,0.0053153549875644265,857,0.9165331774859612,False
15942,0.00014885474877660004,24,14.447103202342987,False
15943,0.00022948440436392506,37,10.329740720826226,False
15944,0.0002666980915580751,43,8.039290766383326,False
15945,0.0012900744893972003,208,0.9991496807107558,False
15946,0.0002666980915580751,43,1.8620549551276273,False
15947,0.0016125931117465003,260,1.115909216954158,False
15948,0.0021087756076685004,340,1.9784110511050506,False
15949,0.0026173626659885506,422,0.9749188070048653,False
15950,0.0008187011182713002,132,4.135114931699001,False
15951,0.0004093505591356501,66,3.6263283852374917,False
15952,0.0012280516774069504,198,1.1407516436143355,False
15953,0.0019289094528967753,311,1.7300225898767208,False
15954,0.0022948440436392505,370,1.1311204149916365,False
15955,0.015195588937611254,2450,0.5040920925140381,False
15956,0.00031631634115027505,51,4.94618197515899,False
15957,0.0022576303564451005,364,1.1462423670422899,False
15958,0.0007504760250820251,121,2.400657364159576,False
15959,0.006952757224107027,1121,0.6549260766244593,False
15960,0.0008124988370722751,131,5.3879018357691875,False
15961,0.0035663116894393758,575,1.1495976522694464,False
15962,0.0004527665275288251,73,2.2316996006116474,False
15963,0.006735677382141152,1086,1.1639228486224433,False
15964,0.04411682616866484,7113,1.7233837250498099,False
15965,0.0019599208588919003,316,1.7714920164663581,False
15966,0.0013769064261835503,222,1.682010910532496,False
15967,0.0019041003281006755,307,1.7255564326183803,False
15968,0.0016063908305474753,259,1.4875034254950446,False
15969,0.0006140258387034752,99,1.085673132328072,False
15970,0.0020591573580763006,332,3.2853705832757147,False
15971,0.0010667923662323003,172,1.7483557088430537,False
15972,0.0013955132697806253,225,1.0335080771976046,False
15973,0.0033368272850754508,538,0.7436475239721816,False
15974,0.0021832029820568004,352,1.7255583561279557,False
15975,0.0020715619204743504,334,2.992819755020256,False
15976,0.0020963710452704507,338,1.6580051123743227,False
15977,0.035253766335258105,5684,0.8648201978013685,False
15978,0.006779093350534326,1093,1.595163916407216,False
15979,0.0010791969286303503,174,5.6098074543065035,False
15980,0.0,0,0.0,True
15981,0.0021459892948626504,346,2.3244589201976797,False
15982,0.0006760486506937252,109,2.525398159245832,False
15983,0.0022948440436392505,370,1.9878098120560517,False
15984,7.442737438830002e-05,12,4.167581955591838,False
15985,0.0022576303564451005,364,0.8514367996991336,False
15986,5.582053079122501e-05,9,0.8011844555536906,False
15987,0.0029150721635417508,470,1.4274916019845516,False
15988,0.0013272881765913503,214,5.462796011260736,False
15989,0.007790065185975401,1256,1.352236608031449,False
15990,6.202281199025002e-05,10,1.721777069568634,False
15991,0.0015009520501640503,242,1.340838052024526,False
15992,0.0011102083346254752,179,1.176874232025786,False
15993,0.003659345907424751,590,0.9750961008718458,False
15994,0.0002977094975532001,48,9.49943703909715,False
15995,0.0022204166692509505,358,4.462981216734348,False
15996,0.0016063908305474753,259,1.6238383128376082,False
15997,0.004949420396821951,798,2.3335322652544295,False
15998,0.00032251862234930007,52,1.741084337234497,False
15999,0.0019227071716977505,310,1.5853954984295753,False
16000,0.0022266189504499753,359,1.2953373741638694,False
16001,0.0035104911586481507,566,1.0130137091390656,False
16002,0.0020219436708821506,326,2.364326628073593,False
16003,0.0033368272850754508,538,1.5632271545083993,False
16004,0.0011660288654167003,188,3.794361611630054,False
16005,0.0020033368272850756,323,1.4048384409570842,False
16006,0.0017428410169260254,281,2.560516479600791,False
16007,6.202281199025002e-05,10,0.43312461376190187,False
16008,0.0023134508872363255,373,2.5539573242453404,False
16009,0.004105910153754551,662,0.8425618710834815,False
16010,0.013341106859102779,2151,0.8982724927847244,False
16011,0.0006698463694947001,108,1.2664690944883559,False
16012,0.0009551513046498502,154,3.096755823531708,False
16013,0.00011164106158245002,18,2.799026687939962,False
16014,0.0016932227673338255,273,0.9181958174967504,False
16015,0.0020963710452704507,338,1.810930099007646,False
16016,0.0032251862234930007,520,0.7802269041538239,False
16017,0.009656951826881928,1557,0.9202019961583132,False
16018,0.0027662174147651507,446,3.2183806409750284,False
16019,0.003200377098696901,516,1.5688983992088672,False
16020,0.003727571000614026,601,1.4189865285663954,False
16021,8.683193678635003e-05,14,2.013382281575884,False
16022,0.007585389906407577,1223,0.8303252631099324,False
16023,0.0022266189504499753,359,1.4457883834838867,False
16024,0.0022886417624402257,369,1.4017265779862236,False
16025,0.00017366387357270005,28,2.319942823478154,False
16026,0.0012342539586059752,199,1.1568735640252654,False
16027,0.0018792912033045754,303,1.328173301400918,False
16028,0.013285286328311554,2142,1.8260488732188356,False
16029,0.0004961824959220001,80,8.997727367281914,False
16030,0.0020901687640714254,337,1.1795692401399245,False
16031,0.0003411254659463751,55,4.796529388427734,False
16032,0.007920313091154927,1277,1.930316559112716,False
16033,0.0003783391531405251,61,1.782404571283059,False
16034,0.0010357809602371752,167,1.2786323460276254,False
16035,0.003181770255099826,513,2.2001907839412578,False
16036,0.0006636440882956752,107,0.9882613286793789,False
16037,0.00039694599673760006,64,1.8717350102961063,False
16038,0.0024933170420080504,402,4.387797025009174,False
16039,0.0020281459520811755,327,1.6361424325073894,False
16040,0.005520030267132252,890,0.9196569260586513,False
16041,0.0016622113613387003,268,2.5479904697902165,False
16042,0.0004713733711259001,76,1.0225857982510014,False
16043,0.0018172683913143255,293,1.3334012031555176,False
16044,0.007703233249189052,1242,0.8610074416450832,False
16045,0.008745216490625252,1410,0.8574090484186268,False
16046,0.0035353002834442506,570,1.9647389160959343,False
16047,0.005042454614807326,813,1.335295104159347,False
16048,0.00019227071716977504,31,1.6998198493834464,False
16049,6.202281199025002e-05,10,2.5240810394287108,False
16050,0.01589644671310108,2563,1.8397988892606214,False
16051,0.0004093505591356501,66,2.0351346135139465,False
16052,0.007647412718397827,1233,0.8967022408534141,False
16053,0.0032996135978813007,532,1.5178615818346353,False
16054,0.003814402937400376,615,1.9562169798021394,False
16055,0.028617325452301355,4614,0.8147659271787553,False
16056,0.00032251862234930007,52,10.119084807542654,False
16057,0.0026855877591778258,433,1.412344353303623,False
16058,0.00028530493515515004,46,1.6312511304150457,False
16059,0.005923178545068877,955,0.855018175958963,False
16060,0.0036283345014296257,585,1.630680111127022,False
16061,9.303421798537502e-05,15,1.0567028760910033,False
16062,0.0012962767705962254,209,1.3295199083939693,False
16063,0.003293411316682276,531,1.2013189707323206,False
16064,0.0024002828240226757,387,1.1311090282075473,False
16065,0.0007132623378878751,115,1.5636806653893511,False
16066,0.0017428410169260254,281,1.4899656153234297,False
16067,0.00021087756076685005,34,0.8263669084100163,False
16068,0.0005520030267132251,89,1.8813503565413228,False
16069,0.0009985672730430252,161,2.5923589386554977,False
16070,0.0023568668556295004,380,1.7121749175222296,False
16071,7.442737438830002e-05,12,6.768516143163045,False
16072,0.00014265246757757502,23,2.6331658985303794,False
16073,0.016163144804659153,2606,0.6510620505098005,False
16074,0.021534320323014805,3472,0.7282353826382193,False
16075,0.0023878782616246256,385,1.502184892010379,False
16076,0.00022328212316490004,36,1.2347516318162282,False
16077,0.0011722311466157253,189,1.4806393977826235,False
16078,0.0016622113613387003,268,1.3892202466281491,False
16079,0.0004217551215337001,68,1.1493323094704573,False
16080,0.13035334395990844,21017,0.8317876814797619,False
16081,0.0010047695542420502,162,2.134929954269786,False
16082,0.0016808182049357753,271,1.7188255342610208,False
16083,0.0037213687194150007,600,1.144568746884664,False
16084,0.003101140599512501,500,1.7701795012950898,False
16085,0.0013210858953923252,213,0.8451127267219651,False
16086,0.00013645018637855003,22,1.8981920372356067,False
16087,0.0003721368719415001,60,3.86380872130394,False
16088,0.0019413140152948255,313,1.6734115129080824,False
16089,0.0009861627106449752,159,1.5307707351708562,False
16090,6.822509318927501e-05,11,1.342033169486306,False
16091,0.0020219436708821506,326,2.055555700524453,False
16092,0.010624507693929827,1713,0.8072737751129561,False
16093,0.0013458950201884253,217,4.557116373343402,False
16094,0.003870223468191601,624,1.1129047866815176,False
16095,0.0004775756523249251,77,1.1030455440669864,False
16096,0.0021521915760616753,347,1.2747222975282917,False
16097,0.00015505702997562504,25,2.0067335891723634,False
16098,6.822509318927501e-05,11,15.484547008167613,False
16099,0.00015505702997562504,25,6.206456060409546,False
16100,0.0016001885493484504,258,1.07504775404006,False
16101,0.0016560090801396754,267,0.8142147582122002,False
16102,0.00016125931117465003,26,2.1271661199056187,False
16103,0.003485682033852051,562,2.8078262422008446,False
16104,0.003882628030589651,626,1.60288900536851,False
16105,0.0019165048904987254,309,1.5474262380291344,False
16106,0.0019165048904987254,309,2.4426430868871005,False
16107,0.00026049581035905006,42,1.8659825495311193,False
16108,0.0005644075891112751,91,1.8092981013622913,False
16109,0.00025429352916002504,41,5.043811024689093,False
16110,3.721368719415001e-05,6,0.8959705233573914,False
16111,0.006717070538544077,1083,0.8989846809859201,False
16112,0.0005085870583200501,82,2.5431742566387827,False
16113,0.0023878782616246256,385,1.92532252522258,False
16114,0.00030391177875222506,49,5.31144626286565,False
16115,0.0032065793798959257,517,0.9706230207384209,False
16116,0.0034546706278569257,557,1.3230032963641456,False
16117,0.0008931284926596002,144,1.6796662501162953,False
16118,0.003833009780997451,618,0.9324063010586118,False
16119,0.0010605900850332753,171,1.1436994117602968,False
16120,4.341596839317501e-05,7,1.5752761193684168,False
16121,0.14791820431554725,23849,1.5946153535738528,False
16122,6.822509318927501e-05,11,1.4996779831972988,False
16123,0.0019289094528967753,311,1.2796245690710675,False
16124,0.004918408990826826,793,0.8328822338566052,False
16125,0.004397417370108726,709,1.6527524505582951,False
16126,9.923649918440002e-05,16,1.760300800204277,False
16127,0.007262871284058277,1171,0.729747687721741,False
16128,0.0009861627106449752,159,1.182824228544655,False
16129,0.03933486736421656,6342,4.6432575960521705,False
16130,0.004639306336870701,748,1.108812786359838,False
16131,0.0027103968839739256,437,1.2020636644188818,False
16132,0.16361617803027953,26380,1.339839279949891,False
16133,0.004099707872555526,661,1.319048059148976,False
16134,0.0012404562398050003,200,1.3544693386554718,False
16135,0.0005768121515093252,93,8.935184430050594,False
16136,0.0006202281199025002,100,1.6408448708057404,False
16137,0.0026979923215758755,435,0.9590020146863214,False
16138,0.0013148836141933004,212,1.1740283887341338,False
16139,0.0023816759804256007,384,1.6312415578092139,False
16140,0.00013024790517952503,21,4.551205408005488,False
16141,0.00011164106158245002,18,0.7562205129199557,False
16142,0.0019351117340958004,312,2.0506271521250405,False
16143,0.0019971345460860503,322,0.928196750812649,False
16144,0.00015505702997562504,25,2.219430332183838,False
16145,0.0022638326376441253,365,1.4409284545950694,False
16146,0.0007752851498781252,125,2.893209892272949,False
16147,0.0016498067989406504,266,4.90601400683697,False
16148,0.0020839664828724005,336,1.6881147112165178,False
16149,0.0006698463694947001,108,2.586898344534415,False
16150,0.0011164106158245003,180,1.1249919560220507,False
16151,0.0023134508872363255,373,2.0819002920437115,False
16152,5.582053079122501e-05,9,2.153784328036838,False
16153,0.003578716251837426,577,1.1546176810405078,False
16154,0.0007318691814849501,118,1.2197089447813518,False
16155,0.0021087756076685004,340,1.5752677370520198,False
16156,6.822509318927501e-05,11,2.4329785867170854,False
16157,4.341596839317501e-05,7,1.3879172972270422,False
16158,0.0023630691368285257,381,2.519701181747156,False
16159,0.013254274922316428,2137,0.601558041784548,False
16160,0.0007566783062810502,122,6.679471009090299,False
16161,0.004639306336870701,748,1.4709623306192816,False
16162,0.0026049581035905004,420,1.604750086580004,False
16163,0.00026049581035905006,42,2.158155864193326,False
16164,0.0013396927389894002,216,1.2463330416767686,False
16165,0.008472316117868152,1366,1.1559100911173954,False
16166,0.006859723006121652,1106,1.0240770210840386,False
16167,0.0009551513046498502,154,2.4785342262936876,False
16168,2.4809124796100004e-05,4,1.7138509154319763,False
16169,0.007362107783242677,1187,1.4528602232125596,False
16170,0.0006264304011015251,101,1.1204790148404564,False
16171,0.0010295786790381503,166,1.9349335783935455,False
16172,9.303421798537502e-05,15,1.1385451157887776,False
16173,0.00014265246757757502,23,0.9396185667618461,False
16174,0.0012156471150089002,196,1.5094569033505965,False
16175,0.003237590785891051,522,2.2704244011663386,False
16176,0.0006946554942908002,112,1.441843783216817,False
16177,0.003708964157016951,598,1.0759489604063257,False
16178,0.0007938919934752001,128,1.7305295979604125,False
16179,0.0008993307738586252,145,0.9247085702830348,False
16180,0.006059628731447426,977,2.113927649865985,False
16181,0.0007752851498781252,125,0.873520544052124,False
16182,0.0020529550768772753,331,2.438969097108639,False
16183,0.0007690828686791001,124,3.708846737300196,False
16184,0.0019351117340958004,312,1.290751522168135,False
16185,0.0005209916207181001,84,10.780416949873878,False
16186,0.0033988500970657007,548,0.9116505175611399,False
16187,0.0019785277024889753,319,1.5124162656012747,False
16188,1.2404562398050002e-05,2,1.359971284866333,False
16189,0.00025429352916002504,41,6.497744490460652,False
16190,0.0021273824512655754,343,2.243105322904559,False
16191,0.0023754736992265754,383,1.6054272163007652,False
16192,9.923649918440002e-05,16,1.51022669672966,False
16193,0.0019103026092997003,308,1.58472504089405,False
16194,0.0008621170866644752,139,1.1974143398751458,False
16195,0.0026855877591778258,433,1.3358620730063107,False
16196,0.00021707984196587504,35,1.1722759417125157,False
16197,0.0071326233788787516,1150,0.9763163110484248,False
16198,0.0004651710899268751,75,9.087219103177388,False
16199,0.008658384553838902,1396,2.9537982519684003,False
16200,0.014283853601354578,2303,1.2800608695821558,False
16201,0.00015505702997562504,25,0.9135097694396973,False
16202,0.00030391177875222506,49,7.517938574966119,False
16203,0.08441304711873027,13610,0.8021151260275073,False
16204,0.0021770007008577756,351,1.0851775903647443,False
16205,0.00033492318474735006,54,1.7883996257075556,False
16206,0.0021149778888675257,341,1.1989483113163029,False
16207,0.0024623056360129256,397,1.4004062080863742,False
16208,0.1118333322996198,18031,1.225915586919966,False
16209,0.0002791026539561251,45,6.922883197996351,False
16210,0.0006698463694947001,108,1.9363539196826793,False
16211,1.2404562398050002e-05,2,0.5985157489776611,False
16212,0.003957055404977951,638,3.10168406656917,False
16213,0.0021025733264694755,339,1.5021846491326976,False
16214,0.030037647846878082,4843,0.7665628688827222,False
16215,0.0020777642016733757,335,1.1785265733946615,False
16216,0.0009551513046498502,154,7.261867271615313,False
16217,3.101140599512501e-05,5,0.9984407424926758,False
16218,0.0023072486060373007,372,1.9820591961183855,False
16219,0.0004589688087278501,74,1.9182775713301994,False
16220,0.005036252333608301,812,2.7203984727413197,False
16221,0.0008869262114605752,143,1.483635899903891,False
16222,0.0020095391084841005,324,4.229788404923898,False
16223,0.015666962308737153,2526,0.9114488011206886,False
16224,0.007219455315665101,1164,0.7956124466309433,False
16225,0.0008993307738586252,145,5.918005010999482,False
16226,0.013204656672724227,2129,1.2896996709089874,False
16227,0.0029026676011437006,468,0.7821095438085051,False
16228,0.0014947497689650254,241,1.5044494862378386,False
16229,0.0008807239302615502,142,1.2351546858398008,False
16230,0.0008497125242664252,137,0.982787516865417,False
16231,0.0020281459520811755,327,1.1271309776043674,False
16232,0.011449411093400152,1846,0.9499944395517864,False
16233,0.0010481855226352253,169,1.0242571562704956,False
16234,0.02915692391661653,4701,0.6915930038156776,False
16235,3.721368719415001e-05,6,3.001094857851664,False
16236,0.0003845414343395501,62,1.877603304001593,False
16237,0.0006264304011015251,101,4.812475249318793,False
16238,0.0010791969286303503,174,4.045478768732356,False
16239,0.003200377098696901,516,0.7751109022502751,False
16240,0.0017366387357270004,280,1.914903245653425,False
16241,4.961824959220001e-05,8,1.8337448835372925,False
16242,0.0009489490234508252,153,1.1327889791501113,False
16243,0.0011412197406206002,184,1.005557093931281,False
16244,0.0007008577754898252,113,6.356332306313304,False
16245,0.004074898747759426,657,0.8374378641264987,False
16246,0.0018482797973094504,298,3.987449172759216,False
16247,0.0003783391531405251,61,1.3215845608320393,False
16248,0.0012528608022030503,202,1.3278158903121948,False
16249,0.0003287209035483251,53,7.86340480480554,False
16250,0.0018854934845036005,304,1.5396067507957156,False
16251,0.0026979923215758755,435,1.0355080352432426,False
16252,0.004465642463298001,720,1.0681521362728543,False
16253,0.03103001283872208,5003,1.1816732256788505,False
16254,9.303421798537502e-05,15,2.915074857076009,False
16255,0.0009365444610527753,151,2.1778923012562936,False
16256,0.0013893109885816004,224,1.763480506837368,False
16257,0.0018482797973094504,298,1.1994719681323776,False
16258,0.0020033368272850756,323,1.171044678879965,False
16259,0.00039694599673760006,64,1.5857239495962858,False
16260,0.0005954189951064002,96,12.719585402558247,False
16261,0.00019227071716977504,31,1.5516436792189074,False
16262,0.00012404562398050004,20,1.4588145852088927,False
16263,0.007603996750004651,1226,0.9066694963231172,False
16264,0.06576898983446111,10604,1.0124270145239267,False
16265,0.00027290037275710005,44,1.645343612540852,False
16266,0.0043229899957204256,697,1.5000462867266136,False
16267,0.0022948440436392505,370,1.1209975023527403,False
16268,0.0010233763978391252,165,1.6149038979501436,False
16269,0.0002791026539561251,45,2.674796297815111,False
16270,0.0027041946027749008,436,1.193566850565989,False
16271,0.0010047695542420502,162,4.1588166643072055,False
16272,0.0007318691814849501,118,3.5051982210854353,False
16273,0.0017924592665182254,289,4.019494531063885,False
16274,0.0011846357090137753,191,1.2423248041362662,False
16275,0.0057557169526952015,928,1.419745368176493,False
16276,0.0014637383629699002,236,1.5982932731256647,False
16277,0.0019475162964938504,314,2.566154735103534,False
16278,0.0033182204414783758,535,1.1062695636927524,False
16279,0.0013893109885816004,224,4.7127774347152025,False
16280,0.0002977094975532001,48,4.252806941668193,False
16281,0.00030391177875222506,49,6.362822153130356,False
16282,0.0003907437155385751,63,2.6067264080047607,False
16283,0.011288151782225503,1820,0.788002138871413,False
16284,0.0009055330550576502,146,1.2398197226328393,False
16285,0.0008000942746742252,129,2.8833653778992883,False
16286,0.0014389292381738004,232,0.8668662396998241,False
16287,0.0025863512599934254,417,1.377177608956536,False
16288,0.00026049581035905006,42,1.6908833867027646,False
16289,1.2404562398050002e-05,2,0.46832895278930664,False
16290,8.062965558732502e-05,13,1.3385505676269531,False
16291,0.0025243284480031755,407,1.0099024901518951,False
16292,1.2404562398050002e-05,2,1.8030273914337158,False
16293,0.00012404562398050004,20,1.2502539873123169,False
16294,0.0016001885493484504,258,1.8527412007945452,False
16295,0.00028530493515515004,46,3.574744535529095,False
16296,0.0029584881319349257,477,1.386500601498586,False
16297,0.0022514280752460756,363,1.7420899986235563,False
16298,0.0011536243030186503,186,1.6364487140409407,False
16299,0.004843981616438526,781,0.7499483587189307,False
16300,6.202281199025002e-05,10,1.1170133113861085,False
16301,0.0011164106158245003,180,1.4198113083839417,False
16302,3.721368719415001e-05,6,3.4495501120885215,False
16303,0.0018172683913143255,293,1.2995699086693773,False
16304,0.006679856851349927,1077,2.450246982698432,False
16305,0.004738542836055101,764,1.6624505778881893,False
16306,0.010599698569133727,1709,0.7823974169646878,False
16307,0.004397417370108726,709,0.9891884229415226,False
16308,0.004279574027327251,690,1.0905691264332205,False
16309,0.0037957960938033008,612,1.174758808675155,False
16310,0.0021894052632558253,353,1.8972226040221476,False
16311,0.00016125931117465003,26,2.3291314519368687,False
16312,1.2404562398050002e-05,2,6.276004612445831,False
16313,0.005637873609913726,909,1.6300486975377149,False
16314,0.00013024790517952503,21,4.261226143155779,False
16315,0.008807239302615502,1420,0.7300392357396408,False
16316,0.005538637110729327,893,0.9454553450341988,False
16317,0.0004899802147229751,79,7.87926456596278,False
16318,5.582053079122501e-05,9,3.938864747683207,False
16319,3.101140599512501e-05,5,1.1518715381622315,False
16320,0.0007008577754898252,113,1.6566367001660103,False
16321,0.0018544820785084755,299,1.1786226177694008,False
16322,0.00024188896676197505,39,2.217075127821702,False
16323,0.016237572179047453,2618,1.051891780974211,False
16324,0.00016746159237367503,27,3.2233057905126503,False
16325,0.0014141201133777003,228,1.2560447109372992,False
16326,1.2404562398050002e-05,2,2.6676459908485413,False
16327,0.0010295786790381503,166,1.135388500001057,False
16328,4.961824959220001e-05,8,2.955173149704933,False
16329,0.0028282402267554006,456,1.6670852808053034,False
16330,7.442737438830002e-05,12,0.8851295113563538,False
16331,0.03886969627428968,6267,1.5302229206090683,False
16332,0.0024126873864207254,389,1.6132922883511815,False
16333,0.009073937394173576,1463,0.881460253701826,False
16334,4.341596839317501e-05,7,1.2335572583334786,False
16335,0.0009117353362566752,147,2.1431768337885537,False
16336,0.005054859177205376,815,2.164360055747939,False
16337,0.0019537185776928754,315,1.6768622436220684,False
16338,0.0021770007008577756,351,1.4622862828083527,False
16339,0.0008124988370722751,131,6.0109406809770425,False
16340,0.005544839391928351,894,1.0606676046746957,False
16341,0.005768121515093251,930,1.8933241833922683,False
16342,0.0003411254659463751,55,1.3779048616235907,False
16343,0.0017490432981250503,282,1.2366500949183254,False
16344,0.0020901687640714254,337,1.3952711597748255,False
16345,0.002778621977163201,448,1.7545290333884103,False
16346,0.004341596839317501,700,0.9217320033482143,False
16347,0.0031321520055076256,505,0.8304274360732277,False
16348,0.00017986615477172505,29,1.6625115008189761,False
16349,0.0021459892948626504,346,1.3503802249886396,False
16350,0.005185107082384901,836,1.4252645866722582,False
16351,0.0013893109885816004,224,0.9782219992152282,False
16352,0.0007132623378878751,115,1.320605266612509,False
16353,0.01615694252346013,2605,2.408703192639488,False
16354,0.006741879663340176,1087,0.8106017397869149,False
16355,0.0022452257940470503,362,1.4517185095265426,False
16356,0.0013210858953923252,213,1.2167783578236897,False
16357,0.0013582995825864753,219,1.0225404947315722,False
16358,0.0014699406441689253,237,0.9266776429952951,False
16359,0.0004217551215337001,68,2.183645851471845,False
16360,0.0019847299836880006,320,2.480624929443002,False
16361,1.2404562398050002e-05,2,1.0869773626327515,False
16362,0.015145970688019053,2442,0.7599499786027039,False
16363,0.0020591573580763006,332,1.2627290487289429,False
16364,0.0005395984643151751,87,6.225777005327159,False
16365,0.004546272118885326,733,0.9044907636239129,False
16366,0.009210387580552128,1485,12.81796519611821,False
16367,0.00035353002834442507,57,5.118965042264838,False
16368,0.004298180870924326,693,1.0710153971915637,False
16369,0.0005830144327083501,94,1.718898780802463,False
16370,0.0049308135532248765,795,0.8998329474491144,False
16371,0.0017738524229211504,286,1.54417103570658,False
16372,0.0007752851498781252,125,1.0209413576126098,False
16373,0.004701329148860951,758,2.6854054301898524,False
16374,0.004440833338501901,716,0.9469863056470562,False
16375,0.0009799604294459501,158,1.0305910336820385,False
16376,0.0011908379902128004,192,1.0612294518699248,False
16377,0.006475181571782102,1044,0.8314397453805039,False
16378,0.0006760486506937252,109,5.627231398853687,False
16379,0.0012714676458001253,205,3.206940449737921,False
16380,0.00011164106158245002,18,1.871342036459181,False
16381,0.0023444622932314507,378,2.0292556427773976,False
16382,0.00029150721635417507,47,1.4063734450238816,False
16383,0.00019227071716977504,31,2.190041361316558,False
